ISO-10303-21;
HEADER;
FILE_DESCRIPTION (( 'STEP AP214' ),
    '1' );
FILE_NAME ('BMMA000606301R5MV1.STEP',
    '2026-08-15T10:08:39',
    ( '' ),
    ( '' ),
    'SwSTEP 2.0',
    'SolidWorks 2026',
    '' );
FILE_SCHEMA (( 'AUTOMOTIVE_DESIGN' ));
ENDSEC;

DATA;
#1 = CARTESIAN_POINT ( 'NONE',  ( 2.700000000000000178, -3.230000000000000426, -1.590000000000000080 ) ) ;
#2 = ORIENTED_EDGE ( 'NONE', *, *, #75, .F. ) ;
#3 =( LENGTH_UNIT ( ) NAMED_UNIT ( * ) SI_UNIT ( .MILLI., .METRE. ) );
#4 = LINE ( 'NONE', #3434, #3481 ) ;
#5 = CARTESIAN_POINT ( 'NONE',  ( 0.05000000000000000278, -0.3131157683677547321, 0.05409689973269925234 ) ) ;
#6 = ORIENTED_EDGE ( 'NONE', *, *, #4044, .T. ) ;
#7 = CARTESIAN_POINT ( 'NONE',  ( 0.000000000000000000, -0.3105206389565347003, -0.2985686257641163022 ) ) ;
#8 = LINE ( 'NONE', #3485, #435 ) ;
#9 = DIRECTION ( 'NONE',  ( 0.000000000000000000, 0.000000000000000000, 1.000000000000000000 ) ) ;
#10 = CARTESIAN_POINT ( 'NONE',  ( -0.000000000000000000, -0.8300060997688881725, -0.1832115992286732220 ) ) ;
#11 = CARTESIAN_POINT ( 'NONE',  ( 0.05000000000000000278, -0.9544735410350719818, -0.2057992233855752140 ) ) ;
#12 = LINE ( 'NONE', #1093, #2321 ) ;
#13 = DIRECTION ( 'NONE',  ( 1.000000000000000000, -3.933613324210450841E-16, 0.000000000000000000 ) ) ;
#14 = CARTESIAN_POINT ( 'NONE',  ( 1.402500000000000302, -3.135000000000000231, -1.750000000000000000 ) ) ;
#15 = ORIENTED_EDGE ( 'NONE', *, *, #363, .T. ) ;
#16 = ORIENTED_EDGE ( 'NONE', *, *, #3926, .F. ) ;
#17 = CARTESIAN_POINT ( 'NONE',  ( 0.05000000000000000278, -0.7032756816904642827, -0.4264820290484557241 ) ) ;
#18 =( LENGTH_UNIT ( ) NAMED_UNIT ( * ) SI_UNIT ( .MILLI., .METRE. ) );
#19 = DIRECTION ( 'NONE',  ( -1.000000000000000000, -0.000000000000000000, -0.000000000000000000 ) ) ;
#20 = ORIENTED_EDGE ( 'NONE', *, *, #2126, .F. ) ;
#21 = DIRECTION ( 'NONE',  ( 1.000000000000000000, 0.000000000000000000, -0.000000000000000000 ) ) ;
#22 = EDGE_CURVE ( 'NONE', #2536, #178, #2364, .T. ) ;
#23 = CARTESIAN_POINT ( 'NONE',  ( 0.05000000000000000278, -0.02766841247220686376, -0.2212735552541742756 ) ) ;
#24 = CARTESIAN_POINT ( 'NONE',  ( 2.504999999999999449, 2.935000000000000053, -1.750000000000000000 ) ) ;
#25 = ORIENTED_EDGE ( 'NONE', *, *, #2561, .F. ) ;
#26 = DIRECTION ( 'NONE',  ( 0.000000000000000000, -0.000000000000000000, -1.000000000000000000 ) ) ;
#27 = CARTESIAN_POINT ( 'NONE',  ( 0.000000000000000000, -0.2460968066329613235, -0.3515272899138410789 ) ) ;
#28 = FILL_AREA_STYLE ('',( #3845 ) ) ;
#29 = CARTESIAN_POINT ( 'NONE',  ( 0.000000000000000000, -0.1783649825512292897, -0.07401974874790116787 ) ) ;
#30 = CARTESIAN_POINT ( 'NONE',  ( 0.05000000000000000278, -0.9584840150237976530, -0.5208329905869172327 ) ) ;
#31 = PLANE ( 'NONE',  #2157 ) ;
#32 = CARTESIAN_POINT ( 'NONE',  ( 0.000000000000000000, -0.8348862586135412656, -0.1830926059715325405 ) ) ;
#33 = CARTESIAN_POINT ( 'NONE',  ( 2.504999999999999449, -3.135000000000000675, -1.750000000000000000 ) ) ;
#34 = CARTESIAN_POINT ( 'NONE',  ( 0.000000000000000000, -1.063768593968604792, -0.7367003456147548368 ) ) ;
#35 = CARTESIAN_POINT ( 'NONE',  ( 0.05000000000000000278, 0.02368581817314282037, 0.1630123245280906685 ) ) ;
#36 = AXIS2_PLACEMENT_3D ( 'NONE', #2548, #3914, #4283 ) ;
#37 = ORIENTED_EDGE ( 'NONE', *, *, #357, .F. ) ;
#38 = ORIENTED_EDGE ( 'NONE', *, *, #2403, .T. ) ;
#39 = PRESENTATION_LAYER_ASSIGNMENT (  '', '', ( #2009 ) ) ;
#40 = CARTESIAN_POINT ( 'NONE',  ( 0.000000000000000000, -0.1840070077977582763, -0.1555928024450483615 ) ) ;
#41 = DIRECTION ( 'NONE',  ( -0.000000000000000000, -0.000000000000000000, -1.000000000000000000 ) ) ;
#42 = FILL_AREA_STYLE ('',( #1163 ) ) ;
#43 = CARTESIAN_POINT ( 'NONE',  ( 0.000000000000000000, -0.8861328275496341833, -0.3799180480018566897 ) ) ;
#44 = ORIENTED_EDGE ( 'NONE', *, *, #476, .T. ) ;
#45 = CARTESIAN_POINT ( 'NONE',  ( 0.05000000000000000278, -0.7032756816904642827, -0.4264820290484557241 ) ) ;
#46 = CARTESIAN_POINT ( 'NONE',  ( 0.05000000000000000278, -0.3687404252802076732, -0.1209932469971737035 ) ) ;
#47 = VECTOR ( 'NONE', #2930, 1000.000000000000000 ) ;
#48 = ADVANCED_FACE ( 'NONE', ( #3918 ), #31, .T. ) ;
#49 = AXIS2_PLACEMENT_3D ( 'NONE', #2700, #343, #3374 ) ;
#50 = VERTEX_POINT ( 'NONE', #2852 ) ;
#51 = AXIS2_PLACEMENT_3D ( 'NONE', #1026, #637, #3468 ) ;
#52 = VECTOR ( 'NONE', #3184, 1000.000000000000000 ) ;
#53 = CARTESIAN_POINT ( 'NONE',  ( 0.09999999999999982514, 3.234999999999999876, 3.235000000000000320 ) ) ;
#54 = CARTESIAN_POINT ( 'NONE',  ( 3.000000000000000000, -3.330000000000000515, -1.590000000000000080 ) ) ;
#55 = CARTESIAN_POINT ( 'NONE',  ( 2.705000000000000515, 1.935000000000000053, -1.750000000000000000 ) ) ;
#56 = CARTESIAN_POINT ( 'NONE',  ( 0.05000000000000000278, 0.8235672670274848395, -0.8369387598176868392 ) ) ;
#57 = CARTESIAN_POINT ( 'NONE',  ( 0.05000000000000000278, -0.8212644637417463311, -0.3625797854587121116 ) ) ;
#58 = CIRCLE ( 'NONE', #1455, 0.04999999999999991257 ) ;
#59 = ORIENTED_EDGE ( 'NONE', *, *, #3136, .T. ) ;
#60 = EDGE_LOOP ( 'NONE', ( #3686, #3471, #2122, #820, #1067, #2742, #3352, #2626, #4056, #3936 ) ) ;
#61 = CARTESIAN_POINT ( 'NONE',  ( 0.05000000000000000278, -0.7783092805295361849, -0.1912211122540348751 ) ) ;
#62 = CARTESIAN_POINT ( 'NONE',  ( 0.000000000000000000, -0.3628358096574299529, -0.05580565565891646568 ) ) ;
#63 =( LENGTH_UNIT ( ) NAMED_UNIT ( * ) SI_UNIT ( .MILLI., .METRE. ) );
#64 = UNCERTAINTY_MEASURE_WITH_UNIT (LENGTH_MEASURE( 1.000000000000000082E-05 ), #3313, 'distance_accuracy_value', 'NONE');
#65 = CARTESIAN_POINT ( 'NONE',  ( 0.000000000000000000, -0.7526870402938948823, -0.6705899237462419338 ) ) ;
#66 = ORIENTED_EDGE ( 'NONE', *, *, #1425, .T. ) ;
#67 = CARTESIAN_POINT ( 'NONE',  ( 0.05000000000000000278, -0.2263805207990742252, -0.3623038731498103293 ) ) ;
#68 = AXIS2_PLACEMENT_3D ( 'NONE', #3125, #4199, #2529 ) ;
#69 = AXIS2_PLACEMENT_3D ( 'NONE', #4017, #4041, #838 ) ;
#70 = PRESENTATION_STYLE_ASSIGNMENT (( #2185 ) ) ;
#71 = VERTEX_POINT ( 'NONE', #1128 ) ;
#72 = PRESENTATION_STYLE_ASSIGNMENT (( #3584 ) ) ;
#73 = SURFACE_STYLE_FILL_AREA ( #28 ) ;
#74 = ADVANCED_FACE ( 'NONE', ( #1154 ), #3563, .F. ) ;
#75 = EDGE_CURVE ( 'NONE', #2413, #445, #428, .T. ) ;
#76 = LINE ( 'NONE', #3942, #505 ) ;
#77 = CARTESIAN_POINT ( 'NONE',  ( 0.000000000000000000, -0.8200140416784283959, -0.1834552362854924845 ) ) ;
#78 = CARTESIAN_POINT ( 'NONE',  ( 0.000000000000000000, -1.137150123366982735, -0.4795983520884808948 ) ) ;
#79 = EDGE_CURVE ( 'NONE', #824, #3739, #1091, .T. ) ;
#80 = CARTESIAN_POINT ( 'NONE',  ( 0.000000000000000000, -0.9328654855079856478, -0.8378193541171440328 ) ) ;
#81 =( NAMED_UNIT ( * ) PLANE_ANGLE_UNIT ( ) SI_UNIT ( $, .RADIAN. ) );
#82 = ADVANCED_FACE ( 'NONE', ( #3898 ), #2192, .T. ) ;
#83 = B_SPLINE_SURFACE_WITH_KNOTS ( 'NONE', 3, 1, ( 
 ( #3473, #342 ),
 ( #3427, #1737 ),
 ( #3091, #1660 ),
 ( #2718, #740 ),
 ( #4137, #1345 ),
 ( #3810, #2063 ),
 ( #3396, #4548 ),
 ( #2408, #643 ),
 ( #4228, #1052 ),
 ( #3112, #3879 ),
 ( #17, #2738 ) ),
 .UNSPECIFIED., .F., .F., .F.,
 ( 4, 1, 1, 1, 1, 1, 1, 1, 4 ),
 ( 2, 2 ),
 ( 0.000000000000000000, 0.1103603399843292726, 0.2211857967812665415, 0.3343638213725831920, 0.4529765798274157373, 0.5772343082002683312, 0.7088043240432454484, 0.8493551270704513545, 1.000000000000000000 ),
 ( 0.000000000000000000, 1.000000000000000000 ),
 .UNSPECIFIED. ) ;
#84 = VERTEX_POINT ( 'NONE', #1221 ) ;
#85 = ORIENTED_EDGE ( 'NONE', *, *, #2651, .T. ) ;
#86 = CARTESIAN_POINT ( 'NONE',  ( 3.000000000000000000, -3.330000000000000515, 1.590000000000000080 ) ) ;
#87 = DIRECTION ( 'NONE',  ( 0.000000000000000000, 1.000000000000000000, 0.000000000000000000 ) ) ;
#88 = PRESENTATION_STYLE_ASSIGNMENT (( #3208 ) ) ;
#89 = LINE ( 'NONE', #742, #3271 ) ;
#90 = EDGE_LOOP ( 'NONE', ( #3163, #3777, #3542, #2172 ) ) ;
#91 = CARTESIAN_POINT ( 'NONE',  ( 2.805000000000000160, -3.234999999999999876, 3.135000000000000675 ) ) ;
#92 = CARTESIAN_POINT ( 'NONE',  ( 0.05000000000000000278, 0.03750957471979228519, 0.1630612401823134383 ) ) ;
#93 = ORIENTED_EDGE ( 'NONE', *, *, #1698, .F. ) ;
#94 = FILL_AREA_STYLE ('',( #2507 ) ) ;
#95 = CYLINDRICAL_SURFACE ( 'NONE', #1964, 0.09999999999999982514 ) ;
#96 =( NAMED_UNIT ( * ) PLANE_ANGLE_UNIT ( ) SI_UNIT ( $, .RADIAN. ) );
#97 = EDGE_CURVE ( 'NONE', #1141, #4096, #1866, .T. ) ;
#98 = ADVANCED_FACE ( 'NONE', ( #3280 ), #125, .T. ) ;
#99 = CARTESIAN_POINT ( 'NONE',  ( 1.402500000000000080, 3.234999999999999876, -1.590000000000000080 ) ) ;
#100 = ORIENTED_EDGE ( 'NONE', *, *, #2921, .T. ) ;
#101 = LINE ( 'NONE', #3302, #2618 ) ;
#102 = CARTESIAN_POINT ( 'NONE',  ( 0.000000000000000000, -1.132577810179866473, -0.5849006978280139046 ) ) ;
#103 = ADVANCED_FACE ( 'NONE', ( #3632 ), #2916, .F. ) ;
#104 = ORIENTED_EDGE ( 'NONE', *, *, #2352, .T. ) ;
#105 = EDGE_CURVE ( 'NONE', #351, #4064, #3186, .T. ) ;
#106 = EDGE_LOOP ( 'NONE', ( #936, #337, #1524, #4455 ) ) ;
#107 = DIRECTION ( 'NONE',  ( 1.000000000000000000, -0.000000000000000000, -0.000000000000000000 ) ) ;
#108 = SURFACE_SIDE_STYLE ('',( #1805 ) ) ;
#109 = MECHANICAL_DESIGN_GEOMETRIC_PRESENTATION_REPRESENTATION (  '', ( #3480 ), #1800 ) ;
#110 = EDGE_CURVE ( 'NONE', #635, #2353, #2963, .T. ) ;
#111 = CARTESIAN_POINT ( 'NONE',  ( 0.05000000000000000278, -0.8067564985457331694, -0.6828209796926413278 ) ) ;
#112 = ORIENTED_EDGE ( 'NONE', *, *, #2240, .F. ) ;
#113 = CARTESIAN_POINT ( 'NONE',  ( 0.000000000000000000, -0.2140929893827717700, -0.8369387598176866172 ) ) ;
#114 = CARTESIAN_POINT ( 'NONE',  ( -0.000000000000000000, -0.4738321418762641013, -0.6035382075684512238 ) ) ;
#115 = CARTESIAN_POINT ( 'NONE',  ( 0.000000000000000000, -0.8138526047673874109, -0.6830926059715326515 ) ) ;
#116 = VECTOR ( 'NONE', #2134, 1000.000000000000000 ) ;
#117 = SURFACE_STYLE_FILL_AREA ( #4281 ) ;
#118 = ORIENTED_EDGE ( 'NONE', *, *, #328, .F. ) ;
#119 = VECTOR ( 'NONE', #2129, 1000.000000000000000 ) ;
#120 = CARTESIAN_POINT ( 'NONE',  ( 2.805000000000000160, -3.234999999999999876, -1.750000000000000000 ) ) ;
#121 = B_SPLINE_CURVE_WITH_KNOTS ( 'NONE', 3,
 ( #3621, #1085, #3167, #3864, #3484, #1749, #1536, #2483, #3148, #2585, #7, #1411, #2929, #2802, #27, #4350, #1189, #4001, #849 ),
 .UNSPECIFIED., .F., .F.,
 ( 4, 1, 1, 1, 1, 1, 1, 1, 1, 1, 1, 1, 1, 1, 1, 1, 4 ),
 ( 0.000000000000000000, 0.06874126307936571922, 0.1347890881950342401, 0.1985360495606908748, 0.2603856506059206155, 0.3209615782321967314, 0.3799038495841485785, 0.4385029357752678325, 0.4961543439762690078, 0.5542654832084994432, 0.6127487608156948484, 0.6725134425261788396, 0.7336464018979736990, 0.7967896194814542143, 0.8619356990410246278, 0.9293977347748985096, 1.000000000000000000 ),
 .UNSPECIFIED. ) ;
#122 = CARTESIAN_POINT ( 'NONE',  ( 0.05000000000000000278, -0.5005811985486049442, -0.6796878182857336581 ) ) ;
#123 = VECTOR ( 'NONE', #3003, 1000.000000000000000 ) ;
#124 = DIRECTION ( 'NONE',  ( -1.000000000000000000, 0.000000000000000000, -0.000000000000000000 ) ) ;
#125 = CYLINDRICAL_SURFACE ( 'NONE', #1508, 0.09999999999999982514 ) ;
#126 = STYLED_ITEM ( 'NONE', ( #88 ), #2322 ) ;
#127 = DIRECTION ( 'NONE',  ( 0.000000000000000000, 0.4512830391435770361, 0.8923808708064829842 ) ) ;
#128 = PRESENTATION_LAYER_ASSIGNMENT (  '', '', ( #2978 ) ) ;
#129 = ORIENTED_EDGE ( 'NONE', *, *, #1663, .F. ) ;
#130 = VERTEX_POINT ( 'NONE', #3365 ) ;
#131 = CARTESIAN_POINT ( 'NONE',  ( 0.05000000000000000278, -0.1187654557111687825, -0.02752750525601641018 ) ) ;
#132 = CARTESIAN_POINT ( 'NONE',  ( 0.000000000000000000, -0.4136122201520026631, -0.8369387598176866172 ) ) ;
#133 = LINE ( 'NONE', #502, #3791 ) ;
#134 = COLOUR_RGB ( '',0.1098039215686274495, 0.1098039215686274495, 0.1098039215686274495 ) ;
#135 = ADVANCED_FACE ( 'NONE', ( #989 ), #4506, .T. ) ;
#136 = VECTOR ( 'NONE', #3969, 1000.000000000000000 ) ;
#137 = CARTESIAN_POINT ( 'NONE',  ( 0.05000000000000000278, 0.006259574719792314682, -0.4010413239202507141 ) ) ;
#138 = ORIENTED_EDGE ( 'NONE', *, *, #2198, .T. ) ;
#139 = CARTESIAN_POINT ( 'NONE',  ( 1.402500000000000302, 3.135000000000000231, -1.750000000000000000 ) ) ;
#140 = PRESENTATION_LAYER_ASSIGNMENT (  '', '', ( #210 ) ) ;
#141 = DIRECTION ( 'NONE',  ( 0.000000000000000000, -0.2236320174572719865, 0.9746736483397867579 ) ) ;
#142 = ORIENTED_EDGE ( 'NONE', *, *, #187, .T. ) ;
#143 = AXIS2_PLACEMENT_3D ( 'NONE', #1446, #3975, #2837 ) ;
#144 = DIRECTION ( 'NONE',  ( 1.000000000000000000, 0.000000000000000000, -0.000000000000000000 ) ) ;
#145 = CARTESIAN_POINT ( 'NONE',  ( 2.900000000000000355, 3.330000000000000515, -1.590000000000000080 ) ) ;
#146 = LINE ( 'NONE', #1862, #1972 ) ;
#147 = VECTOR ( 'NONE', #1194, 1000.000000000000000 ) ;
#148 = DIRECTION ( 'NONE',  ( -1.000000000000000000, -0.000000000000000000, -0.000000000000000000 ) ) ;
#149 = CARTESIAN_POINT ( 'NONE',  ( 0.05000000000000000278, -0.1890496660430744380, -0.1132896427400946898 ) ) ;
#150 = DIRECTION ( 'NONE',  ( 0.000000000000000000, -1.000000000000000000, 0.000000000000000000 ) ) ;
#151 = VERTEX_POINT ( 'NONE', #1674 ) ;
#152 = ORIENTED_EDGE ( 'NONE', *, *, #374, .F. ) ;
#153 = CARTESIAN_POINT ( 'NONE',  ( 0.05000000000000000278, -0.1846813534624345554, -0.08789214065705205914 ) ) ;
#154 = CARTESIAN_POINT ( 'NONE',  ( 0.000000000000000000, 0.9215239977967155660, 0.1630612401823132163 ) ) ;
#155 = DIRECTION ( 'NONE',  ( 1.000000000000000000, 0.000000000000000000, 0.000000000000000000 ) ) ;
#156 = LINE ( 'NONE', #1877, #937 ) ;
#157 = EDGE_LOOP ( 'NONE', ( #4348, #819, #3071, #142 ) ) ;
#158 = DIRECTION ( 'NONE',  ( 1.000000000000000000, 4.140151493978059749E-16, -0.000000000000000000 ) ) ;
#159 = CARTESIAN_POINT ( 'NONE',  ( 2.504999999999999449, -3.135000000000000675, -1.750000000000000000 ) ) ;
#160 = LINE ( 'NONE', #900, #47 ) ;
#161 = ADVANCED_FACE ( 'NONE', ( #609 ), #856, .T. ) ;
#162 = CARTESIAN_POINT ( 'NONE',  ( 0.000000000000000000, -0.3429157635505463708, -0.2480574791715616789 ) ) ;
#163 = ORIENTED_EDGE ( 'NONE', *, *, #3513, .T. ) ;
#164 = SURFACE_STYLE_USAGE ( .BOTH. , #855 ) ;
#165 = FACE_OUTER_BOUND ( 'NONE', #2237, .T. ) ;
#166 = DIRECTION ( 'NONE',  ( 1.000000000000000000, 3.933613324210450348E-16, 0.000000000000000000 ) ) ;
#167 = DIRECTION ( 'NONE',  ( 0.000000000000000000, 0.000000000000000000, 1.000000000000000000 ) ) ;
#168 =( NAMED_UNIT ( * ) PLANE_ANGLE_UNIT ( ) SI_UNIT ( $, .RADIAN. ) );
#169 = CARTESIAN_POINT ( 'NONE',  ( 0.05000000000000000278, -0.9810249773042930554, -0.2191292936110579015 ) ) ;
#170 = CARTESIAN_POINT ( 'NONE',  ( 0.05000000000000000278, -0.1738972299893813134, -0.1756685620409774440 ) ) ;
#171 = DIRECTION ( 'NONE',  ( -1.000000000000000000, 0.000000000000000000, 0.000000000000000000 ) ) ;
#172 = VERTEX_POINT ( 'NONE', #2348 ) ;
#173 = ORIENTED_EDGE ( 'NONE', *, *, #2272, .T. ) ;
#174 = CARTESIAN_POINT ( 'NONE',  ( 0.05000000000000000278, -0.09562799992534763704, -0.02222370254268759074 ) ) ;
#175 = CARTESIAN_POINT ( 'NONE',  ( 0.05000000000000000278, -0.2140929893827717700, -0.8369387598176866172 ) ) ;
#176 = LINE ( 'NONE', #2290, #3403 ) ;
#177 =( LENGTH_UNIT ( ) NAMED_UNIT ( * ) SI_UNIT ( .MILLI., .METRE. ) );
#178 = VERTEX_POINT ( 'NONE', #3744 ) ;
#179 = LINE ( 'NONE', #1577, #1642 ) ;
#180 = CARTESIAN_POINT ( 'NONE',  ( 0.09999999999999982514, -3.135000000000000231, -3.134999999999999787 ) ) ;
#181 = AXIS2_PLACEMENT_3D ( 'NONE', #2641, #3743, #252 ) ;
#182 = CARTESIAN_POINT ( 'NONE',  ( 0.000000000000000000, 0.06715701061722821608, -0.2215541444330711984 ) ) ;
#183 = ORIENTED_EDGE ( 'NONE', *, *, #671, .F. ) ;
#184 = FILL_AREA_STYLE_COLOUR ( '', #2966 ) ;
#185 = CARTESIAN_POINT ( 'NONE',  ( 2.800000000000000266, 3.130000000000000338, 1.590000000000000080 ) ) ;
#186 = CARTESIAN_POINT ( 'NONE',  ( 0.05000000000000000278, -0.4713045278443104280, -0.5933490162279428937 ) ) ;
#187 = EDGE_CURVE ( 'NONE', #2673, #2400, #678, .T. ) ;
#188 = VECTOR ( 'NONE', #3844, 1000.000000000000000 ) ;
#189 = DIRECTION ( 'NONE',  ( -0.000000000000000000, -0.000000000000000000, -1.000000000000000000 ) ) ;
#190 = CARTESIAN_POINT ( 'NONE',  ( 0.05000000000000000278, -0.1890318564146467317, -0.1316945576486439617 ) ) ;
#191 = FACE_OUTER_BOUND ( 'NONE', #1471, .T. ) ;
#192 = VECTOR ( 'NONE', #2226, 999.9999999999998863 ) ;
#193 = EDGE_LOOP ( 'NONE', ( #320, #2735, #4460, #2041 ) ) ;
#194 = CARTESIAN_POINT ( 'NONE',  ( 0.05000000000000000278, 0.006059254206971814716, -0.01642593930486601836 ) ) ;
#195 = CARTESIAN_POINT ( 'NONE',  ( 2.700000000000000178, -3.230000000000000870, 1.590000000000000080 ) ) ;
#196 = FACE_OUTER_BOUND ( 'NONE', #2522, .T. ) ;
#197 = CIRCLE ( 'NONE', #3646, 0.1000000000000000472 ) ;
#198 = DIRECTION ( 'NONE',  ( 0.000000000000000000, 0.000000000000000000, 1.000000000000000000 ) ) ;
#199 = EDGE_LOOP ( 'NONE', ( #3045, #2795, #957, #309, #614, #1904, #3386, #4145, #1616, #44 ) ) ;
#200 = VECTOR ( 'NONE', #3930, 1000.000000000000000 ) ;
#201 = CARTESIAN_POINT ( 'NONE',  ( 0.000000000000000000, -0.7171769481336612850, -0.4116005564909410164 ) ) ;
#202 = LINE ( 'NONE', #2295, #2085 ) ;
#203 = CARTESIAN_POINT ( 'NONE',  ( 0.05000000000000000278, -1.124977963018808369, -0.6182071190697624452 ) ) ;
#204 = PRESENTATION_LAYER_ASSIGNMENT (  '', '', ( #1304 ) ) ;
#205 = CARTESIAN_POINT ( 'NONE',  ( 0.000000000000000000, -0.2642923092881221403, -0.3396361017329196375 ) ) ;
#206 = ORIENTED_EDGE ( 'NONE', *, *, #946, .F. ) ;
#207 = DIRECTION ( 'NONE',  ( -1.000000000000000000, -2.017533294074227913E-16, 0.000000000000000000 ) ) ;
#208 = EDGE_CURVE ( 'NONE', #3729, #711, #3790, .T. ) ;
#209 =( NAMED_UNIT ( * ) PLANE_ANGLE_UNIT ( ) SI_UNIT ( $, .RADIAN. ) );
#210 = STYLED_ITEM ( 'NONE', ( #2752 ), #3747 ) ;
#211 = APPLICATION_PROTOCOL_DEFINITION ( 'draft international standard', 'automotive_design', 1998, #2027 ) ;
#212 =( NAMED_UNIT ( * ) PLANE_ANGLE_UNIT ( ) SI_UNIT ( $, .RADIAN. ) );
#213 =( NAMED_UNIT ( * ) SI_UNIT ( $, .STERADIAN. ) SOLID_ANGLE_UNIT ( ) );
#214 = CARTESIAN_POINT ( 'NONE',  ( 1.602500000000000258, -3.180000000000000160, 1.590000000000000080 ) ) ;
#215 = EDGE_CURVE ( 'NONE', #3876, #3922, #1512, .T. ) ;
#216 = PRODUCT_DEFINITION_FORMATION_WITH_SPECIFIED_SOURCE ( 'ANY', '', #1440, .NOT_KNOWN. ) ;
#217 = EDGE_CURVE ( 'NONE', #879, #978, #826, .T. ) ;
#218 = ORIENTED_EDGE ( 'NONE', *, *, #2184, .F. ) ;
#219 = CARTESIAN_POINT ( 'NONE',  ( 0.000000000000000000, -0.8617566262450642167, -0.3685247346325570272 ) ) ;
#220 = EDGE_CURVE ( 'NONE', #1871, #3029, #3980, .T. ) ;
#221 = LINE ( 'NONE', #823, #349 ) ;
#222 = VERTEX_POINT ( 'NONE', #2221 ) ;
#223 = CARTESIAN_POINT ( 'NONE',  ( 0.000000000000000000, -0.8059750858077204816, -0.3631599324354106706 ) ) ;
#224 = LINE ( 'NONE', #2337, #1709 ) ;
#225 = SURFACE_STYLE_FILL_AREA ( #2610 ) ;
#226 = CARTESIAN_POINT ( 'NONE',  ( 2.700000000000000178, -3.130000000000000338, -1.590000000000000080 ) ) ;
#227 = ORIENTED_EDGE ( 'NONE', *, *, #4324, .F. ) ;
#228 =( LENGTH_UNIT ( ) NAMED_UNIT ( * ) SI_UNIT ( .MILLI., .METRE. ) );
#229 = UNCERTAINTY_MEASURE_WITH_UNIT (LENGTH_MEASURE( 1.000000000000000082E-05 ), #2439, 'distance_accuracy_value', 'NONE');
#230 = PLANE ( 'NONE',  #3028 ) ;
#231 = CARTESIAN_POINT ( 'NONE',  ( 0.05000000000000000278, -0.8036362586135413766, -0.8625797854587120561 ) ) ;
#232 = DIRECTION ( 'NONE',  ( -0.000000000000000000, 1.000000000000000000, 0.000000000000000000 ) ) ;
#233 = CARTESIAN_POINT ( 'NONE',  ( -6.776263578034402713E-18, -0.8375609459896468101, -0.8616319570688759644 ) ) ;
#234 = EDGE_CURVE ( 'NONE', #1576, #3677, #1041, .T. ) ;
#235 = ORIENTED_EDGE ( 'NONE', *, *, #79, .F. ) ;
#236 = PLANE ( 'NONE',  #4446 ) ;
#237 = DIRECTION ( 'NONE',  ( 0.000000000000000000, -0.8924498855307665401, 0.4511465413988250406 ) ) ;
#238 = LINE ( 'NONE', #3032, #1377 ) ;
#239 = EDGE_CURVE ( 'NONE', #4185, #4293, #1769, .T. ) ;
#240 = EDGE_CURVE ( 'NONE', #3424, #1834, #1880, .T. ) ;
#241 = ORIENTED_EDGE ( 'NONE', *, *, #702, .T. ) ;
#242 = ORIENTED_EDGE ( 'NONE', *, *, #975, .F. ) ;
#243 = DIRECTION ( 'NONE',  ( -0.000000000000000000, 1.000000000000000000, -0.000000000000000000 ) ) ;
#244 = FILL_AREA_STYLE_COLOUR ( '', #2847 ) ;
#245 = CARTESIAN_POINT ( 'NONE',  ( 0.05000000000000000278, -0.6698221560494387328, 0.1630612401823135216 ) ) ;
#246 = DIRECTION ( 'NONE',  ( 2.168404344971012812E-15, -1.000000000000000000, 0.000000000000000000 ) ) ;
#247 = VERTEX_POINT ( 'NONE', #3269 ) ;
#248 = PLANE ( 'NONE',  #4309 ) ;
#249 = DIRECTION ( 'NONE',  ( -1.000000000000000000, -0.000000000000000000, -0.000000000000000000 ) ) ;
#250 = VERTEX_POINT ( 'NONE', #139 ) ;
#251 = PRESENTATION_LAYER_ASSIGNMENT (  '', '', ( #2890 ) ) ;
#252 = DIRECTION ( 'NONE',  ( -2.017533294074227913E-16, -1.000000000000000000, 0.000000000000000000 ) ) ;
#253 = CARTESIAN_POINT ( 'NONE',  ( 0.05000000000000000278, -0.5297708200735717909, -0.7293632440503247105 ) ) ;
#254 = CARTESIAN_POINT ( 'NONE',  ( 2.700000000000000178, 3.230000000000000870, 1.590000000000000080 ) ) ;
#255 = CARTESIAN_POINT ( 'NONE',  ( -6.776263578034402713E-18, -1.114013889693542536, -0.6499314372693418829 ) ) ;
#256 = B_SPLINE_CURVE_WITH_KNOTS ( 'NONE', 3,
 ( #2381, #1762, #2038, #4520, #1031, #3856, #2448, #2473, #1421, #715, #1375, #3500, #295, #1076, #4495, #4161, #1004, #2174, #1115, #2498, #1831, #1469, #62, #1162, #4295, #3242, #458 ),
 .UNSPECIFIED., .F., .F.,
 ( 4, 1, 1, 1, 1, 1, 1, 1, 1, 1, 1, 1, 1, 1, 1, 1, 1, 1, 1, 1, 1, 1, 1, 1, 4 ),
 ( 0.000000000000000000, 0.07287656621198564111, 0.1401621650698975652, 0.2022428547172497315, 0.2588508735258551186, 0.3107782990887945074, 0.3570369703898487179, 0.3984482124332923703, 0.4352986896860691068, 0.4695068157526312014, 0.5030546218222752275, 0.5361580172086396479, 0.5696022233209742103, 0.6030186249063085313, 0.6366328623401583675, 0.6708898636481450684, 0.7059620260679915216, 0.7413420378233699370, 0.7764512846880475827, 0.8121451715970781082, 0.8479949655728686864, 0.8845415022472715716, 0.9219874970927943725, 0.9602049799472630598, 1.000000000000000000 ),
 .UNSPECIFIED. ) ;
#257 = VECTOR ( 'NONE', #1635, 1000.000000000000114 ) ;
#258 = EDGE_LOOP ( 'NONE', ( #2948, #2516, #4032, #1705, #4089, #2077, #4006, #1393, #2385, #3578 ) ) ;
#259 = VECTOR ( 'NONE', #1785, 1000.000000000000000 ) ;
#260 = CARTESIAN_POINT ( 'NONE',  ( 0.05000000000000000278, -0.1086697353013217487, 0.1561720010057038865 ) ) ;
#261 = EDGE_CURVE ( 'NONE', #71, #1896, #121, .T. ) ;
#262 = CARTESIAN_POINT ( 'NONE',  ( 0.05000000000000000278, -0.8285309394405626637, -0.6825401577125437269 ) ) ;
#263 = CARTESIAN_POINT ( 'NONE',  ( 0.05000000000000000278, -0.7758483127822731751, -0.3714057401819086390 ) ) ;
#264 = EDGE_CURVE ( 'NONE', #1734, #982, #4216, .T. ) ;
#265 = VERTEX_POINT ( 'NONE', #725 ) ;
#266 = ORIENTED_EDGE ( 'NONE', *, *, #1398, .T. ) ;
#267 = CARTESIAN_POINT ( 'NONE',  ( 2.900000000000000355, 3.330000000000000515, 1.590000000000000080 ) ) ;
#268 = DIRECTION ( 'NONE',  ( 1.000000000000000000, 0.000000000000000000, -0.000000000000000000 ) ) ;
#269 = CARTESIAN_POINT ( 'NONE',  ( 0.000000000000000000, -0.9584840150237976530, -0.5208329905869172327 ) ) ;
#270 = DIRECTION ( 'NONE',  ( -1.000000000000000000, 0.000000000000000000, 0.000000000000000000 ) ) ;
#271 = STYLED_ITEM ( 'NONE', ( #2205 ), #2797 ) ;
#272 = CIRCLE ( 'NONE', #1152, 0.09999999999999982514 ) ;
#273 = DIRECTION ( 'NONE',  ( 1.000000000000000000, 0.000000000000000000, -0.000000000000000000 ) ) ;
#274 = ORIENTED_EDGE ( 'NONE', *, *, #1252, .F. ) ;
#275 = DIRECTION ( 'NONE',  ( -0.000000000000000000, 0.000000000000000000, -1.000000000000000000 ) ) ;
#276 = PLANE ( 'NONE',  #418 ) ;
#277 = CIRCLE ( 'NONE', #2985, 0.2000000000000005107 ) ;
#278 = UNCERTAINTY_MEASURE_WITH_UNIT (LENGTH_MEASURE( 1.000000000000000082E-05 ), #2822, 'distance_accuracy_value', 'NONE');
#279 = CARTESIAN_POINT ( 'NONE',  ( 0.000000000000000000, -0.8348862586135412656, -0.1830926059715325405 ) ) ;
#280 = EDGE_LOOP ( 'NONE', ( #1938, #242, #2127, #4344 ) ) ;
#281 = VECTOR ( 'NONE', #306, 1000.000000000000000 ) ;
#282 = CARTESIAN_POINT ( 'NONE',  ( 0.09999999999999982514, -3.234999999999999876, 3.135000000000000675 ) ) ;
#283 = CARTESIAN_POINT ( 'NONE',  ( 0.000000000000000000, -0.6610131800983695127, -0.8349548485809902276 ) ) ;
#284 = LINE ( 'NONE', #3081, #362 ) ;
#285 = CARTESIAN_POINT ( 'NONE',  ( 0.05000000000000000278, -0.9561567476746677396, -0.5547471357912191481 ) ) ;
#286 = COLOUR_RGB ( '',0.1098039215686274495, 0.1098039215686274495, 0.1098039215686274495 ) ;
#287 = PRESENTATION_STYLE_ASSIGNMENT (( #4200 ) ) ;
#288 = ORIENTED_EDGE ( 'NONE', *, *, #2233, .T. ) ;
#289 = VECTOR ( 'NONE', #2375, 1000.000000000000000 ) ;
#290 = CARTESIAN_POINT ( 'NONE',  ( 0.000000000000000000, -0.9486897928468771557, -0.4577810653899677673 ) ) ;
#291 = DIRECTION ( 'NONE',  ( 0.000000000000000000, -1.000000000000000000, 0.000000000000000000 ) ) ;
#292 = CARTESIAN_POINT ( 'NONE',  ( 0.05000000000000000278, -0.7609757526175400244, -0.3784373073668557685 ) ) ;
#293 = ORIENTED_EDGE ( 'NONE', *, *, #1398, .F. ) ;
#294 = DIRECTION ( 'NONE',  ( 0.000000000000000000, 1.000000000000000000, 0.000000000000000000 ) ) ;
#295 = CARTESIAN_POINT ( 'NONE',  ( 0.000000000000000000, -0.2579275050039763206, 0.1070944390570256893 ) ) ;
#296 = CARTESIAN_POINT ( 'NONE',  ( 0.000000000000000000, -0.1828429893827718533, -0.3806086316125583680 ) ) ;
#297 = LINE ( 'NONE', #3044, #1451 ) ;
#298 = EDGE_LOOP ( 'NONE', ( #2734, #1212, #2154, #3748 ) ) ;
#299 = DIRECTION ( 'NONE',  ( 1.000000000000000000, 0.000000000000000000, 0.000000000000000000 ) ) ;
#300 = CARTESIAN_POINT ( 'NONE',  ( 2.805000000000000160, 3.135000000000000231, -1.750000000000000000 ) ) ;
#301 = ADVANCED_FACE ( 'NONE', ( #2118 ), #508, .F. ) ;
#302 = CARTESIAN_POINT ( 'NONE',  ( 0.05000000000000000278, -0.8348862586135412656, -0.1830926059715325405 ) ) ;
#303 = ORIENTED_EDGE ( 'NONE', *, *, #894, .F. ) ;
#304 = CARTESIAN_POINT ( 'NONE',  ( 2.705000000000000515, -2.935000000000000053, -1.750000000000000000 ) ) ;
#305 = CARTESIAN_POINT ( 'NONE',  ( 0.000000000000000000, -0.6116083578799150766, -0.8077393197265845259 ) ) ;
#306 = DIRECTION ( 'NONE',  ( -1.000000000000000000, -0.000000000000000000, -0.000000000000000000 ) ) ;
#307 = CARTESIAN_POINT ( 'NONE',  ( 0.05000000000000000278, -0.9527328113583258817, -0.5706177781731857079 ) ) ;
#308 = SURFACE_STYLE_USAGE ( .BOTH. , #3150 ) ;
#309 = ORIENTED_EDGE ( 'NONE', *, *, #3576, .T. ) ;
#310 = DIRECTION ( 'NONE',  ( 1.000000000000000000, 0.000000000000000000, -0.000000000000000000 ) ) ;
#311 = CARTESIAN_POINT ( 'NONE',  ( 0.05000000000000000278, -0.9264005875525999079, -0.6259608707132388039 ) ) ;
#312 = LINE ( 'NONE', #2355, #2611 ) ;
#313 = ORIENTED_EDGE ( 'NONE', *, *, #4421, .F. ) ;
#314 = ORIENTED_EDGE ( 'NONE', *, *, #2678, .F. ) ;
#315 = LINE ( 'NONE', #3394, #2458 ) ;
#316 = CARTESIAN_POINT ( 'NONE',  ( 0.000000000000000000, -0.9423831301385804382, -0.6000009205978904525 ) ) ;
#317 = DIRECTION ( 'NONE',  ( 0.000000000000000000, 1.000000000000000000, 0.000000000000000000 ) ) ;
#318 = B_SPLINE_CURVE_WITH_KNOTS ( 'NONE', 3,
 ( #1625, #3027, #1995, #3768, #2422, #658, #2052, #633, #2022, #329, #2728, #4176, #991, #3413, #307, #285, #3824, #3103, #679 ),
 .UNSPECIFIED., .F., .F.,
 ( 4, 1, 1, 1, 1, 1, 1, 1, 1, 1, 1, 1, 1, 1, 1, 1, 4 ),
 ( 0.000000000000000000, 0.06116154996539654304, 0.1203363801759608082, 0.1783898341784807273, 0.2358655101693932221, 0.2941823526725292903, 0.3532419669828835151, 0.4136922142579408379, 0.4761376879043048294, 0.5394336096482434950, 0.6023842390965559179, 0.6644303114771669128, 0.7277262332211058560, 0.7924691057685016027, 0.8591605019104374685, 0.9281559975465448753, 0.9999999999999998890 ),
 .UNSPECIFIED. ) ;
#319 = CARTESIAN_POINT ( 'NONE',  ( 0.05000000000000000278, -0.9486897928468771557, -0.4577810653899677673 ) ) ;
#320 = ORIENTED_EDGE ( 'NONE', *, *, #562, .F. ) ;
#321 = DIRECTION ( 'NONE',  ( -1.000000000000000000, -0.000000000000000000, -0.000000000000000000 ) ) ;
#322 = CARTESIAN_POINT ( 'NONE',  ( 0.05000000000000000278, -0.1244409251852199583, -0.2084418192631687927 ) ) ;
#323 = CARTESIAN_POINT ( 'NONE',  ( 2.032879073410320814E-17, -0.2420073796460378013, 0.1174697462955878041 ) ) ;
#324 = EDGE_LOOP ( 'NONE', ( #1323, #1759, #2424, #3453 ) ) ;
#325 = CARTESIAN_POINT ( 'NONE',  ( 0.05000000000000000278, -0.8212644637417463311, -0.3625797854587121116 ) ) ;
#326 = STYLED_ITEM ( 'NONE', ( #2231 ), #98 ) ;
#327 = LINE ( 'NONE', #2421, #2263 ) ;
#328 = EDGE_CURVE ( 'NONE', #581, #3603, #550, .T. ) ;
#329 = CARTESIAN_POINT ( 'NONE',  ( 0.05000000000000000278, -0.9166625105249284200, -0.6377524111047767619 ) ) ;
#330 = STYLED_ITEM ( 'NONE', ( #72 ), #627 ) ;
#331 = DIRECTION ( 'NONE',  ( -1.000000000000000000, 0.000000000000000000, 0.000000000000000000 ) ) ;
#332 = EDGE_LOOP ( 'NONE', ( #37, #3340, #4114, #59 ) ) ;
#333 = LINE ( 'NONE', #1774, #792 ) ;
#334 = CARTESIAN_POINT ( 'NONE',  ( 2.799999999999999822, -2.130000000000000338, 1.590000000000000080 ) ) ;
#335 = FACE_OUTER_BOUND ( 'NONE', #1657, .T. ) ;
#336 = VECTOR ( 'NONE', #3377, 1000.000000000000000 ) ;
#337 = ORIENTED_EDGE ( 'NONE', *, *, #3835, .F. ) ;
#338 = VECTOR ( 'NONE', #3290, 1000.000000000000000 ) ;
#339 = VECTOR ( 'NONE', #959, 1000.000000000000000 ) ;
#340 = ORIENTED_EDGE ( 'NONE', *, *, #4450, .F. ) ;
#341 = LINE ( 'NONE', #619, #3328 ) ;
#342 = CARTESIAN_POINT ( 'NONE',  ( 6.776263578034402713E-18, -0.8212644637417463311, -0.3625797854587121116 ) ) ;
#343 = DIRECTION ( 'NONE',  ( -0.000000000000000000, 1.000000000000000000, 0.000000000000000000 ) ) ;
#344 = VECTOR ( 'NONE', #490, 1000.000000000000000 ) ;
#345 = CARTESIAN_POINT ( 'NONE',  ( 0.05000000000000000278, -0.9582450999035702077, -0.5040758145116991384 ) ) ;
#346 = ORIENTED_EDGE ( 'NONE', *, *, #220, .T. ) ;
#347 = PRESENTATION_LAYER_ASSIGNMENT (  '', '', ( #1806 ) ) ;
#348 = CARTESIAN_POINT ( 'NONE',  ( 0.05000000000000000278, -0.1377688076187750799, -0.2038331510429529370 ) ) ;
#349 = VECTOR ( 'NONE', #1530, 1000.000000000000000 ) ;
#350 = CARTESIAN_POINT ( 'NONE',  ( 2.032879073410320814E-17, -0.3685320920656475208, -0.09863511255489530727 ) ) ;
#351 = VERTEX_POINT ( 'NONE', #4116 ) ;
#352 = CARTESIAN_POINT ( 'NONE',  ( 0.000000000000000000, -0.6357623295936737362, -0.8224786695850841989 ) ) ;
#353 = COLOUR_RGB ( '',0.1098039215686274495, 0.1098039215686274495, 0.1098039215686274495 ) ;
#354 = DIRECTION ( 'NONE',  ( 3.933613324210450841E-16, -1.000000000000000000, 0.000000000000000000 ) ) ;
#355 = CARTESIAN_POINT ( 'NONE',  ( 0.09999999999999982514, -3.135000000000000231, -3.134999999999999787 ) ) ;
#356 = VECTOR ( 'NONE', #4314, 1000.000000000000000 ) ;
#357 = EDGE_CURVE ( 'NONE', #1727, #2892, #3395, .T. ) ;
#358 = SURFACE_SIDE_STYLE ('',( #2442 ) ) ;
#359 = CARTESIAN_POINT ( 'NONE',  ( 0.000000000000000000, -1.006190083524532319, -0.2352549418860287178 ) ) ;
#360 = CARTESIAN_POINT ( 'NONE',  ( 0.05000000000000000278, -0.3661106485893030893, -0.07684399139896563868 ) ) ;
#361 = PRESENTATION_STYLE_ASSIGNMENT (( #3849 ) ) ;
#362 = VECTOR ( 'NONE', #1336, 1000.000000000000000 ) ;
#363 = EDGE_CURVE ( 'NONE', #982, #1525, #4412, .T. ) ;
#364 = COLOUR_RGB ( '',0.1098039215686274495, 0.1098039215686274495, 0.1098039215686274495 ) ;
#365 = VERTEX_POINT ( 'NONE', #3673 ) ;
#366 = ORIENTED_EDGE ( 'NONE', *, *, #1626, .F. ) ;
#367 = DIRECTION ( 'NONE',  ( 1.000000000000000000, 0.000000000000000000, -0.000000000000000000 ) ) ;
#368 = LINE ( 'NONE', #980, #1233 ) ;
#369 = CARTESIAN_POINT ( 'NONE',  ( 0.000000000000000000, -0.8617566262450642167, -0.3685247346325570272 ) ) ;
#370 = ORIENTED_EDGE ( 'NONE', *, *, #613, .T. ) ;
#371 = CARTESIAN_POINT ( 'NONE',  ( 0.09999999999999982514, 3.135000000000000231, -3.134999999999999787 ) ) ;
#372 = CARTESIAN_POINT ( 'NONE',  ( 0.05000000000000000278, -0.1738972299893813134, -0.1756685620409774440 ) ) ;
#373 = CARTESIAN_POINT ( 'NONE',  ( 0.05000000000000000278, -0.5522340150237976530, -0.3918265803305069905 ) ) ;
#374 = EDGE_CURVE ( 'NONE', #963, #499, #1126, .T. ) ;
#375 = EDGE_LOOP ( 'NONE', ( #3261, #1355, #206, #4361 ) ) ;
#376 = DIRECTION ( 'NONE',  ( 0.000000000000000000, 1.000000000000000000, 0.000000000000000000 ) ) ;
#377 = SURFACE_STYLE_USAGE ( .BOTH. , #1432 ) ;
#378 =( NAMED_UNIT ( * ) PLANE_ANGLE_UNIT ( ) SI_UNIT ( $, .RADIAN. ) );
#379 = ORIENTED_EDGE ( 'NONE', *, *, #2064, .T. ) ;
#380 = CARTESIAN_POINT ( 'NONE',  ( 1.652500000000000080, -3.180000000000000160, 1.590000000000000080 ) ) ;
#381 = LINE ( 'NONE', #3848, #192 ) ;
#382 = DIRECTION ( 'NONE',  ( -0.000000000000000000, 1.000000000000000000, -0.000000000000000000 ) ) ;
#383 = DIRECTION ( 'NONE',  ( 0.000000000000000000, 1.000000000000000000, 0.000000000000000000 ) ) ;
#384 = EDGE_CURVE ( 'NONE', #1778, #3973, #1967, .T. ) ;
#385 = VERTEX_POINT ( 'NONE', #4053 ) ;
#386 = ORIENTED_EDGE ( 'NONE', *, *, #2410, .F. ) ;
#387 =( NAMED_UNIT ( * ) PLANE_ANGLE_UNIT ( ) SI_UNIT ( $, .RADIAN. ) );
#388 = DIRECTION ( 'NONE',  ( -2.168404344971012812E-15, -1.000000000000000000, 0.000000000000000000 ) ) ;
#389 = ADVANCED_FACE ( 'NONE', ( #2315 ), #1278, .T. ) ;
#390 = UNCERTAINTY_MEASURE_WITH_UNIT (LENGTH_MEASURE( 1.000000000000000082E-05 ), #664, 'distance_accuracy_value', 'NONE');
#391 = CARTESIAN_POINT ( 'NONE',  ( 0.05000000000000000278, -0.1892532457930282686, -0.1185894008433276137 ) ) ;
#392 = ORIENTED_EDGE ( 'NONE', *, *, #2624, .F. ) ;
#393 = CARTESIAN_POINT ( 'NONE',  ( 0.09999999999999982514, -3.135000000000000231, -3.234999999999999432 ) ) ;
#394 = CARTESIAN_POINT ( 'NONE',  ( 0.000000000000000000, -0.7013384737160052174, -0.6323398837873476230 ) ) ;
#395 = SURFACE_SIDE_STYLE ('',( #117 ) ) ;
#396 = EDGE_LOOP ( 'NONE', ( #1253, #4304, #2361, #874 ) ) ;
#397 = DIRECTION ( 'NONE',  ( -0.000000000000000000, -1.000000000000000000, -0.000000000000000000 ) ) ;
#398 = DIRECTION ( 'NONE',  ( -1.000000000000000000, -0.000000000000000000, -0.000000000000000000 ) ) ;
#399 = CARTESIAN_POINT ( 'NONE',  ( 1.652500000000000080, 3.230000000000000426, -1.590000000000000080 ) ) ;
#400 = CARTESIAN_POINT ( 'NONE',  ( 0.05000000000000000278, 0.6440800875403053238, 0.1630612401823132163 ) ) ;
#401 = CARTESIAN_POINT ( 'NONE',  ( 0.000000000000000000, -1.137971194510977169, -0.5146230546894813296 ) ) ;
#402 = LINE ( 'NONE', #1797, #493 ) ;
#403 = CARTESIAN_POINT ( 'NONE',  ( 0.000000000000000000, -1.040982828849748021, -0.7623526034875206525 ) ) ;
#404 =( NAMED_UNIT ( * ) SI_UNIT ( $, .STERADIAN. ) SOLID_ANGLE_UNIT ( ) );
#405 = AXIS2_PLACEMENT_3D ( 'NONE', #2117, #1357, #26 ) ;
#406 = ORIENTED_EDGE ( 'NONE', *, *, #2318, .F. ) ;
#407 = VERTEX_POINT ( 'NONE', #4091 ) ;
#408 = AXIS2_PLACEMENT_3D ( 'NONE', #1542, #1951, #1620 ) ;
#409 = FACE_OUTER_BOUND ( 'NONE', #4139, .T. ) ;
#410 = CARTESIAN_POINT ( 'NONE',  ( 2.705000000000000515, 3.135000000000000231, -3.134999999999999787 ) ) ;
#411 = FACE_OUTER_BOUND ( 'NONE', #1760, .T. ) ;
#412 = CIRCLE ( 'NONE', #484, 0.09999999999999982514 ) ;
#413 = AXIS2_PLACEMENT_3D ( 'NONE', #1429, #2823, #749 ) ;
#414 = LINE ( 'NONE', #3882, #200 ) ;
#415 = VERTEX_POINT ( 'NONE', #939 ) ;
#416 = PLANE ( 'NONE',  #4378 ) ;
#417 = CARTESIAN_POINT ( 'NONE',  ( 0.05000000000000000278, -0.2052721270296158085, -0.3722367499298591675 ) ) ;
#418 = AXIS2_PLACEMENT_3D ( 'NONE', #4212, #1059, #2113 ) ;
#419 = VECTOR ( 'NONE', #2768, 1000.000000000000114 ) ;
#420 = EDGE_CURVE ( 'NONE', #3739, #4196, #224, .T. ) ;
#421 = FILL_AREA_STYLE_COLOUR ( '', #3053 ) ;
#422 = ORIENTED_EDGE ( 'NONE', *, *, #4453, .F. ) ;
#423 = CARTESIAN_POINT ( 'NONE',  ( 1.402500000000000080, 3.234999999999999876, -1.750000000000000000 ) ) ;
#424 = ADVANCED_FACE ( 'NONE', ( #3019 ), #1987, .F. ) ;
#425 = FACE_OUTER_BOUND ( 'NONE', #4172, .T. ) ;
#426 = CARTESIAN_POINT ( 'NONE',  ( 0.05000000000000000278, -0.6874996671362669787, -0.8449302934628188932 ) ) ;
#427 = VECTOR ( 'NONE', #3445, 1000.000000000000000 ) ;
#428 = LINE ( 'NONE', #2164, #1947 ) ;
#429 = CARTESIAN_POINT ( 'NONE',  ( 0.000000000000000000, -0.8455194980023212903, -0.1833362604882861902 ) ) ;
#430 = CARTESIAN_POINT ( 'NONE',  ( 0.000000000000000000, -0.8375609459896468101, -0.8616319570688759644 ) ) ;
#431 = LINE ( 'NONE', #14, #645 ) ;
#432 = AXIS2_PLACEMENT_3D ( 'NONE', #3590, #3199, #1482 ) ;
#433 = ORIENTED_EDGE ( 'NONE', *, *, #3903, .T. ) ;
#434 = ORIENTED_EDGE ( 'NONE', *, *, #4244, .F. ) ;
#435 = VECTOR ( 'NONE', #1841, 1000.000000000000000 ) ;
#436 = DIRECTION ( 'NONE',  ( 0.000000000000000000, 0.000000000000000000, 1.000000000000000000 ) ) ;
#437 = FILL_AREA_STYLE ('',( #1116 ) ) ;
#438 = STYLED_ITEM ( 'NONE', ( #3224 ), #4297 ) ;
#439 = CARTESIAN_POINT ( 'NONE',  ( 0.000000000000000000, -0.8351753950867520926, -0.3627946284126165599 ) ) ;
#440 = VERTEX_POINT ( 'NONE', #620 ) ;
#441 = CARTESIAN_POINT ( 'NONE',  ( 0.05000000000000000278, 0.006259574719792314682, -0.4010413239202507141 ) ) ;
#442 = EDGE_CURVE ( 'NONE', #3437, #711, #202, .T. ) ;
#443 = EDGE_CURVE ( 'NONE', #977, #2785, #2276, .T. ) ;
#444 = CARTESIAN_POINT ( 'NONE',  ( 0.000000000000000000, -1.116862144609138241, -0.3824492166261509452 ) ) ;
#445 = VERTEX_POINT ( 'NONE', #552 ) ;
#446 = DIRECTION ( 'NONE',  ( -1.000000000000000000, 0.000000000000000000, -0.000000000000000000 ) ) ;
#447 = DIRECTION ( 'NONE',  ( 0.000000000000000000, 0.000000000000000000, 1.000000000000000000 ) ) ;
#448 = CARTESIAN_POINT ( 'NONE',  ( 0.05000000000000000278, -0.6116083578799150766, -0.8077393197265845259 ) ) ;
#449 = EDGE_CURVE ( 'NONE', #3012, #1632, #2603, .T. ) ;
#450 = ADVANCED_FACE ( 'NONE', ( #1602 ), #2654, .T. ) ;
#451 = DIRECTION ( 'NONE',  ( 1.000000000000000000, 3.933613324210450841E-16, 0.000000000000000000 ) ) ;
#452 = DIRECTION ( 'NONE',  ( -1.000000000000000000, 0.000000000000000000, 0.000000000000000000 ) ) ;
#453 = DIRECTION ( 'NONE',  ( 1.000000000000000000, -0.000000000000000000, -0.000000000000000000 ) ) ;
#454 = CARTESIAN_POINT ( 'NONE',  ( 0.09999999999999982514, -3.135000000000000231, 3.135000000000000675 ) ) ;
#455 = ORIENTED_EDGE ( 'NONE', *, *, #1337, .F. ) ;
#456 = VERTEX_POINT ( 'NONE', #4102 ) ;
#457 = CARTESIAN_POINT ( 'NONE',  ( 0.000000000000000000, -0.05120521768309635458, -0.2204185484326552924 ) ) ;
#458 = CARTESIAN_POINT ( 'NONE',  ( 0.000000000000000000, -0.3687404252802076732, -0.1209932469971737035 ) ) ;
#459 = CARTESIAN_POINT ( 'NONE',  ( 0.05000000000000000278, -0.7526870402938948823, -0.6705899237462419338 ) ) ;
#460 = ORIENTED_EDGE ( 'NONE', *, *, #1979, .T. ) ;
#461 = CARTESIAN_POINT ( 'NONE',  ( 0.05000000000000000278, -0.4136122201520026631, -0.8369387598176866172 ) ) ;
#462 = PLANE ( 'NONE',  #2390 ) ;
#463 = CARTESIAN_POINT ( 'NONE',  ( 0.05000000000000000278, -1.125150681690464394, 0.1630612401823135216 ) ) ;
#464 = EDGE_LOOP ( 'NONE', ( #1922, #2060, #4408, #1897 ) ) ;
#465 = CARTESIAN_POINT ( 'NONE',  ( 1.602500000000000258, -3.180000000000000160, -1.590000000000000080 ) ) ;
#466 = SURFACE_STYLE_USAGE ( .BOTH. , #2935 ) ;
#467 = DIRECTION ( 'NONE',  ( 0.000000000000000000, 0.000000000000000000, 1.000000000000000000 ) ) ;
#468 = LINE ( 'NONE', #3254, #4101 ) ;
#469 = CARTESIAN_POINT ( 'NONE',  ( 0.05000000000000000278, -1.029999745548452195, -0.2542044907207654525 ) ) ;
#470 = CARTESIAN_POINT ( 'NONE',  ( 2.805000000000000160, -3.234999999999999876, 3.235000000000000320 ) ) ;
#471 = ADVANCED_FACE ( 'NONE', ( #2961 ), #3364, .F. ) ;
#472 = CARTESIAN_POINT ( 'NONE',  ( -0.000000000000000000, -1.137634313291926880, -0.5265878941432662330 ) ) ;
#473 = EDGE_LOOP ( 'NONE', ( #4318, #558, #3357, #183, #1024, #303, #4165, #1419 ) ) ;
#474 = VERTEX_POINT ( 'NONE', #4060 ) ;
#475 = CARTESIAN_POINT ( 'NONE',  ( 0.05000000000000000278, -0.1697051755459263733, -0.06132863504338164490 ) ) ;
#476 = EDGE_CURVE ( 'NONE', #2892, #151, #948, .T. ) ;
#477 = LINE ( 'NONE', #132, #4042 ) ;
#478 = CARTESIAN_POINT ( 'NONE',  ( 1.652500000000000080, -3.230000000000000426, 1.590000000000000080 ) ) ;
#479 = CARTESIAN_POINT ( 'NONE',  ( 2.805000000000000160, -3.234999999999999876, 3.235000000000000320 ) ) ;
#480 = VERTEX_POINT ( 'NONE', #2987 ) ;
#481 = PLANE ( 'NONE',  #3630 ) ;
#482 = CARTESIAN_POINT ( 'NONE',  ( 2.805000000000000160, -3.234999999999999876, 3.235000000000000320 ) ) ;
#483 = CARTESIAN_POINT ( 'NONE',  ( 0.000000000000000000, -0.7927039994058432404, -0.6822830751107112901 ) ) ;
#484 = AXIS2_PLACEMENT_3D ( 'NONE', #3753, #958, #1736 ) ;
#485 = CARTESIAN_POINT ( 'NONE',  ( 0.000000000000000000, -0.1904318808562427412, -0.3777760081510994072 ) ) ;
#486 = ORIENTED_EDGE ( 'NONE', *, *, #901, .F. ) ;
#487 = AXIS2_PLACEMENT_3D ( 'NONE', #2683, #3679, #4098 ) ;
#488 = PLANE ( 'NONE',  #2453 ) ;
#489 = B_SPLINE_SURFACE_WITH_KNOTS ( 'NONE', 3, 1, ( 
 ( #1845, #32 ),
 ( #1110, #429 ),
 ( #3870, #753 ),
 ( #732, #4288 ),
 ( #3945, #1824 ),
 ( #11, #706 ),
 ( #1155, #3919 ),
 ( #3172, #359 ),
 ( #2512, #2123 ),
 ( #1415, #1435 ),
 ( #1129, #3223 ),
 ( #2805, #4220 ),
 ( #2143, #2466 ),
 ( #4248, #1092 ),
 ( #2491, #3899 ),
 ( #2893, #1500 ),
 ( #3537, #78 ),
 ( #2099, #1796 ),
 ( #2193, #401 ) ),
 .UNSPECIFIED., .F., .F., .F.,
 ( 4, 1, 1, 1, 1, 1, 1, 1, 1, 1, 1, 1, 1, 1, 1, 1, 4 ),
 ( 2, 2 ),
 ( 0.000000000000000000, 0.06340052940042835428, 0.1249764099331407002, 0.1844921876584959264, 0.2434736282965417609, 0.3022637321141442568, 0.3613835718304163058, 0.4214817654110649681, 0.4834545367577932073, 0.5459360688045385990, 0.6081426980855852982, 0.6698202920949498651, 0.7323322942692656046, 0.7960922343214100749, 0.8616426668792320775, 0.9294352318828827952, 1.000000000000000000 ),
 ( 0.000000000000000000, 1.000000000000000000 ),
 .UNSPECIFIED. ) ;
#490 = DIRECTION ( 'NONE',  ( 0.000000000000000000, 0.4511465413988249851, 0.8924498855307665401 ) ) ;
#491 = CARTESIAN_POINT ( 'NONE',  ( 2.705000000000000515, 3.135000000000000231, 0.000000000000000000 ) ) ;
#492 = CARTESIAN_POINT ( 'NONE',  ( 0.05000000000000000278, -0.8300060997688881725, -0.1832115992286732220 ) ) ;
#493 = VECTOR ( 'NONE', #3153, 1000.000000000000000 ) ;
#494 = CARTESIAN_POINT ( 'NONE',  ( 0.05000000000000000278, -0.8617566262450642167, -0.3685247346325570272 ) ) ;
#495 = VECTOR ( 'NONE', #3140, 1000.000000000000000 ) ;
#496 = LINE ( 'NONE', #1891, #2549 ) ;
#497 = CARTESIAN_POINT ( 'NONE',  ( 2.700000000000000178, 3.130000000000000338, 1.590000000000000080 ) ) ;
#498 = ADVANCED_FACE ( 'NONE', ( #2284 ), #1590, .T. ) ;
#499 = VERTEX_POINT ( 'NONE', #566 ) ;
#500 = ORIENTED_EDGE ( 'NONE', *, *, #2656, .T. ) ;
#501 = CARTESIAN_POINT ( 'NONE',  ( 0.05000000000000000278, -0.05231403906112488955, -0.01772598005164420162 ) ) ;
#502 = CARTESIAN_POINT ( 'NONE',  ( 0.000000000000000000, 0.6440800875403053238, -0.8369387598176868392 ) ) ;
#503 = MECHANICAL_DESIGN_GEOMETRIC_PRESENTATION_REPRESENTATION (  '', ( #2545 ), #3344 ) ;
#504 = EDGE_CURVE ( 'NONE', #2470, #2495, #2259, .T. ) ;
#505 = VECTOR ( 'NONE', #2552, 1000.000000000000000 ) ;
#506 = DIRECTION ( 'NONE',  ( -2.168404344971012812E-15, -1.000000000000000000, -0.000000000000000000 ) ) ;
#507 = ORIENTED_EDGE ( 'NONE', *, *, #384, .T. ) ;
#508 = PLANE ( 'NONE',  #413 ) ;
#509 = SURFACE_STYLE_USAGE ( .BOTH. , #1208 ) ;
#510 = COLOUR_RGB ( '',0.1098039215686274495, 0.1098039215686274495, 0.1098039215686274495 ) ;
#511 = DIRECTION ( 'NONE',  ( 0.000000000000000000, -1.000000000000000000, 0.000000000000000000 ) ) ;
#512 = ORIENTED_EDGE ( 'NONE', *, *, #4094, .T. ) ;
#513 = CARTESIAN_POINT ( 'NONE',  ( 2.700000000000000178, -3.230000000000000426, 1.590000000000000080 ) ) ;
#514 = CARTESIAN_POINT ( 'NONE',  ( -0.000000000000000000, -0.5522340150237976530, -0.3918265803305070460 ) ) ;
#515 = VECTOR ( 'NONE', #4243, 1000.000000000000000 ) ;
#516 = UNCERTAINTY_MEASURE_WITH_UNIT (LENGTH_MEASURE( 1.000000000000000082E-05 ), #4223, 'distance_accuracy_value', 'NONE');
#517 = PRESENTATION_STYLE_ASSIGNMENT (( #1566 ) ) ;
#518 = CARTESIAN_POINT ( 'NONE',  ( 0.05000000000000000278, -0.1586763905992293611, -0.1916489141381824690 ) ) ;
#519 = FILL_AREA_STYLE ('',( #1250 ) ) ;
#520 = ORIENTED_EDGE ( 'NONE', *, *, #4536, .F. ) ;
#521 = EDGE_LOOP ( 'NONE', ( #2307, #966, #3244, #813 ) ) ;
#522 = CARTESIAN_POINT ( 'NONE',  ( 6.776263578034402713E-18, -0.1890496660430744380, -0.1132896427400946898 ) ) ;
#523 = LINE ( 'NONE', #3286, #1969 ) ;
#524 = LINE ( 'NONE', #3668, #570 ) ;
#525 = ADVANCED_FACE ( 'NONE', ( #886 ), #4079, .F. ) ;
#526 = CARTESIAN_POINT ( 'NONE',  ( 2.805000000000000160, -1.935000000000000053, 1.750000000000000000 ) ) ;
#527 = EDGE_LOOP ( 'NONE', ( #802, #2, #3614, #1985 ) ) ;
#528 = LINE ( 'NONE', #2220, #4517 ) ;
#529 =( NAMED_UNIT ( * ) SI_UNIT ( $, .STERADIAN. ) SOLID_ANGLE_UNIT ( ) );
#530 = EDGE_CURVE ( 'NONE', #911, #4225, #1646, .T. ) ;
#531 = CARTESIAN_POINT ( 'NONE',  ( 2.805000000000000160, -3.135000000000000231, -3.234999999999999432 ) ) ;
#532 = FACE_OUTER_BOUND ( 'NONE', #324, .T. ) ;
#533 = ORIENTED_EDGE ( 'NONE', *, *, #2030, .T. ) ;
#534 = CARTESIAN_POINT ( 'NONE',  ( 2.805000000000000160, -3.234999999999999876, 3.135000000000000675 ) ) ;
#535 = DIRECTION ( 'NONE',  ( 0.000000000000000000, -0.000000000000000000, -1.000000000000000000 ) ) ;
#536 = CARTESIAN_POINT ( 'NONE',  ( 2.799999999999999822, 2.130000000000000338, -1.590000000000000080 ) ) ;
#537 = PRODUCT_CONTEXT ( 'NONE', #2027, 'mechanical' ) ;
#538 =( LENGTH_UNIT ( ) NAMED_UNIT ( * ) SI_UNIT ( .MILLI., .METRE. ) );
#539 = CARTESIAN_POINT ( 'NONE',  ( 0.05000000000000000278, -0.1320613601397225834, -0.03257395354794962589 ) ) ;
#540 = CARTESIAN_POINT ( 'NONE',  ( 0.05000000000000000278, -0.01130215563073742706, -0.2214578803289629916 ) ) ;
#541 = PLANE ( 'NONE',  #1394 ) ;
#542 = B_SPLINE_CURVE_WITH_KNOTS ( 'NONE', 3,
 ( #4404, #540, #4419, #2305, #2286, #4381, #1223, #4016, #3633, #3704, #518, #1934, #170, #3610, #4040, #1867, #190, #1915, #2964 ),
 .UNSPECIFIED., .F., .F.,
 ( 4, 1, 1, 1, 1, 1, 1, 1, 1, 1, 1, 1, 1, 1, 1, 1, 4 ),
 ( 0.000000000000000000, 0.1055584515572727672, 0.2021217530471612622, 0.2907357291869311910, 0.3706174058311738628, 0.4427476685376858234, 0.5077637015032857581, 0.5656721017187098521, 0.6165624613083605654, 0.6634473495977375457, 0.7083772164997371723, 0.7534581593724378745, 0.7985692567253480645, 0.8451267071642595274, 0.8937276775141809182, 0.9446981374045934077, 1.000000000000000000 ),
 .UNSPECIFIED. ) ;
#543 = VERTEX_POINT ( 'NONE', #588 ) ;
#544 = ORIENTED_EDGE ( 'NONE', *, *, #2544, .T. ) ;
#545 = CARTESIAN_POINT ( 'NONE',  ( 6.776263578034402713E-18, -0.1320613601397225834, -0.03257395354794962589 ) ) ;
#546 = PLANE ( 'NONE',  #1670 ) ;
#547 = CARTESIAN_POINT ( 'NONE',  ( 1.402500000000000302, -3.135000000000000231, -1.750000000000000000 ) ) ;
#548 = CARTESIAN_POINT ( 'NONE',  ( 0.05000000000000000278, 0.8235672670274848395, -0.8369387598176868392 ) ) ;
#549 = ORIENTED_EDGE ( 'NONE', *, *, #1171, .F. ) ;
#550 = CIRCLE ( 'NONE', #2306, 0.04999999999999991257 ) ;
#551 = LINE ( 'NONE', #875, #338 ) ;
#552 = CARTESIAN_POINT ( 'NONE',  ( 2.705000000000000515, -1.935000000000000053, 1.750000000000000000 ) ) ;
#553 = CARTESIAN_POINT ( 'NONE',  ( 0.05000000000000000278, -0.9620698312337992997, -0.8237904713960829683 ) ) ;
#554 =( GEOMETRIC_REPRESENTATION_CONTEXT ( 3 ) GLOBAL_UNCERTAINTY_ASSIGNED_CONTEXT ( ( #2986 ) ) GLOBAL_UNIT_ASSIGNED_CONTEXT ( ( #1018, #4530, #4173 ) ) REPRESENTATION_CONTEXT ( 'NONE', 'WORKASPACE' ) );
#555 = EDGE_CURVE ( 'NONE', #1173, #499, #2347, .T. ) ;
#556 = ADVANCED_FACE ( 'NONE', ( #1975 ), #230, .F. ) ;
#557 = CARTESIAN_POINT ( 'NONE',  ( 0.05000000000000000278, -0.3336363682981933199, -0.2659064780529856176 ) ) ;
#558 = ORIENTED_EDGE ( 'NONE', *, *, #1698, .T. ) ;
#559 = CARTESIAN_POINT ( 'NONE',  ( 1.402500000000000302, -3.135000000000000231, -1.750000000000000000 ) ) ;
#560 = VECTOR ( 'NONE', #3891, 1000.000000000000000 ) ;
#561 = FACE_OUTER_BOUND ( 'NONE', #685, .T. ) ;
#562 = EDGE_CURVE ( 'NONE', #1001, #3968, #1040, .T. ) ;
#563 = COLOUR_RGB ( '',0.1098039215686274495, 0.1098039215686274495, 0.1098039215686274495 ) ;
#564 = UNCERTAINTY_MEASURE_WITH_UNIT (LENGTH_MEASURE( 1.000000000000000082E-05 ), #4342, 'distance_accuracy_value', 'NONE');
#565 =( GEOMETRIC_REPRESENTATION_CONTEXT ( 3 ) GLOBAL_UNCERTAINTY_ASSIGNED_CONTEXT ( ( #606 ) ) GLOBAL_UNIT_ASSIGNED_CONTEXT ( ( #3002, #3039, #529 ) ) REPRESENTATION_CONTEXT ( 'NONE', 'WORKASPACE' ) );
#566 = CARTESIAN_POINT ( 'NONE',  ( 0.09999999999999982514, -3.234999999999999876, -3.134999999999999787 ) ) ;
#567 = CARTESIAN_POINT ( 'NONE',  ( 0.05000000000000000278, -0.01477523017655320292, -0.01658703383335530246 ) ) ;
#568 = LINE ( 'NONE', #3991, #1819 ) ;
#569 = AXIS2_PLACEMENT_3D ( 'NONE', #145, #1193, #1543 ) ;
#570 = VECTOR ( 'NONE', #2242, 1000.000000000000227 ) ;
#571 = ORIENTED_EDGE ( 'NONE', *, *, #638, .T. ) ;
#572 = SURFACE_SIDE_STYLE ('',( #3329 ) ) ;
#573 = CARTESIAN_POINT ( 'NONE',  ( 2.900000000000000355, -3.330000000000000515, 1.590000000000000080 ) ) ;
#574 = ORIENTED_EDGE ( 'NONE', *, *, #1531, .T. ) ;
#575 = VECTOR ( 'NONE', #3401, 1000.000000000000000 ) ;
#576 = CARTESIAN_POINT ( 'NONE',  ( 1.502500000000000169, 3.430000000000000160, 1.590000000000000080 ) ) ;
#577 = CARTESIAN_POINT ( 'NONE',  ( 0.000000000000000000, -0.6698221560494387328, 0.1630612401823135216 ) ) ;
#578 = CARTESIAN_POINT ( 'NONE',  ( 0.05000000000000000278, -1.114013889693542536, -0.6499314372693418829 ) ) ;
#579 = VECTOR ( 'NONE', #2326, 1000.000000000000000 ) ;
#580 = CARTESIAN_POINT ( 'NONE',  ( 0.000000000000000000, -0.3336363682981933199, -0.2659064780529856176 ) ) ;
#581 = VERTEX_POINT ( 'NONE', #3460 ) ;
#582 = DIRECTION ( 'NONE',  ( -1.000000000000000000, 0.000000000000000000, 0.000000000000000000 ) ) ;
#583 = LINE ( 'NONE', #1243, #1802 ) ;
#584 = AXIS2_PLACEMENT_3D ( 'NONE', #1216, #2255, #2208 ) ;
#585 = ADVANCED_FACE ( 'NONE', ( #967 ), #1673, .T. ) ;
#586 = EDGE_CURVE ( 'NONE', #3437, #3771, #630, .T. ) ;
#587 = PRESENTATION_LAYER_ASSIGNMENT (  '', '', ( #3506 ) ) ;
#588 = CARTESIAN_POINT ( 'NONE',  ( 0.000000000000000000, -3.135000000000000231, -3.134999999999999787 ) ) ;
#589 = CARTESIAN_POINT ( 'NONE',  ( 0.000000000000000000, -0.7934125204684558952, -0.8623184843902141905 ) ) ;
#590 = SURFACE_SIDE_STYLE ('',( #4439 ) ) ;
#591 = EDGE_CURVE ( 'NONE', #3847, #824, #1717, .T. ) ;
#592 = PRESENTATION_STYLE_ASSIGNMENT (( #3727 ) ) ;
#593 = ADVANCED_FACE ( 'NONE', ( #2780 ), #724, .F. ) ;
#594 = ORIENTED_EDGE ( 'NONE', *, *, #97, .T. ) ;
#595 = FACE_OUTER_BOUND ( 'NONE', #1534, .T. ) ;
#596 = CARTESIAN_POINT ( 'NONE',  ( 3.000000000000000000, 2.130000000000000338, -1.590000000000000080 ) ) ;
#597 =( NAMED_UNIT ( * ) PLANE_ANGLE_UNIT ( ) SI_UNIT ( $, .RADIAN. ) );
#598 = EDGE_LOOP ( 'NONE', ( #2018, #3639, #3442, #1187, #691, #1484 ) ) ;
#599 = DIRECTION ( 'NONE',  ( 0.000000000000000000, -0.5408597775034191812, 0.8411127754819516245 ) ) ;
#600 = DIRECTION ( 'NONE',  ( 0.000000000000000000, 0.000000000000000000, 1.000000000000000000 ) ) ;
#601 = PRESENTATION_STYLE_ASSIGNMENT (( #4071 ) ) ;
#602 = PLANE ( 'NONE',  #3574 ) ;
#603 = VERTEX_POINT ( 'NONE', #1494 ) ;
#604 = CARTESIAN_POINT ( 'NONE',  ( 0.05000000000000000278, 0.06715701061722821608, -0.01642593930486601836 ) ) ;
#605 = SURFACE_SIDE_STYLE ('',( #3699 ) ) ;
#606 = UNCERTAINTY_MEASURE_WITH_UNIT (LENGTH_MEASURE( 1.000000000000000082E-05 ), #3002, 'distance_accuracy_value', 'NONE');
#607 = CARTESIAN_POINT ( 'NONE',  ( 2.032879073410320814E-17, -0.3686700509590882247, -0.1134407377336117129 ) ) ;
#608 = PRESENTATION_STYLE_ASSIGNMENT (( #2684 ) ) ;
#609 = FACE_OUTER_BOUND ( 'NONE', #3593, .T. ) ;
#610 = LINE ( 'NONE', #4485, #4325 ) ;
#611 = CARTESIAN_POINT ( 'NONE',  ( -6.776263578034402713E-18, -0.8706927554520497159, -0.8569986152624509135 ) ) ;
#612 = ADVANCED_FACE ( 'NONE', ( #1818 ), #4305, .F. ) ;
#613 = EDGE_CURVE ( 'NONE', #603, #1778, #2228, .T. ) ;
#614 = ORIENTED_EDGE ( 'NONE', *, *, #215, .F. ) ;
#615 = CARTESIAN_POINT ( 'NONE',  ( 0.05000000000000000278, 0.2466441901044077178, -0.8369387598176866172 ) ) ;
#616 = DIRECTION ( 'NONE',  ( 1.000000000000000000, 0.000000000000000000, 0.000000000000000000 ) ) ;
#617 = ORIENTED_EDGE ( 'NONE', *, *, #1502, .T. ) ;
#618 = ORIENTED_EDGE ( 'NONE', *, *, #3135, .T. ) ;
#619 = CARTESIAN_POINT ( 'NONE',  ( 3.000000000000000000, -3.330000000000000515, 1.590000000000000080 ) ) ;
#620 = CARTESIAN_POINT ( 'NONE',  ( 0.000000000000000000, 0.8235672670274848395, -0.8369387598176868392 ) ) ;
#621 = LINE ( 'NONE', #3397, #1447 ) ;
#622 = ORIENTED_EDGE ( 'NONE', *, *, #2993, .T. ) ;
#623 = CARTESIAN_POINT ( 'NONE',  ( 1.402500000000000080, -2.105220044031040239, -1.590000000000000080 ) ) ;
#624 = CARTESIAN_POINT ( 'NONE',  ( 1.402500000000000080, 3.234999999999999876, -1.750000000000000000 ) ) ;
#625 = MECHANICAL_DESIGN_GEOMETRIC_PRESENTATION_REPRESENTATION (  '', ( #4435 ), #1276 ) ;
#626 = CARTESIAN_POINT ( 'NONE',  ( 0.05000000000000000278, -0.3247309176994986890, 0.03796318930316216339 ) ) ;
#627 = ADVANCED_FACE ( 'NONE', ( #2848 ), #3556, .F. ) ;
#628 = EDGE_LOOP ( 'NONE', ( #1677, #1801, #2203 ) ) ;
#629 = AXIS2_PLACEMENT_3D ( 'NONE', #3006, #207, #4074 ) ;
#630 = LINE ( 'NONE', #2369, #4509 ) ;
#631 = CARTESIAN_POINT ( 'NONE',  ( -0.000000000000000000, -0.7934125204684558952, -0.8623184843902141905 ) ) ;
#632 = CARTESIAN_POINT ( 'NONE',  ( 0.000000000000000000, -0.8036362586135413766, -0.8625797854587120561 ) ) ;
#633 = CARTESIAN_POINT ( 'NONE',  ( 0.05000000000000000278, -0.8944209022531376396, -0.6575877297056080817 ) ) ;
#634 = AXIS2_PLACEMENT_3D ( 'NONE', #3312, #1578, #3336 ) ;
#635 = VERTEX_POINT ( 'NONE', #3234 ) ;
#636 = CARTESIAN_POINT ( 'NONE',  ( 0.05000000000000000278, -0.2251037196591944012, 0.1264774862737393091 ) ) ;
#637 = DIRECTION ( 'NONE',  ( 0.000000000000000000, 0.000000000000000000, 1.000000000000000000 ) ) ;
#638 = EDGE_CURVE ( 'NONE', #385, #1576, #703, .T. ) ;
#639 = VECTOR ( 'NONE', #1945, 1000.000000000000000 ) ;
#640 = ORIENTED_EDGE ( 'NONE', *, *, #3349, .T. ) ;
#641 = VERTEX_POINT ( 'NONE', #2207 ) ;
#642 = DIRECTION ( 'NONE',  ( -2.168404344971012812E-15, -1.000000000000000000, 0.000000000000000000 ) ) ;
#643 = CARTESIAN_POINT ( 'NONE',  ( 6.776263578034402713E-18, -0.7315859598779568262, -0.3984324215727803042 ) ) ;
#644 = LINE ( 'NONE', #1685, #1145 ) ;
#645 = VECTOR ( 'NONE', #4290, 1000.000000000000000 ) ;
#646 = EDGE_CURVE ( 'NONE', #3837, #3973, #2813, .T. ) ;
#647 = EDGE_CURVE ( 'NONE', #1949, #265, #2482, .T. ) ;
#648 = VECTOR ( 'NONE', #4431, 1000.000000000000000 ) ;
#649 = ORIENTED_EDGE ( 'NONE', *, *, #3835, .T. ) ;
#650 = CARTESIAN_POINT ( 'NONE',  ( 3.388131789017201356E-17, -0.1092300839777966270, -0.2127507041394621212 ) ) ;
#651 = VECTOR ( 'NONE', #2594, 1000.000000000000000 ) ;
#652 = UNCERTAINTY_MEASURE_WITH_UNIT (LENGTH_MEASURE( 1.000000000000000082E-05 ), #751, 'distance_accuracy_value', 'NONE');
#653 = CARTESIAN_POINT ( 'NONE',  ( 0.05000000000000000278, -0.2874219575018231998, 0.08309679858025553756 ) ) ;
#654 = ORIENTED_EDGE ( 'NONE', *, *, #2456, .F. ) ;
#655 = MECHANICAL_DESIGN_GEOMETRIC_PRESENTATION_REPRESENTATION (  '', ( #1747 ), #4106 ) ;
#656 = CARTESIAN_POINT ( 'NONE',  ( 0.05000000000000000278, -0.7934125204684558952, -0.8623184843902141905 ) ) ;
#657 = SURFACE_SIDE_STYLE ('',( #3797 ) ) ;
#658 = CARTESIAN_POINT ( 'NONE',  ( 0.05000000000000000278, -0.8696995157850605507, -0.6718630886623790932 ) ) ;
#659 = B_SPLINE_CURVE_WITH_KNOTS ( 'NONE', 3,
 ( #30, #1434, #4510, #1725, #1364, #2758, #4178, #1023, #2423, #3129, #4537, #1392, #1109, #2531, #494, #2510, #2915, #3221, #1177 ),
 .UNSPECIFIED., .F., .F.,
 ( 4, 1, 1, 1, 1, 1, 1, 1, 1, 1, 1, 1, 1, 1, 1, 1, 4 ),
 ( 0.000000000000000000, 0.07290044517819292691, 0.1420035572776732202, 0.2092423139433869650, 0.2745916364776389007, 0.3384167658000732382, 0.4016927893975336672, 0.4649339725645665333, 0.5282564202501484063, 0.5906850240741912117, 0.6509338176697205824, 0.7096511349919861766, 0.7671803338107784365, 0.8241642198597891600, 0.8817508553548618622, 0.9399466216156888709, 0.9999999999999998890 ),
 .UNSPECIFIED. ) ;
#660 = PLANE ( 'NONE',  #729 ) ;
#661 = VERTEX_POINT ( 'NONE', #2159 ) ;
#662 = VECTOR ( 'NONE', #884, 1000.000000000000000 ) ;
#663 = CARTESIAN_POINT ( 'NONE',  ( 0.05000000000000000278, -0.3442243984174069849, 0.002830265096990197769 ) ) ;
#664 =( LENGTH_UNIT ( ) NAMED_UNIT ( * ) SI_UNIT ( .MILLI., .METRE. ) );
#665 = ORIENTED_EDGE ( 'NONE', *, *, #3390, .T. ) ;
#666 = ORIENTED_EDGE ( 'NONE', *, *, #2871, .F. ) ;
#667 = LINE ( 'NONE', #3735, #2821 ) ;
#668 = ADVANCED_FACE ( 'NONE', ( #1123 ), #488, .T. ) ;
#669 = CARTESIAN_POINT ( 'NONE',  ( 0.000000000000000000, -0.8823427101936597294, -0.6654577673570309937 ) ) ;
#670 =( NAMED_UNIT ( * ) PLANE_ANGLE_UNIT ( ) SI_UNIT ( $, .RADIAN. ) );
#671 = EDGE_CURVE ( 'NONE', #2689, #1028, #795, .T. ) ;
#672 = CARTESIAN_POINT ( 'NONE',  ( 0.000000000000000000, -0.9560118856679773458, -0.4879056439050644123 ) ) ;
#673 = ORIENTED_EDGE ( 'NONE', *, *, #790, .F. ) ;
#674 = CARTESIAN_POINT ( 'NONE',  ( 0.05000000000000000278, -0.1890318564146467317, -0.1316945576486439617 ) ) ;
#675 = CARTESIAN_POINT ( 'NONE',  ( 0.05000000000000000278, -0.1377500847675819096, 0.1520467427460387710 ) ) ;
#676 = ORIENTED_EDGE ( 'NONE', *, *, #1036, .F. ) ;
#677 = PRESENTATION_STYLE_ASSIGNMENT (( #2725 ) ) ;
#678 = LINE ( 'NONE', #325, #2971 ) ;
#679 = CARTESIAN_POINT ( 'NONE',  ( 0.05000000000000000278, -0.9584840150237976530, -0.5208329905869172327 ) ) ;
#680 =( NAMED_UNIT ( * ) PLANE_ANGLE_UNIT ( ) SI_UNIT ( $, .RADIAN. ) );
#681 = ORIENTED_EDGE ( 'NONE', *, *, #591, .T. ) ;
#682 = FACE_OUTER_BOUND ( 'NONE', #4477, .T. ) ;
#683 = LINE ( 'NONE', #334, #3429 ) ;
#684 = CARTESIAN_POINT ( 'NONE',  ( 0.05000000000000000278, -0.7171769481336612850, -0.4116005564909410164 ) ) ;
#685 = EDGE_LOOP ( 'NONE', ( #4083, #2568, #2779, #891 ) ) ;
#686 = ORIENTED_EDGE ( 'NONE', *, *, #3760, .T. ) ;
#687 = CARTESIAN_POINT ( 'NONE',  ( 2.805000000000000160, -1.935000000000000053, -1.750000000000000000 ) ) ;
#688 = CARTESIAN_POINT ( 'NONE',  ( 0.000000000000000000, -0.9581981062995043041, -0.5380476404707819071 ) ) ;
#689 = DIRECTION ( 'NONE',  ( -1.000000000000000000, -0.000000000000000000, -0.000000000000000000 ) ) ;
#690 = EDGE_CURVE ( 'NONE', #963, #543, #2598, .T. ) ;
#691 = ORIENTED_EDGE ( 'NONE', *, *, #3607, .F. ) ;
#692 = LINE ( 'NONE', #2386, #845 ) ;
#693 = PLANE ( 'NONE',  #2015 ) ;
#694 = EDGE_CURVE ( 'NONE', #3603, #603, #3193, .T. ) ;
#695 = CARTESIAN_POINT ( 'NONE',  ( 2.032879073410320814E-17, -0.3687404252802076732, -0.1209932469971737035 ) ) ;
#696 = ORIENTED_EDGE ( 'NONE', *, *, #1502, .F. ) ;
#697 = PRESENTATION_STYLE_ASSIGNMENT (( #1388 ) ) ;
#698 = CARTESIAN_POINT ( 'NONE',  ( 0.000000000000000000, -0.5297708200735717909, -0.7293632440503247105 ) ) ;
#699 = VECTOR ( 'NONE', #1924, 1000.000000000000000 ) ;
#700 = CARTESIAN_POINT ( 'NONE',  ( 1.402500000000000302, 3.135000000000000231, -1.750000000000000000 ) ) ;
#701 = CARTESIAN_POINT ( 'NONE',  ( 0.05000000000000000278, -1.063768593968604792, -0.7367003456147548368 ) ) ;
#702 = EDGE_CURVE ( 'NONE', #543, #1074, #830, .T. ) ;
#703 = CIRCLE ( 'NONE', #36, 0.2000000000000005107 ) ;
#704 = DIRECTION ( 'NONE',  ( 0.000000000000000000, 0.000000000000000000, 1.000000000000000000 ) ) ;
#705 = ORIENTED_EDGE ( 'NONE', *, *, #1586, .F. ) ;
#706 = CARTESIAN_POINT ( 'NONE',  ( 0.000000000000000000, -0.9544735410350719818, -0.2057992233855752140 ) ) ;
#707 = CARTESIAN_POINT ( 'NONE',  ( 1.402500000000000080, -3.234999999999999876, 1.590000000000000080 ) ) ;
#708 = CARTESIAN_POINT ( 'NONE',  ( 2.805000000000000160, 3.135000000000000231, 3.135000000000000675 ) ) ;
#709 = FILL_AREA_STYLE ('',( #4271 ) ) ;
#710 = CIRCLE ( 'NONE', #3778, 0.09999999999999982514 ) ;
#711 = VERTEX_POINT ( 'NONE', #748 ) ;
#712 = VECTOR ( 'NONE', #243, 1000.000000000000000 ) ;
#713 = ORIENTED_EDGE ( 'NONE', *, *, #3812, .F. ) ;
#714 = CARTESIAN_POINT ( 'NONE',  ( 1.402500000000000080, -2.105220044031040239, 1.590000000000000080 ) ) ;
#715 = CARTESIAN_POINT ( 'NONE',  ( 0.000000000000000000, -0.2069185610924467178, 0.1344580315913941893 ) ) ;
#716 =( LENGTH_UNIT ( ) NAMED_UNIT ( * ) SI_UNIT ( .MILLI., .METRE. ) );
#717 = VECTOR ( 'NONE', #1558, 1000.000000000000000 ) ;
#718 = LINE ( 'NONE', #3597, #4175 ) ;
#719 = ORIENTED_EDGE ( 'NONE', *, *, #443, .F. ) ;
#720 = CARTESIAN_POINT ( 'NONE',  ( 2.705000000000000515, 0.000000000000000000, -3.134999999999999787 ) ) ;
#721 = CARTESIAN_POINT ( 'NONE',  ( 3.388131789017201356E-17, -0.1490223694581933600, -0.1980783202007517785 ) ) ;
#722 = PRESENTATION_LAYER_ASSIGNMENT (  '', '', ( #4390 ) ) ;
#723 = ORIENTED_EDGE ( 'NONE', *, *, #1553, .T. ) ;
#724 = PLANE ( 'NONE',  #405 ) ;
#725 = CARTESIAN_POINT ( 'NONE',  ( 1.602500000000000258, -3.135000000000000675, -1.590000000000000080 ) ) ;
#726 = AXIS2_PLACEMENT_3D ( 'NONE', #2885, #4303, #2546 ) ;
#727 = LINE ( 'NONE', #2160, #1459 ) ;
#728 = CARTESIAN_POINT ( 'NONE',  ( 0.05000000000000000278, -0.8036362586135413766, -0.8625797854587120561 ) ) ;
#729 = AXIS2_PLACEMENT_3D ( 'NONE', #2054, #3514, #331 ) ;
#730 = ADVANCED_FACE ( 'NONE', ( #3532 ), #4057, .F. ) ;
#731 = DIRECTION ( 'NONE',  ( -0.000000000000000000, 1.000000000000000000, 0.000000000000000000 ) ) ;
#732 = CARTESIAN_POINT ( 'NONE',  ( 0.05000000000000000278, -0.8971424443453667186, -0.1883761398215660909 ) ) ;
#733 = LINE ( 'NONE', #1395, #1213 ) ;
#734 = EDGE_CURVE ( 'NONE', #3037, #739, #1561, .T. ) ;
#735 = LINE ( 'NONE', #2807, #2850 ) ;
#736 = STYLED_ITEM ( 'NONE', ( #2006 ), #3868 ) ;
#737 = AXIS2_PLACEMENT_3D ( 'NONE', #195, #1614, #3306 ) ;
#738 = VERTEX_POINT ( 'NONE', #944 ) ;
#739 = VERTEX_POINT ( 'NONE', #3740 ) ;
#740 = CARTESIAN_POINT ( 'NONE',  ( 6.776263578034402713E-18, -0.7908203371944474425, -0.3663091403843666827 ) ) ;
#741 = MECHANICAL_DESIGN_GEOMETRIC_PRESENTATION_REPRESENTATION (  '', ( #1170 ), #2053 ) ;
#742 = CARTESIAN_POINT ( 'NONE',  ( 0.000000000000000000, 3.234999999999999876, 3.135000000000000675 ) ) ;
#743 = VERTEX_POINT ( 'NONE', #2342 ) ;
#744 = CARTESIAN_POINT ( 'NONE',  ( 0.000000000000000000, -0.6698221560494387328, 0.1630612401823135216 ) ) ;
#745 = CARTESIAN_POINT ( 'NONE',  ( 2.805000000000000160, 3.135000000000000675, 3.235000000000000320 ) ) ;
#746 = CARTESIAN_POINT ( 'NONE',  ( -0.000000000000000000, -1.137693872511340576, -0.5027932386826221567 ) ) ;
#747 = ORIENTED_EDGE ( 'NONE', *, *, #3675, .F. ) ;
#748 = CARTESIAN_POINT ( 'NONE',  ( 0.000000000000000000, -0.4713045278443104280, -0.5933490162279428937 ) ) ;
#749 = DIRECTION ( 'NONE',  ( 0.000000000000000000, 0.000000000000000000, -1.000000000000000000 ) ) ;
#750 = DIRECTION ( 'NONE',  ( -2.017533294074227420E-16, 1.000000000000000000, -0.000000000000000000 ) ) ;
#751 =( LENGTH_UNIT ( ) NAMED_UNIT ( * ) SI_UNIT ( .MILLI., .METRE. ) );
#752 = CARTESIAN_POINT ( 'NONE',  ( 1.502500000000000169, -3.330000000000000515, 1.590000000000000080 ) ) ;
#753 = CARTESIAN_POINT ( 'NONE',  ( 0.000000000000000000, -0.8664799552309390140, -0.1838165572153929450 ) ) ;
#754 = CARTESIAN_POINT ( 'NONE',  ( 0.05000000000000000278, -0.3687404252802076732, -0.1209932469971737035 ) ) ;
#755 = CARTESIAN_POINT ( 'NONE',  ( 0.000000000000000000, -1.083607047266987422, -0.7092391024150523915 ) ) ;
#756 = CARTESIAN_POINT ( 'NONE',  ( 2.032879073410320814E-17, 0.02368581817314282037, 0.1630123245280906685 ) ) ;
#757 = ADVANCED_FACE ( 'NONE', ( #2659 ), #1884, .F. ) ;
#758 = ORIENTED_EDGE ( 'NONE', *, *, #420, .F. ) ;
#759 = VERTEX_POINT ( 'NONE', #2280 ) ;
#760 = DIRECTION ( 'NONE',  ( 0.000000000000000000, 1.000000000000000000, 0.000000000000000000 ) ) ;
#761 = PLANE ( 'NONE',  #3661 ) ;
#762 = CARTESIAN_POINT ( 'NONE',  ( 0.1000000000000000056, -3.135000000000000231, 3.135000000000000675 ) ) ;
#763 = ADVANCED_FACE ( 'NONE', ( #3678 ), #1242, .F. ) ;
#764 = UNCERTAINTY_MEASURE_WITH_UNIT (LENGTH_MEASURE( 1.000000000000000082E-05 ), #4397, 'distance_accuracy_value', 'NONE');
#765 = CARTESIAN_POINT ( 'NONE',  ( 0.000000000000000000, -0.8743278639594338486, -0.3733239880748113193 ) ) ;
#766 = ORIENTED_EDGE ( 'NONE', *, *, #2702, .F. ) ;
#767 = FACE_OUTER_BOUND ( 'NONE', #2142, .T. ) ;
#768 = DIRECTION ( 'NONE',  ( -1.000000000000000000, 0.000000000000000000, 0.000000000000000000 ) ) ;
#769 = FACE_OUTER_BOUND ( 'NONE', #375, .T. ) ;
#770 = ORIENTED_EDGE ( 'NONE', *, *, #2152, .F. ) ;
#771 =( NAMED_UNIT ( * ) PLANE_ANGLE_UNIT ( ) SI_UNIT ( $, .RADIAN. ) );
#772 = CARTESIAN_POINT ( 'NONE',  ( 2.705000000000000515, 3.234999999999999876, 1.750000000000000000 ) ) ;
#773 = CARTESIAN_POINT ( 'NONE',  ( 0.05000000000000000278, -0.7435494381943531517, -0.8586355904517466442 ) ) ;
#774 = VECTOR ( 'NONE', #376, 1000.000000000000000 ) ;
#775 = CARTESIAN_POINT ( 'NONE',  ( 1.402500000000000302, 3.135000000000000231, 1.590000000000000080 ) ) ;
#776 = CARTESIAN_POINT ( 'NONE',  ( 1.602500000000000258, -3.180000000000000160, 1.590000000000000080 ) ) ;
#777 = CARTESIAN_POINT ( 'NONE',  ( 0.000000000000000000, -0.9024095605471755821, -0.8489187725464165668 ) ) ;
#778 = LINE ( 'NONE', #2833, #3568 ) ;
#779 = ORIENTED_EDGE ( 'NONE', *, *, #833, .F. ) ;
#780 = ORIENTED_EDGE ( 'NONE', *, *, #2094, .F. ) ;
#781 = AXIS2_PLACEMENT_3D ( 'NONE', #2569, #3985, #2187 ) ;
#782 = CARTESIAN_POINT ( 'NONE',  ( -0.000000000000000000, -0.1891774710337300047, -0.1230748920161565257 ) ) ;
#783 = CARTESIAN_POINT ( 'NONE',  ( 1.402500000000000080, -3.234999999999999876, -1.750000000000000000 ) ) ;
#784 = ADVANCED_FACE ( 'NONE', ( #3341 ), #1265, .T. ) ;
#785 = AXIS2_PLACEMENT_3D ( 'NONE', #1511, #1424, #4232 ) ;
#786 = MECHANICAL_DESIGN_GEOMETRIC_PRESENTATION_REPRESENTATION (  '', ( #326 ), #1210 ) ;
#787 = LINE ( 'NONE', #391, #52 ) ;
#788 = ORIENTED_EDGE ( 'NONE', *, *, #79, .T. ) ;
#789 = DIRECTION ( 'NONE',  ( 0.000000000000000000, 0.000000000000000000, 1.000000000000000000 ) ) ;
#790 = EDGE_CURVE ( 'NONE', #956, #1173, #2638, .T. ) ;
#791 = CARTESIAN_POINT ( 'NONE',  ( 0.05000000000000000278, -0.3573209973090670233, -0.2094374051509882151 ) ) ;
#792 = VECTOR ( 'NONE', #2492, 1000.000000000000000 ) ;
#793 =( NAMED_UNIT ( * ) PLANE_ANGLE_UNIT ( ) SI_UNIT ( $, .RADIAN. ) );
#794 = ORIENTED_EDGE ( 'NONE', *, *, #217, .T. ) ;
#795 = LINE ( 'NONE', #2138, #3326 ) ;
#796 = PRESENTATION_STYLE_ASSIGNMENT (( #4242 ) ) ;
#797 = AXIS2_PLACEMENT_3D ( 'NONE', #1185, #4410, #3997 ) ;
#798 = DIRECTION ( 'NONE',  ( -1.000000000000000000, -0.000000000000000000, -0.000000000000000000 ) ) ;
#799 = CARTESIAN_POINT ( 'NONE',  ( 3.000000000000000000, 2.130000000000000338, 1.590000000000000080 ) ) ;
#800 = VECTOR ( 'NONE', #453, 1000.000000000000000 ) ;
#801 = VERTEX_POINT ( 'NONE', #1973 ) ;
#802 = ORIENTED_EDGE ( 'NONE', *, *, #3398, .T. ) ;
#803 = PRESENTATION_LAYER_ASSIGNMENT (  '', '', ( #2551 ) ) ;
#804 = CARTESIAN_POINT ( 'NONE',  ( 2.805000000000000160, 3.135000000000000675, -3.234999999999999432 ) ) ;
#805 = PLANE ( 'NONE',  #3265 ) ;
#806 = EDGE_CURVE ( 'NONE', #250, #4343, #4373, .T. ) ;
#807 = CARTESIAN_POINT ( 'NONE',  ( 0.000000000000000000, -0.8212644637417463311, -0.3625797854587121116 ) ) ;
#808 = ORIENTED_EDGE ( 'NONE', *, *, #3581, .T. ) ;
#809 = SPHERICAL_SURFACE ( 'NONE', #1793, 0.1000000000000000056 ) ;
#810 = CARTESIAN_POINT ( 'NONE',  ( 0.05000000000000000278, 0.2466441901044077178, -0.8369387598176866172 ) ) ;
#811 = VECTOR ( 'NONE', #2161, 1000.000000000000000 ) ;
#812 = CARTESIAN_POINT ( 'NONE',  ( 0.000000000000000000, -1.137971194510977169, -0.5146230546894813296 ) ) ;
#813 = ORIENTED_EDGE ( 'NONE', *, *, #1592, .T. ) ;
#814 = SURFACE_SIDE_STYLE ('',( #3963 ) ) ;
#815 = CARTESIAN_POINT ( 'NONE',  ( 0.000000000000000000, -0.1320613601397225834, -0.03257395354794962589 ) ) ;
#816 = LINE ( 'NONE', #99, #4030 ) ;
#817 = CARTESIAN_POINT ( 'NONE',  ( 0.000000000000000000, -0.8046958118349366584, -0.1854107794035396717 ) ) ;
#818 = CARTESIAN_POINT ( 'NONE',  ( 0.05000000000000000278, -0.1828429893827718533, -0.3806086316125583680 ) ) ;
#819 = ORIENTED_EDGE ( 'NONE', *, *, #1690, .F. ) ;
#820 = ORIENTED_EDGE ( 'NONE', *, *, #4352, .F. ) ;
#821 = CARTESIAN_POINT ( 'NONE',  ( 0.05000000000000000278, -0.1463194531508827945, -0.04045349357721029354 ) ) ;
#822 = CARTESIAN_POINT ( 'NONE',  ( 1.502500000000000169, 3.330000000000000515, 1.590000000000000080 ) ) ;
#823 = CARTESIAN_POINT ( 'NONE',  ( 0.05000000000000000278, 0.6440800875403053238, 0.1630612401823132163 ) ) ;
#824 = VERTEX_POINT ( 'NONE', #2253 ) ;
#825 = SURFACE_SIDE_STYLE ('',( #4349 ) ) ;
#826 = LINE ( 'NONE', #2565, #188 ) ;
#827 = CARTESIAN_POINT ( 'NONE',  ( 0.000000000000000000, -0.7721197252467758565, -0.6780569621555377902 ) ) ;
#828 = CARTESIAN_POINT ( 'NONE',  ( 0.05000000000000000278, -0.2263805207990742252, -0.3623038731498103293 ) ) ;
#829 = VERTEX_POINT ( 'NONE', #513 ) ;
#830 = LINE ( 'NONE', #1084, #560 ) ;
#831 = LINE ( 'NONE', #2100, #1073 ) ;
#832 = ADVANCED_FACE ( 'NONE', ( #2682 ), #4097, .T. ) ;
#833 = EDGE_CURVE ( 'NONE', #407, #3729, #3433, .T. ) ;
#834 = ADVANCED_FACE ( 'NONE', ( #3404 ), #2743, .F. ) ;
#835 = CARTESIAN_POINT ( 'NONE',  ( 0.05000000000000000278, -1.089874586599898665, -0.3257834125135313230 ) ) ;
#836 = DIRECTION ( 'NONE',  ( 0.000000000000000000, 0.000000000000000000, 1.000000000000000000 ) ) ;
#837 = EDGE_CURVE ( 'NONE', #4096, #1241, #1666, .T. ) ;
#838 = DIRECTION ( 'NONE',  ( 1.000000000000000000, 0.000000000000000000, 0.000000000000000000 ) ) ;
#839 = ORIENTED_EDGE ( 'NONE', *, *, #2264, .F. ) ;
#840 = VERTEX_POINT ( 'NONE', #2451 ) ;
#841 = CARTESIAN_POINT ( 'NONE',  ( 0.05000000000000000278, -0.08290541224666608811, -0.02051641313571177586 ) ) ;
#842 = FACE_OUTER_BOUND ( 'NONE', #4492, .T. ) ;
#843 = CARTESIAN_POINT ( 'NONE',  ( 0.09999999999999982514, 3.234999999999999876, -3.135000000000000231 ) ) ;
#844 =( GEOMETRIC_REPRESENTATION_CONTEXT ( 3 ) GLOBAL_UNCERTAINTY_ASSIGNED_CONTEXT ( ( #278 ) ) GLOBAL_UNIT_ASSIGNED_CONTEXT ( ( #2822, #771, #1788 ) ) REPRESENTATION_CONTEXT ( 'NONE', 'WORKASPACE' ) );
#845 = VECTOR ( 'NONE', #3478, 1000.000000000000000 ) ;
#846 = FACE_BOUND ( 'NONE', #258, .T. ) ;
#847 = VERTEX_POINT ( 'NONE', #3073 ) ;
#848 = FACE_OUTER_BOUND ( 'NONE', #2868, .T. ) ;
#849 = CARTESIAN_POINT ( 'NONE',  ( 0.000000000000000000, -0.1828429893827718533, -0.3806086316125583680 ) ) ;
#850 = FACE_OUTER_BOUND ( 'NONE', #2158, .T. ) ;
#851 = MECHANICAL_DESIGN_GEOMETRIC_PRESENTATION_REPRESENTATION (  '', ( #2601 ), #1876 ) ;
#852 = CARTESIAN_POINT ( 'NONE',  ( 0.000000000000000000, -0.3687404252802076732, -0.1209932469971737035 ) ) ;
#853 = ORIENTED_EDGE ( 'NONE', *, *, #3550, .F. ) ;
#854 = PRESENTATION_LAYER_ASSIGNMENT (  '', '', ( #3861 ) ) ;
#855 = SURFACE_SIDE_STYLE ('',( #4007 ) ) ;
#856 = B_SPLINE_SURFACE_WITH_KNOTS ( 'NONE', 3, 1, ( 
 ( #231, #2420 ),
 ( #656, #589 ),
 ( #1358, #4531 ),
 ( #3795, #4126 ),
 ( #1977, #2050 ),
 ( #1623, #968 ),
 ( #2074, #3438 ),
 ( #2370, #3382 ),
 ( #3080, #305 ),
 ( #2751, #4484 ),
 ( #1288, #3461 ),
 ( #2685, #2726 ),
 ( #253, #1695 ),
 ( #4174, #1335 ),
 ( #4146, #3025 ),
 ( #1993, #3052 ),
 ( #1019, #1389 ),
 ( #4103, #4462 ),
 ( #1314, #3821 ) ),
 .UNSPECIFIED., .F., .F., .F.,
 ( 4, 1, 1, 1, 1, 1, 1, 1, 1, 1, 1, 1, 1, 1, 1, 1, 4 ),
 ( 2, 2 ),
 ( 0.000000000000000000, 0.06593481762567718341, 0.1300372587941655000, 0.1923620702496510182, 0.2538195214289183377, 0.3141994357375423874, 0.3746698781567774916, 0.4351541180379873142, 0.4964786684939704320, 0.5578092661396397700, 0.6190309229821124859, 0.6796911875192901409, 0.7409612864102639307, 0.8033752905051764204, 0.8668176884999614362, 0.9323179771745061517, 1.000000000000000000 ),
 ( 0.000000000000000000, 1.000000000000000000 ),
 .UNSPECIFIED. ) ;
#857 = DIRECTION ( 'NONE',  ( -0.000000000000000000, -0.000000000000000000, 1.000000000000000000 ) ) ;
#858 = EDGE_CURVE ( 'NONE', #1656, #1601, #692, .T. ) ;
#859 = CARTESIAN_POINT ( 'NONE',  ( 0.05000000000000000278, -1.104906377689093055, -0.3532394056084792733 ) ) ;
#860 =( GEOMETRIC_REPRESENTATION_CONTEXT ( 3 ) GLOBAL_UNCERTAINTY_ASSIGNED_CONTEXT ( ( #1331 ) ) GLOBAL_UNIT_ASSIGNED_CONTEXT ( ( #2714, #597, #3420 ) ) REPRESENTATION_CONTEXT ( 'NONE', 'WORKASPACE' ) );
#861 = CARTESIAN_POINT ( 'NONE',  ( 2.705000000000000071, 2.935000000000000053, -1.750000000000000000 ) ) ;
#862 =( NAMED_UNIT ( * ) SI_UNIT ( $, .STERADIAN. ) SOLID_ANGLE_UNIT ( ) );
#863 =( GEOMETRIC_REPRESENTATION_CONTEXT ( 3 ) GLOBAL_UNCERTAINTY_ASSIGNED_CONTEXT ( ( #1286 ) ) GLOBAL_UNIT_ASSIGNED_CONTEXT ( ( #2771, #3738, #4476 ) ) REPRESENTATION_CONTEXT ( 'NONE', 'WORKASPACE' ) );
#864 = EDGE_CURVE ( 'NONE', #2785, #4396, #2067, .T. ) ;
#865 = VERTEX_POINT ( 'NONE', #4478 ) ;
#866 = EDGE_CURVE ( 'NONE', #3786, #474, #2414, .T. ) ;
#867 = EDGE_LOOP ( 'NONE', ( #4157, #2219, #2920, #2715 ) ) ;
#868 = CARTESIAN_POINT ( 'NONE',  ( 6.776263578034402713E-18, -0.1783649825512292897, -0.07401974874790116787 ) ) ;
#869 = DIRECTION ( 'NONE',  ( -0.000000000000000000, -0.000000000000000000, -1.000000000000000000 ) ) ;
#870 = CARTESIAN_POINT ( 'NONE',  ( 2.705000000000000515, -1.935000000000000053, -1.750000000000000000 ) ) ;
#871 = CIRCLE ( 'NONE', #3723, 0.1000000000000002554 ) ;
#872 = AXIS2_PLACEMENT_3D ( 'NONE', #3441, #1699, #3170 ) ;
#873 = CARTESIAN_POINT ( 'NONE',  ( 0.05000000000000000278, -0.6874678160677387684, -0.6141338191574905458 ) ) ;
#874 = ORIENTED_EDGE ( 'NONE', *, *, #3675, .T. ) ;
#875 = CARTESIAN_POINT ( 'NONE',  ( 2.504999999999999449, 3.135000000000000675, -1.750000000000000000 ) ) ;
#876 = DIRECTION ( 'NONE',  ( -1.000000000000000000, -0.000000000000000000, -0.000000000000000000 ) ) ;
#877 = CARTESIAN_POINT ( 'NONE',  ( 0.05000000000000000278, -1.016221972506522908, -0.7858030937956262951 ) ) ;
#878 = CARTESIAN_POINT ( 'NONE',  ( 0.000000000000000000, -0.2813285542585932109, -0.3271230186070490653 ) ) ;
#879 = VERTEX_POINT ( 'NONE', #3116 ) ;
#880 =( GEOMETRIC_REPRESENTATION_CONTEXT ( 3 ) GLOBAL_UNCERTAINTY_ASSIGNED_CONTEXT ( ( #3818 ) ) GLOBAL_UNIT_ASSIGNED_CONTEXT ( ( #4320, #1874, #1487 ) ) REPRESENTATION_CONTEXT ( 'NONE', 'WORKASPACE' ) );
#881 = DIRECTION ( 'NONE',  ( 0.000000000000000000, 0.000000000000000000, 1.000000000000000000 ) ) ;
#882 = DIRECTION ( 'NONE',  ( 0.000000000000000000, -1.000000000000000000, 0.000000000000000000 ) ) ;
#883 = LINE ( 'NONE', #2699, #3580 ) ;
#884 = DIRECTION ( 'NONE',  ( -0.000000000000000000, -0.000000000000000000, 1.000000000000000000 ) ) ;
#885 = COLOUR_RGB ( '',0.1098039215686274495, 0.1098039215686274495, 0.1098039215686274495 ) ;
#886 = FACE_OUTER_BOUND ( 'NONE', #3664, .T. ) ;
#887 = CARTESIAN_POINT ( 'NONE',  ( 0.05000000000000000278, -0.03441312401851425590, -0.01692103338013715291 ) ) ;
#888 = CARTESIAN_POINT ( 'NONE',  ( 2.705000000000000515, 1.935000000000000053, -1.750000000000000000 ) ) ;
#889 = CARTESIAN_POINT ( 'NONE',  ( -0.000000000000000000, -0.8150687516247252518, -0.8622603708294049873 ) ) ;
#890 = ORIENTED_EDGE ( 'NONE', *, *, #1631, .T. ) ;
#891 = ORIENTED_EDGE ( 'NONE', *, *, #2756, .T. ) ;
#892 = DIRECTION ( 'NONE',  ( 1.000000000000000000, 0.000000000000000000, 0.000000000000000000 ) ) ;
#893 = CARTESIAN_POINT ( 'NONE',  ( 0.09999999999999982514, -3.135000000000000231, 3.135000000000000675 ) ) ;
#894 = EDGE_CURVE ( 'NONE', #172, #4021, #4515, .T. ) ;
#895 = EDGE_CURVE ( 'NONE', #1581, #2470, #3454, .T. ) ;
#896 = DIRECTION ( 'NONE',  ( 1.000000000000000000, 0.000000000000000000, 0.000000000000000000 ) ) ;
#897 = ORIENTED_EDGE ( 'NONE', *, *, #4209, .F. ) ;
#898 = CARTESIAN_POINT ( 'NONE',  ( 3.000000000000000000, 2.130000000000000338, 1.590000000000000080 ) ) ;
#899 = CARTESIAN_POINT ( 'NONE',  ( 1.402500000000000080, -3.234999999999999876, -1.750000000000000000 ) ) ;
#900 = CARTESIAN_POINT ( 'NONE',  ( 2.700000000000000178, -3.230000000000000870, 1.590000000000000080 ) ) ;
#901 = EDGE_CURVE ( 'NONE', #2186, #4384, #2704, .T. ) ;
#902 = CARTESIAN_POINT ( 'NONE',  ( 0.05000000000000000278, -0.3687404252802076732, -0.1209932469971737035 ) ) ;
#903 = VERTEX_POINT ( 'NONE', #4499 ) ;
#904 = CARTESIAN_POINT ( 'NONE',  ( 0.000000000000000000, 0.9215239977967155660, 0.1630612401823132163 ) ) ;
#905 = CARTESIAN_POINT ( 'NONE',  ( 0.05000000000000000278, -0.7888687071335221956, -0.1882710174577776063 ) ) ;
#906 = SURFACE_SIDE_STYLE ('',( #1955 ) ) ;
#907 = CARTESIAN_POINT ( 'NONE',  ( 0.05000000000000000278, -1.006190083524532319, -0.2352549418860287178 ) ) ;
#908 = LINE ( 'NONE', #470, #651 ) ;
#909 = CARTESIAN_POINT ( 'NONE',  ( 2.805000000000000160, 0.000000000000000000, 0.000000000000000000 ) ) ;
#910 = EDGE_CURVE ( 'NONE', #1200, #2658, #3095, .T. ) ;
#911 = VERTEX_POINT ( 'NONE', #4167 ) ;
#912 = SURFACE_STYLE_USAGE ( .BOTH. , #572 ) ;
#913 = SURFACE_STYLE_FILL_AREA ( #2629 ) ;
#914 = CARTESIAN_POINT ( 'NONE',  ( 1.502500000000000169, 3.330000000000000515, 1.590000000000000080 ) ) ;
#915 = ORIENTED_EDGE ( 'NONE', *, *, #586, .T. ) ;
#916 = COLOUR_RGB ( '',0.1098039215686274495, 0.1098039215686274495, 0.1098039215686274495 ) ;
#917 = FILL_AREA_STYLE ('',( #2246 ) ) ;
#918 = DIRECTION ( 'NONE',  ( 0.000000000000000000, -0.2022968521692536104, 0.9793242484501295531 ) ) ;
#919 =( NAMED_UNIT ( * ) SI_UNIT ( $, .STERADIAN. ) SOLID_ANGLE_UNIT ( ) );
#920 = PRESENTATION_LAYER_ASSIGNMENT (  '', '', ( #1501 ) ) ;
#921 = ADVANCED_FACE ( 'NONE', ( #2362 ), #809, .T. ) ;
#922 = DIRECTION ( 'NONE',  ( -0.000000000000000000, -0.000000000000000000, -1.000000000000000000 ) ) ;
#923 = EDGE_LOOP ( 'NONE', ( #4113, #366, #1010, #4448 ) ) ;
#924 = SURFACE_STYLE_FILL_AREA ( #3023 ) ;
#925 = ADVANCED_FACE ( 'NONE', ( #1381 ), #2882, .T. ) ;
#926 = MECHANICAL_DESIGN_GEOMETRIC_PRESENTATION_REPRESENTATION (  '', ( #2317 ), #1144 ) ;
#927 = VECTOR ( 'NONE', #798, 1000.000000000000000 ) ;
#928 = CARTESIAN_POINT ( 'NONE',  ( 0.05000000000000000278, -1.137971194510977169, -0.5146230546894813296 ) ) ;
#929 = CARTESIAN_POINT ( 'NONE',  ( 2.805000000000000160, 3.135000000000000231, -3.135000000000000231 ) ) ;
#930 = AXIS2_PLACEMENT_3D ( 'NONE', #3387, #2690, #1628 ) ;
#931 = COLOUR_RGB ( '',0.1098039215686274495, 0.1098039215686274495, 0.1098039215686274495 ) ;
#932 = ORIENTED_EDGE ( 'NONE', *, *, #1196, .F. ) ;
#933 = CARTESIAN_POINT ( 'NONE',  ( 0.05000000000000000278, -1.125150681690464394, 0.1630612401823135216 ) ) ;
#934 = DIRECTION ( 'NONE',  ( 1.000000000000000000, 0.000000000000000000, -0.000000000000000000 ) ) ;
#935 = VECTOR ( 'NONE', #3733, 1000.000000000000000 ) ;
#936 = ORIENTED_EDGE ( 'NONE', *, *, #1758, .T. ) ;
#937 = VECTOR ( 'NONE', #506, 1000.000000000000000 ) ;
#938 = CARTESIAN_POINT ( 'NONE',  ( 0.05000000000000000278, 1.028695472155690016, -0.003605426484353424672 ) ) ;
#939 = CARTESIAN_POINT ( 'NONE',  ( 0.09999999999999982514, 3.234999999999999876, 3.135000000000000675 ) ) ;
#940 = LINE ( 'NONE', #3020, #717 ) ;
#941 = EDGE_CURVE ( 'NONE', #4384, #3950, #3599, .T. ) ;
#942 = CARTESIAN_POINT ( 'NONE',  ( 0.000000000000000000, -0.9281227752806699982, -0.4182536030844687391 ) ) ;
#943 = EDGE_LOOP ( 'NONE', ( #4239, #2764, #15, #2072, #2480, #4493, #1201, #2886, #2517, #1380, #3978, #3241, #3904, #1228, #3289 ) ) ;
#944 = CARTESIAN_POINT ( 'NONE',  ( 0.000000000000000000, 0.03750957471979228519, 0.1630612401823134383 ) ) ;
#945 = LINE ( 'NONE', #1991, #3332 ) ;
#946 = EDGE_CURVE ( 'NONE', #641, #2881, #710, .T. ) ;
#947 = MECHANICAL_DESIGN_GEOMETRIC_PRESENTATION_REPRESENTATION (  '', ( #2271 ), #1239 ) ;
#948 = LINE ( 'NONE', #4038, #3250 ) ;
#949 = CARTESIAN_POINT ( 'NONE',  ( 0.05000000000000000278, -1.137150123366982735, -0.4795983520884808948 ) ) ;
#950 = DIRECTION ( 'NONE',  ( 0.000000000000000000, 0.000000000000000000, 1.000000000000000000 ) ) ;
#951 = CARTESIAN_POINT ( 'NONE',  ( -6.776263578034402713E-18, -0.9898548273592389091, -0.8064315480532315839 ) ) ;
#952 = EDGE_LOOP ( 'NONE', ( #433, #3780, #766, #507 ) ) ;
#953 = CARTESIAN_POINT ( 'NONE',  ( 0.000000000000000000, -0.8351753950867520926, -0.3627946284126165599 ) ) ;
#954 = FILL_AREA_STYLE ('',( #4110 ) ) ;
#955 = CARTESIAN_POINT ( 'NONE',  ( 0.000000000000000000, -0.1892532457930282686, -0.1185894008433276137 ) ) ;
#956 = VERTEX_POINT ( 'NONE', #91 ) ;
#957 = ORIENTED_EDGE ( 'NONE', *, *, #555, .T. ) ;
#958 = DIRECTION ( 'NONE',  ( 0.000000000000000000, 4.336808689942024836E-15, 1.000000000000000000 ) ) ;
#959 = DIRECTION ( 'NONE',  ( -0.000000000000000000, -0.000000000000000000, 1.000000000000000000 ) ) ;
#960 =( LENGTH_UNIT ( ) NAMED_UNIT ( * ) SI_UNIT ( .MILLI., .METRE. ) );
#961 = LINE ( 'NONE', #2359, #3643 ) ;
#962 = LINE ( 'NONE', #3785, #575 ) ;
#963 = VERTEX_POINT ( 'NONE', #393 ) ;
#964 = CARTESIAN_POINT ( 'NONE',  ( 0.05000000000000000278, -0.1892532457930282686, -0.1185894008433276137 ) ) ;
#965 = CARTESIAN_POINT ( 'NONE',  ( 0.05000000000000000278, -0.07645648128499468732, 0.1593621628679643965 ) ) ;
#966 = ORIENTED_EDGE ( 'NONE', *, *, #2756, .F. ) ;
#967 = FACE_OUTER_BOUND ( 'NONE', #2048, .T. ) ;
#968 = CARTESIAN_POINT ( 'NONE',  ( 0.000000000000000000, -0.6874996671362669787, -0.8449302934628188932 ) ) ;
#969 = DIRECTION ( 'NONE',  ( 0.000000000000000000, 1.000000000000000000, -0.000000000000000000 ) ) ;
#970 = CARTESIAN_POINT ( 'NONE',  ( -6.776263578034402713E-18, -0.9620698312337992997, -0.8237904713960829683 ) ) ;
#971 = CARTESIAN_POINT ( 'NONE',  ( 0.05000000000000000278, -0.7340598291681725840, -0.6608333960288058639 ) ) ;
#972 = ADVANCED_FACE ( 'NONE', ( #767 ), #3911, .T. ) ;
#973 = ORIENTED_EDGE ( 'NONE', *, *, #3266, .F. ) ;
#974 = CARTESIAN_POINT ( 'NONE',  ( 0.05000000000000000278, -0.04123777512353334757, 0.1614273687631261334 ) ) ;
#975 = EDGE_CURVE ( 'NONE', #1517, #2245, #2541, .T. ) ;
#976 = CARTESIAN_POINT ( 'NONE',  ( -6.776263578034402713E-18, -0.8285309394405626637, -0.6825401577125437269 ) ) ;
#977 = VERTEX_POINT ( 'NONE', #3549 ) ;
#978 = VERTEX_POINT ( 'NONE', #1120 ) ;
#979 = CYLINDRICAL_SURFACE ( 'NONE', #3192, 0.09999999999999982514 ) ;
#980 = CARTESIAN_POINT ( 'NONE',  ( 2.805000000000000160, 0.000000000000000000, 3.135000000000000675 ) ) ;
#981 = CARTESIAN_POINT ( 'NONE',  ( 0.05000000000000000278, -0.1828429893827718533, -0.3806086316125583680 ) ) ;
#982 = VERTEX_POINT ( 'NONE', #744 ) ;
#983 = DIRECTION ( 'NONE',  ( -1.000000000000000000, -0.000000000000000000, -0.000000000000000000 ) ) ;
#984 = AXIS2_PLACEMENT_3D ( 'NONE', #3219, #3938, #4336 ) ;
#985 = CARTESIAN_POINT ( 'NONE',  ( 2.032879073410320814E-17, -0.1377500847675819096, 0.1520467427460387710 ) ) ;
#986 = ORIENTED_EDGE ( 'NONE', *, *, #3955, .F. ) ;
#987 = AXIS2_PLACEMENT_3D ( 'NONE', #1284, #881, #144 ) ;
#988 = DIRECTION ( 'NONE',  ( 0.000000000000000000, 1.000000000000000000, 0.000000000000000000 ) ) ;
#989 = FACE_OUTER_BOUND ( 'NONE', #4391, .T. ) ;
#990 = FILL_AREA_STYLE ('',( #4147 ) ) ;
#991 = CARTESIAN_POINT ( 'NONE',  ( 0.05000000000000000278, -0.9423831301385804382, -0.6000009205978904525 ) ) ;
#992 = AXIS2_PLACEMENT_3D ( 'NONE', #752, #3237, #452 ) ;
#993 = DIRECTION ( 'NONE',  ( -1.000000000000000000, 0.000000000000000000, 0.000000000000000000 ) ) ;
#994 = VERTEX_POINT ( 'NONE', #2523 ) ;
#995 = VECTOR ( 'NONE', #1169, 1000.000000000000000 ) ;
#996 = CARTESIAN_POINT ( 'NONE',  ( 0.05000000000000000278, -0.3006849316940218286, 0.06917165221791383989 ) ) ;
#997 = CARTESIAN_POINT ( 'NONE',  ( -6.776263578034402713E-18, -0.8696995157850605507, -0.6718630886623790932 ) ) ;
#998 = LINE ( 'NONE', #3133, #3869 ) ;
#999 = ADVANCED_FACE ( 'NONE', ( #1102 ), #416, .F. ) ;
#1000 =( GEOMETRIC_REPRESENTATION_CONTEXT ( 3 ) GLOBAL_UNCERTAINTY_ASSIGNED_CONTEXT ( ( #3076 ) ) GLOBAL_UNIT_ASSIGNED_CONTEXT ( ( #716, #670, #3428 ) ) REPRESENTATION_CONTEXT ( 'NONE', 'WORKASPACE' ) );
#1001 = VERTEX_POINT ( 'NONE', #113 ) ;
#1002 = ORIENTED_EDGE ( 'NONE', *, *, #3575, .F. ) ;
#1003 = DIRECTION ( 'NONE',  ( 0.000000000000000000, 0.9746736483397868689, 0.2236320174572720421 ) ) ;
#1004 = CARTESIAN_POINT ( 'NONE',  ( 0.000000000000000000, -0.3131157683677547321, 0.05409689973269925234 ) ) ;
#1005 = FILL_AREA_STYLE ('',( #4162 ) ) ;
#1006 = AXIS2_PLACEMENT_3D ( 'NONE', #893, #3287, #1920 ) ;
#1007 = EDGE_CURVE ( 'NONE', #4046, #1949, #4011, .T. ) ;
#1008 = AXIS2_PLACEMENT_3D ( 'NONE', #3272, #141, #3696 ) ;
#1009 = CARTESIAN_POINT ( 'NONE',  ( 0.05000000000000000278, -0.9560118856679773458, -0.4879056439050644123 ) ) ;
#1010 = ORIENTED_EDGE ( 'NONE', *, *, #4143, .F. ) ;
#1011 = DIRECTION ( 'NONE',  ( -0.000000000000000000, -0.000000000000000000, 1.000000000000000000 ) ) ;
#1012 = CARTESIAN_POINT ( 'NONE',  ( 0.05000000000000000278, -0.1586763905992293611, -0.1916489141381824690 ) ) ;
#1013 = PRESENTATION_LAYER_ASSIGNMENT (  '', '', ( #1744 ) ) ;
#1014 = UNCERTAINTY_MEASURE_WITH_UNIT (LENGTH_MEASURE( 1.000000000000000082E-05 ), #2888, 'distance_accuracy_value', 'NONE');
#1015 = LINE ( 'NONE', #302, #1151 ) ;
#1016 = VERTEX_POINT ( 'NONE', #2907 ) ;
#1017 = VECTOR ( 'NONE', #2559, 1000.000000000000000 ) ;
#1018 =( LENGTH_UNIT ( ) NAMED_UNIT ( * ) SI_UNIT ( .MILLI., .METRE. ) );
#1019 = CARTESIAN_POINT ( 'NONE',  ( 0.05000000000000000278, -0.4788058921470481066, -0.6235881410425717641 ) ) ;
#1020 = PRESENTATION_STYLE_ASSIGNMENT (( #3822 ) ) ;
#1021 = CARTESIAN_POINT ( 'NONE',  ( 0.05000000000000000278, -1.137971194510977169, -0.5146230546894813296 ) ) ;
#1022 = AXIS2_PLACEMENT_3D ( 'NONE', #2691, #3641, #2945 ) ;
#1023 = CARTESIAN_POINT ( 'NONE',  ( 0.05000000000000000278, -0.9359551439801379047, -0.4308303524678350205 ) ) ;
#1024 = ORIENTED_EDGE ( 'NONE', *, *, #3475, .F. ) ;
#1025 = DIRECTION ( 'NONE',  ( -0.000000000000000000, -0.000000000000000000, -1.000000000000000000 ) ) ;
#1026 = CARTESIAN_POINT ( 'NONE',  ( 2.805000000000000160, -3.234999999999999876, -3.234999999999999432 ) ) ;
#1027 = ORIENTED_EDGE ( 'NONE', *, *, #2043, .F. ) ;
#1028 = VERTEX_POINT ( 'NONE', #2478 ) ;
#1029 = DIRECTION ( 'NONE',  ( 0.000000000000000000, -0.000000000000000000, 1.000000000000000000 ) ) ;
#1030 = EDGE_CURVE ( 'NONE', #2438, #661, #4393, .T. ) ;
#1031 = CARTESIAN_POINT ( 'NONE',  ( 0.000000000000000000, -0.07645648128499468732, 0.1593621628679643965 ) ) ;
#1032 = SURFACE_STYLE_USAGE ( .BOTH. , #4188 ) ;
#1033 = CARTESIAN_POINT ( 'NONE',  ( 0.000000000000000000, -0.9584840150237976530, -0.5208329905869172327 ) ) ;
#1034 = EDGE_LOOP ( 'NONE', ( #1499, #713, #2820, #4498 ) ) ;
#1035 = SURFACE_STYLE_FILL_AREA ( #4193 ) ;
#1036 = EDGE_CURVE ( 'NONE', #4343, #172, #551, .T. ) ;
#1037 = DIRECTION ( 'NONE',  ( 1.000000000000000000, -0.000000000000000000, -0.000000000000000000 ) ) ;
#1038 = CARTESIAN_POINT ( 'NONE',  ( 0.05000000000000000278, -0.1086697353013217487, 0.1561720010057038865 ) ) ;
#1039 = VERTEX_POINT ( 'NONE', #1236 ) ;
#1040 = LINE ( 'NONE', #1748, #3110 ) ;
#1041 = LINE ( 'NONE', #159, #2666 ) ;
#1042 = FACE_OUTER_BOUND ( 'NONE', #1034, .T. ) ;
#1043 = CARTESIAN_POINT ( 'NONE',  ( -6.776263578034402713E-18, -1.137971194510977169, -0.5146230546894813296 ) ) ;
#1044 = DIRECTION ( 'NONE',  ( -1.000000000000000000, 0.000000000000000000, 0.000000000000000000 ) ) ;
#1045 = ORIENTED_EDGE ( 'NONE', *, *, #690, .F. ) ;
#1046 = DIRECTION ( 'NONE',  ( -1.000000000000000000, -0.000000000000000000, -0.000000000000000000 ) ) ;
#1047 = CARTESIAN_POINT ( 'NONE',  ( 1.402500000000000302, -3.135000000000000231, -1.590000000000000080 ) ) ;
#1048 = CARTESIAN_POINT ( 'NONE',  ( 2.705000000000000515, 3.234999999999999876, -1.750000000000000000 ) ) ;
#1049 = EDGE_LOOP ( 'NONE', ( #1715, #3875, #2680, #4159 ) ) ;
#1050 = ORIENTED_EDGE ( 'NONE', *, *, #1371, .T. ) ;
#1051 = CARTESIAN_POINT ( 'NONE',  ( 0.000000000000000000, -0.1868088556123242427, -0.1440678563023697623 ) ) ;
#1052 = CARTESIAN_POINT ( 'NONE',  ( 6.776263578034402713E-18, -0.7171769481336612850, -0.4116005564909410164 ) ) ;
#1053 =( NAMED_UNIT ( * ) PLANE_ANGLE_UNIT ( ) SI_UNIT ( $, .RADIAN. ) );
#1054 = EDGE_CURVE ( 'NONE', #50, #1727, #2927, .T. ) ;
#1055 = ADVANCED_FACE ( 'NONE', ( #2949 ), #481, .T. ) ;
#1056 = CARTESIAN_POINT ( 'NONE',  ( 0.000000000000000000, -0.7721197252467758565, -0.6780569621555377902 ) ) ;
#1057 = ORIENTED_EDGE ( 'NONE', *, *, #3475, .T. ) ;
#1058 =( NAMED_UNIT ( * ) PLANE_ANGLE_UNIT ( ) SI_UNIT ( $, .RADIAN. ) );
#1059 = DIRECTION ( 'NONE',  ( 0.000000000000000000, -1.000000000000000000, 0.000000000000000000 ) ) ;
#1060 = EDGE_CURVE ( 'NONE', #3807, #247, #528, .T. ) ;
#1061 = ORIENTED_EDGE ( 'NONE', *, *, #3489, .F. ) ;
#1062 = CARTESIAN_POINT ( 'NONE',  ( 0.000000000000000000, -0.5475935083048593111, -0.7515219122348455461 ) ) ;
#1063 = VECTOR ( 'NONE', #3765, 1000.000000000000000 ) ;
#1064 = CARTESIAN_POINT ( 'NONE',  ( 2.799999999999999822, -3.130000000000000338, -1.590000000000000080 ) ) ;
#1065 = CARTESIAN_POINT ( 'NONE',  ( 0.000000000000000000, -0.01477523017655320292, -0.01658703383335530246 ) ) ;
#1066 =( LENGTH_UNIT ( ) NAMED_UNIT ( * ) SI_UNIT ( .MILLI., .METRE. ) );
#1067 = ORIENTED_EDGE ( 'NONE', *, *, #4235, .F. ) ;
#1068 = DIRECTION ( 'NONE',  ( 1.000000000000000000, 0.000000000000000000, 0.000000000000000000 ) ) ;
#1069 = CARTESIAN_POINT ( 'NONE',  ( 0.05000000000000000278, -1.137971194510977169, -0.5146230546894813296 ) ) ;
#1070 = SURFACE_STYLE_USAGE ( .BOTH. , #1156 ) ;
#1071 = VECTOR ( 'NONE', #3958, 1000.000000000000000 ) ;
#1072 = ORIENTED_EDGE ( 'NONE', *, *, #1996, .F. ) ;
#1073 = VECTOR ( 'NONE', #3721, 1000.000000000000000 ) ;
#1074 = VERTEX_POINT ( 'NONE', #1556 ) ;
#1075 = CARTESIAN_POINT ( 'NONE',  ( 0.000000000000000000, -0.1092300839777966270, -0.2127507041394621212 ) ) ;
#1076 = CARTESIAN_POINT ( 'NONE',  ( 0.000000000000000000, -0.2731563063383862233, 0.09577196658084904946 ) ) ;
#1077 = STYLED_ITEM ( 'NONE', ( #1925 ), #2177 ) ;
#1078 = CARTESIAN_POINT ( 'NONE',  ( 0.000000000000000000, -0.8138526047673874109, -0.6830926059715326515 ) ) ;
#1079 = ORIENTED_EDGE ( 'NONE', *, *, #3760, .F. ) ;
#1080 = CARTESIAN_POINT ( 'NONE',  ( 0.05000000000000000278, -0.3511378128307968138, -0.2293252658392100074 ) ) ;
#1081 = AXIS2_PLACEMENT_3D ( 'NONE', #3935, #4264, #2845 ) ;
#1082 =( LENGTH_UNIT ( ) NAMED_UNIT ( * ) SI_UNIT ( .MILLI., .METRE. ) );
#1083 = ORIENTED_EDGE ( 'NONE', *, *, #1220, .F. ) ;
#1084 = CARTESIAN_POINT ( 'NONE',  ( 0.000000000000000000, -3.135000000000000231, 3.235000000000000320 ) ) ;
#1085 = CARTESIAN_POINT ( 'NONE',  ( -0.000000000000000000, -0.3685564360865559164, -0.1288761780226504727 ) ) ;
#1086 = EDGE_CURVE ( 'NONE', #3327, #3837, #1923, .T. ) ;
#1087 = CARTESIAN_POINT ( 'NONE',  ( 1.402500000000000302, 3.135000000000000231, -1.590000000000000080 ) ) ;
#1088 = EDGE_CURVE ( 'NONE', #3852, #1133, #4069, .T. ) ;
#1089 = VECTOR ( 'NONE', #4062, 1000.000000000000000 ) ;
#1090 = CARTESIAN_POINT ( 'NONE',  ( 0.000000000000000000, 0.000000000000000000, 0.000000000000000000 ) ) ;
#1091 = LINE ( 'NONE', #2829, #927 ) ;
#1092 = CARTESIAN_POINT ( 'NONE',  ( 0.000000000000000000, -1.116862144609138241, -0.3824492166261509452 ) ) ;
#1093 = CARTESIAN_POINT ( 'NONE',  ( 2.805000000000000160, 3.135000000000000231, 0.000000000000000000 ) ) ;
#1094 = VERTEX_POINT ( 'NONE', #4368 ) ;
#1095 = ORIENTED_EDGE ( 'NONE', *, *, #3097, .F. ) ;
#1096 = CARTESIAN_POINT ( 'NONE',  ( 0.000000000000000000, -0.1738972299893813134, -0.1756685620409774440 ) ) ;
#1097 = DIRECTION ( 'NONE',  ( -0.000000000000000000, 0.000000000000000000, -1.000000000000000000 ) ) ;
#1098 = LINE ( 'NONE', #1852, #4093 ) ;
#1099 =( GEOMETRIC_REPRESENTATION_CONTEXT ( 3 ) GLOBAL_UNCERTAINTY_ASSIGNED_CONTEXT ( ( #2258 ) ) GLOBAL_UNIT_ASSIGNED_CONTEXT ( ( #1270, #4063, #862 ) ) REPRESENTATION_CONTEXT ( 'NONE', 'WORKASPACE' ) );
#1100 = CARTESIAN_POINT ( 'NONE',  ( 0.000000000000000000, -0.8976403375453761990, -0.3874723394458012837 ) ) ;
#1101 = ORIENTED_EDGE ( 'NONE', *, *, #4351, .T. ) ;
#1102 = FACE_OUTER_BOUND ( 'NONE', #1828, .T. ) ;
#1103 = CARTESIAN_POINT ( 'NONE',  ( 0.05000000000000000278, -0.3685564360865559164, -0.1288761780226504727 ) ) ;
#1104 = SURFACE_STYLE_FILL_AREA ( #2867 ) ;
#1105 = EDGE_LOOP ( 'NONE', ( #314, #2695, #853, #1672, #2667 ) ) ;
#1106 = DIRECTION ( 'NONE',  ( 0.000000000000000000, 0.000000000000000000, -1.000000000000000000 ) ) ;
#1107 = CARTESIAN_POINT ( 'NONE',  ( 2.504999999999999449, 2.935000000000000053, -1.750000000000000000 ) ) ;
#1108 = CARTESIAN_POINT ( 'NONE',  ( 0.000000000000000000, -0.1892532457930282686, -0.1185894008433276137 ) ) ;
#1109 = CARTESIAN_POINT ( 'NONE',  ( 0.05000000000000000278, -0.8861328275496341833, -0.3799180480018566897 ) ) ;
#1110 = CARTESIAN_POINT ( 'NONE',  ( 0.05000000000000000278, -0.8455194980023212903, -0.1833362604882861902 ) ) ;
#1111 = EDGE_CURVE ( 'NONE', #1581, #222, #179, .T. ) ;
#1112 = VERTEX_POINT ( 'NONE', #3311 ) ;
#1113 = ORIENTED_EDGE ( 'NONE', *, *, #1086, .F. ) ;
#1114 = SURFACE_STYLE_USAGE ( .BOTH. , #4294 ) ;
#1115 = CARTESIAN_POINT ( 'NONE',  ( 0.000000000000000000, -0.3350670739379364993, 0.02079304372095234013 ) ) ;
#1116 = FILL_AREA_STYLE_COLOUR ( '', #2103 ) ;
#1117 = UNCERTAINTY_MEASURE_WITH_UNIT (LENGTH_MEASURE( 1.000000000000000082E-05 ), #2136, 'distance_accuracy_value', 'NONE');
#1118 = CARTESIAN_POINT ( 'NONE',  ( 0.000000000000000000, -0.7340598291681725840, -0.6608333960288058639 ) ) ;
#1119 = ORIENTED_EDGE ( 'NONE', *, *, #4143, .T. ) ;
#1120 = CARTESIAN_POINT ( 'NONE',  ( 2.705000000000000515, 3.135000000000000675, 3.235000000000000320 ) ) ;
#1121 = DIRECTION ( 'NONE',  ( -1.000000000000000000, -0.000000000000000000, -0.000000000000000000 ) ) ;
#1122 = ORIENTED_EDGE ( 'NONE', *, *, #4475, .T. ) ;
#1123 = FACE_OUTER_BOUND ( 'NONE', #4472, .T. ) ;
#1124 = PLANE ( 'NONE',  #3063 ) ;
#1125 = SURFACE_STYLE_FILL_AREA ( #3486 ) ;
#1126 = CIRCLE ( 'NONE', #3701, 0.09999999999999982514 ) ;
#1127 = FACE_OUTER_BOUND ( 'NONE', #3826, .T. ) ;
#1128 = CARTESIAN_POINT ( 'NONE',  ( 0.000000000000000000, -0.3687404252802076732, -0.1209932469971737035 ) ) ;
#1129 = CARTESIAN_POINT ( 'NONE',  ( 0.05000000000000000278, -1.072274243819122175, -0.2999105714851171833 ) ) ;
#1130 =( NAMED_UNIT ( * ) PLANE_ANGLE_UNIT ( ) SI_UNIT ( $, .RADIAN. ) );
#1131 = EDGE_CURVE ( 'NONE', #2400, #2245, #3449, .T. ) ;
#1132 = STYLED_ITEM ( 'NONE', ( #697 ), #585 ) ;
#1133 = VERTEX_POINT ( 'NONE', #1944 ) ;
#1134 = ORIENTED_EDGE ( 'NONE', *, *, #1837, .F. ) ;
#1135 = COLOUR_RGB ( '',0.1098039215686274495, 0.1098039215686274495, 0.1098039215686274495 ) ;
#1136 = LINE ( 'NONE', #2537, #1821 ) ;
#1137 = DIRECTION ( 'NONE',  ( 1.000000000000000000, 0.000000000000000000, 0.000000000000000000 ) ) ;
#1138 = AXIS2_PLACEMENT_3D ( 'NONE', #2380, #1029, #3781 ) ;
#1139 = B_SPLINE_SURFACE_WITH_KNOTS ( 'NONE', 3, 1, ( 
 ( #1021, #1043 ),
 ( #4508, #3082 ),
 ( #2753, #1390 ),
 ( #1721, #3798 ),
 ( #2441, #3384 ),
 ( #2783, #255 ),
 ( #3846, #1697 ),
 ( #1290, #2095 ),
 ( #701, #3440 ),
 ( #3055, #4440 ),
 ( #4148, #1649 ),
 ( #4463, #951 ),
 ( #4486, #970 ),
 ( #2687, #4105 ),
 ( #1338, #2351 ),
 ( #3746, #611 ),
 ( #2709, #233 ),
 ( #4129, #4534 ),
 ( #1360, #2396 ) ),
 .UNSPECIFIED., .F., .F., .F.,
 ( 4, 1, 1, 1, 1, 1, 1, 1, 1, 1, 1, 1, 1, 1, 1, 1, 4 ),
 ( 2, 2 ),
 ( 0.000000000000000000, 0.06675771127909888025, 0.1317324785734521608, 0.1948167910261859592, 0.2570269751173334116, 0.3187274376799376641, 0.3803299566842553991, 0.4433052533380150151, 0.5074457357281489944, 0.5714909223970688901, 0.6333486697152078682, 0.6939309794721831848, 0.7539203747855198756, 0.8137951195537003191, 0.8745193245299819340, 0.9362197870925864640, 1.000000000000000000 ),
 ( 0.000000000000000000, 1.000000000000000000 ),
 .UNSPECIFIED. ) ;
#1140 = CARTESIAN_POINT ( 'NONE',  ( 0.05000000000000000278, -0.7526870402938948823, -0.6705899237462419338 ) ) ;
#1141 = VERTEX_POINT ( 'NONE', #898 ) ;
#1142 =( NAMED_UNIT ( * ) SI_UNIT ( $, .STERADIAN. ) SOLID_ANGLE_UNIT ( ) );
#1143 = DIRECTION ( 'NONE',  ( -0.000000000000000000, 0.000000000000000000, -1.000000000000000000 ) ) ;
#1144 =( GEOMETRIC_REPRESENTATION_CONTEXT ( 3 ) GLOBAL_UNCERTAINTY_ASSIGNED_CONTEXT ( ( #1932 ) ) GLOBAL_UNIT_ASSIGNED_CONTEXT ( ( #1505, #3666, #4409 ) ) REPRESENTATION_CONTEXT ( 'NONE', 'WORKASPACE' ) );
#1145 = VECTOR ( 'NONE', #1708, 1000.000000000000000 ) ;
#1146 = SURFACE_SIDE_STYLE ('',( #1104 ) ) ;
#1147 = ORIENTED_EDGE ( 'NONE', *, *, #910, .T. ) ;
#1148 = DIRECTION ( 'NONE',  ( 1.000000000000000000, 0.000000000000000000, 0.000000000000000000 ) ) ;
#1149 =( NAMED_UNIT ( * ) PLANE_ANGLE_UNIT ( ) SI_UNIT ( $, .RADIAN. ) );
#1150 = CARTESIAN_POINT ( 'NONE',  ( 0.000000000000000000, -0.1187654557111687825, -0.02752750525601641018 ) ) ;
#1151 = VECTOR ( 'NONE', #249, 1000.000000000000000 ) ;
#1152 = AXIS2_PLACEMENT_3D ( 'NONE', #2953, #2278, #1580 ) ;
#1153 = SURFACE_STYLE_FILL_AREA ( #2938 ) ;
#1154 = FACE_OUTER_BOUND ( 'NONE', #199, .T. ) ;
#1155 = CARTESIAN_POINT ( 'NONE',  ( 0.05000000000000000278, -0.9810249773042930554, -0.2191292936110579015 ) ) ;
#1156 = SURFACE_SIDE_STYLE ('',( #2194 ) ) ;
#1157 = AXIS2_PLACEMENT_3D ( 'NONE', #2784, #3825, #1044 ) ;
#1158 = EDGE_LOOP ( 'NONE', ( #2800, #3913, #3962, #241 ) ) ;
#1159 = ORIENTED_EDGE ( 'NONE', *, *, #2515, .T. ) ;
#1160 = PRESENTATION_LAYER_ASSIGNMENT (  '', '', ( #1747 ) ) ;
#1161 = CARTESIAN_POINT ( 'NONE',  ( 0.05000000000000000278, -0.1892532457930282408, -0.1185894008433275998 ) ) ;
#1162 = CARTESIAN_POINT ( 'NONE',  ( 0.000000000000000000, -0.3661106485893030893, -0.07684399139896563868 ) ) ;
#1163 = FILL_AREA_STYLE_COLOUR ( '', #1954 ) ;
#1164 = SURFACE_STYLE_FILL_AREA ( #1833 ) ;
#1165 = ORIENTED_EDGE ( 'NONE', *, *, #3960, .F. ) ;
#1166 =( NAMED_UNIT ( * ) PLANE_ANGLE_UNIT ( ) SI_UNIT ( $, .RADIAN. ) );
#1167 = ADVANCED_FACE ( 'NONE', ( #848 ), #3692, .F. ) ;
#1168 = CARTESIAN_POINT ( 'NONE',  ( 0.000000000000000000, -0.5671703457601255938, -0.7721561231017768367 ) ) ;
#1169 = DIRECTION ( 'NONE',  ( -1.000000000000000000, -0.000000000000000000, -0.000000000000000000 ) ) ;
#1170 = STYLED_ITEM ( 'NONE', ( #592 ), #4331 ) ;
#1171 = EDGE_CURVE ( 'NONE', #222, #2495, #2766, .T. ) ;
#1172 = CARTESIAN_POINT ( 'NONE',  ( 0.000000000000000000, -0.3511378128307968138, -0.2293252658392100074 ) ) ;
#1173 = VERTEX_POINT ( 'NONE', #2674 ) ;
#1174 = DIRECTION ( 'NONE',  ( -1.000000000000000000, -2.168404344971012812E-15, 0.000000000000000000 ) ) ;
#1175 = LINE ( 'NONE', #2571, #3197 ) ;
#1176 = CARTESIAN_POINT ( 'NONE',  ( 1.602500000000000258, 3.135000000000000675, 1.590000000000000080 ) ) ;
#1177 = CARTESIAN_POINT ( 'NONE',  ( 0.05000000000000000278, -0.8212644637417463311, -0.3625797854587121116 ) ) ;
#1178 = CARTESIAN_POINT ( 'NONE',  ( 0.05000000000000000278, -0.9265035890858801526, -0.1955573442507732573 ) ) ;
#1179 = DIRECTION ( 'NONE',  ( 1.000000000000000000, 0.000000000000000000, 0.000000000000000000 ) ) ;
#1180 = APPLICATION_CONTEXT ( 'automotive_design' ) ;
#1181 = ORIENTED_EDGE ( 'NONE', *, *, #1758, .F. ) ;
#1182 = ORIENTED_EDGE ( 'NONE', *, *, #1054, .T. ) ;
#1183 = CARTESIAN_POINT ( 'NONE',  ( 0.09999999999999982514, 3.135000000000000231, 3.235000000000000320 ) ) ;
#1184 = FILL_AREA_STYLE ('',( #2201 ) ) ;
#1185 = CARTESIAN_POINT ( 'NONE',  ( 2.705000000000000515, 3.135000000000000231, -3.134999999999999787 ) ) ;
#1186 = SURFACE_SIDE_STYLE ('',( #1164 ) ) ;
#1187 = ORIENTED_EDGE ( 'NONE', *, *, #239, .F. ) ;
#1188 = SURFACE_STYLE_USAGE ( .BOTH. , #825 ) ;
#1189 = CARTESIAN_POINT ( 'NONE',  ( 0.000000000000000000, -0.2052721270296158085, -0.3722367499298591675 ) ) ;
#1190 = CARTESIAN_POINT ( 'NONE',  ( 0.05000000000000000278, -0.9898548273592389091, -0.8064315480532315839 ) ) ;
#1191 = CARTESIAN_POINT ( 'NONE',  ( 0.05000000000000000278, -0.2642923092881221403, -0.3396361017329196375 ) ) ;
#1192 = EDGE_LOOP ( 'NONE', ( #890, #1872, #3592, #3734 ) ) ;
#1193 = DIRECTION ( 'NONE',  ( 0.000000000000000000, 0.000000000000000000, 1.000000000000000000 ) ) ;
#1194 = DIRECTION ( 'NONE',  ( -0.000000000000000000, -0.000000000000000000, -1.000000000000000000 ) ) ;
#1195 = EDGE_CURVE ( 'NONE', #1839, #847, #341, .T. ) ;
#1196 = EDGE_CURVE ( 'NONE', #2356, #2881, #412, .T. ) ;
#1197 =( LENGTH_UNIT ( ) NAMED_UNIT ( * ) SI_UNIT ( .MILLI., .METRE. ) );
#1198 = CARTESIAN_POINT ( 'NONE',  ( 0.05000000000000000278, -0.08290541224666608811, -0.02051641313571177586 ) ) ;
#1199 = CARTESIAN_POINT ( 'NONE',  ( 0.05000000000000000278, -1.125150681690464394, -0.003605426484353099412 ) ) ;
#1200 = VERTEX_POINT ( 'NONE', #2004 ) ;
#1201 = ORIENTED_EDGE ( 'NONE', *, *, #22, .T. ) ;
#1202 = CARTESIAN_POINT ( 'NONE',  ( 6.776263578034402713E-18, -0.05231403906112488955, -0.01772598005164420162 ) ) ;
#1203 = CARTESIAN_POINT ( 'NONE',  ( 0.000000000000000000, 0.06715701061722821608, -0.4010413239202507141 ) ) ;
#1204 = PRESENTATION_STYLE_ASSIGNMENT (( #2925 ) ) ;
#1205 = EDGE_LOOP ( 'NONE', ( #3625, #3423, #4466, #3665 ) ) ;
#1206 = DIRECTION ( 'NONE',  ( -1.000000000000000000, 0.000000000000000000, 0.000000000000000000 ) ) ;
#1207 = SURFACE_SIDE_STYLE ('',( #2950 ) ) ;
#1208 = SURFACE_SIDE_STYLE ('',( #225 ) ) ;
#1209 = VECTOR ( 'NONE', #158, 1000.000000000000000 ) ;
#1210 =( GEOMETRIC_REPRESENTATION_CONTEXT ( 3 ) GLOBAL_UNCERTAINTY_ASSIGNED_CONTEXT ( ( #4012 ) ) GLOBAL_UNIT_ASSIGNED_CONTEXT ( ( #3323, #1567, #213 ) ) REPRESENTATION_CONTEXT ( 'NONE', 'WORKASPACE' ) );
#1211 = LINE ( 'NONE', #182, #1225 ) ;
#1212 = ORIENTED_EDGE ( 'NONE', *, *, #4235, .T. ) ;
#1213 = VECTOR ( 'NONE', #2831, 1000.000000000000000 ) ;
#1214 = EDGE_CURVE ( 'NONE', #1517, #4252, #315, .T. ) ;
#1215 = CARTESIAN_POINT ( 'NONE',  ( 3.388131789017201356E-17, -0.002754848357130741492, -0.2215541444330711984 ) ) ;
#1216 = CARTESIAN_POINT ( 'NONE',  ( 3.000000000000000000, 2.130000000000000338, 1.590000000000000080 ) ) ;
#1217 = CARTESIAN_POINT ( 'NONE',  ( 0.05000000000000000278, -0.7783092805295361849, -0.1912211122540348751 ) ) ;
#1218 = MECHANICAL_DESIGN_GEOMETRIC_PRESENTATION_REPRESENTATION (  '', ( #126 ), #3787 ) ;
#1219 = DIRECTION ( 'NONE',  ( 3.933613324210450841E-16, 1.000000000000000000, 0.000000000000000000 ) ) ;
#1220 = EDGE_CURVE ( 'NONE', #2061, #3739, #4160, .T. ) ;
#1221 = CARTESIAN_POINT ( 'NONE',  ( 0.000000000000000000, -1.137971194510977169, -0.5146230546894813296 ) ) ;
#1222 = VECTOR ( 'NONE', #2310, 1000.000000000000000 ) ;
#1223 = CARTESIAN_POINT ( 'NONE',  ( 0.05000000000000000278, -0.1092300839777966270, -0.2127507041394621212 ) ) ;
#1224 = ADVANCED_FACE ( 'NONE', ( #1986 ), #1706, .T. ) ;
#1225 = VECTOR ( 'NONE', #511, 1000.000000000000000 ) ;
#1226 = ORIENTED_EDGE ( 'NONE', *, *, #2094, .T. ) ;
#1227 = EDGE_CURVE ( 'NONE', #2968, #3613, #3090, .T. ) ;
#1228 = ORIENTED_EDGE ( 'NONE', *, *, #1552, .T. ) ;
#1229 = CARTESIAN_POINT ( 'NONE',  ( 0.05000000000000000278, -0.001085536226234237733, -0.01648118361160308062 ) ) ;
#1230 = DIRECTION ( 'NONE',  ( -0.000000000000000000, -0.000000000000000000, -1.000000000000000000 ) ) ;
#1231 = CARTESIAN_POINT ( 'NONE',  ( 0.05000000000000000278, -1.137971194510977169, -0.5146230546894813296 ) ) ;
#1232 = VECTOR ( 'NONE', #1754, 1000.000000000000227 ) ;
#1233 = VECTOR ( 'NONE', #1684, 1000.000000000000000 ) ;
#1234 =( NAMED_UNIT ( * ) PLANE_ANGLE_UNIT ( ) SI_UNIT ( $, .RADIAN. ) );
#1235 = ORIENTED_EDGE ( 'NONE', *, *, #3292, .T. ) ;
#1236 = CARTESIAN_POINT ( 'NONE',  ( 1.602500000000000258, 3.135000000000000675, -1.590000000000000080 ) ) ;
#1237 = FILL_AREA_STYLE ('',( #1301 ) ) ;
#1238 = CARTESIAN_POINT ( 'NONE',  ( 0.05000000000000000278, -0.9328654855079856478, -0.8378193541171440328 ) ) ;
#1239 =( GEOMETRIC_REPRESENTATION_CONTEXT ( 3 ) GLOBAL_UNCERTAINTY_ASSIGNED_CONTEXT ( ( #390 ) ) GLOBAL_UNIT_ASSIGNED_CONTEXT ( ( #664, #4203, #4133 ) ) REPRESENTATION_CONTEXT ( 'NONE', 'WORKASPACE' ) );
#1240 = CARTESIAN_POINT ( 'NONE',  ( 0.000000000000000000, -0.2964545680405156758, -0.3131419510717353138 ) ) ;
#1241 = VERTEX_POINT ( 'NONE', #3809 ) ;
#1242 = PLANE ( 'NONE',  #408 ) ;
#1243 = CARTESIAN_POINT ( 'NONE',  ( 2.805000000000000160, -3.234999999999999876, -1.750000000000000000 ) ) ;
#1244 = LINE ( 'NONE', #3656, #3966 ) ;
#1245 = UNCERTAINTY_MEASURE_WITH_UNIT (LENGTH_MEASURE( 1.000000000000000082E-05 ), #3, 'distance_accuracy_value', 'NONE');
#1246 = CARTESIAN_POINT ( 'NONE',  ( 1.502500000000000169, 3.330000000000000515, 1.590000000000000080 ) ) ;
#1247 = CARTESIAN_POINT ( 'NONE',  ( 0.05000000000000000278, -0.1187654557111687825, -0.02752750525601641018 ) ) ;
#1248 = B_SPLINE_CURVE_WITH_KNOTS ( 'NONE', 3,
 ( #4389, #2630, #3829, #3061, #263, #292, #1680, #4182, #684, #2427, #1397 ),
 .UNSPECIFIED., .F., .F.,
 ( 4, 1, 1, 1, 1, 1, 1, 1, 4 ),
 ( 0.000000000000000000, 0.1103603399843292726, 0.2211857967812665415, 0.3343638213725831920, 0.4529765798274157373, 0.5772343082002683312, 0.7088043240432454484, 0.8493551270704513545, 1.000000000000000000 ),
 .UNSPECIFIED. ) ;
#1249 = LINE ( 'NONE', #1546, #3954 ) ;
#1250 = FILL_AREA_STYLE_COLOUR ( '', #2776 ) ;
#1251 = EDGE_CURVE ( 'NONE', #1665, #2536, #3448, .T. ) ;
#1252 = EDGE_CURVE ( 'NONE', #3995, #1549, #1300, .T. ) ;
#1253 = ORIENTED_EDGE ( 'NONE', *, *, #4475, .F. ) ;
#1254 = CARTESIAN_POINT ( 'NONE',  ( 6.776263578034402713E-18, -0.1697051755459263733, -0.06132863504338164490 ) ) ;
#1255 = CARTESIAN_POINT ( 'NONE',  ( 0.05000000000000000278, 0.2466441901044077178, -0.8369387598176866172 ) ) ;
#1256 = LINE ( 'NONE', #547, #1222 ) ;
#1257 = ADVANCED_FACE ( 'NONE', ( #4473 ), #1324, .F. ) ;
#1258 = B_SPLINE_SURFACE_WITH_KNOTS ( 'NONE', 3, 1, ( 
 ( #1470, #1448 ),
 ( #4277, #4299 ),
 ( #1488, #3547 ),
 ( #1740, #2814 ),
 ( #3141, #2132 ),
 ( #2178, #1118 ),
 ( #1140, #65 ),
 ( #3211, #1056 ),
 ( #3857, #2110 ),
 ( #1781, #3527 ),
 ( #2841, #1078 ) ),
 .UNSPECIFIED., .F., .F., .F.,
 ( 4, 1, 1, 1, 1, 1, 1, 1, 4 ),
 ( 2, 2 ),
 ( 0.000000000000000000, 0.1381355455281891853, 0.2684506686800455788, 0.3942530064338335416, 0.5180986679418649876, 0.6385184547224835860, 0.7569658908781737860, 0.8772747938537114321, 1.000000000000000000 ),
 ( 0.000000000000000000, 1.000000000000000000 ),
 .UNSPECIFIED. ) ;
#1259 = ORIENTED_EDGE ( 'NONE', *, *, #3016, .T. ) ;
#1260 =( NAMED_UNIT ( * ) PLANE_ANGLE_UNIT ( ) SI_UNIT ( $, .RADIAN. ) );
#1261 = DIRECTION ( 'NONE',  ( 0.000000000000000000, 0.000000000000000000, 1.000000000000000000 ) ) ;
#1262 = CARTESIAN_POINT ( 'NONE',  ( 0.000000000000000000, -0.4136122201520026631, -0.8369387598176866172 ) ) ;
#1263 = CARTESIAN_POINT ( 'NONE',  ( 0.000000000000000000, -0.2052721270296158085, -0.3722367499298591675 ) ) ;
#1264 = ORIENTED_EDGE ( 'NONE', *, *, #2372, .F. ) ;
#1265 = PLANE ( 'NONE',  #987 ) ;
#1266 = CARTESIAN_POINT ( 'NONE',  ( 2.705000000000000515, -3.135000000000000231, -3.234999999999999432 ) ) ;
#1267 = FILL_AREA_STYLE ('',( #3346 ) ) ;
#1268 = DIRECTION ( 'NONE',  ( -1.000000000000000000, 0.000000000000000000, 0.000000000000000000 ) ) ;
#1269 = DIRECTION ( 'NONE',  ( -0.000000000000000000, -0.000000000000000000, 1.000000000000000000 ) ) ;
#1270 =( LENGTH_UNIT ( ) NAMED_UNIT ( * ) SI_UNIT ( .MILLI., .METRE. ) );
#1271 = VERTEX_POINT ( 'NONE', #3138 ) ;
#1272 = DIRECTION ( 'NONE',  ( 0.000000000000000000, 0.000000000000000000, 1.000000000000000000 ) ) ;
#1273 = PLANE ( 'NONE',  #3730 ) ;
#1274 = DIRECTION ( 'NONE',  ( 0.000000000000000000, 0.000000000000000000, 1.000000000000000000 ) ) ;
#1275 = ORIENTED_EDGE ( 'NONE', *, *, #3552, .F. ) ;
#1276 =( GEOMETRIC_REPRESENTATION_CONTEXT ( 3 ) GLOBAL_UNCERTAINTY_ASSIGNED_CONTEXT ( ( #2500 ) ) GLOBAL_UNIT_ASSIGNED_CONTEXT ( ( #1197, #168, #2049 ) ) REPRESENTATION_CONTEXT ( 'NONE', 'WORKASPACE' ) );
#1277 = FACE_OUTER_BOUND ( 'NONE', #3523, .T. ) ;
#1278 = PLANE ( 'NONE',  #4379 ) ;
#1279 = EDGE_CURVE ( 'NONE', #2696, #1271, #667, .T. ) ;
#1280 =( NAMED_UNIT ( * ) PLANE_ANGLE_UNIT ( ) SI_UNIT ( $, .RADIAN. ) );
#1281 = PRESENTATION_LAYER_ASSIGNMENT (  '', '', ( #4435 ) ) ;
#1282 = CARTESIAN_POINT ( 'NONE',  ( 0.000000000000000000, -0.9359551439801379047, -0.4308303524678350205 ) ) ;
#1283 = ORIENTED_EDGE ( 'NONE', *, *, #3989, .T. ) ;
#1284 = CARTESIAN_POINT ( 'NONE',  ( 1.652500000000000080, -3.180000000000000160, 1.590000000000000080 ) ) ;
#1285 = PLANE ( 'NONE',  #487 ) ;
#1286 = UNCERTAINTY_MEASURE_WITH_UNIT (LENGTH_MEASURE( 1.000000000000000082E-05 ), #2771, 'distance_accuracy_value', 'NONE');
#1287 = CARTESIAN_POINT ( 'NONE',  ( 0.09999999999999982514, -3.234999999999999876, -3.234999999999999432 ) ) ;
#1288 = CARTESIAN_POINT ( 'NONE',  ( 0.05000000000000000278, -0.5671703457601255938, -0.7721561231017768367 ) ) ;
#1289 = DIRECTION ( 'NONE',  ( 0.000000000000000000, -0.000000000000000000, 1.000000000000000000 ) ) ;
#1290 = CARTESIAN_POINT ( 'NONE',  ( 0.05000000000000000278, -1.083607047266987422, -0.7092391024150523915 ) ) ;
#1291 = CIRCLE ( 'NONE', #2681, 0.09999999999999982514 ) ;
#1292 = ORIENTED_EDGE ( 'NONE', *, *, #3463, .F. ) ;
#1293 = CARTESIAN_POINT ( 'NONE',  ( 0.000000000000000000, -0.8487011715956744862, -0.3652197272140745299 ) ) ;
#1294 = SURFACE_STYLE_USAGE ( .BOTH. , #2268 ) ;
#1295 = CARTESIAN_POINT ( 'NONE',  ( 1.402500000000000080, 2.105220044031040239, 1.590000000000000080 ) ) ;
#1296 = CIRCLE ( 'NONE', #1006, 0.09999999999999982514 ) ;
#1297 = ADVANCED_FACE ( 'NONE', ( #1277 ), #979, .T. ) ;
#1298 = ORIENTED_EDGE ( 'NONE', *, *, #504, .F. ) ;
#1299 = ORIENTED_EDGE ( 'NONE', *, *, #3350, .F. ) ;
#1300 = LINE ( 'NONE', #4494, #2969 ) ;
#1301 = FILL_AREA_STYLE_COLOUR ( '', #916 ) ;
#1302 = DIRECTION ( 'NONE',  ( 0.000000000000000000, 0.000000000000000000, 1.000000000000000000 ) ) ;
#1303 = DIRECTION ( 'NONE',  ( -0.000000000000000000, 1.000000000000000000, -0.000000000000000000 ) ) ;
#1304 = STYLED_ITEM ( 'NONE', ( #3083 ), #3220 ) ;
#1305 = CARTESIAN_POINT ( 'NONE',  ( 0.05000000000000000278, -0.9584029694479806460, -0.5151485659980190590 ) ) ;
#1306 = ORIENTED_EDGE ( 'NONE', *, *, #1815, .F. ) ;
#1307 = CARTESIAN_POINT ( 'NONE',  ( 2.799999999999999822, -2.130000000000000338, 1.590000000000000080 ) ) ;
#1308 = DIRECTION ( 'NONE',  ( 0.000000000000000000, -0.000000000000000000, -1.000000000000000000 ) ) ;
#1309 = AXIS2_PLACEMENT_3D ( 'NONE', #254, #2727, #3767 ) ;
#1310 = EDGE_CURVE ( 'NONE', #415, #3121, #3392, .T. ) ;
#1311 = VECTOR ( 'NONE', #291, 1000.000000000000000 ) ;
#1312 = CARTESIAN_POINT ( 'NONE',  ( 2.032879073410320814E-17, -0.3628358096574299529, -0.05580565565891646568 ) ) ;
#1313 = EDGE_LOOP ( 'NONE', ( #2214, #1061, #666, #4292 ) ) ;
#1314 = CARTESIAN_POINT ( 'NONE',  ( 0.05000000000000000278, -0.4713045278443104280, -0.5933490162279428937 ) ) ;
#1315 = DIRECTION ( 'NONE',  ( -0.000000000000000000, -0.000000000000000000, -1.000000000000000000 ) ) ;
#1316 = DIRECTION ( 'NONE',  ( -1.000000000000000000, 0.000000000000000000, -0.000000000000000000 ) ) ;
#1317 = ORIENTED_EDGE ( 'NONE', *, *, #3552, .T. ) ;
#1318 = CARTESIAN_POINT ( 'NONE',  ( 0.05000000000000000278, -0.1867119488473018840, 0.1413879296500521743 ) ) ;
#1319 = CARTESIAN_POINT ( 'NONE',  ( 0.05000000000000000278, -0.8823427101936597294, -0.6654577673570309937 ) ) ;
#1320 = LINE ( 'NONE', #1732, #935 ) ;
#1321 = EDGE_CURVE ( 'NONE', #3876, #365, #2430, .T. ) ;
#1322 = ORIENTED_EDGE ( 'NONE', *, *, #2270, .T. ) ;
#1323 = ORIENTED_EDGE ( 'NONE', *, *, #261, .F. ) ;
#1324 = PLANE ( 'NONE',  #3707 ) ;
#1325 = CARTESIAN_POINT ( 'NONE',  ( 0.000000000000000000, -0.9166625105249284200, -0.6377524111047767619 ) ) ;
#1326 = LINE ( 'NONE', #1376, #3867 ) ;
#1327 = SURFACE_STYLE_USAGE ( .BOTH. , #1988 ) ;
#1328 = ORIENTED_EDGE ( 'NONE', *, *, #1893, .T. ) ;
#1329 = CARTESIAN_POINT ( 'NONE',  ( 2.504999999999999449, 2.935000000000000053, 1.750000000000000000 ) ) ;
#1330 = CARTESIAN_POINT ( 'NONE',  ( 2.900000000000000355, 3.430000000000000160, -1.590000000000000080 ) ) ;
#1331 = UNCERTAINTY_MEASURE_WITH_UNIT (LENGTH_MEASURE( 1.000000000000000082E-05 ), #2714, 'distance_accuracy_value', 'NONE');
#1332 = CARTESIAN_POINT ( 'NONE',  ( 0.05000000000000000278, -0.2069185610924467178, 0.1344580315913941893 ) ) ;
#1333 = ORIENTED_EDGE ( 'NONE', *, *, #1321, .F. ) ;
#1334 = SURFACE_STYLE_FILL_AREA ( #2750 ) ;
#1335 = CARTESIAN_POINT ( 'NONE',  ( 0.000000000000000000, -0.5140836586188295421, -0.7054067479529988471 ) ) ;
#1336 = DIRECTION ( 'NONE',  ( -0.000000000000000000, -0.000000000000000000, -1.000000000000000000 ) ) ;
#1337 = EDGE_CURVE ( 'NONE', #1984, #840, #3373, .T. ) ;
#1338 = CARTESIAN_POINT ( 'NONE',  ( 0.05000000000000000278, -0.9024095605471755821, -0.8489187725464165668 ) ) ;
#1339 = ORIENTED_EDGE ( 'NONE', *, *, #4310, .F. ) ;
#1340 = CARTESIAN_POINT ( 'NONE',  ( 0.05000000000000000278, -0.2420073796460378013, 0.1174697462955878041 ) ) ;
#1341 = CARTESIAN_POINT ( 'NONE',  ( 0.05000000000000000278, -0.8565550062342243143, -0.6769319128830344479 ) ) ;
#1342 = CARTESIAN_POINT ( 'NONE',  ( 1.602500000000000258, 3.180000000000000160, -1.590000000000000080 ) ) ;
#1343 = ORIENTED_EDGE ( 'NONE', *, *, #2515, .F. ) ;
#1344 = CARTESIAN_POINT ( 'NONE',  ( 0.05000000000000000278, 0.06715701061722821608, -0.2215541444330711984 ) ) ;
#1345 = CARTESIAN_POINT ( 'NONE',  ( 6.776263578034402713E-18, -0.7758483127822731751, -0.3714057401819086390 ) ) ;
#1346 = CARTESIAN_POINT ( 'NONE',  ( 0.09999999999999982514, 3.135000000000000231, -3.135000000000000231 ) ) ;
#1347 = PRESENTATION_LAYER_ASSIGNMENT (  '', '', ( #3480 ) ) ;
#1348 = FACE_OUTER_BOUND ( 'NONE', #157, .T. ) ;
#1349 = ORIENTED_EDGE ( 'NONE', *, *, #638, .F. ) ;
#1350 = DIRECTION ( 'NONE',  ( 0.000000000000000000, -1.000000000000000000, 0.000000000000000000 ) ) ;
#1351 = CARTESIAN_POINT ( 'NONE',  ( 3.388131789017201356E-17, -0.07258232583003265681, -0.2183585093075395833 ) ) ;
#1352 = COLOUR_RGB ( '',0.1098039215686274495, 0.1098039215686274495, 0.1098039215686274495 ) ;
#1353 = EDGE_CURVE ( 'NONE', #824, #1200, #3472, .T. ) ;
#1354 = CARTESIAN_POINT ( 'NONE',  ( 2.032879073410320814E-17, -0.2579275050039763206, 0.1070944390570256893 ) ) ;
#1355 = ORIENTED_EDGE ( 'NONE', *, *, #3521, .F. ) ;
#1356 = PRESENTATION_LAYER_ASSIGNMENT (  '', '', ( #2530 ) ) ;
#1357 = DIRECTION ( 'NONE',  ( 0.000000000000000000, -1.000000000000000000, 0.000000000000000000 ) ) ;
#1358 = CARTESIAN_POINT ( 'NONE',  ( 0.05000000000000000278, -0.7732491692848095788, -0.8618031439996431953 ) ) ;
#1359 =( NAMED_UNIT ( * ) SI_UNIT ( $, .STERADIAN. ) SOLID_ANGLE_UNIT ( ) );
#1360 = CARTESIAN_POINT ( 'NONE',  ( 0.05000000000000000278, -0.8036362586135413766, -0.8625797854587120561 ) ) ;
#1361 = VECTOR ( 'NONE', #3832, 1000.000000000000000 ) ;
#1362 = VECTOR ( 'NONE', #3358, 1000.000000000000000 ) ;
#1363 = ADVANCED_FACE ( 'NONE', ( #4449 ), #2697, .F. ) ;
#1364 = CARTESIAN_POINT ( 'NONE',  ( 0.05000000000000000278, -0.9532134921067577649, -0.4724257797623150901 ) ) ;
#1365 = ORIENTED_EDGE ( 'NONE', *, *, #647, .F. ) ;
#1366 = VECTOR ( 'NONE', #2044, 1000.000000000000000 ) ;
#1367 = CARTESIAN_POINT ( 'NONE',  ( 0.05000000000000000278, -0.3517480004533178883, -0.01597368627370173572 ) ) ;
#1368 = CARTESIAN_POINT ( 'NONE',  ( 0.05000000000000000278, -0.8138526047673874109, -0.6830926059715326515 ) ) ;
#1369 = CARTESIAN_POINT ( 'NONE',  ( 2.705000000000000515, 3.135000000000000675, 3.135000000000000675 ) ) ;
#1370 = PRESENTATION_LAYER_ASSIGNMENT (  '', '', ( #1589 ) ) ;
#1371 = EDGE_CURVE ( 'NONE', #1632, #3852, #2200, .T. ) ;
#1372 = ORIENTED_EDGE ( 'NONE', *, *, #4236, .T. ) ;
#1373 = ORIENTED_EDGE ( 'NONE', *, *, #2876, .T. ) ;
#1374 = DIRECTION ( 'NONE',  ( -1.000000000000000000, -0.000000000000000000, -0.000000000000000000 ) ) ;
#1375 = CARTESIAN_POINT ( 'NONE',  ( 0.000000000000000000, -0.2251037196591944012, 0.1264774862737393091 ) ) ;
#1376 = CARTESIAN_POINT ( 'NONE',  ( 0.05000000000000000278, -0.6764327329725156046, -0.5933490162279428937 ) ) ;
#1377 = VECTOR ( 'NONE', #2032, 1000.000000000000000 ) ;
#1378 = AXIS2_PLACEMENT_3D ( 'NONE', #4130, #1652, #896 ) ;
#1379 = FILL_AREA_STYLE ('',( #4191 ) ) ;
#1380 = ORIENTED_EDGE ( 'NONE', *, *, #208, .T. ) ;
#1381 = FACE_OUTER_BOUND ( 'NONE', #106, .T. ) ;
#1382 = CARTESIAN_POINT ( 'NONE',  ( 0.05000000000000000278, -0.05120521768309635458, -0.2204185484326552924 ) ) ;
#1383 = VECTOR ( 'NONE', #4341, 1000.000000000000000 ) ;
#1384 = CARTESIAN_POINT ( 'NONE',  ( 2.032879073410320814E-17, -0.07645648128499468732, 0.1593621628679643965 ) ) ;
#1385 = PRODUCT_DEFINITION ( 'UNKNOWN', '', #216, #2617 ) ;
#1386 = ORIENTED_EDGE ( 'NONE', *, *, #240, .F. ) ;
#1387 = PRESENTATION_LAYER_ASSIGNMENT (  '', '', ( #736 ) ) ;
#1388 = SURFACE_STYLE_USAGE ( .BOTH. , #3794 ) ;
#1389 = CARTESIAN_POINT ( 'NONE',  ( 0.000000000000000000, -0.4788058921470481066, -0.6235881410425717641 ) ) ;
#1390 = CARTESIAN_POINT ( 'NONE',  ( -6.776263578034402713E-18, -1.136969548171612665, -0.5501980198767709718 ) ) ;
#1391 = VECTOR ( 'NONE', #3616, 1000.000000000000000 ) ;
#1392 = CARTESIAN_POINT ( 'NONE',  ( 0.05000000000000000278, -0.8976403375453761990, -0.3874723394458012837 ) ) ;
#1393 = ORIENTED_EDGE ( 'NONE', *, *, #562, .T. ) ;
#1394 = AXIS2_PLACEMENT_3D ( 'NONE', #909, #4405, #3705 ) ;
#1395 = CARTESIAN_POINT ( 'NONE',  ( 1.602500000000000258, -3.135000000000000231, -1.750000000000000000 ) ) ;
#1396 = CARTESIAN_POINT ( 'NONE',  ( -6.776263578034402713E-18, -0.9423831301385804382, -0.6000009205978904525 ) ) ;
#1397 = CARTESIAN_POINT ( 'NONE',  ( 0.05000000000000000278, -0.7032756816904642827, -0.4264820290484557241 ) ) ;
#1398 = EDGE_CURVE ( 'NONE', #1601, #2632, #3840, .T. ) ;
#1399 = ORIENTED_EDGE ( 'NONE', *, *, #1553, .F. ) ;
#1400 = VERTEX_POINT ( 'NONE', #3571 ) ;
#1401 = CARTESIAN_POINT ( 'NONE',  ( 0.000000000000000000, -0.1244409251852199583, -0.2084418192631687927 ) ) ;
#1402 = CARTESIAN_POINT ( 'NONE',  ( 0.000000000000000000, -0.9481107739207748075, -0.5856960460430122861 ) ) ;
#1403 =( LENGTH_UNIT ( ) NAMED_UNIT ( * ) SI_UNIT ( .MILLI., .METRE. ) );
#1404 = EDGE_CURVE ( 'NONE', #1665, #635, #2024, .T. ) ;
#1405 = CARTESIAN_POINT ( 'NONE',  ( 0.000000000000000000, -0.9185840758167398423, -0.4069902703899717644 ) ) ;
#1406 = ORIENTED_EDGE ( 'NONE', *, *, #3463, .T. ) ;
#1407 = CARTESIAN_POINT ( 'NONE',  ( 0.000000000000000000, -0.1828429893827718533, -0.3806086316125583680 ) ) ;
#1408 = CARTESIAN_POINT ( 'NONE',  ( 0.05000000000000000278, -0.3517480004533178883, -0.01597368627370173572 ) ) ;
#1409 = VERTEX_POINT ( 'NONE', #1830 ) ;
#1410 = DIRECTION ( 'NONE',  ( 0.000000000000000000, 0.000000000000000000, 1.000000000000000000 ) ) ;
#1411 = CARTESIAN_POINT ( 'NONE',  ( 0.000000000000000000, -0.2964545680405156758, -0.3131419510717353138 ) ) ;
#1412 = CARTESIAN_POINT ( 'NONE',  ( 0.000000000000000000, -0.1886497713498153372, -0.1028792500486759576 ) ) ;
#1413 =( NAMED_UNIT ( * ) SI_UNIT ( $, .STERADIAN. ) SOLID_ANGLE_UNIT ( ) );
#1414 = PRESENTATION_STYLE_ASSIGNMENT (( #2464 ) ) ;
#1415 = CARTESIAN_POINT ( 'NONE',  ( 0.05000000000000000278, -1.052031003618993488, -0.2759898041182960449 ) ) ;
#1416 = CARTESIAN_POINT ( 'NONE',  ( 0.05000000000000000278, -0.3628358096574299529, -0.05580565565891646568 ) ) ;
#1417 = DIRECTION ( 'NONE',  ( 0.000000000000000000, 0.000000000000000000, -1.000000000000000000 ) ) ;
#1418 = ORIENTED_EDGE ( 'NONE', *, *, #1337, .T. ) ;
#1419 = ORIENTED_EDGE ( 'NONE', *, *, #4267, .F. ) ;
#1420 = DIRECTION ( 'NONE',  ( -0.000000000000000000, -0.000000000000000000, -1.000000000000000000 ) ) ;
#1421 = CARTESIAN_POINT ( 'NONE',  ( 0.000000000000000000, -0.1867119488473018840, 0.1413879296500521743 ) ) ;
#1422 = FACE_OUTER_BOUND ( 'NONE', #4317, .T. ) ;
#1423 = ORIENTED_EDGE ( 'NONE', *, *, #1893, .F. ) ;
#1424 = DIRECTION ( 'NONE',  ( -0.000000000000000000, -0.000000000000000000, -1.000000000000000000 ) ) ;
#1425 = EDGE_CURVE ( 'NONE', #4293, #3847, #3543, .T. ) ;
#1426 = LINE ( 'NONE', #810, #4018 ) ;
#1427 = EDGE_LOOP ( 'NONE', ( #1002, #3205, #138, #3459 ) ) ;
#1428 = CARTESIAN_POINT ( 'NONE',  ( 2.700000000000000178, 3.230000000000000870, 1.590000000000000080 ) ) ;
#1429 = CARTESIAN_POINT ( 'NONE',  ( 1.402500000000000080, 2.105220044031040239, 1.590000000000000080 ) ) ;
#1430 = COLOUR_RGB ( '',0.1098039215686274495, 0.1098039215686274495, 0.1098039215686274495 ) ;
#1431 =( LENGTH_UNIT ( ) NAMED_UNIT ( * ) SI_UNIT ( .MILLI., .METRE. ) );
#1432 = SURFACE_SIDE_STYLE ('',( #1125 ) ) ;
#1433 = VECTOR ( 'NONE', #3653, 1000.000000000000000 ) ;
#1434 = CARTESIAN_POINT ( 'NONE',  ( 0.05000000000000000278, -0.9584029694479806460, -0.5151485659980190590 ) ) ;
#1435 = CARTESIAN_POINT ( 'NONE',  ( 0.000000000000000000, -1.052031003618993488, -0.2759898041182960449 ) ) ;
#1436 = LINE ( 'NONE', #1069, #2535 ) ;
#1437 =( LENGTH_UNIT ( ) NAMED_UNIT ( * ) SI_UNIT ( .MILLI., .METRE. ) );
#1438 = CARTESIAN_POINT ( 'NONE',  ( 2.805000000000000160, 3.135000000000000231, -3.134999999999999787 ) ) ;
#1439 = STYLED_ITEM ( 'NONE', ( #3525 ), #1363 ) ;
#1440 = PRODUCT ( 'BMMA000606301R5MV1', 'BMMA000606301R5MV1', '', ( #537 ) ) ;
#1441 = ORIENTED_EDGE ( 'NONE', *, *, #1088, .T. ) ;
#1442 = VECTOR ( 'NONE', #4233, 1000.000000000000000 ) ;
#1443 = EDGE_CURVE ( 'NONE', #1839, #3417, #3179, .T. ) ;
#1444 = ORIENTED_EDGE ( 'NONE', *, *, #3102, .T. ) ;
#1445 = CARTESIAN_POINT ( 'NONE',  ( 0.000000000000000000, -0.1667684322937651453, -0.1840226881023314387 ) ) ;
#1446 = CARTESIAN_POINT ( 'NONE',  ( 0.1000000000000000056, -3.135000000000000231, -3.134999999999999787 ) ) ;
#1447 = VECTOR ( 'NONE', #2719, 1000.000000000000000 ) ;
#1448 = CARTESIAN_POINT ( 'NONE',  ( 0.000000000000000000, -0.6764327329725156046, -0.5933490162279428937 ) ) ;
#1449 = ORIENTED_EDGE ( 'NONE', *, *, #1592, .F. ) ;
#1450 = CARTESIAN_POINT ( 'NONE',  ( 0.05000000000000000278, 0.06715701061722821608, -0.4010413239202507141 ) ) ;
#1451 = VECTOR ( 'NONE', #1664, 1000.000000000000000 ) ;
#1452 = CARTESIAN_POINT ( 'NONE',  ( 1.402500000000000302, -3.135000000000000231, 1.750000000000000000 ) ) ;
#1453 = ORIENTED_EDGE ( 'NONE', *, *, #3949, .F. ) ;
#1454 = DIRECTION ( 'NONE',  ( -0.000000000000000000, 0.000000000000000000, 1.000000000000000000 ) ) ;
#1455 = AXIS2_PLACEMENT_3D ( 'NONE', #380, #2830, #1068 ) ;
#1456 = DIRECTION ( 'NONE',  ( -0.000000000000000000, 1.000000000000000000, 0.000000000000000000 ) ) ;
#1457 = EDGE_CURVE ( 'NONE', #1727, #2252, #3907, .T. ) ;
#1458 = EDGE_CURVE ( 'NONE', #3968, #840, #2106, .T. ) ;
#1459 = VECTOR ( 'NONE', #398, 1000.000000000000000 ) ;
#1460 = LINE ( 'NONE', #2851, #1600 ) ;
#1461 = DIRECTION ( 'NONE',  ( 2.017533294074227420E-16, 1.000000000000000000, 0.000000000000000000 ) ) ;
#1462 = CARTESIAN_POINT ( 'NONE',  ( 0.05000000000000000278, 0.2466441901044077178, -0.8369387598176866172 ) ) ;
#1463 = CARTESIAN_POINT ( 'NONE',  ( 0.05000000000000000278, -0.9561567476746677396, -0.5547471357912191481 ) ) ;
#1464 = CARTESIAN_POINT ( 'NONE',  ( 2.032879073410320814E-17, -0.002901159612576414883, 0.1629182459462083787 ) ) ;
#1465 = AXIS2_PLACEMENT_3D ( 'NONE', #410, #3572, #436 ) ;
#1466 = ORIENTED_EDGE ( 'NONE', *, *, #2233, .F. ) ;
#1467 = ORIENTED_EDGE ( 'NONE', *, *, #2030, .F. ) ;
#1468 = CARTESIAN_POINT ( 'NONE',  ( 0.05000000000000000278, -0.8300060997688881725, -0.1832115992286732220 ) ) ;
#1469 = CARTESIAN_POINT ( 'NONE',  ( 0.000000000000000000, -0.3580125148599806462, -0.03551116182370056551 ) ) ;
#1470 = CARTESIAN_POINT ( 'NONE',  ( 0.05000000000000000278, -0.6764327329725156046, -0.5933490162279428937 ) ) ;
#1471 = EDGE_LOOP ( 'NONE', ( #3719, #4334, #4026, #3751 ) ) ;
#1472 =( LENGTH_UNIT ( ) NAMED_UNIT ( * ) SI_UNIT ( .MILLI., .METRE. ) );
#1473 = CARTESIAN_POINT ( 'NONE',  ( 2.799999999999999822, -2.130000000000000338, 1.590000000000000080 ) ) ;
#1474 = FACE_OUTER_BOUND ( 'NONE', #527, .T. ) ;
#1475 = VERTEX_POINT ( 'NONE', #2149 ) ;
#1476 = B_SPLINE_SURFACE_WITH_KNOTS ( 'NONE', 3, 1, ( 
 ( #2875, #3175 ),
 ( #35, #756 ),
 ( #3202, #1464 ),
 ( #2514, #2392 ),
 ( #965, #1384 ),
 ( #1038, #3819 ),
 ( #675, #985 ),
 ( #1992, #3458 ),
 ( #3380, #2723 ),
 ( #1332, #2706 ),
 ( #2366, #3050 ),
 ( #4502, #323 ),
 ( #4528, #1354 ),
 ( #4124, #3482 ),
 ( #653, #4213 ),
 ( #4459, #3763 ),
 ( #5, #3146 ),
 ( #626, #2748 ),
 ( #2346, #3436 ),
 ( #3842, #3792 ),
 ( #1408, #4170 ),
 ( #4144, #2017 ),
 ( #3742, #1312 ),
 ( #2778, #2047 ),
 ( #2799, #350 ),
 ( #3407, #607 ),
 ( #1714, #695 ) ),
 .UNSPECIFIED., .F., .F., .F.,
 ( 4, 1, 1, 1, 1, 1, 1, 1, 1, 1, 1, 1, 1, 1, 1, 1, 1, 1, 1, 1, 1, 1, 1, 1, 4 ),
 ( 2, 2 ),
 ( 0.000000000000000000, 0.07287656621198564111, 0.1401621650698975652, 0.2022428547172497315, 0.2588508735258551186, 0.3107782990887945074, 0.3570369703898487179, 0.3984482124332923703, 0.4352986896860691068, 0.4695068157526312014, 0.5030546218222752275, 0.5361580172086396479, 0.5696022233209742103, 0.6030186249063085313, 0.6366328623401583675, 0.6708898636481450684, 0.7059620260679915216, 0.7413420378233699370, 0.7764512846880475827, 0.8121451715970781082, 0.8479949655728686864, 0.8845415022472715716, 0.9219874970927943725, 0.9602049799472630598, 1.000000000000000000 ),
 ( 0.000000000000000000, 1.000000000000000000 ),
 .UNSPECIFIED. ) ;
#1477 = ADVANCED_FACE ( 'NONE', ( #409 ), #1899, .T. ) ;
#1478 = LINE ( 'NONE', #1792, #515 ) ;
#1479 = PLANE ( 'NONE',  #3498 ) ;
#1480 = ADVANCED_FACE ( 'NONE', ( #2579 ), #3558, .T. ) ;
#1481 = ORIENTED_EDGE ( 'NONE', *, *, #2270, .F. ) ;
#1482 = DIRECTION ( 'NONE',  ( -1.000000000000000000, 0.000000000000000000, -0.000000000000000000 ) ) ;
#1483 = DIRECTION ( 'NONE',  ( 0.000000000000000000, 0.000000000000000000, -1.000000000000000000 ) ) ;
#1484 = ORIENTED_EDGE ( 'NONE', *, *, #910, .F. ) ;
#1485 = VERTEX_POINT ( 'NONE', #2996 ) ;
#1486 = CARTESIAN_POINT ( 'NONE',  ( 0.000000000000000000, -0.07258232583003265681, -0.2183585093075395833 ) ) ;
#1487 =( NAMED_UNIT ( * ) SI_UNIT ( $, .STERADIAN. ) SOLID_ANGLE_UNIT ( ) );
#1488 = CARTESIAN_POINT ( 'NONE',  ( 0.05000000000000000278, -0.6874678160677387684, -0.6141338191574905458 ) ) ;
#1489 = ORIENTED_EDGE ( 'NONE', *, *, #946, .T. ) ;
#1490 = PRESENTATION_STYLE_ASSIGNMENT (( #3884 ) ) ;
#1491 = CARTESIAN_POINT ( 'NONE',  ( 0.05000000000000000278, -0.3429157635505463708, -0.2480574791715616789 ) ) ;
#1492 = PLANE ( 'NONE',  #726 ) ;
#1493 = EDGE_LOOP ( 'NONE', ( #1971, #3000, #3853, #1259 ) ) ;
#1494 = CARTESIAN_POINT ( 'NONE',  ( 2.700000000000000178, 3.230000000000000870, 1.590000000000000080 ) ) ;
#1495 = PRESENTATION_STYLE_ASSIGNMENT (( #4376 ) ) ;
#1496 = DIRECTION ( 'NONE',  ( 0.000000000000000000, 0.000000000000000000, -1.000000000000000000 ) ) ;
#1497 = ADVANCED_FACE ( 'NONE', ( #2647 ), #4065, .F. ) ;
#1498 = DIRECTION ( 'NONE',  ( 0.000000000000000000, 0.000000000000000000, 1.000000000000000000 ) ) ;
#1499 = ORIENTED_EDGE ( 'NONE', *, *, #264, .F. ) ;
#1500 = CARTESIAN_POINT ( 'NONE',  ( 0.000000000000000000, -1.133117688364966069, -0.4455996456594342736 ) ) ;
#1501 = STYLED_ITEM ( 'NONE', ( #517 ), #525 ) ;
#1502 = EDGE_CURVE ( 'NONE', #581, #2583, #2330, .T. ) ;
#1503 = ORIENTED_EDGE ( 'NONE', *, *, #234, .T. ) ;
#1504 = ORIENTED_EDGE ( 'NONE', *, *, #4430, .T. ) ;
#1505 =( LENGTH_UNIT ( ) NAMED_UNIT ( * ) SI_UNIT ( .MILLI., .METRE. ) );
#1506 = CARTESIAN_POINT ( 'NONE',  ( 2.805000000000000160, 1.935000000000000053, -1.750000000000000000 ) ) ;
#1507 = EDGE_CURVE ( 'NONE', #978, #3713, #4521, .T. ) ;
#1508 = AXIS2_PLACEMENT_3D ( 'NONE', #2285, #3658, #3255 ) ;
#1509 = DIRECTION ( 'NONE',  ( 0.000000000000000000, 1.000000000000000000, -0.000000000000000000 ) ) ;
#1510 = ORIENTED_EDGE ( 'NONE', *, *, #2650, .F. ) ;
#1511 = CARTESIAN_POINT ( 'NONE',  ( 1.652500000000000080, -3.180000000000000160, -1.590000000000000080 ) ) ;
#1512 = LINE ( 'NONE', #482, #2169 ) ;
#1513 = CARTESIAN_POINT ( 'NONE',  ( 0.05000000000000000278, -0.3681956668114636511, -0.1443331690296619230 ) ) ;
#1514 = VECTOR ( 'NONE', #4249, 1000.000000000000000 ) ;
#1515 = AXIS2_PLACEMENT_3D ( 'NONE', #762, #2151, #1137 ) ;
#1516 = CARTESIAN_POINT ( 'NONE',  ( 0.000000000000000000, -1.137150123366982735, -0.4795983520884808948 ) ) ;
#1517 = VERTEX_POINT ( 'NONE', #4443 ) ;
#1518 = DIRECTION ( 'NONE',  ( -0.000000000000000000, -0.000000000000000000, -1.000000000000000000 ) ) ;
#1519 = LINE ( 'NONE', #2572, #1898 ) ;
#1520 =( GEOMETRIC_REPRESENTATION_CONTEXT ( 3 ) GLOBAL_UNCERTAINTY_ASSIGNED_CONTEXT ( ( #516 ) ) GLOBAL_UNIT_ASSIGNED_CONTEXT ( ( #4223, #81, #404 ) ) REPRESENTATION_CONTEXT ( 'NONE', 'WORKASPACE' ) );
#1521 = VECTOR ( 'NONE', #1766, 999.9999999999998863 ) ;
#1522 = CARTESIAN_POINT ( 'NONE',  ( 1.652500000000000080, 3.230000000000000426, 1.590000000000000080 ) ) ;
#1523 = AXIS2_PLACEMENT_3D ( 'NONE', #3897, #3967, #2891 ) ;
#1524 = ORIENTED_EDGE ( 'NONE', *, *, #4043, .F. ) ;
#1525 = VERTEX_POINT ( 'NONE', #4180 ) ;
#1526 = VECTOR ( 'NONE', #750, 1000.000000000000000 ) ;
#1527 = CARTESIAN_POINT ( 'NONE',  ( 6.776263578034402713E-18, -0.09562799992534763704, -0.02222370254268759074 ) ) ;
#1528 = ADVANCED_FACE ( 'NONE', ( #595 ), #236, .T. ) ;
#1529 = CARTESIAN_POINT ( 'NONE',  ( 0.05000000000000000278, 0.006059254206971814716, -0.01642593930486601836 ) ) ;
#1530 = DIRECTION ( 'NONE',  ( -1.000000000000000000, -0.000000000000000000, -0.000000000000000000 ) ) ;
#1531 = EDGE_CURVE ( 'NONE', #4384, #1525, #4513, .T. ) ;
#1532 = MECHANICAL_DESIGN_GEOMETRIC_PRESENTATION_REPRESENTATION (  '', ( #3506 ), #880 ) ;
#1533 = FACE_BOUND ( 'NONE', #943, .T. ) ;
#1534 = EDGE_LOOP ( 'NONE', ( #1079, #747, #4354, #2086 ) ) ;
#1535 = CARTESIAN_POINT ( 'NONE',  ( 0.000000000000000000, -0.7032756816904642827, -0.4264820290484557241 ) ) ;
#1536 = CARTESIAN_POINT ( 'NONE',  ( 0.000000000000000000, -0.3511378128307968138, -0.2293252658392100074 ) ) ;
#1537 = EDGE_CURVE ( 'NONE', #1028, #911, #1701, .T. ) ;
#1538 = CARTESIAN_POINT ( 'NONE',  ( 0.05000000000000000278, -1.083607047266987422, -0.7092391024150523915 ) ) ;
#1539 = PRESENTATION_LAYER_ASSIGNMENT (  '', '', ( #1170 ) ) ;
#1540 = DIRECTION ( 'NONE',  ( -1.000000000000000000, 0.000000000000000000, 0.000000000000000000 ) ) ;
#1541 = EDGE_LOOP ( 'NONE', ( #794, #379, #3372, #3185 ) ) ;
#1542 = CARTESIAN_POINT ( 'NONE',  ( 1.402500000000000080, 3.234999999999999876, -1.750000000000000000 ) ) ;
#1543 = DIRECTION ( 'NONE',  ( -1.000000000000000000, 0.000000000000000000, 0.000000000000000000 ) ) ;
#1544 = CARTESIAN_POINT ( 'NONE',  ( 0.000000000000000000, -0.8348862586135412656, -0.1830926059715325405 ) ) ;
#1545 = CARTESIAN_POINT ( 'NONE',  ( 0.05000000000000000278, -0.8664799552309390140, -0.1838165572153929450 ) ) ;
#1546 = CARTESIAN_POINT ( 'NONE',  ( 2.805000000000000160, -3.234999999999999876, -3.135000000000000231 ) ) ;
#1547 = CARTESIAN_POINT ( 'NONE',  ( 0.000000000000000000, -0.8036362586135413766, -0.8625797854587120561 ) ) ;
#1548 = ORIENTED_EDGE ( 'NONE', *, *, #2376, .F. ) ;
#1549 = VERTEX_POINT ( 'NONE', #615 ) ;
#1550 = DIRECTION ( 'NONE',  ( -1.000000000000000000, 0.000000000000000000, 0.000000000000000000 ) ) ;
#1551 = CARTESIAN_POINT ( 'NONE',  ( 0.000000000000000000, 0.06715701061722821608, -0.01642593930486601836 ) ) ;
#1552 = EDGE_CURVE ( 'NONE', #1555, #2400, #3823, .T. ) ;
#1553 = EDGE_CURVE ( 'NONE', #474, #2730, #2770, .T. ) ;
#1554 = DIRECTION ( 'NONE',  ( 1.000000000000000000, 0.000000000000000000, -0.000000000000000000 ) ) ;
#1555 = VERTEX_POINT ( 'NONE', #4356 ) ;
#1556 = CARTESIAN_POINT ( 'NONE',  ( 0.000000000000000000, -3.135000000000000231, 3.135000000000000675 ) ) ;
#1557 = CARTESIAN_POINT ( 'NONE',  ( 0.000000000000000000, -0.5140836586188295421, -0.7054067479529988471 ) ) ;
#1558 = DIRECTION ( 'NONE',  ( -0.000000000000000000, -0.000000000000000000, -1.000000000000000000 ) ) ;
#1559 = CARTESIAN_POINT ( 'NONE',  ( 2.504999999999999449, -2.935000000000000053, 1.750000000000000000 ) ) ;
#1560 = EDGE_LOOP ( 'NONE', ( #227, #1449, #3305, #3503 ) ) ;
#1561 = LINE ( 'NONE', #1606, #1716 ) ;
#1562 = FACE_OUTER_BOUND ( 'NONE', #3808, .T. ) ;
#1563 = CYLINDRICAL_SURFACE ( 'NONE', #3881, 0.2000000000000005107 ) ;
#1564 = EDGE_CURVE ( 'NONE', #250, #456, #2144, .T. ) ;
#1565 = UNCERTAINTY_MEASURE_WITH_UNIT (LENGTH_MEASURE( 1.000000000000000082E-05 ), #1437, 'distance_accuracy_value', 'NONE');
#1566 = SURFACE_STYLE_USAGE ( .BOTH. , #906 ) ;
#1567 =( NAMED_UNIT ( * ) PLANE_ANGLE_UNIT ( ) SI_UNIT ( $, .RADIAN. ) );
#1568 = CARTESIAN_POINT ( 'NONE',  ( 0.1000000000000000056, -3.135000000000000231, 3.135000000000000675 ) ) ;
#1569 = DIRECTION ( 'NONE',  ( 0.000000000000000000, 0.000000000000000000, 1.000000000000000000 ) ) ;
#1570 = ORIENTED_EDGE ( 'NONE', *, *, #4323, .F. ) ;
#1571 = ORIENTED_EDGE ( 'NONE', *, *, #208, .F. ) ;
#1572 = CARTESIAN_POINT ( 'NONE',  ( 0.05000000000000000278, -0.06848809224910282212, -0.01886363136596775486 ) ) ;
#1573 = CARTESIAN_POINT ( 'NONE',  ( 0.1000000000000000056, 3.135000000000000231, 3.135000000000000675 ) ) ;
#1574 = LINE ( 'NONE', #1203, #4169 ) ;
#1575 = VECTOR ( 'NONE', #4140, 1000.000000000000000 ) ;
#1576 = VERTEX_POINT ( 'NONE', #33 ) ;
#1577 = CARTESIAN_POINT ( 'NONE',  ( 0.05000000000000000278, 0.06715701061722821608, -0.01642593930486601836 ) ) ;
#1578 = DIRECTION ( 'NONE',  ( 0.000000000000000000, 0.000000000000000000, 1.000000000000000000 ) ) ;
#1579 = PRESENTATION_LAYER_ASSIGNMENT (  '', '', ( #1439 ) ) ;
#1580 = DIRECTION ( 'NONE',  ( 0.000000000000000000, 4.336808689942025625E-15, 1.000000000000000000 ) ) ;
#1581 = VERTEX_POINT ( 'NONE', #2806 ) ;
#1582 = AXIS2_PLACEMENT_3D ( 'NONE', #2354, #1981, #2029 ) ;
#1583 = CARTESIAN_POINT ( 'NONE',  ( 1.402500000000000302, 3.135000000000000231, -1.750000000000000000 ) ) ;
#1584 = B_SPLINE_SURFACE_WITH_KNOTS ( 'NONE', 3, 1, ( 
 ( #1368, #4491 ),
 ( #2426, #1679 ),
 ( #262, #976 ),
 ( #3060, #2079 ),
 ( #1341, #3444 ),
 ( #2732, #997 ),
 ( #1319, #2402 ),
 ( #3803, #1731 ),
 ( #2058, #3132 ),
 ( #2713, #4540 ),
 ( #311, #3494 ),
 ( #1702, #3106 ),
 ( #2761, #1396 ),
 ( #2787, #3239 ),
 ( #1868, #4315 ),
 ( #1463, #4289 ),
 ( #3946, #3872 ),
 ( #3201, #2857 ),
 ( #3174, #2513 ) ),
 .UNSPECIFIED., .F., .F., .F.,
 ( 4, 1, 1, 1, 1, 1, 1, 1, 1, 1, 1, 1, 1, 1, 1, 1, 4 ),
 ( 2, 2 ),
 ( 0.000000000000000000, 0.06116154996539654304, 0.1203363801759608082, 0.1783898341784807273, 0.2358655101693932221, 0.2941823526725292903, 0.3532419669828835151, 0.4136922142579408379, 0.4761376879043048294, 0.5394336096482434950, 0.6023842390965559179, 0.6644303114771669128, 0.7277262332211058560, 0.7924691057685016027, 0.8591605019104374685, 0.9281559975465448753, 0.9999999999999998890 ),
 ( 0.000000000000000000, 1.000000000000000000 ),
 .UNSPECIFIED. ) ;
#1585 = LINE ( 'NONE', #2254, #3941 ) ;
#1586 = EDGE_CURVE ( 'NONE', #3554, #2266, #1885, .T. ) ;
#1587 = DIRECTION ( 'NONE',  ( 0.000000000000000000, 1.000000000000000000, 0.000000000000000000 ) ) ;
#1588 = EDGE_CURVE ( 'NONE', #801, #3191, #4221, .T. ) ;
#1589 = STYLED_ITEM ( 'NONE', ( #3976 ), #2312 ) ;
#1590 = CYLINDRICAL_SURFACE ( 'NONE', #3769, 0.1000000000000000472 ) ;
#1591 = LINE ( 'NONE', #2989, #1383 ) ;
#1592 = EDGE_CURVE ( 'NONE', #2353, #84, #1436, .T. ) ;
#1593 = LINE ( 'NONE', #2991, #2853 ) ;
#1594 = EDGE_CURVE ( 'NONE', #2245, #1734, #381, .T. ) ;
#1595 = VECTOR ( 'NONE', #246, 1000.000000000000000 ) ;
#1596 = ORIENTED_EDGE ( 'NONE', *, *, #3611, .F. ) ;
#1597 = CARTESIAN_POINT ( 'NONE',  ( 6.776263578034402713E-18, 0.006059254206971814716, -0.01642593930486601836 ) ) ;
#1598 = DIRECTION ( 'NONE',  ( 0.000000000000000000, 1.000000000000000000, -0.000000000000000000 ) ) ;
#1599 = DIRECTION ( 'NONE',  ( -0.000000000000000000, -0.000000000000000000, -1.000000000000000000 ) ) ;
#1600 = VECTOR ( 'NONE', #4311, 1000.000000000000000 ) ;
#1601 = VERTEX_POINT ( 'NONE', #3275 ) ;
#1602 = FACE_OUTER_BOUND ( 'NONE', #4205, .T. ) ;
#1603 = CARTESIAN_POINT ( 'NONE',  ( 0.000000000000000000, -0.2460968066329613235, -0.3515272899138410789 ) ) ;
#1604 = ORIENTED_EDGE ( 'NONE', *, *, #4156, .T. ) ;
#1605 = CIRCLE ( 'NONE', #3587, 0.1000000000000000056 ) ;
#1606 = CARTESIAN_POINT ( 'NONE',  ( 2.799999999999999822, 2.130000000000000338, 1.590000000000000080 ) ) ;
#1607 = SHAPE_DEFINITION_REPRESENTATION ( #3940, #2826 ) ;
#1608 = ADVANCED_FACE ( 'NONE', ( #2124 ), #3517, .T. ) ;
#1609 = CARTESIAN_POINT ( 'NONE',  ( 0.05000000000000000278, -0.001085536226234237733, -0.01648118361160308062 ) ) ;
#1610 = FACE_OUTER_BOUND ( 'NONE', #2625, .T. ) ;
#1611 = FILL_AREA_STYLE_COLOUR ( '', #364 ) ;
#1612 = ORIENTED_EDGE ( 'NONE', *, *, #3841, .F. ) ;
#1613 = CARTESIAN_POINT ( 'NONE',  ( 0.05000000000000000278, -0.1637591216261582994, 0.1470419659048423922 ) ) ;
#1614 = DIRECTION ( 'NONE',  ( -4.140151493978060242E-16, -1.000000000000000000, 0.000000000000000000 ) ) ;
#1615 = DIRECTION ( 'NONE',  ( -1.000000000000000000, 0.000000000000000000, 0.000000000000000000 ) ) ;
#1616 = ORIENTED_EDGE ( 'NONE', *, *, #357, .T. ) ;
#1617 = SURFACE_STYLE_USAGE ( .BOTH. , #1207 ) ;
#1618 = CARTESIAN_POINT ( 'NONE',  ( 0.05000000000000000278, -0.3681956668114636511, -0.1443331690296619230 ) ) ;
#1619 = ORIENTED_EDGE ( 'NONE', *, *, #2454, .T. ) ;
#1620 = DIRECTION ( 'NONE',  ( 2.168404344971012812E-15, -1.000000000000000000, 0.000000000000000000 ) ) ;
#1621 = DIRECTION ( 'NONE',  ( 0.000000000000000000, -1.000000000000000000, 0.000000000000000000 ) ) ;
#1622 = FILL_AREA_STYLE ('',( #3322 ) ) ;
#1623 = CARTESIAN_POINT ( 'NONE',  ( 0.05000000000000000278, -0.6874996671362669787, -0.8449302934628188932 ) ) ;
#1624 = LINE ( 'NONE', #1994, #281 ) ;
#1625 = CARTESIAN_POINT ( 'NONE',  ( 0.05000000000000000278, -0.8138526047673874109, -0.6830926059715326515 ) ) ;
#1626 = EDGE_CURVE ( 'NONE', #2720, #1943, #12, .T. ) ;
#1627 = ORIENTED_EDGE ( 'NONE', *, *, #3887, .T. ) ;
#1628 = DIRECTION ( 'NONE',  ( 1.000000000000000000, 0.000000000000000000, -0.000000000000000000 ) ) ;
#1629 = CARTESIAN_POINT ( 'NONE',  ( 0.05000000000000000278, 0.6440800875403053238, -0.8369387598176868392 ) ) ;
#1630 = CARTESIAN_POINT ( 'NONE',  ( 2.805000000000000604, -3.234999999999999876, 3.193578643762691183 ) ) ;
#1631 = EDGE_CURVE ( 'NONE', #1241, #1937, #2746, .T. ) ;
#1632 = VERTEX_POINT ( 'NONE', #1755 ) ;
#1633 = ORIENTED_EDGE ( 'NONE', *, *, #2650, .T. ) ;
#1634 =( GEOMETRIC_REPRESENTATION_CONTEXT ( 3 ) GLOBAL_UNCERTAINTY_ASSIGNED_CONTEXT ( ( #229 ) ) GLOBAL_UNIT_ASSIGNED_CONTEXT ( ( #2439, #2801, #4215 ) ) REPRESENTATION_CONTEXT ( 'NONE', 'WORKASPACE' ) );
#1635 = DIRECTION ( 'NONE',  ( 0.000000000000000000, -0.4512830391435769806, -0.8923808708064828732 ) ) ;
#1636 = DIRECTION ( 'NONE',  ( 1.000000000000000000, 0.000000000000000000, 0.000000000000000000 ) ) ;
#1637 = LINE ( 'NONE', #3042, #495 ) ;
#1638 = EDGE_CURVE ( 'NONE', #265, #2293, #733, .T. ) ;
#1639 =( GEOMETRIC_REPRESENTATION_CONTEXT ( 3 ) GLOBAL_UNCERTAINTY_ASSIGNED_CONTEXT ( ( #764 ) ) GLOBAL_UNIT_ASSIGNED_CONTEXT ( ( #4397, #1712, #3788 ) ) REPRESENTATION_CONTEXT ( 'NONE', 'WORKASPACE' ) );
#1640 = ORIENTED_EDGE ( 'NONE', *, *, #864, .F. ) ;
#1641 = CARTESIAN_POINT ( 'NONE',  ( 3.000000000000000000, -2.130000000000000338, 1.590000000000000080 ) ) ;
#1642 = VECTOR ( 'NONE', #1879, 1000.000000000000000 ) ;
#1643 = VECTOR ( 'NONE', #3405, 1000.000000000000000 ) ;
#1644 = CARTESIAN_POINT ( 'NONE',  ( 0.000000000000000000, -0.9544735410350719818, -0.2057992233855752140 ) ) ;
#1645 = ORIENTED_EDGE ( 'NONE', *, *, #1537, .T. ) ;
#1646 = LINE ( 'NONE', #3681, #3851 ) ;
#1647 = CARTESIAN_POINT ( 'NONE',  ( 0.05000000000000000278, -1.126298655132009330, -0.4132293883579437055 ) ) ;
#1648 = DIRECTION ( 'NONE',  ( -0.000000000000000000, -0.000000000000000000, 1.000000000000000000 ) ) ;
#1649 = CARTESIAN_POINT ( 'NONE',  ( -6.776263578034402713E-18, -1.016221972506522908, -0.7858030937956262951 ) ) ;
#1650 = PRESENTATION_LAYER_ASSIGNMENT (  '', '', ( #4385 ) ) ;
#1651 = VECTOR ( 'NONE', #383, 1000.000000000000000 ) ;
#1652 = DIRECTION ( 'NONE',  ( 0.000000000000000000, 0.000000000000000000, 1.000000000000000000 ) ) ;
#1653 = ORIENTED_EDGE ( 'NONE', *, *, #2455, .F. ) ;
#1654 = CARTESIAN_POINT ( 'NONE',  ( 0.05000000000000000278, 0.006059254206971814716, -0.01642593930486601836 ) ) ;
#1655 = MECHANICAL_DESIGN_GEOMETRIC_PRESENTATION_REPRESENTATION (  '', ( #2978 ), #860 ) ;
#1656 = VERTEX_POINT ( 'NONE', #2786 ) ;
#1657 = EDGE_LOOP ( 'NONE', ( #649, #3371, #2540, #2418 ) ) ;
#1658 = AXIS2_PLACEMENT_3D ( 'NONE', #463, #3248, #3508 ) ;
#1659 = DIRECTION ( 'NONE',  ( -1.000000000000000000, 0.000000000000000000, 0.000000000000000000 ) ) ;
#1660 = CARTESIAN_POINT ( 'NONE',  ( 6.776263578034402713E-18, -0.8059750858077204816, -0.3631599324354106706 ) ) ;
#1661 = CARTESIAN_POINT ( 'NONE',  ( 1.402500000000000080, 3.330000000000000515, 1.590000000000000080 ) ) ;
#1662 = VECTOR ( 'NONE', #2232, 1000.000000000000000 ) ;
#1663 = EDGE_CURVE ( 'NONE', #130, #759, #333, .T. ) ;
#1664 = DIRECTION ( 'NONE',  ( -0.000000000000000000, -0.000000000000000000, 1.000000000000000000 ) ) ;
#1665 = VERTEX_POINT ( 'NONE', #3173 ) ;
#1666 = LINE ( 'NONE', #3143, #4302 ) ;
#1667 = ADVANCED_FACE ( 'NONE', ( #682 ), #3900, .T. ) ;
#1668 = CARTESIAN_POINT ( 'NONE',  ( 3.388131789017201356E-17, -0.1892532457930282686, -0.1185894008433276137 ) ) ;
#1669 = COLOUR_RGB ( '',0.1098039215686274495, 0.1098039215686274495, 0.1098039215686274495 ) ;
#1670 = AXIS2_PLACEMENT_3D ( 'NONE', #175, #237, #2972 ) ;
#1671 = CARTESIAN_POINT ( 'NONE',  ( 0.000000000000000000, -0.9265035890858801526, -0.1955573442507732573 ) ) ;
#1672 = ORIENTED_EDGE ( 'NONE', *, *, #2352, .F. ) ;
#1673 = CYLINDRICAL_SURFACE ( 'NONE', #3247, 0.09999999999999982514 ) ;
#1674 = CARTESIAN_POINT ( 'NONE',  ( 2.805000000000000160, -3.234999999999999876, 1.750000000000000000 ) ) ;
#1675 = CARTESIAN_POINT ( 'NONE',  ( 2.705000000000000515, 3.234999999999999876, 3.135000000000000675 ) ) ;
#1676 = FACE_OUTER_BOUND ( 'NONE', #1560, .T. ) ;
#1677 = ORIENTED_EDGE ( 'NONE', *, *, #1310, .T. ) ;
#1678 = CARTESIAN_POINT ( 'NONE',  ( 0.000000000000000000, -0.8976403375453761990, -0.3874723394458012837 ) ) ;
#1679 = CARTESIAN_POINT ( 'NONE',  ( -6.776263578034402713E-18, -0.8187989405125004616, -0.6829064408082764492 ) ) ;
#1680 = CARTESIAN_POINT ( 'NONE',  ( 0.05000000000000000278, -0.7463502927026240963, -0.3876394100861293435 ) ) ;
#1681 = ORIENTED_EDGE ( 'NONE', *, *, #2509, .F. ) ;
#1682 = ORIENTED_EDGE ( 'NONE', *, *, #2368, .T. ) ;
#1683 = CARTESIAN_POINT ( 'NONE',  ( 0.05000000000000000278, -0.7729872201520028296, -0.1927079905869172605 ) ) ;
#1684 = DIRECTION ( 'NONE',  ( 0.000000000000000000, -1.000000000000000000, 0.000000000000000000 ) ) ;
#1685 = CARTESIAN_POINT ( 'NONE',  ( 2.705000000000000515, -2.935000000000000053, -1.750000000000000000 ) ) ;
#1686 = DIRECTION ( 'NONE',  ( 0.000000000000000000, 0.000000000000000000, 1.000000000000000000 ) ) ;
#1687 = EDGE_LOOP ( 'NONE', ( #1283, #618, #3051, #665, #3509, #2556, #4482, #3432 ) ) ;
#1688 = DIRECTION ( 'NONE',  ( -0.000000000000000000, 1.000000000000000000, -0.000000000000000000 ) ) ;
#1689 = CARTESIAN_POINT ( 'NONE',  ( 3.388131789017201356E-17, -0.1738972299893813134, -0.1756685620409774440 ) ) ;
#1690 = EDGE_CURVE ( 'NONE', #1112, #1555, #402, .T. ) ;
#1691 = UNCERTAINTY_MEASURE_WITH_UNIT (LENGTH_MEASURE( 1.000000000000000082E-05 ), #1082, 'distance_accuracy_value', 'NONE');
#1692 = CARTESIAN_POINT ( 'NONE',  ( 0.000000000000000000, -0.8664799552309390140, -0.1838165572153929450 ) ) ;
#1693 = ORIENTED_EDGE ( 'NONE', *, *, #1371, .F. ) ;
#1694 = DIRECTION ( 'NONE',  ( 0.000000000000000000, 0.000000000000000000, 1.000000000000000000 ) ) ;
#1695 = CARTESIAN_POINT ( 'NONE',  ( 0.000000000000000000, -0.5297708200735717909, -0.7293632440503247105 ) ) ;
#1696 = FACE_OUTER_BOUND ( 'NONE', #1687, .T. ) ;
#1697 = CARTESIAN_POINT ( 'NONE',  ( -6.776263578034402713E-18, -1.100452506580626544, -0.6803440643388914966 ) ) ;
#1698 = EDGE_CURVE ( 'NONE', #3807, #911, #1291, .T. ) ;
#1699 = DIRECTION ( 'NONE',  ( 1.000000000000000000, -0.000000000000000000, -0.000000000000000000 ) ) ;
#1700 = ORIENTED_EDGE ( 'NONE', *, *, #4544, .T. ) ;
#1701 = LINE ( 'NONE', #3418, #2465 ) ;
#1702 = CARTESIAN_POINT ( 'NONE',  ( 0.05000000000000000278, -0.9350144748808462136, -0.6133733852751676041 ) ) ;
#1703 = DIRECTION ( 'NONE',  ( 0.000000000000000000, 0.000000000000000000, -1.000000000000000000 ) ) ;
#1704 = ORIENTED_EDGE ( 'NONE', *, *, #2368, .F. ) ;
#1705 = ORIENTED_EDGE ( 'NONE', *, *, #3955, .T. ) ;
#1706 = CYLINDRICAL_SURFACE ( 'NONE', #2388, 0.09999999999999982514 ) ;
#1707 = CARTESIAN_POINT ( 'NONE',  ( 0.000000000000000000, -0.9561567476746677396, -0.5547471357912191481 ) ) ;
#1708 = DIRECTION ( 'NONE',  ( -0.000000000000000000, -1.000000000000000000, -0.000000000000000000 ) ) ;
#1709 = VECTOR ( 'NONE', #4428, 1000.000000000000000 ) ;
#1710 = CARTESIAN_POINT ( 'NONE',  ( 0.000000000000000000, -0.9486897928468771557, -0.4577810653899677673 ) ) ;
#1711 = ORIENTED_EDGE ( 'NONE', *, *, #4421, .T. ) ;
#1712 =( NAMED_UNIT ( * ) PLANE_ANGLE_UNIT ( ) SI_UNIT ( $, .RADIAN. ) );
#1713 = CARTESIAN_POINT ( 'NONE',  ( 3.388131789017201356E-17, -0.1377688076187750799, -0.2038331510429529370 ) ) ;
#1714 = CARTESIAN_POINT ( 'NONE',  ( 0.05000000000000000278, -0.3687404252802076732, -0.1209932469971737035 ) ) ;
#1715 = ORIENTED_EDGE ( 'NONE', *, *, #4488, .T. ) ;
#1716 = VECTOR ( 'NONE', #4355, 1000.000000000000000 ) ;
#1717 = LINE ( 'NONE', #3122, #1063 ) ;
#1718 = CARTESIAN_POINT ( 'NONE',  ( 0.000000000000000000, -0.8036362586135413766, -0.8625797854587120561 ) ) ;
#1719 = CARTESIAN_POINT ( 'NONE',  ( 3.000000000000000000, -2.130000000000000338, 1.590000000000000080 ) ) ;
#1720 = EDGE_CURVE ( 'NONE', #3786, #1475, #4337, .T. ) ;
#1721 = CARTESIAN_POINT ( 'NONE',  ( 0.05000000000000000278, -1.132577810179866473, -0.5849006978280139046 ) ) ;
#1722 =( BOUNDED_CURVE ( )  B_SPLINE_CURVE ( 3, ( #4541, #2332, #1630, #3389 ),
 .UNSPECIFIED., .F., .T. ) 
 B_SPLINE_CURVE_WITH_KNOTS ( ( 4, 4 ),
 ( 1.570796326794896558, 3.141592653589793116 ),
 .UNSPECIFIED. ) 
 CURVE ( )  GEOMETRIC_REPRESENTATION_ITEM ( )  RATIONAL_B_SPLINE_CURVE ( ( 1.000000000000000000, 0.8047378541243649375, 0.8047378541243649375, 1.000000000000000000 ) ) 
 REPRESENTATION_ITEM ( '' )  );
#1723 = COLOUR_RGB ( '',0.1098039215686274495, 0.1098039215686274495, 0.1098039215686274495 ) ;
#1724 = VECTOR ( 'NONE', #3703, 1000.000000000000000 ) ;
#1725 = CARTESIAN_POINT ( 'NONE',  ( 0.05000000000000000278, -0.9560118856679773458, -0.4879056439050644123 ) ) ;
#1726 = EDGE_CURVE ( 'NONE', #365, #2413, #1175, .T. ) ;
#1727 = VERTEX_POINT ( 'NONE', #707 ) ;
#1728 =( GEOMETRIC_REPRESENTATION_CONTEXT ( 3 ) GLOBAL_UNCERTAINTY_ASSIGNED_CONTEXT ( ( #2391 ) ) GLOBAL_UNIT_ASSIGNED_CONTEXT ( ( #228, #209, #2956 ) ) REPRESENTATION_CONTEXT ( 'NONE', 'WORKASPACE' ) );
#1729 = CARTESIAN_POINT ( 'NONE',  ( 0.05000000000000000278, -0.3685320920656475208, -0.09863511255489530727 ) ) ;
#1730 = EDGE_CURVE ( 'NONE', #3613, #2081, #831, .T. ) ;
#1731 = CARTESIAN_POINT ( 'NONE',  ( -6.776263578034402713E-18, -0.8944209022531376396, -0.6575877297056080817 ) ) ;
#1732 = CARTESIAN_POINT ( 'NONE',  ( 1.402500000000000080, -3.234999999999999876, -1.750000000000000000 ) ) ;
#1733 = MECHANICAL_DESIGN_GEOMETRIC_PRESENTATION_REPRESENTATION (  '', ( #4385 ), #3564 ) ;
#1734 = VERTEX_POINT ( 'NONE', #514 ) ;
#1735 = ORIENTED_EDGE ( 'NONE', *, *, #941, .F. ) ;
#1736 = DIRECTION ( 'NONE',  ( -1.761828530288947861E-15, 1.000000000000000000, -4.336808689942025625E-15 ) ) ;
#1737 = CARTESIAN_POINT ( 'NONE',  ( 6.776263578034402713E-18, -0.8161751541107885588, -0.3627728964936164369 ) ) ;
#1738 = CIRCLE ( 'NONE', #2180, 0.09999999999999982514 ) ;
#1739 = AXIS2_PLACEMENT_3D ( 'NONE', #3998, #3267, #2947 ) ;
#1740 = CARTESIAN_POINT ( 'NONE',  ( 0.05000000000000000278, -0.7013384737160052174, -0.6323398837873476230 ) ) ;
#1741 = ORIENTED_EDGE ( 'NONE', *, *, #1815, .T. ) ;
#1742 = CARTESIAN_POINT ( 'NONE',  ( 0.05000000000000000278, -0.8036362586135413766, -0.8625797854587120561 ) ) ;
#1743 = CARTESIAN_POINT ( 'NONE',  ( 1.502500000000000169, -3.430000000000000160, 1.590000000000000080 ) ) ;
#1744 = STYLED_ITEM ( 'NONE', ( #3608 ), #3320 ) ;
#1745 = CARTESIAN_POINT ( 'NONE',  ( 0.000000000000000000, -1.104906377689093055, -0.3532394056084792733 ) ) ;
#1746 = ORIENTED_EDGE ( 'NONE', *, *, #217, .F. ) ;
#1747 = STYLED_ITEM ( 'NONE', ( #1495 ), #3896 ) ;
#1748 = CARTESIAN_POINT ( 'NONE',  ( 0.000000000000000000, -0.2140929893827717700, -0.8369387598176866172 ) ) ;
#1749 = CARTESIAN_POINT ( 'NONE',  ( 0.000000000000000000, -0.3573209973090670233, -0.2094374051509882151 ) ) ;
#1750 = DIRECTION ( 'NONE',  ( 1.000000000000000000, 3.933613324210450841E-16, 0.000000000000000000 ) ) ;
#1751 = CARTESIAN_POINT ( 'NONE',  ( 0.000000000000000000, -0.03441312401851425590, -0.01692103338013715291 ) ) ;
#1752 = CYLINDRICAL_SURFACE ( 'NONE', #1157, 0.04999999999999991257 ) ;
#1753 = CARTESIAN_POINT ( 'NONE',  ( 2.805000000000000160, -3.234999999999999876, 3.235000000000000320 ) ) ;
#1754 = DIRECTION ( 'NONE',  ( 0.000000000000000000, 0.2022968521692535826, -0.9793242484501295531 ) ) ;
#1755 = CARTESIAN_POINT ( 'NONE',  ( 2.900000000000000355, 3.430000000000000160, 1.590000000000000080 ) ) ;
#1756 = SURFACE_SIDE_STYLE ('',( #3773 ) ) ;
#1757 = CARTESIAN_POINT ( 'NONE',  ( 2.705000000000000515, 3.135000000000000231, 0.000000000000000000 ) ) ;
#1758 = EDGE_CURVE ( 'NONE', #3922, #1094, #3298, .T. ) ;
#1759 = ORIENTED_EDGE ( 'NONE', *, *, #1979, .F. ) ;
#1760 = EDGE_LOOP ( 'NONE', ( #1317, #1682, #1339 ) ) ;
#1761 = CARTESIAN_POINT ( 'NONE',  ( 0.05000000000000000278, -0.8046958118349366584, -0.1854107794035396717 ) ) ;
#1762 = CARTESIAN_POINT ( 'NONE',  ( -0.000000000000000000, 0.02368581817314282037, 0.1630123245280906685 ) ) ;
#1763 = CARTESIAN_POINT ( 'NONE',  ( 0.000000000000000000, -0.8487011715956744862, -0.3652197272140745299 ) ) ;
#1764 = EDGE_LOOP ( 'NONE', ( #2926, #2011, #1349, #6 ) ) ;
#1765 = DIRECTION ( 'NONE',  ( 0.000000000000000000, 0.5408597775034191812, -0.8411127754819516245 ) ) ;
#1766 = DIRECTION ( 'NONE',  ( 0.000000000000000000, -0.2073096204707153556, 0.9782753810969015973 ) ) ;
#1767 = ORIENTED_EDGE ( 'NONE', *, *, #2651, .F. ) ;
#1768 = FILL_AREA_STYLE_COLOUR ( '', #1352 ) ;
#1769 = LINE ( 'NONE', #2440, #774 ) ;
#1770 = CARTESIAN_POINT ( 'NONE',  ( 0.05000000000000000278, -0.5522340150237976530, -0.3918265803305069905 ) ) ;
#1771 =( LENGTH_UNIT ( ) NAMED_UNIT ( * ) SI_UNIT ( .MILLI., .METRE. ) );
#1772 = DIRECTION ( 'NONE',  ( 0.000000000000000000, -0.000000000000000000, 1.000000000000000000 ) ) ;
#1773 = LINE ( 'NONE', #776, #2114 ) ;
#1774 = CARTESIAN_POINT ( 'NONE',  ( 0.000000000000000000, 0.06715701061722821608, -0.8369387598176866172 ) ) ;
#1775 = DIRECTION ( 'NONE',  ( -0.000000000000000000, -0.000000000000000000, 1.000000000000000000 ) ) ;
#1776 = FACE_OUTER_BOUND ( 'NONE', #2789, .T. ) ;
#1777 = EDGE_LOOP ( 'NONE', ( #3831, #2055, #2511, #3910, #3971, #370, #4219, #1406, #4529, #2265, #1050, #38, #2450 ) ) ;
#1778 = VERTEX_POINT ( 'NONE', #185 ) ;
#1779 = CARTESIAN_POINT ( 'NONE',  ( 0.05000000000000000278, -0.7729872201520028296, -0.1927079905869172605 ) ) ;
#1780 = EDGE_CURVE ( 'NONE', #50, #2772, #3024, .T. ) ;
#1781 = CARTESIAN_POINT ( 'NONE',  ( 0.05000000000000000278, -0.8067564985457331694, -0.6828209796926413278 ) ) ;
#1782 = ORIENTED_EDGE ( 'NONE', *, *, #2089, .F. ) ;
#1783 = DIRECTION ( 'NONE',  ( 0.000000000000000000, 1.000000000000000000, 0.000000000000000000 ) ) ;
#1784 = EDGE_CURVE ( 'NONE', #903, #3876, #583, .T. ) ;
#1785 = DIRECTION ( 'NONE',  ( 1.000000000000000000, -0.000000000000000000, -0.000000000000000000 ) ) ;
#1786 = ADVANCED_FACE ( 'NONE', ( #1912 ), #2639, .F. ) ;
#1787 = ORIENTED_EDGE ( 'NONE', *, *, #3292, .F. ) ;
#1788 =( NAMED_UNIT ( * ) SI_UNIT ( $, .STERADIAN. ) SOLID_ANGLE_UNIT ( ) );
#1789 = CARTESIAN_POINT ( 'NONE',  ( 0.000000000000000000, -0.6116083578799150766, -0.8077393197265845259 ) ) ;
#1790 = MECHANICAL_DESIGN_GEOMETRIC_PRESENTATION_REPRESENTATION (  '', ( #1132 ), #554 ) ;
#1791 = DIRECTION ( 'NONE',  ( 0.000000000000000000, 0.2073096204707153556, -0.9782753810969014863 ) ) ;
#1792 = CARTESIAN_POINT ( 'NONE',  ( 2.799999999999999822, -2.130000000000000338, -1.590000000000000080 ) ) ;
#1793 = AXIS2_PLACEMENT_3D ( 'NONE', #3932, #1783, #2155 ) ;
#1794 = DIRECTION ( 'NONE',  ( 2.168404344971012812E-15, -1.000000000000000000, 0.000000000000000000 ) ) ;
#1795 = DIRECTION ( 'NONE',  ( -0.000000000000000000, 1.000000000000000000, 0.000000000000000000 ) ) ;
#1796 = CARTESIAN_POINT ( 'NONE',  ( 0.000000000000000000, -1.137693872511340576, -0.5027932386826221567 ) ) ;
#1797 = CARTESIAN_POINT ( 'NONE',  ( 0.05000000000000000278, -0.9584840150237976530, -0.5208329905869172327 ) ) ;
#1798 = CARTESIAN_POINT ( 'NONE',  ( 0.000000000000000000, -0.9898548273592389091, -0.8064315480532315839 ) ) ;
#1799 = CYLINDRICAL_SURFACE ( 'NONE', #2686, 0.09999999999999982514 ) ;
#1800 =( GEOMETRIC_REPRESENTATION_CONTEXT ( 3 ) GLOBAL_UNCERTAINTY_ASSIGNED_CONTEXT ( ( #3762 ) ) GLOBAL_UNIT_ASSIGNED_CONTEXT ( ( #3198, #2804, #4268 ) ) REPRESENTATION_CONTEXT ( 'NONE', 'WORKASPACE' ) );
#1801 = ORIENTED_EDGE ( 'NONE', *, *, #2952, .T. ) ;
#1802 = VECTOR ( 'NONE', #1929, 1000.000000000000000 ) ;
#1803 = ORIENTED_EDGE ( 'NONE', *, *, #2272, .F. ) ;
#1804 = CARTESIAN_POINT ( 'NONE',  ( 2.504999999999999449, 2.935000000000000053, 1.750000000000000000 ) ) ;
#1805 = SURFACE_STYLE_FILL_AREA ( #437 ) ;
#1806 = STYLED_ITEM ( 'NONE', ( #601 ), #2115 ) ;
#1807 = EDGE_CURVE ( 'NONE', #3029, #480, #2281, .T. ) ;
#1808 = UNCERTAINTY_MEASURE_WITH_UNIT (LENGTH_MEASURE( 1.000000000000000082E-05 ), #3001, 'distance_accuracy_value', 'NONE');
#1809 = PLANE ( 'NONE',  #2033 ) ;
#1810 = ORIENTED_EDGE ( 'NONE', *, *, #2876, .F. ) ;
#1811 = CIRCLE ( 'NONE', #4316, 0.1000000000000000472 ) ;
#1812 = CARTESIAN_POINT ( 'NONE',  ( 1.402500000000000080, -2.105220044031040239, 1.590000000000000080 ) ) ;
#1813 = CARTESIAN_POINT ( 'NONE',  ( 0.05000000000000000278, -0.3687404252802076732, -0.1209932469971737035 ) ) ;
#1814 = EDGE_CURVE ( 'NONE', #2443, #879, #1585, .T. ) ;
#1815 = EDGE_CURVE ( 'NONE', #4196, #2438, #4434, .T. ) ;
#1816 =( NAMED_UNIT ( * ) SI_UNIT ( $, .STERADIAN. ) SOLID_ANGLE_UNIT ( ) );
#1817 = ORIENTED_EDGE ( 'NONE', *, *, #530, .T. ) ;
#1818 = FACE_OUTER_BOUND ( 'NONE', #598, .T. ) ;
#1819 = VECTOR ( 'NONE', #1269, 1000.000000000000000 ) ;
#1820 = CARTESIAN_POINT ( 'NONE',  ( 0.000000000000000000, -0.08290541224666608811, -0.02051641313571177586 ) ) ;
#1821 = VECTOR ( 'NONE', #41, 1000.000000000000000 ) ;
#1822 = ADVANCED_FACE ( 'NONE', ( #3362 ), #1285, .F. ) ;
#1823 = SURFACE_STYLE_USAGE ( .BOTH. , #2487 ) ;
#1824 = CARTESIAN_POINT ( 'NONE',  ( 0.000000000000000000, -0.9265035890858801526, -0.1955573442507732573 ) ) ;
#1825 = LINE ( 'NONE', #3970, #1827 ) ;
#1826 = DIRECTION ( 'NONE',  ( 0.000000000000000000, 0.000000000000000000, 1.000000000000000000 ) ) ;
#1827 = VECTOR ( 'NONE', #4222, 1000.000000000000000 ) ;
#1828 = EDGE_LOOP ( 'NONE', ( #3764, #4192, #2367, #2215 ) ) ;
#1829 = ORIENTED_EDGE ( 'NONE', *, *, #4291, .F. ) ;
#1830 = CARTESIAN_POINT ( 'NONE',  ( 0.000000000000000000, -0.6764327329725156046, -0.5933490162279428937 ) ) ;
#1831 = CARTESIAN_POINT ( 'NONE',  ( 0.000000000000000000, -0.3517480004533178883, -0.01597368627370173572 ) ) ;
#1832 = SURFACE_STYLE_USAGE ( .BOTH. , #3160 ) ;
#1833 = FILL_AREA_STYLE ('',( #3577 ) ) ;
#1834 = VERTEX_POINT ( 'NONE', #3654 ) ;
#1835 = SURFACE_SIDE_STYLE ('',( #2112 ) ) ;
#1836 = LINE ( 'NONE', #3981, #2243 ) ;
#1837 = EDGE_CURVE ( 'NONE', #3477, #3554, #945, .T. ) ;
#1838 = CARTESIAN_POINT ( 'NONE',  ( 1.402500000000000080, -3.234999999999999876, -1.590000000000000080 ) ) ;
#1839 = VERTEX_POINT ( 'NONE', #3378 ) ;
#1840 = CARTESIAN_POINT ( 'NONE',  ( 0.05000000000000000278, -0.8036012579176817772, -0.1857203092847332371 ) ) ;
#1841 = DIRECTION ( 'NONE',  ( 0.000000000000000000, 1.000000000000000000, 0.000000000000000000 ) ) ;
#1842 = CARTESIAN_POINT ( 'NONE',  ( 0.05000000000000000278, -0.7934125204684558952, -0.8623184843902141905 ) ) ;
#1843 = CYLINDRICAL_SURFACE ( 'NONE', #1523, 0.09999999999999999167 ) ;
#1844 = CARTESIAN_POINT ( 'NONE',  ( 0.000000000000000000, -0.7888687071335221956, -0.1882710174577776063 ) ) ;
#1845 = CARTESIAN_POINT ( 'NONE',  ( 0.05000000000000000278, -0.8348862586135412656, -0.1830926059715325405 ) ) ;
#1846 = ADVANCED_FACE ( 'NONE', ( #165 ), #248, .F. ) ;
#1847 = FILL_AREA_STYLE_COLOUR ( '', #4401 ) ;
#1848 = ORIENTED_EDGE ( 'NONE', *, *, #3400, .T. ) ;
#1849 = ORIENTED_EDGE ( 'NONE', *, *, #1458, .F. ) ;
#1850 = SURFACE_STYLE_FILL_AREA ( #2036 ) ;
#1851 = CARTESIAN_POINT ( 'NONE',  ( 0.05000000000000000278, 0.06715701061722821608, -0.8369387598176866172 ) ) ;
#1852 = CARTESIAN_POINT ( 'NONE',  ( 2.805000000000000160, 3.234999999999999876, -3.135000000000000231 ) ) ;
#1853 = CARTESIAN_POINT ( 'NONE',  ( 0.05000000000000000278, -0.7721197252467758565, -0.6780569621555377902 ) ) ;
#1854 = ORIENTED_EDGE ( 'NONE', *, *, #4352, .T. ) ;
#1855 = DIRECTION ( 'NONE',  ( 1.000000000000000000, 0.000000000000000000, -0.000000000000000000 ) ) ;
#1856 = CARTESIAN_POINT ( 'NONE',  ( 0.000000000000000000, -0.7168621609059413480, -0.6479544175809375250 ) ) ;
#1857 = ADVANCED_FACE ( 'NONE', ( #1562 ), #3520, .T. ) ;
#1858 = CARTESIAN_POINT ( 'NONE',  ( 0.000000000000000000, -1.133117688364966069, -0.4455996456594342736 ) ) ;
#1859 = ORIENTED_EDGE ( 'NONE', *, *, #3949, .T. ) ;
#1860 = DIRECTION ( 'NONE',  ( 2.017533294074227420E-16, 1.000000000000000000, 0.000000000000000000 ) ) ;
#1861 =( NAMED_UNIT ( * ) SI_UNIT ( $, .STERADIAN. ) SOLID_ANGLE_UNIT ( ) );
#1862 = CARTESIAN_POINT ( 'NONE',  ( 3.000000000000000000, -3.330000000000000515, -1.590000000000000080 ) ) ;
#1863 = EDGE_CURVE ( 'NONE', #1271, #1834, #2436, .T. ) ;
#1864 = EDGE_CURVE ( 'NONE', #415, #3713, #3455, .T. ) ;
#1865 = DIRECTION ( 'NONE',  ( -0.000000000000000000, -0.000000000000000000, -1.000000000000000000 ) ) ;
#1866 = LINE ( 'NONE', #2620, #1724 ) ;
#1867 = CARTESIAN_POINT ( 'NONE',  ( 0.05000000000000000278, -0.1868088556123242427, -0.1440678563023697623 ) ) ;
#1868 = CARTESIAN_POINT ( 'NONE',  ( 0.05000000000000000278, -0.9527328113583258817, -0.5706177781731857079 ) ) ;
#1869 = VECTOR ( 'NONE', #1350, 1000.000000000000000 ) ;
#1870 = ADVANCED_FACE ( 'NONE', ( #2387 ), #693, .T. ) ;
#1871 = VERTEX_POINT ( 'NONE', #1743 ) ;
#1872 = ORIENTED_EDGE ( 'NONE', *, *, #3741, .F. ) ;
#1873 = CARTESIAN_POINT ( 'NONE',  ( 6.776263578034402713E-18, -0.1463194531508827945, -0.04045349357721029354 ) ) ;
#1874 =( NAMED_UNIT ( * ) PLANE_ANGLE_UNIT ( ) SI_UNIT ( $, .RADIAN. ) );
#1875 = DIRECTION ( 'NONE',  ( -1.000000000000000000, -0.000000000000000000, -0.000000000000000000 ) ) ;
#1876 =( GEOMETRIC_REPRESENTATION_CONTEXT ( 3 ) GLOBAL_UNCERTAINTY_ASSIGNED_CONTEXT ( ( #1808 ) ) GLOBAL_UNIT_ASSIGNED_CONTEXT ( ( #3001, #1260, #1966 ) ) REPRESENTATION_CONTEXT ( 'NONE', 'WORKASPACE' ) );
#1877 = CARTESIAN_POINT ( 'NONE',  ( 1.402500000000000080, -3.234999999999999876, 1.750000000000000000 ) ) ;
#1878 = ORIENTED_EDGE ( 'NONE', *, *, #3607, .T. ) ;
#1879 = DIRECTION ( 'NONE',  ( 0.000000000000000000, 0.000000000000000000, -1.000000000000000000 ) ) ;
#1880 = LINE ( 'NONE', #2092, #1936 ) ;
#1881 = CARTESIAN_POINT ( 'NONE',  ( 0.05000000000000000278, -0.1828429893827718533, -0.3806086316125583680 ) ) ;
#1882 = DIRECTION ( 'NONE',  ( -1.000000000000000000, 0.000000000000000000, 0.000000000000000000 ) ) ;
#1883 = ORIENTED_EDGE ( 'NONE', *, *, #4543, .T. ) ;
#1884 = PLANE ( 'NONE',  #3190 ) ;
#1885 = LINE ( 'NONE', #55, #3043 ) ;
#1886 = CARTESIAN_POINT ( 'NONE',  ( 0.05000000000000000278, -0.8120497201520028296, -0.003605426484353099412 ) ) ;
#1887 = CARTESIAN_POINT ( 'NONE',  ( 0.05000000000000000278, -0.4886069414714145354, -0.6525095585581651703 ) ) ;
#1888 = MECHANICAL_DESIGN_GEOMETRIC_PRESENTATION_REPRESENTATION (  '', ( #4532 ), #2844 ) ;
#1889 = LINE ( 'NONE', #3279, #3877 ) ;
#1890 = CARTESIAN_POINT ( 'NONE',  ( 0.05000000000000000278, -0.1588059902307147608, -0.05019125404985794181 ) ) ;
#1891 = CARTESIAN_POINT ( 'NONE',  ( 0.09999999999999982514, -3.234999999999999876, 3.235000000000000320 ) ) ;
#1892 = DIRECTION ( 'NONE',  ( -0.000000000000000000, -0.000000000000000000, -1.000000000000000000 ) ) ;
#1893 = EDGE_CURVE ( 'NONE', #3078, #4046, #2013, .T. ) ;
#1894 = AXIS2_PLACEMENT_3D ( 'NONE', #3745, #232, #1289 ) ;
#1895 = EDGE_CURVE ( 'NONE', #2968, #1896, #4, .T. ) ;
#1896 = VERTEX_POINT ( 'NONE', #1407 ) ;
#1897 = ORIENTED_EDGE ( 'NONE', *, *, #3161, .T. ) ;
#1898 = VECTOR ( 'NONE', #4338, 1000.000000000000000 ) ;
#1899 = CYLINDRICAL_SURFACE ( 'NONE', #3635, 0.1000000000000000056 ) ;
#1900 = LINE ( 'NONE', #3667, #3218 ) ;
#1901 = CARTESIAN_POINT ( 'NONE',  ( 0.05000000000000000278, 0.06715701061722821608, -0.2215541444330711984 ) ) ;
#1902 = CIRCLE ( 'NONE', #2775, 0.09999999999999982514 ) ;
#1903 = DIRECTION ( 'NONE',  ( -1.000000000000000000, -0.000000000000000000, -0.000000000000000000 ) ) ;
#1904 = ORIENTED_EDGE ( 'NONE', *, *, #1784, .F. ) ;
#1905 = DIRECTION ( 'NONE',  ( 0.000000000000000000, -1.000000000000000000, 0.000000000000000000 ) ) ;
#1906 = DIRECTION ( 'NONE',  ( -0.000000000000000000, -0.000000000000000000, -1.000000000000000000 ) ) ;
#1907 = CARTESIAN_POINT ( 'NONE',  ( 0.05000000000000000278, -1.137634313291926880, -0.5265878941432662330 ) ) ;
#1908 =( GEOMETRIC_REPRESENTATION_CONTEXT ( 3 ) GLOBAL_UNCERTAINTY_ASSIGNED_CONTEXT ( ( #2176 ) ) GLOBAL_UNIT_ASSIGNED_CONTEXT ( ( #1771, #96, #3535 ) ) REPRESENTATION_CONTEXT ( 'NONE', 'WORKASPACE' ) );
#1909 = CARTESIAN_POINT ( 'NONE',  ( 0.000000000000000000, -0.3627006260443503272, -0.1887608405728009864 ) ) ;
#1910 = ORIENTED_EDGE ( 'NONE', *, *, #3188, .F. ) ;
#1911 = PRESENTATION_STYLE_ASSIGNMENT (( #164 ) ) ;
#1912 = FACE_OUTER_BOUND ( 'NONE', #3402, .T. ) ;
#1913 =( NAMED_UNIT ( * ) SI_UNIT ( $, .STERADIAN. ) SOLID_ANGLE_UNIT ( ) );
#1914 = CARTESIAN_POINT ( 'NONE',  ( 0.05000000000000000278, -0.1886497713498153372, -0.1028792500486759576 ) ) ;
#1915 = CARTESIAN_POINT ( 'NONE',  ( 0.05000000000000000278, -0.1891774710337300047, -0.1230748920161565257 ) ) ;
#1916 = ORIENTED_EDGE ( 'NONE', *, *, #1088, .F. ) ;
#1917 = VERTEX_POINT ( 'NONE', #3789 ) ;
#1918 = CARTESIAN_POINT ( 'NONE',  ( 6.776263578034402713E-18, -0.08290541224666608811, -0.02051641313571177586 ) ) ;
#1919 = CARTESIAN_POINT ( 'NONE',  ( 2.705000000000000515, 3.234999999999999876, 3.235000000000000320 ) ) ;
#1920 = DIRECTION ( 'NONE',  ( 0.000000000000000000, 0.000000000000000000, 1.000000000000000000 ) ) ;
#1921 = LINE ( 'NONE', #2607, #4392 ) ;
#1922 = ORIENTED_EDGE ( 'NONE', *, *, #2462, .F. ) ;
#1923 = LINE ( 'NONE', #3714, #1209 ) ;
#1924 = DIRECTION ( 'NONE',  ( 0.000000000000000000, -1.000000000000000000, 0.000000000000000000 ) ) ;
#1925 = PRESENTATION_STYLE_ASSIGNMENT (( #509 ) ) ;
#1926 = ADVANCED_FACE ( 'NONE', ( #2452 ), #276, .T. ) ;
#1927 = CARTESIAN_POINT ( 'NONE',  ( 0.05000000000000000278, -0.3573209973090670233, -0.2094374051509882151 ) ) ;
#1928 = ORIENTED_EDGE ( 'NONE', *, *, #1251, .T. ) ;
#1929 = DIRECTION ( 'NONE',  ( 1.000000000000000000, -0.000000000000000000, -0.000000000000000000 ) ) ;
#1930 = DIRECTION ( 'NONE',  ( -0.000000000000000000, -1.000000000000000000, -0.000000000000000000 ) ) ;
#1931 = APPLICATION_PROTOCOL_DEFINITION ( 'draft international standard', 'automotive_design', 1998, #1180 ) ;
#1932 = UNCERTAINTY_MEASURE_WITH_UNIT (LENGTH_MEASURE( 1.000000000000000082E-05 ), #1505, 'distance_accuracy_value', 'NONE');
#1933 = DIRECTION ( 'NONE',  ( 0.000000000000000000, 0.000000000000000000, -1.000000000000000000 ) ) ;
#1934 = CARTESIAN_POINT ( 'NONE',  ( 0.05000000000000000278, -0.1667684322937651453, -0.1840226881023314387 ) ) ;
#1935 =( NAMED_UNIT ( * ) PLANE_ANGLE_UNIT ( ) SI_UNIT ( $, .RADIAN. ) );
#1936 = VECTOR ( 'NONE', #397, 1000.000000000000000 ) ;
#1937 = VERTEX_POINT ( 'NONE', #1330 ) ;
#1938 = ORIENTED_EDGE ( 'NONE', *, *, #1594, .F. ) ;
#1939 = CARTESIAN_POINT ( 'NONE',  ( 0.05000000000000000278, -0.03441312401851425590, -0.01692103338013715291 ) ) ;
#1940 = DIRECTION ( 'NONE',  ( -0.000000000000000000, 0.000000000000000000, 1.000000000000000000 ) ) ;
#1941 = AXIS2_PLACEMENT_3D ( 'NONE', #1307, #3047, #275 ) ;
#1942 = CARTESIAN_POINT ( 'NONE',  ( 0.05000000000000000278, 0.006259574719792314682, -0.4010413239202507141 ) ) ;
#1943 = VERTEX_POINT ( 'NONE', #300 ) ;
#1944 = CARTESIAN_POINT ( 'NONE',  ( 1.502500000000000169, 3.430000000000000160, -1.590000000000000080 ) ) ;
#1945 = DIRECTION ( 'NONE',  ( -1.000000000000000000, -0.000000000000000000, 0.000000000000000000 ) ) ;
#1946 = MECHANICAL_DESIGN_GEOMETRIC_PRESENTATION_REPRESENTATION (  '', ( #1439 ), #3860 ) ;
#1947 = VECTOR ( 'NONE', #3943, 1000.000000000000000 ) ;
#1948 = CARTESIAN_POINT ( 'NONE',  ( 0.05000000000000000278, -0.3662523672292969379, -0.1670382281534639191 ) ) ;
#1949 = VERTEX_POINT ( 'NONE', #3096 ) ;
#1950 = AXIS2_PLACEMENT_3D ( 'NONE', #2590, #2467, #3871 ) ;
#1951 = DIRECTION ( 'NONE',  ( -1.000000000000000000, -2.168404344971012812E-15, 0.000000000000000000 ) ) ;
#1952 = DIRECTION ( 'NONE',  ( 1.000000000000000000, 0.000000000000000000, 0.000000000000000000 ) ) ;
#1953 = ADVANCED_FACE ( 'NONE', ( #3579 ), #462, .T. ) ;
#1954 = COLOUR_RGB ( '',0.1098039215686274495, 0.1098039215686274495, 0.1098039215686274495 ) ;
#1955 = SURFACE_STYLE_FILL_AREA ( #1267 ) ;
#1956 = CARTESIAN_POINT ( 'NONE',  ( 0.05000000000000000278, -0.09562799992534763704, -0.02222370254268759074 ) ) ;
#1957 = CARTESIAN_POINT ( 'NONE',  ( 2.900000000000000355, -3.330000000000000515, -1.590000000000000080 ) ) ;
#1958 = CIRCLE ( 'NONE', #1739, 0.1000000000000000472 ) ;
#1959 = ORIENTED_EDGE ( 'NONE', *, *, #1564, .F. ) ;
#1960 = CARTESIAN_POINT ( 'NONE',  ( 0.000000000000000000, -0.9281227752806699982, -0.4182536030844687391 ) ) ;
#1961 = LINE ( 'NONE', #1919, #2486 ) ;
#1962 = DIRECTION ( 'NONE',  ( 0.000000000000000000, 0.000000000000000000, -1.000000000000000000 ) ) ;
#1963 = MECHANICAL_DESIGN_GEOMETRIC_PRESENTATION_REPRESENTATION (  '', ( #1744 ), #3276 ) ;
#1964 = AXIS2_PLACEMENT_3D ( 'NONE', #491, #1302, #1636 ) ;
#1965 = ORIENTED_EDGE ( 'NONE', *, *, #4209, .T. ) ;
#1966 =( NAMED_UNIT ( * ) SI_UNIT ( $, .STERADIAN. ) SOLID_ANGLE_UNIT ( ) );
#1967 = LINE ( 'NONE', #3736, #1362 ) ;
#1968 = CARTESIAN_POINT ( 'NONE',  ( 0.05000000000000000278, -1.063768593968604792, -0.7367003456147548368 ) ) ;
#1969 = VECTOR ( 'NONE', #3330, 1000.000000000000000 ) ;
#1970 = FACE_OUTER_BOUND ( 'NONE', #2341, .T. ) ;
#1971 = ORIENTED_EDGE ( 'NONE', *, *, #1086, .T. ) ;
#1972 = VECTOR ( 'NONE', #4357, 1000.000000000000000 ) ;
#1973 = CARTESIAN_POINT ( 'NONE',  ( 0.05000000000000000278, -0.2140929893827717700, -0.8369387598176866172 ) ) ;
#1974 = DIRECTION ( 'NONE',  ( 0.000000000000000000, -1.000000000000000000, 0.000000000000000000 ) ) ;
#1975 = FACE_OUTER_BOUND ( 'NONE', #3035, .T. ) ;
#1976 = EDGE_CURVE ( 'NONE', #1200, #4196, #2156, .T. ) ;
#1977 = CARTESIAN_POINT ( 'NONE',  ( 0.05000000000000000278, -0.7149155993336994142, -0.8530353260751494249 ) ) ;
#1978 = DIRECTION ( 'NONE',  ( -1.000000000000000000, 0.000000000000000000, 0.000000000000000000 ) ) ;
#1979 = EDGE_CURVE ( 'NONE', #2730, #71, #3270, .T. ) ;
#1980 = ORIENTED_EDGE ( 'NONE', *, *, #2455, .T. ) ;
#1981 = DIRECTION ( 'NONE',  ( -1.000000000000000000, -0.000000000000000000, -0.000000000000000000 ) ) ;
#1982 = CARTESIAN_POINT ( 'NONE',  ( 0.05000000000000000278, 0.06715701061722821608, -0.8369387598176866172 ) ) ;
#1983 = DIRECTION ( 'NONE',  ( 0.000000000000000000, 0.000000000000000000, -1.000000000000000000 ) ) ;
#1984 = VERTEX_POINT ( 'NONE', #1450 ) ;
#1985 = ORIENTED_EDGE ( 'NONE', *, *, #4536, .T. ) ;
#1986 = FACE_OUTER_BOUND ( 'NONE', #1192, .T. ) ;
#1987 = PLANE ( 'NONE',  #4077 ) ;
#1988 = SURFACE_SIDE_STYLE ('',( #2360 ) ) ;
#1989 = ORIENTED_EDGE ( 'NONE', *, *, #2542, .F. ) ;
#1990 = CARTESIAN_POINT ( 'NONE',  ( 0.05000000000000000278, -0.6698221560494387328, 0.1630612401823135216 ) ) ;
#1991 = CARTESIAN_POINT ( 'NONE',  ( 2.705000000000000515, 2.935000000000000053, -1.750000000000000000 ) ) ;
#1992 = CARTESIAN_POINT ( 'NONE',  ( 0.05000000000000000278, -0.1637591216261582994, 0.1470419659048423922 ) ) ;
#1993 = CARTESIAN_POINT ( 'NONE',  ( 0.05000000000000000278, -0.4886069414714145354, -0.6525095585581651703 ) ) ;
#1994 = CARTESIAN_POINT ( 'NONE',  ( 0.05000000000000000278, 0.006059254206971814716, -0.01642593930486601836 ) ) ;
#1995 = CARTESIAN_POINT ( 'NONE',  ( 0.05000000000000000278, -0.8285309394405626637, -0.6825401577125437269 ) ) ;
#1996 = EDGE_CURVE ( 'NONE', #2730, #2968, #4153, .T. ) ;
#1997 = VERTEX_POINT ( 'NONE', #1473 ) ;
#1998 = CARTESIAN_POINT ( 'NONE',  ( 0.05000000000000000278, 0.02368581817314282037, 0.1630123245280906685 ) ) ;
#1999 = CARTESIAN_POINT ( 'NONE',  ( 1.402500000000000080, 3.234999999999999876, -1.750000000000000000 ) ) ;
#2000 = EDGE_CURVE ( 'NONE', #1549, #759, #1426, .T. ) ;
#2001 = EDGE_CURVE ( 'NONE', #1400, #3815, #1836, .T. ) ;
#2002 = ORIENTED_EDGE ( 'NONE', *, *, #2990, .F. ) ;
#2003 = EDGE_LOOP ( 'NONE', ( #1700, #2289, #3536, #1441 ) ) ;
#2004 = CARTESIAN_POINT ( 'NONE',  ( 0.05000000000000000278, 0.9215239977967155660, 0.1630612401823132163 ) ) ;
#2005 = PRESENTATION_STYLE_ASSIGNMENT (( #1617 ) ) ;
#2006 = PRESENTATION_STYLE_ASSIGNMENT (( #466 ) ) ;
#2007 = DIRECTION ( 'NONE',  ( -0.000000000000000000, -0.000000000000000000, -1.000000000000000000 ) ) ;
#2008 = B_SPLINE_CURVE_WITH_KNOTS ( 'NONE', 3,
 ( #3920, #472, #2493, #102, #3539, #2894, #3591, #755, #34, #403, #2166, #1798, #2874, #80, #777, #3566, #430, #889, #1547 ),
 .UNSPECIFIED., .F., .F.,
 ( 4, 1, 1, 1, 1, 1, 1, 1, 1, 1, 1, 1, 1, 1, 1, 1, 4 ),
 ( 0.000000000000000000, 0.06675771127909888025, 0.1317324785734521608, 0.1948167910261859592, 0.2570269751173334116, 0.3187274376799376641, 0.3803299566842553991, 0.4433052533380150151, 0.5074457357281489944, 0.5714909223970688901, 0.6333486697152078682, 0.6939309794721831848, 0.7539203747855198756, 0.8137951195537003191, 0.8745193245299819340, 0.9362197870925864640, 1.000000000000000000 ),
 .UNSPECIFIED. ) ;
#2009 = STYLED_ITEM ( 'NONE', ( #1490 ), #925 ) ;
#2010 = CARTESIAN_POINT ( 'NONE',  ( 0.05000000000000000278, -0.2140929893827717700, -0.8369387598176866172 ) ) ;
#2011 = ORIENTED_EDGE ( 'NONE', *, *, #234, .F. ) ;
#2012 = DIRECTION ( 'NONE',  ( 0.000000000000000000, -1.000000000000000000, 0.000000000000000000 ) ) ;
#2013 = LINE ( 'NONE', #3144, #1643 ) ;
#2014 = VECTOR ( 'NONE', #2294, 1000.000000000000000 ) ;
#2015 = AXIS2_PLACEMENT_3D ( 'NONE', #2087, #3479, #1765 ) ;
#2016 = UNCERTAINTY_MEASURE_WITH_UNIT (LENGTH_MEASURE( 1.000000000000000082E-05 ), #4433, 'distance_accuracy_value', 'NONE');
#2017 = CARTESIAN_POINT ( 'NONE',  ( 2.032879073410320814E-17, -0.3580125148599806462, -0.03551116182370056551 ) ) ;
#2018 = ORIENTED_EDGE ( 'NONE', *, *, #1353, .F. ) ;
#2019 = FILL_AREA_STYLE ('',( #1768 ) ) ;
#2020 = CARTESIAN_POINT ( 'NONE',  ( 0.000000000000000000, -0.7435494381943531517, -0.8586355904517466442 ) ) ;
#2021 = FILL_AREA_STYLE_COLOUR ( '', #2913 ) ;
#2022 = CARTESIAN_POINT ( 'NONE',  ( 0.05000000000000000278, -0.9058735574661596068, -0.6483024875156188083 ) ) ;
#2023 = AXIS2_PLACEMENT_3D ( 'NONE', #2316, #4429, #4370 ) ;
#2024 = B_SPLINE_CURVE_WITH_KNOTS ( 'NONE', 3,
 ( #1779, #61, #2447, #1761, #3855, #1468, #2497 ),
 .UNSPECIFIED., .F., .F.,
 ( 4, 1, 1, 1, 4 ),
 ( 0.000000000000000000, 0.2636630635207410922, 0.5231302484245177187, 0.7670950153782094549, 1.000000000000000000 ),
 .UNSPECIFIED. ) ;
#2025 = CIRCLE ( 'NONE', #797, 0.09999999999999982514 ) ;
#2026 = FACE_OUTER_BOUND ( 'NONE', #2111, .T. ) ;
#2027 = APPLICATION_CONTEXT ( 'automotive_design' ) ;
#2028 = ORIENTED_EDGE ( 'NONE', *, *, #2000, .T. ) ;
#2029 = DIRECTION ( 'NONE',  ( 0.000000000000000000, 0.000000000000000000, -1.000000000000000000 ) ) ;
#2030 = EDGE_CURVE ( 'NONE', #739, #4096, #2843, .T. ) ;
#2031 = DIRECTION ( 'NONE',  ( 0.000000000000000000, -1.000000000000000000, 0.000000000000000000 ) ) ;
#2032 = DIRECTION ( 'NONE',  ( -1.000000000000000000, 3.933613324210450348E-16, -0.000000000000000000 ) ) ;
#2033 = AXIS2_PLACEMENT_3D ( 'NONE', #479, #2562, #3670 ) ;
#2034 = ORIENTED_EDGE ( 'NONE', *, *, #2856, .F. ) ;
#2035 = ORIENTED_EDGE ( 'NONE', *, *, #2230, .F. ) ;
#2036 = FILL_AREA_STYLE ('',( #4115 ) ) ;
#2037 = EDGE_CURVE ( 'NONE', #3191, #3968, #3885, .T. ) ;
#2038 = CARTESIAN_POINT ( 'NONE',  ( 0.000000000000000000, -0.002901159612576414883, 0.1629182459462083787 ) ) ;
#2039 = LINE ( 'NONE', #1661, #2754 ) ;
#2040 = MECHANICAL_DESIGN_GEOMETRIC_PRESENTATION_REPRESENTATION (  '', ( #2551 ), #3351 ) ;
#2041 = ORIENTED_EDGE ( 'NONE', *, *, #2037, .T. ) ;
#2042 = CARTESIAN_POINT ( 'NONE',  ( 0.05000000000000000278, 0.2466441901044077178, 0.1630612401823134383 ) ) ;
#2043 = EDGE_CURVE ( 'NONE', #3524, #2197, #2566, .T. ) ;
#2044 = DIRECTION ( 'NONE',  ( -0.000000000000000000, -0.000000000000000000, 1.000000000000000000 ) ) ;
#2045 = AXIS2_PLACEMENT_3D ( 'NONE', #4346, #869, #1550 ) ;
#2046 = PRESENTATION_LAYER_ASSIGNMENT (  '', '', ( #2627 ) ) ;
#2047 = CARTESIAN_POINT ( 'NONE',  ( 2.032879073410320814E-17, -0.3661106485893030893, -0.07684399139896563868 ) ) ;
#2048 = EDGE_LOOP ( 'NONE', ( #2846, #1596, #3931, #3391 ) ) ;
#2049 =( NAMED_UNIT ( * ) SI_UNIT ( $, .STERADIAN. ) SOLID_ANGLE_UNIT ( ) );
#2050 = CARTESIAN_POINT ( 'NONE',  ( 0.000000000000000000, -0.7149155993336994142, -0.8530353260751494249 ) ) ;
#2051 =( LENGTH_UNIT ( ) NAMED_UNIT ( * ) SI_UNIT ( .MILLI., .METRE. ) );
#2052 = CARTESIAN_POINT ( 'NONE',  ( 0.05000000000000000278, -0.8823427101936597294, -0.6654577673570309937 ) ) ;
#2053 =( GEOMETRIC_REPRESENTATION_CONTEXT ( 3 ) GLOBAL_UNCERTAINTY_ASSIGNED_CONTEXT ( ( #564 ) ) GLOBAL_UNIT_ASSIGNED_CONTEXT ( ( #4342, #1935, #2918 ) ) REPRESENTATION_CONTEXT ( 'NONE', 'WORKASPACE' ) );
#2054 = CARTESIAN_POINT ( 'NONE',  ( 2.504999999999999449, -2.935000000000000053, 1.750000000000000000 ) ) ;
#2055 = ORIENTED_EDGE ( 'NONE', *, *, #3343, .T. ) ;
#2056 = DIRECTION ( 'NONE',  ( 0.000000000000000000, 1.000000000000000000, 0.000000000000000000 ) ) ;
#2057 = EDGE_CURVE ( 'NONE', #1409, #2197, #3414, .T. ) ;
#2058 = CARTESIAN_POINT ( 'NONE',  ( 0.05000000000000000278, -0.9058735574661596068, -0.6483024875156188083 ) ) ;
#2059 = CARTESIAN_POINT ( 'NONE',  ( 1.602500000000000258, 3.180000000000000160, 1.590000000000000080 ) ) ;
#2060 = ORIENTED_EDGE ( 'NONE', *, *, #2993, .F. ) ;
#2061 = VERTEX_POINT ( 'NONE', #3232 ) ;
#2062 = DIRECTION ( 'NONE',  ( -1.000000000000000000, 0.000000000000000000, 0.000000000000000000 ) ) ;
#2063 = CARTESIAN_POINT ( 'NONE',  ( 6.776263578034402713E-18, -0.7609757526175400244, -0.3784373073668557685 ) ) ;
#2064 = EDGE_CURVE ( 'NONE', #978, #4411, #3622, .T. ) ;
#2065 = CARTESIAN_POINT ( 'NONE',  ( 0.05000000000000000278, -0.9532134921067577649, -0.4724257797623150901 ) ) ;
#2066 = ORIENTED_EDGE ( 'NONE', *, *, #1726, .T. ) ;
#2067 = LINE ( 'NONE', #623, #336 ) ;
#2068 = CARTESIAN_POINT ( 'NONE',  ( 3.388131789017201356E-17, -0.02766841247220686376, -0.2212735552541742756 ) ) ;
#2069 = EDGE_CURVE ( 'NONE', #474, #738, #2135, .T. ) ;
#2070 = UNCERTAINTY_MEASURE_WITH_UNIT (LENGTH_MEASURE( 1.000000000000000082E-05 ), #3370, 'distance_accuracy_value', 'NONE');
#2071 = CARTESIAN_POINT ( 'NONE',  ( 0.000000000000000000, 0.006059254206971814716, -0.01642593930486601836 ) ) ;
#2072 = ORIENTED_EDGE ( 'NONE', *, *, #3367, .T. ) ;
#2073 = DIRECTION ( 'NONE',  ( 0.000000000000000000, -1.000000000000000000, 0.000000000000000000 ) ) ;
#2074 = CARTESIAN_POINT ( 'NONE',  ( 0.05000000000000000278, -0.6610131800983695127, -0.8349548485809902276 ) ) ;
#2075 = CARTESIAN_POINT ( 'NONE',  ( 2.504999999999999449, -3.135000000000000675, 1.750000000000000000 ) ) ;
#2076 = FACE_OUTER_BOUND ( 'NONE', #1205, .T. ) ;
#2077 = ORIENTED_EDGE ( 'NONE', *, *, #2240, .T. ) ;
#2078 = DIRECTION ( 'NONE',  ( 0.000000000000000000, -1.000000000000000000, 0.000000000000000000 ) ) ;
#2079 = CARTESIAN_POINT ( 'NONE',  ( -6.776263578034402713E-18, -0.8428701722350326886, -0.6806039017622530496 ) ) ;
#2080 = FILL_AREA_STYLE_COLOUR ( '', #3338 ) ;
#2081 = VERTEX_POINT ( 'NONE', #1262 ) ;
#2082 = DIRECTION ( 'NONE',  ( -1.000000000000000000, -0.000000000000000000, -0.000000000000000000 ) ) ;
#2083 = CARTESIAN_POINT ( 'NONE',  ( 0.000000000000000000, -0.8428701722350326886, -0.6806039017622530496 ) ) ;
#2084 = LINE ( 'NONE', #296, #419 ) ;
#2085 = VECTOR ( 'NONE', #876, 1000.000000000000000 ) ;
#2086 = ORIENTED_EDGE ( 'NONE', *, *, #895, .T. ) ;
#2087 = CARTESIAN_POINT ( 'NONE',  ( 0.05000000000000000278, 1.028695472155690016, -0.003605426484353424672 ) ) ;
#2088 = MECHANICAL_DESIGN_GEOMETRIC_PRESENTATION_REPRESENTATION (  '', ( #330 ), #844 ) ;
#2089 = EDGE_CURVE ( 'NONE', #1997, #3151, #940, .T. ) ;
#2090 = CARTESIAN_POINT ( 'NONE',  ( 0.000000000000000000, -1.072274243819122175, -0.2999105714851171833 ) ) ;
#2091 = VERTEX_POINT ( 'NONE', #3737 ) ;
#2092 = CARTESIAN_POINT ( 'NONE',  ( 1.402500000000000080, 2.105220044031040239, -1.590000000000000080 ) ) ;
#2093 =( NAMED_UNIT ( * ) SI_UNIT ( $, .STERADIAN. ) SOLID_ANGLE_UNIT ( ) );
#2094 = EDGE_CURVE ( 'NONE', #829, #2860, #160, .T. ) ;
#2095 = CARTESIAN_POINT ( 'NONE',  ( -6.776263578034402713E-18, -1.083607047266987422, -0.7092391024150523915 ) ) ;
#2096 = VECTOR ( 'NONE', #1905, 1000.000000000000000 ) ;
#2097 = ORIENTED_EDGE ( 'NONE', *, *, #2488, .F. ) ;
#2098 = VECTOR ( 'NONE', #3213, 1000.000000000000000 ) ;
#2099 = CARTESIAN_POINT ( 'NONE',  ( 0.05000000000000000278, -1.137693872511340576, -0.5027932386826221567 ) ) ;
#2100 = CARTESIAN_POINT ( 'NONE',  ( 0.05000000000000000278, -0.4136122201520026631, -0.8369387598176866172 ) ) ;
#2101 = LINE ( 'NONE', #1999, #289 ) ;
#2102 = CARTESIAN_POINT ( 'NONE',  ( 2.705000000000000515, -2.935000000000000053, 1.750000000000000000 ) ) ;
#2103 = COLOUR_RGB ( '',0.1098039215686274495, 0.1098039215686274495, 0.1098039215686274495 ) ;
#2104 = ORIENTED_EDGE ( 'NONE', *, *, #2057, .F. ) ;
#2105 = ORIENTED_EDGE ( 'NONE', *, *, #1195, .T. ) ;
#2106 = LINE ( 'NONE', #3499, #2168 ) ;
#2107 = CARTESIAN_POINT ( 'NONE',  ( 0.000000000000000000, -0.9264005875525999079, -0.6259608707132388039 ) ) ;
#2108 = MECHANICAL_DESIGN_GEOMETRIC_PRESENTATION_REPRESENTATION (  '', ( #2325 ), #1520 ) ;
#2109 = COLOUR_RGB ( '',0.1098039215686274495, 0.1098039215686274495, 0.1098039215686274495 ) ;
#2110 = CARTESIAN_POINT ( 'NONE',  ( 0.000000000000000000, -0.7927039994058432404, -0.6822830751107112901 ) ) ;
#2111 = EDGE_LOOP ( 'NONE', ( #512, #4019, #118, #617 ) ) ;
#2112 = SURFACE_STYLE_FILL_AREA ( #2181 ) ;
#2113 = DIRECTION ( 'NONE',  ( 0.000000000000000000, -0.000000000000000000, -1.000000000000000000 ) ) ;
#2114 = VECTOR ( 'NONE', #1461, 1000.000000000000000 ) ;
#2115 = ADVANCED_FACE ( 'NONE', ( #850 ), #2277, .T. ) ;
#2116 = ORIENTED_EDGE ( 'NONE', *, *, #734, .T. ) ;
#2117 = CARTESIAN_POINT ( 'NONE',  ( 2.705000000000000515, 1.935000000000000053, -1.750000000000000000 ) ) ;
#2118 = FACE_OUTER_BOUND ( 'NONE', #298, .T. ) ;
#2119 = SURFACE_SIDE_STYLE ('',( #73 ) ) ;
#2120 = CARTESIAN_POINT ( 'NONE',  ( 0.000000000000000000, -0.09562799992534763704, -0.02222370254268759074 ) ) ;
#2121 = CIRCLE ( 'NONE', #1465, 0.09999999999999982514 ) ;
#2122 = ORIENTED_EDGE ( 'NONE', *, *, #1060, .T. ) ;
#2123 = CARTESIAN_POINT ( 'NONE',  ( 0.000000000000000000, -1.029999745548452195, -0.2542044907207654525 ) ) ;
#2124 = FACE_OUTER_BOUND ( 'NONE', #2457, .T. ) ;
#2125 = CYLINDRICAL_SURFACE ( 'NONE', #4335, 0.09999999999999982514 ) ;
#2126 = EDGE_CURVE ( 'NONE', #2353, #407, #4163, .T. ) ;
#2127 = ORIENTED_EDGE ( 'NONE', *, *, #1214, .T. ) ;
#2128 = ORIENTED_EDGE ( 'NONE', *, *, #4505, .T. ) ;
#2129 = DIRECTION ( 'NONE',  ( 0.000000000000000000, 0.000000000000000000, 1.000000000000000000 ) ) ;
#2130 = CARTESIAN_POINT ( 'NONE',  ( 3.000000000000000000, 3.330000000000000515, 1.590000000000000080 ) ) ;
#2131 = B_SPLINE_CURVE_WITH_KNOTS ( 'NONE', 3,
 ( #2904, #3057, #873, #2273, #4465, #971, #459, #1853, #3243, #111, #4326 ),
 .UNSPECIFIED., .F., .F.,
 ( 4, 1, 1, 1, 1, 1, 1, 1, 4 ),
 ( 0.000000000000000000, 0.1381355455281891853, 0.2684506686800455788, 0.3942530064338335416, 0.5180986679418649876, 0.6385184547224835860, 0.7569658908781737860, 0.8772747938537114321, 1.000000000000000000 ),
 .UNSPECIFIED. ) ;
#2132 = CARTESIAN_POINT ( 'NONE',  ( 0.000000000000000000, -0.7168621609059413480, -0.6479544175809375250 ) ) ;
#2133 = EDGE_LOOP ( 'NONE', ( #93, #1165, #3137, #2954 ) ) ;
#2134 = DIRECTION ( 'NONE',  ( 0.000000000000000000, 0.000000000000000000, -1.000000000000000000 ) ) ;
#2135 = LINE ( 'NONE', #92, #123 ) ;
#2136 =( LENGTH_UNIT ( ) NAMED_UNIT ( * ) SI_UNIT ( .MILLI., .METRE. ) );
#2137 = ORIENTED_EDGE ( 'NONE', *, *, #1814, .F. ) ;
#2138 = CARTESIAN_POINT ( 'NONE',  ( 2.705000000000000515, 1.935000000000000053, 1.750000000000000000 ) ) ;
#2139 = DIRECTION ( 'NONE',  ( -1.000000000000000000, 0.000000000000000000, 0.000000000000000000 ) ) ;
#2140 = CARTESIAN_POINT ( 'NONE',  ( 2.700000000000000178, -3.230000000000000426, 1.590000000000000080 ) ) ;
#2141 =( NAMED_UNIT ( * ) PLANE_ANGLE_UNIT ( ) SI_UNIT ( $, .RADIAN. ) );
#2142 = EDGE_LOOP ( 'NONE', ( #4516, #4125, #85, #4362 ) ) ;
#2143 = CARTESIAN_POINT ( 'NONE',  ( 0.05000000000000000278, -1.104906377689093055, -0.3532394056084792733 ) ) ;
#2144 = LINE ( 'NONE', #4539, #1514 ) ;
#2145 = FILL_AREA_STYLE ('',( #1847 ) ) ;
#2146 = PRESENTATION_STYLE_ASSIGNMENT (( #3495 ) ) ;
#2147 = ORIENTED_EDGE ( 'NONE', *, *, #3982, .F. ) ;
#2148 = EDGE_LOOP ( 'NONE', ( #173, #1489, #932 ) ) ;
#2149 = CARTESIAN_POINT ( 'NONE',  ( 0.000000000000000000, 0.2466441901044077178, 0.1630612401823134383 ) ) ;
#2150 = DIRECTION ( 'NONE',  ( -1.000000000000000000, 0.000000000000000000, 0.000000000000000000 ) ) ;
#2151 = DIRECTION ( 'NONE',  ( -0.000000000000000000, 0.000000000000000000, 1.000000000000000000 ) ) ;
#2152 = EDGE_CURVE ( 'NONE', #1094, #963, #4002, .T. ) ;
#2153 = CARTESIAN_POINT ( 'NONE',  ( 0.05000000000000000278, 0.06715701061722821608, -0.4010413239202507141 ) ) ;
#2154 = ORIENTED_EDGE ( 'NONE', *, *, #2597, .F. ) ;
#2155 = DIRECTION ( 'NONE',  ( -1.000000000000000000, 0.000000000000000000, 0.000000000000000000 ) ) ;
#2156 = LINE ( 'NONE', #2543, #4088 ) ;
#2157 = AXIS2_PLACEMENT_3D ( 'NONE', #400, #1795, #4287 ) ;
#2158 = EDGE_LOOP ( 'NONE', ( #686, #2357, #100, #266, #1122 ) ) ;
#2159 = CARTESIAN_POINT ( 'NONE',  ( 0.000000000000000000, 0.6440800875403053238, -0.8369387598176868392 ) ) ;
#2160 = CARTESIAN_POINT ( 'NONE',  ( 0.05000000000000000278, -0.5522340150237976530, -0.3918265803305069905 ) ) ;
#2161 = DIRECTION ( 'NONE',  ( 1.000000000000000000, 3.933613324210450841E-16, 0.000000000000000000 ) ) ;
#2162 = MECHANICAL_DESIGN_GEOMETRIC_PRESENTATION_REPRESENTATION (  '', ( #2890 ), #2818 ) ;
#2163 = FACE_OUTER_BOUND ( 'NONE', #2547, .T. ) ;
#2164 = CARTESIAN_POINT ( 'NONE',  ( 2.705000000000000515, -1.935000000000000053, -1.750000000000000000 ) ) ;
#2165 = CARTESIAN_POINT ( 'NONE',  ( 0.05000000000000000278, -0.4713045278443104280, -0.5933490162279428937 ) ) ;
#2166 = CARTESIAN_POINT ( 'NONE',  ( 0.000000000000000000, -1.016221972506522908, -0.7858030937956262951 ) ) ;
#2167 = LINE ( 'NONE', #3850, #1651 ) ;
#2168 = VECTOR ( 'NONE', #760, 1000.000000000000000 ) ;
#2169 = VECTOR ( 'NONE', #4328, 1000.000000000000000 ) ;
#2170 = ORIENTED_EDGE ( 'NONE', *, *, #866, .F. ) ;
#2171 = VECTOR ( 'NONE', #2668, 1000.000000000000000 ) ;
#2172 = ORIENTED_EDGE ( 'NONE', *, *, #2064, .F. ) ;
#2173 = CARTESIAN_POINT ( 'NONE',  ( 0.000000000000000000, -0.1892532457930282686, -0.1185894008433276137 ) ) ;
#2174 = CARTESIAN_POINT ( 'NONE',  ( 0.000000000000000000, -0.3247309176994986890, 0.03796318930316216339 ) ) ;
#2175 =( NAMED_UNIT ( * ) PLANE_ANGLE_UNIT ( ) SI_UNIT ( $, .RADIAN. ) );
#2176 = UNCERTAINTY_MEASURE_WITH_UNIT (LENGTH_MEASURE( 1.000000000000000082E-05 ), #1771, 'distance_accuracy_value', 'NONE');
#2177 = ADVANCED_FACE ( 'NONE', ( #2248 ), #3092, .T. ) ;
#2178 = CARTESIAN_POINT ( 'NONE',  ( 0.05000000000000000278, -0.7340598291681725840, -0.6608333960288058639 ) ) ;
#2179 = EDGE_LOOP ( 'NONE', ( #3283, #2393, #4107, #3496 ) ) ;
#2180 = AXIS2_PLACEMENT_3D ( 'NONE', #573, #3331, #155 ) ;
#2181 = FILL_AREA_STYLE ('',( #3529 ) ) ;
#2182 = CARTESIAN_POINT ( 'NONE',  ( 0.05000000000000000278, -0.2642923092881221403, -0.3396361017329196375 ) ) ;
#2183 = CIRCLE ( 'NONE', #3874, 0.2000000000000005107 ) ;
#2184 = EDGE_CURVE ( 'NONE', #1871, #994, #3359, .T. ) ;
#2185 = SURFACE_STYLE_USAGE ( .BOTH. , #395 ) ;
#2186 = VERTEX_POINT ( 'NONE', #245 ) ;
#2187 = DIRECTION ( 'NONE',  ( -1.761828530288947861E-15, 0.000000000000000000, -1.000000000000000000 ) ) ;
#2188 = VECTOR ( 'NONE', #2621, 1000.000000000000000 ) ;
#2189 = PLANE ( 'NONE',  #4258 ) ;
#2190 = CARTESIAN_POINT ( 'NONE',  ( 0.05000000000000000278, -0.7149155993336994142, -0.8530353260751494249 ) ) ;
#2191 = STYLED_ITEM ( 'NONE', ( #1020 ), #3695 ) ;
#2192 = CYLINDRICAL_SURFACE ( 'NONE', #992, 0.1000000000000000472 ) ;
#2193 = CARTESIAN_POINT ( 'NONE',  ( 0.05000000000000000278, -1.137971194510977169, -0.5146230546894813296 ) ) ;
#2194 = SURFACE_STYLE_FILL_AREA ( #2145 ) ;
#2195 = COLOUR_RGB ( '',0.7529411764705882248, 0.7529411764705882248, 0.7529411764705882248 ) ;
#2196 = AXIS2_PLACEMENT_3D ( 'NONE', #4076, #467, #4339 ) ;
#2197 = VERTEX_POINT ( 'NONE', #2382 ) ;
#2198 = EDGE_CURVE ( 'NONE', #3950, #3883, #961, .T. ) ;
#2199 = ORIENTED_EDGE ( 'NONE', *, *, #1588, .F. ) ;
#2200 = LINE ( 'NONE', #3594, #4158 ) ;
#2201 = FILL_AREA_STYLE_COLOUR ( '', #510 ) ;
#2202 = DIRECTION ( 'NONE',  ( 0.000000000000000000, 0.000000000000000000, -1.000000000000000000 ) ) ;
#2203 = ORIENTED_EDGE ( 'NONE', *, *, #3258, .F. ) ;
#2204 = CARTESIAN_POINT ( 'NONE',  ( 0.05000000000000000278, -0.8138526047673874109, -0.6830926059715326515 ) ) ;
#2205 = PRESENTATION_STYLE_ASSIGNMENT (( #2505 ) ) ;
#2206 = EDGE_LOOP ( 'NONE', ( #1159, #1453, #3166, #1746 ) ) ;
#2207 = CARTESIAN_POINT ( 'NONE',  ( 0.09999999999999982514, 3.135000000000000231, -3.234999999999999432 ) ) ;
#2208 = DIRECTION ( 'NONE',  ( 0.000000000000000000, 0.000000000000000000, 1.000000000000000000 ) ) ;
#2209 =( NAMED_UNIT ( * ) PLANE_ANGLE_UNIT ( ) SI_UNIT ( $, .RADIAN. ) );
#2210 = EDGE_CURVE ( 'NONE', #1917, #3424, #2039, .T. ) ;
#2211 = CARTESIAN_POINT ( 'NONE',  ( 0.05000000000000000278, -0.1697051755459263733, -0.06132863504338164490 ) ) ;
#2212 = DIRECTION ( 'NONE',  ( 0.000000000000000000, 0.8923808708064829842, -0.4512830391435770361 ) ) ;
#2213 = DIRECTION ( 'NONE',  ( 0.000000000000000000, -1.000000000000000000, 0.000000000000000000 ) ) ;
#2214 = ORIENTED_EDGE ( 'NONE', *, *, #894, .T. ) ;
#2215 = ORIENTED_EDGE ( 'NONE', *, *, #4543, .F. ) ;
#2216 = CARTESIAN_POINT ( 'NONE',  ( 0.05000000000000000278, -0.1320613601397225834, -0.03257395354794962589 ) ) ;
#2217 = CARTESIAN_POINT ( 'NONE',  ( 0.000000000000000000, 0.006259574719792314682, -0.4010413239202507141 ) ) ;
#2218 = CARTESIAN_POINT ( 'NONE',  ( 0.000000000000000000, 0.6440800875403053238, 0.1630612401823132163 ) ) ;
#2219 = ORIENTED_EDGE ( 'NONE', *, *, #2001, .F. ) ;
#2220 = CARTESIAN_POINT ( 'NONE',  ( 2.805000000000000160, 3.234999999999999876, 1.750000000000000000 ) ) ;
#2221 = CARTESIAN_POINT ( 'NONE',  ( 0.05000000000000000278, 0.06715701061722821608, -0.2215541444330711984 ) ) ;
#2222 = CARTESIAN_POINT ( 'NONE',  ( -0.000000000000000000, -0.8067564985457331694, -0.6828209796926413278 ) ) ;
#2223 = CARTESIAN_POINT ( 'NONE',  ( 0.000000000000000000, -0.2263805207990742252, -0.3623038731498103293 ) ) ;
#2224 = ORIENTED_EDGE ( 'NONE', *, *, #2896, .F. ) ;
#2225 = DIRECTION ( 'NONE',  ( 2.168404344971012812E-15, -1.000000000000000000, 0.000000000000000000 ) ) ;
#2226 = DIRECTION ( 'NONE',  ( 0.000000000000000000, 0.9746736483397868689, 0.2236320174572720421 ) ) ;
#2227 = EDGE_CURVE ( 'NONE', #1475, #738, #1637, .T. ) ;
#2228 = CIRCLE ( 'NONE', #984, 0.1000000000000002554 ) ;
#2229 = DIRECTION ( 'NONE',  ( -1.000000000000000000, 0.000000000000000000, 0.000000000000000000 ) ) ;
#2230 = EDGE_CURVE ( 'NONE', #151, #3142, #3834, .T. ) ;
#2231 = PRESENTATION_STYLE_ASSIGNMENT (( #3347 ) ) ;
#2232 = DIRECTION ( 'NONE',  ( 0.000000000000000000, 0.000000000000000000, -1.000000000000000000 ) ) ;
#2233 = EDGE_CURVE ( 'NONE', #3771, #1409, #1326, .T. ) ;
#2234 = LINE ( 'NONE', #4360, #4406 ) ;
#2235 = COLOUR_RGB ( '',0.1098039215686274495, 0.1098039215686274495, 0.1098039215686274495 ) ;
#2236 = ORIENTED_EDGE ( 'NONE', *, *, #2365, .F. ) ;
#2237 = EDGE_LOOP ( 'NONE', ( #3212, #1782, #2534, #3064 ) ) ;
#2238 = VECTOR ( 'NONE', #294, 1000.000000000000000 ) ;
#2239 = CARTESIAN_POINT ( 'NONE',  ( 0.05000000000000000278, -0.1890496660430744380, -0.1132896427400946898 ) ) ;
#2240 = EDGE_CURVE ( 'NONE', #1896, #2081, #2084, .T. ) ;
#2241 = DIRECTION ( 'NONE',  ( -1.000000000000000000, -0.000000000000000000, -0.000000000000000000 ) ) ;
#2242 = DIRECTION ( 'NONE',  ( 0.000000000000000000, 0.2022968521692535826, -0.9793242484501295531 ) ) ;
#2243 = VECTOR ( 'NONE', #2866, 1000.000000000000000 ) ;
#2244 = FACE_BOUND ( 'NONE', #4422, .T. ) ;
#2245 = VERTEX_POINT ( 'NONE', #3783 ) ;
#2246 = FILL_AREA_STYLE_COLOUR ( '', #2745 ) ;
#2247 = CARTESIAN_POINT ( 'NONE',  ( 0.000000000000000000, -0.5522340150237976530, -0.3918265803305069905 ) ) ;
#2248 = FACE_OUTER_BOUND ( 'NONE', #2646, .T. ) ;
#2249 = AXIS2_PLACEMENT_3D ( 'NONE', #783, #2519, #388 ) ;
#2250 = COLOUR_RGB ( '',0.1098039215686274495, 0.1098039215686274495, 0.1098039215686274495 ) ;
#2251 = CARTESIAN_POINT ( 'NONE',  ( 0.000000000000000000, -0.1828429893827718533, -0.3806086316125583680 ) ) ;
#2252 = VERTEX_POINT ( 'NONE', #3756 ) ;
#2253 = CARTESIAN_POINT ( 'NONE',  ( 0.05000000000000000278, 1.028695472155690016, -0.003605426484353424672 ) ) ;
#2254 = CARTESIAN_POINT ( 'NONE',  ( 2.805000000000000160, -3.135000000000000231, 3.235000000000000320 ) ) ;
#2255 = DIRECTION ( 'NONE',  ( 0.000000000000000000, 1.000000000000000000, -0.000000000000000000 ) ) ;
#2256 = CARTESIAN_POINT ( 'NONE',  ( 0.000000000000000000, -0.7888687071335221956, -0.1882710174577776063 ) ) ;
#2257 = VECTOR ( 'NONE', #2979, 1000.000000000000000 ) ;
#2258 = UNCERTAINTY_MEASURE_WITH_UNIT (LENGTH_MEASURE( 1.000000000000000082E-05 ), #1270, 'distance_accuracy_value', 'NONE');
#2259 = LINE ( 'NONE', #3657, #3385 ) ;
#2260 = CARTESIAN_POINT ( 'NONE',  ( 0.05000000000000000278, -1.052031003618993488, -0.2759898041182960449 ) ) ;
#2261 = DIRECTION ( 'NONE',  ( 1.000000000000000000, 0.000000000000000000, 0.000000000000000000 ) ) ;
#2262 = DIRECTION ( 'NONE',  ( -0.000000000000000000, -0.000000000000000000, 1.000000000000000000 ) ) ;
#2263 = VECTOR ( 'NONE', #1648, 1000.000000000000000 ) ;
#2264 = EDGE_CURVE ( 'NONE', #3121, #2881, #621, .T. ) ;
#2265 = ORIENTED_EDGE ( 'NONE', *, *, #449, .T. ) ;
#2266 = VERTEX_POINT ( 'NONE', #3067 ) ;
#2267 = CARTESIAN_POINT ( 'NONE',  ( 6.776263578034402713E-18, -0.1187654557111687825, -0.02752750525601641018 ) ) ;
#2268 = SURFACE_SIDE_STYLE ('',( #913 ) ) ;
#2269 = DIRECTION ( 'NONE',  ( -1.000000000000000000, 0.000000000000000000, 0.000000000000000000 ) ) ;
#2270 = EDGE_CURVE ( 'NONE', #2413, #385, #644, .T. ) ;
#2271 = STYLED_ITEM ( 'NONE', ( #361 ), #4234 ) ;
#2272 = EDGE_CURVE ( 'NONE', #2356, #641, #3049, .T. ) ;
#2273 = CARTESIAN_POINT ( 'NONE',  ( 0.05000000000000000278, -0.7013384737160052174, -0.6323398837873476230 ) ) ;
#2274 = ORIENTED_EDGE ( 'NONE', *, *, #1171, .T. ) ;
#2275 = DIRECTION ( 'NONE',  ( -1.000000000000000000, 0.000000000000000000, -0.000000000000000000 ) ) ;
#2276 = LINE ( 'NONE', #3694, #699 ) ;
#2277 = PLANE ( 'NONE',  #2023 ) ;
#2278 = DIRECTION ( 'NONE',  ( 0.000000000000000000, 1.000000000000000000, -4.336808689942024836E-15 ) ) ;
#2279 = ORIENTED_EDGE ( 'NONE', *, *, #1214, .F. ) ;
#2280 = CARTESIAN_POINT ( 'NONE',  ( 0.000000000000000000, 0.2466441901044077178, -0.8369387598176866172 ) ) ;
#2281 = LINE ( 'NONE', #2343, #3046 ) ;
#2282 = LINE ( 'NONE', #536, #2694 ) ;
#2283 = LINE ( 'NONE', #3700, #147 ) ;
#2284 = FACE_OUTER_BOUND ( 'NONE', #2003, .T. ) ;
#2285 = CARTESIAN_POINT ( 'NONE',  ( 2.805000000000000160, -3.135000000000000231, 3.135000000000000675 ) ) ;
#2286 = CARTESIAN_POINT ( 'NONE',  ( 0.05000000000000000278, -0.07258232583003265681, -0.2183585093075395833 ) ) ;
#2287 = CARTESIAN_POINT ( 'NONE',  ( 1.402500000000000080, -3.330000000000000515, -1.590000000000000080 ) ) ;
#2288 = EDGE_LOOP ( 'NONE', ( #2810, #549, #104, #2809 ) ) ;
#2289 = ORIENTED_EDGE ( 'NONE', *, *, #2210, .F. ) ;
#2290 = CARTESIAN_POINT ( 'NONE',  ( 3.000000000000000000, -2.130000000000000338, -1.590000000000000080 ) ) ;
#2291 = ADVANCED_FACE ( 'NONE', ( #2739 ), #3811, .F. ) ;
#2292 = CARTESIAN_POINT ( 'NONE',  ( 2.799999999999999822, -2.130000000000000338, -1.590000000000000080 ) ) ;
#2293 = VERTEX_POINT ( 'NONE', #2838 ) ;
#2294 = DIRECTION ( 'NONE',  ( -0.000000000000000000, -0.000000000000000000, -1.000000000000000000 ) ) ;
#2295 = CARTESIAN_POINT ( 'NONE',  ( 0.05000000000000000278, -0.4713045278443104280, -0.5933490162279428937 ) ) ;
#2296 = ADVANCED_FACE ( 'NONE', ( #3181 ), #3908, .F. ) ;
#2297 = CARTESIAN_POINT ( 'NONE',  ( 0.05000000000000000278, -0.3105206389565347003, -0.2985686257641163022 ) ) ;
#2298 = EDGE_LOOP ( 'NONE', ( #2224, #3104, #2905, #2035, #4278, #2637, #25 ) ) ;
#2299 =( NAMED_UNIT ( * ) PLANE_ANGLE_UNIT ( ) SI_UNIT ( $, .RADIAN. ) );
#2300 = FILL_AREA_STYLE_COLOUR ( '', #2606 ) ;
#2301 = CARTESIAN_POINT ( 'NONE',  ( 2.805000000000000160, -1.935000000000000053, -1.750000000000000000 ) ) ;
#2302 = UNCERTAINTY_MEASURE_WITH_UNIT (LENGTH_MEASURE( 1.000000000000000082E-05 ), #1403, 'distance_accuracy_value', 'NONE');
#2303 = DIRECTION ( 'NONE',  ( 0.000000000000000000, 0.000000000000000000, -1.000000000000000000 ) ) ;
#2304 = SURFACE_STYLE_FILL_AREA ( #2593 ) ;
#2305 = CARTESIAN_POINT ( 'NONE',  ( 0.05000000000000000278, -0.05120521768309635458, -0.2204185484326552924 ) ) ;
#2306 = AXIS2_PLACEMENT_3D ( 'NONE', #3892, #1906, #2139 ) ;
#2307 = ORIENTED_EDGE ( 'NONE', *, *, #2763, .F. ) ;
#2308 = FILL_AREA_STYLE ('',( #3285 ) ) ;
#2309 = FACE_OUTER_BOUND ( 'NONE', #464, .T. ) ;
#2310 = DIRECTION ( 'NONE',  ( -0.000000000000000000, -0.000000000000000000, 1.000000000000000000 ) ) ;
#2311 = COLOUR_RGB ( '',0.1098039215686274495, 0.1098039215686274495, 0.1098039215686274495 ) ;
#2312 = ADVANCED_FACE ( 'NONE', ( #411 ), #2499, .T. ) ;
#2313 = MECHANICAL_DESIGN_GEOMETRIC_PRESENTATION_REPRESENTATION (  '', ( #3628 ), #1639 ) ;
#2314 = ORIENTED_EDGE ( 'NONE', *, *, #4128, .F. ) ;
#2315 = FACE_OUTER_BOUND ( 'NONE', #4300, .T. ) ;
#2316 = CARTESIAN_POINT ( 'NONE',  ( 0.000000000000000000, 0.000000000000000000, 0.000000000000000000 ) ) ;
#2317 = STYLED_ITEM ( 'NONE', ( #3708 ), #1477 ) ;
#2318 = EDGE_CURVE ( 'NONE', #2724, #2356, #1098, .T. ) ;
#2319 = CARTESIAN_POINT ( 'NONE',  ( 0.05000000000000000278, -0.3511378128307968138, -0.2293252658392100074 ) ) ;
#2320 = EDGE_LOOP ( 'NONE', ( #1787, #2557, #66, #3018 ) ) ;
#2321 = VECTOR ( 'NONE', #3627, 1000.000000000000000 ) ;
#2322 = ADVANCED_FACE ( 'NONE', ( #3545 ), #805, .F. ) ;
#2323 = DIRECTION ( 'NONE',  ( 0.000000000000000000, 0.000000000000000000, 1.000000000000000000 ) ) ;
#2324 = CARTESIAN_POINT ( 'NONE',  ( 0.05000000000000000278, 0.06715701061722821608, -0.4010413239202507141 ) ) ;
#2325 = STYLED_ITEM ( 'NONE', ( #2146 ), #2729 ) ;
#2326 = DIRECTION ( 'NONE',  ( -1.000000000000000000, -0.000000000000000000, -0.000000000000000000 ) ) ;
#2327 = SURFACE_STYLE_FILL_AREA ( #519 ) ;
#2328 = CIRCLE ( 'NONE', #3796, 0.1000000000000002554 ) ;
#2329 = EDGE_LOOP ( 'NONE', ( #16, #1027, #1711, #3217 ) ) ;
#2330 = LINE ( 'NONE', #3443, #3561 ) ;
#2331 = LINE ( 'NONE', #1982, #4263 ) ;
#2332 = CARTESIAN_POINT ( 'NONE',  ( 2.763578643762689691, -3.193578643762690739, 3.234999999999999876 ) ) ;
#2333 = VECTOR ( 'NONE', #1978, 1000.000000000000000 ) ;
#2334 = EDGE_CURVE ( 'NONE', #2428, #3151, #176, .T. ) ;
#2335 = ORIENTED_EDGE ( 'NONE', *, *, #2454, .F. ) ;
#2336 = CARTESIAN_POINT ( 'NONE',  ( 0.000000000000000000, 0.8235672670274848395, -0.003605426484353424672 ) ) ;
#2337 = CARTESIAN_POINT ( 'NONE',  ( 0.000000000000000000, 1.028695472155690016, -0.003605426484353424672 ) ) ;
#2338 = CARTESIAN_POINT ( 'NONE',  ( 0.05000000000000000278, -1.132577810179866473, -0.5849006978280139046 ) ) ;
#2339 =( GEOMETRIC_REPRESENTATION_CONTEXT ( 3 ) GLOBAL_UNCERTAINTY_ASSIGNED_CONTEXT ( ( #2070 ) ) GLOBAL_UNIT_ASSIGNED_CONTEXT ( ( #3370, #2604, #4066 ) ) REPRESENTATION_CONTEXT ( 'NONE', 'WORKASPACE' ) );
#2340 = CARTESIAN_POINT ( 'NONE',  ( 0.05000000000000000278, -0.9185840758167398423, -0.4069902703899717644 ) ) ;
#2341 = EDGE_LOOP ( 'NONE', ( #152, #770, #1181, #3393 ) ) ;
#2342 = CARTESIAN_POINT ( 'NONE',  ( 1.402500000000000302, 3.135000000000000231, 1.750000000000000000 ) ) ;
#2343 = CARTESIAN_POINT ( 'NONE',  ( 2.900000000000000355, -3.430000000000000160, 1.590000000000000080 ) ) ;
#2344 = ADVANCED_FACE ( 'NONE', ( #196 ), #4365, .F. ) ;
#2345 = UNCERTAINTY_MEASURE_WITH_UNIT (LENGTH_MEASURE( 1.000000000000000082E-05 ), #538, 'distance_accuracy_value', 'NONE');
#2346 = CARTESIAN_POINT ( 'NONE',  ( 0.05000000000000000278, -0.3350670739379364993, 0.02079304372095234013 ) ) ;
#2347 = LINE ( 'NONE', #1287, #2960 ) ;
#2348 = CARTESIAN_POINT ( 'NONE',  ( 2.504999999999999449, 3.135000000000000675, 1.750000000000000000 ) ) ;
#2349 = FACE_OUTER_BOUND ( 'NONE', #1493, .T. ) ;
#2350 = EDGE_CURVE ( 'NONE', #3847, #2061, #3689, .T. ) ;
#2351 = CARTESIAN_POINT ( 'NONE',  ( -6.776263578034402713E-18, -0.9024095605471755821, -0.8489187725464165668 ) ) ;
#2352 = EDGE_CURVE ( 'NONE', #222, #1656, #2998, .T. ) ;
#2353 = VERTEX_POINT ( 'NONE', #1231 ) ;
#2354 = CARTESIAN_POINT ( 'NONE',  ( 2.705000000000000515, 3.135000000000000231, 3.135000000000000675 ) ) ;
#2355 = CARTESIAN_POINT ( 'NONE',  ( 1.402500000000000080, -3.234999999999999876, 3.235000000000000320 ) ) ;
#2356 = VERTEX_POINT ( 'NONE', #843 ) ;
#2357 = ORIENTED_EDGE ( 'NONE', *, *, #504, .T. ) ;
#2358 = DIRECTION ( 'NONE',  ( 0.000000000000000000, 1.000000000000000000, 0.000000000000000000 ) ) ;
#2359 = CARTESIAN_POINT ( 'NONE',  ( 0.05000000000000000278, -1.125150681690464394, -0.003605426484353099412 ) ) ;
#2360 = SURFACE_STYLE_FILL_AREA ( #1379 ) ;
#2361 = ORIENTED_EDGE ( 'NONE', *, *, #105, .T. ) ;
#2362 = FACE_OUTER_BOUND ( 'NONE', #2148, .T. ) ;
#2363 = CARTESIAN_POINT ( 'NONE',  ( 0.05000000000000000278, -0.07258232583003265681, -0.2183585093075395833 ) ) ;
#2364 = B_SPLINE_CURVE_WITH_KNOTS ( 'NONE', 3,
 ( #3589, #4312, #1844, #817, #77, #10, #2489 ),
 .UNSPECIFIED., .F., .F.,
 ( 4, 1, 1, 1, 4 ),
 ( 0.000000000000000000, 0.2636630635207410922, 0.5231302484245177187, 0.7670950153782094549, 1.000000000000000000 ),
 .UNSPECIFIED. ) ;
#2365 = EDGE_CURVE ( 'NONE', #3883, #1665, #524, .T. ) ;
#2366 = CARTESIAN_POINT ( 'NONE',  ( 0.05000000000000000278, -0.2251037196591944012, 0.1264774862737393091 ) ) ;
#2367 = ORIENTED_EDGE ( 'NONE', *, *, #864, .T. ) ;
#2368 = EDGE_CURVE ( 'NONE', #1173, #2443, #1296, .T. ) ;
#2369 = CARTESIAN_POINT ( 'NONE',  ( 0.05000000000000000278, -0.4713045278443104280, -0.5933490162279428937 ) ) ;
#2370 = CARTESIAN_POINT ( 'NONE',  ( 0.05000000000000000278, -0.6357623295936737362, -0.8224786695850841989 ) ) ;
#2371 = CARTESIAN_POINT ( 'NONE',  ( 0.09999999999999982514, 3.135000000000000675, 3.235000000000000320 ) ) ;
#2372 = EDGE_CURVE ( 'NONE', #840, #130, #1574, .T. ) ;
#2373 = EDGE_LOOP ( 'NONE', ( #1057, #2578, #1134, #3273 ) ) ;
#2374 = CARTESIAN_POINT ( 'NONE',  ( 0.000000000000000000, -0.9185840758167398423, -0.4069902703899717644 ) ) ;
#2375 = DIRECTION ( 'NONE',  ( -0.000000000000000000, -0.000000000000000000, 1.000000000000000000 ) ) ;
#2376 = EDGE_CURVE ( 'NONE', #865, #977, #1256, .T. ) ;
#2377 = EDGE_LOOP ( 'NONE', ( #4272, #1854, #4047, #1570 ) ) ;
#2378 = ORIENTED_EDGE ( 'NONE', *, *, #3363, .F. ) ;
#2379 = AXIS2_PLACEMENT_3D ( 'NONE', #2619, #1219, #3724 ) ;
#2380 = CARTESIAN_POINT ( 'NONE',  ( 0.09999999999999982514, 3.135000000000000231, 3.135000000000000675 ) ) ;
#2381 = CARTESIAN_POINT ( 'NONE',  ( 0.000000000000000000, 0.03750957471979228519, 0.1630612401823134383 ) ) ;
#2382 = CARTESIAN_POINT ( 'NONE',  ( 0.000000000000000000, -0.8138526047673874109, -0.6830926059715326515 ) ) ;
#2383 =( GEOMETRIC_REPRESENTATION_CONTEXT ( 3 ) GLOBAL_UNCERTAINTY_ASSIGNED_CONTEXT ( ( #2016 ) ) GLOBAL_UNIT_ASSIGNED_CONTEXT ( ( #4433, #2299, #3720 ) ) REPRESENTATION_CONTEXT ( 'NONE', 'WORKASPACE' ) );
#2384 = LINE ( 'NONE', #2010, #648 ) ;
#2385 = ORIENTED_EDGE ( 'NONE', *, *, #1458, .T. ) ;
#2386 = CARTESIAN_POINT ( 'NONE',  ( 0.05000000000000000278, -0.002754848357130741492, -0.2215541444330711984 ) ) ;
#2387 = FACE_OUTER_BOUND ( 'NONE', #2967, .T. ) ;
#2388 = AXIS2_PLACEMENT_3D ( 'NONE', #267, #2407, #1659 ) ;
#2389 = COLOUR_RGB ( '',0.1098039215686274495, 0.1098039215686274495, 0.1098039215686274495 ) ;
#2390 = AXIS2_PLACEMENT_3D ( 'NONE', #3551, #1143, #768 ) ;
#2391 = UNCERTAINTY_MEASURE_WITH_UNIT (LENGTH_MEASURE( 1.000000000000000082E-05 ), #228, 'distance_accuracy_value', 'NONE');
#2392 = CARTESIAN_POINT ( 'NONE',  ( 2.032879073410320814E-17, -0.04123777512353334757, 0.1614273687631261334 ) ) ;
#2393 = ORIENTED_EDGE ( 'NONE', *, *, #1720, .F. ) ;
#2394 = DIRECTION ( 'NONE',  ( 0.000000000000000000, -0.000000000000000000, 1.000000000000000000 ) ) ;
#2395 = LINE ( 'NONE', #4081, #579 ) ;
#2396 = CARTESIAN_POINT ( 'NONE',  ( -6.776263578034402713E-18, -0.8036362586135413766, -0.8625797854587120561 ) ) ;
#2397 = MECHANICAL_DESIGN_GEOMETRIC_PRESENTATION_REPRESENTATION (  '', ( #1806 ), #4237 ) ;
#2398 = MECHANICAL_DESIGN_GEOMETRIC_PRESENTATION_REPRESENTATION (  '', ( #4390 ), #2475 ) ;
#2399 = FILL_AREA_STYLE_COLOUR ( '', #4461 ) ;
#2400 = VERTEX_POINT ( 'NONE', #4347 ) ;
#2401 = CARTESIAN_POINT ( 'NONE',  ( 0.05000000000000000278, -0.3247309176994986890, 0.03796318930316216339 ) ) ;
#2402 = CARTESIAN_POINT ( 'NONE',  ( -6.776263578034402713E-18, -0.8823427101936597294, -0.6654577673570309937 ) ) ;
#2403 = EDGE_CURVE ( 'NONE', #3852, #1917, #197, .T. ) ;
#2404 = ORIENTED_EDGE ( 'NONE', *, *, #1131, .F. ) ;
#2405 = ORIENTED_EDGE ( 'NONE', *, *, #97, .F. ) ;
#2406 =( GEOMETRIC_REPRESENTATION_CONTEXT ( 3 ) GLOBAL_UNCERTAINTY_ASSIGNED_CONTEXT ( ( #4142 ) ) GLOBAL_UNIT_ASSIGNED_CONTEXT ( ( #1066, #378, #4246 ) ) REPRESENTATION_CONTEXT ( 'NONE', 'WORKASPACE' ) );
#2407 = DIRECTION ( 'NONE',  ( -0.000000000000000000, -0.000000000000000000, -1.000000000000000000 ) ) ;
#2408 = CARTESIAN_POINT ( 'NONE',  ( 0.05000000000000000278, -0.7315859598779568262, -0.3984324215727803042 ) ) ;
#2409 = ADVANCED_FACE ( 'NONE', ( #3642, #4024 ), #3355, .T. ) ;
#2410 = EDGE_CURVE ( 'NONE', #2658, #2438, #221, .T. ) ;
#2411 =( GEOMETRIC_REPRESENTATION_CONTEXT ( 3 ) GLOBAL_UNCERTAINTY_ASSIGNED_CONTEXT ( ( #4501 ) ) GLOBAL_UNIT_ASSIGNED_CONTEXT ( ( #1431, #3559, #2093 ) ) REPRESENTATION_CONTEXT ( 'NONE', 'WORKASPACE' ) );
#2412 = DIRECTION ( 'NONE',  ( 0.000000000000000000, 0.000000000000000000, 1.000000000000000000 ) ) ;
#2413 = VERTEX_POINT ( 'NONE', #870 ) ;
#2414 = LINE ( 'NONE', #2042, #3553 ) ;
#2415 = CARTESIAN_POINT ( 'NONE',  ( 0.05000000000000000278, -0.1868088556123242427, -0.1440678563023697623 ) ) ;
#2416 = CIRCLE ( 'NONE', #2045, 0.04999999999999991257 ) ;
#2417 = CARTESIAN_POINT ( 'NONE',  ( -0.000000000000000000, -0.8455194980023212903, -0.1833362604882861902 ) ) ;
#2418 = ORIENTED_EDGE ( 'NONE', *, *, #3982, .T. ) ;
#2419 = FILL_AREA_STYLE_COLOUR ( '', #2887 ) ;
#2420 = CARTESIAN_POINT ( 'NONE',  ( 0.000000000000000000, -0.8036362586135413766, -0.8625797854587120561 ) ) ;
#2421 = CARTESIAN_POINT ( 'NONE',  ( 2.705000000000000515, 1.935000000000000053, -1.750000000000000000 ) ) ;
#2422 = CARTESIAN_POINT ( 'NONE',  ( 0.05000000000000000278, -0.8565550062342243143, -0.6769319128830344479 ) ) ;
#2423 = CARTESIAN_POINT ( 'NONE',  ( 0.05000000000000000278, -0.9281227752806699982, -0.4182536030844687391 ) ) ;
#2424 = ORIENTED_EDGE ( 'NONE', *, *, #1996, .T. ) ;
#2425 = CARTESIAN_POINT ( 'NONE',  ( 0.000000000000000000, -0.9431705472680748104, -0.4438079159037215393 ) ) ;
#2426 = CARTESIAN_POINT ( 'NONE',  ( 0.05000000000000000278, -0.8187989405125004616, -0.6829064408082764492 ) ) ;
#2427 = CARTESIAN_POINT ( 'NONE',  ( 0.05000000000000000278, -0.7080152976496008055, -0.4214082132837368433 ) ) ;
#2428 = VERTEX_POINT ( 'NONE', #3264 ) ;
#2429 = ORIENTED_EDGE ( 'NONE', *, *, #2462, .T. ) ;
#2430 = LINE ( 'NONE', #687, #712 ) ;
#2431 = CARTESIAN_POINT ( 'NONE',  ( 0.000000000000000000, -0.8944209022531376396, -0.6575877297056080817 ) ) ;
#2432 = DIRECTION ( 'NONE',  ( -0.000000000000000000, -0.000000000000000000, -1.000000000000000000 ) ) ;
#2433 = CARTESIAN_POINT ( 'NONE',  ( 0.05000000000000000278, -0.9431705472680748104, -0.4438079159037215393 ) ) ;
#2434 = ORIENTED_EDGE ( 'NONE', *, *, #2001, .T. ) ;
#2435 = SURFACE_SIDE_STYLE ('',( #1035 ) ) ;
#2436 = LINE ( 'NONE', #624, #1366 ) ;
#2437 = CARTESIAN_POINT ( 'NONE',  ( 0.000000000000000000, -1.089874586599898665, -0.3257834125135313230 ) ) ;
#2438 = VERTEX_POINT ( 'NONE', #2218 ) ;
#2439 =( LENGTH_UNIT ( ) NAMED_UNIT ( * ) SI_UNIT ( .MILLI., .METRE. ) );
#2440 = CARTESIAN_POINT ( 'NONE',  ( 0.05000000000000000278, 0.6440800875403053238, -0.8369387598176868392 ) ) ;
#2441 = CARTESIAN_POINT ( 'NONE',  ( 0.05000000000000000278, -1.124977963018808369, -0.6182071190697624452 ) ) ;
#2442 = SURFACE_STYLE_FILL_AREA ( #3416 ) ;
#2443 = VERTEX_POINT ( 'NONE', #2924 ) ;
#2444 = CARTESIAN_POINT ( 'NONE',  ( 0.05000000000000000278, -0.2140929893827717700, -0.8369387598176866172 ) ) ;
#2445 = CARTESIAN_POINT ( 'NONE',  ( 0.05000000000000000278, 0.2466441901044077178, 0.1630612401823134383 ) ) ;
#2446 = ORIENTED_EDGE ( 'NONE', *, *, #2230, .T. ) ;
#2447 = CARTESIAN_POINT ( 'NONE',  ( 0.05000000000000000278, -0.7888687071335221956, -0.1882710174577776063 ) ) ;
#2448 = CARTESIAN_POINT ( 'NONE',  ( 0.000000000000000000, -0.1377500847675819096, 0.1520467427460387710 ) ) ;
#2449 = CARTESIAN_POINT ( 'NONE',  ( 2.799999999999999822, 2.130000000000000338, 1.590000000000000080 ) ) ;
#2450 = ORIENTED_EDGE ( 'NONE', *, *, #2597, .T. ) ;
#2451 = CARTESIAN_POINT ( 'NONE',  ( 0.000000000000000000, 0.06715701061722821608, -0.4010413239202507141 ) ) ;
#2452 = FACE_OUTER_BOUND ( 'NONE', #2320, .T. ) ;
#2453 = AXIS2_PLACEMENT_3D ( 'NONE', #1840, #446, #1454 ) ;
#2454 = EDGE_CURVE ( 'NONE', #2724, #1485, #2025, .T. ) ;
#2455 = EDGE_CURVE ( 'NONE', #3029, #1839, #1738, .T. ) ;
#2456 = EDGE_CURVE ( 'NONE', #2860, #4046, #3617, .T. ) ;
#2457 = EDGE_LOOP ( 'NONE', ( #129, #3408, #3089, #2028 ) ) ;
#2458 = VECTOR ( 'NONE', #1003, 999.9999999999998863 ) ;
#2459 = CARTESIAN_POINT ( 'NONE',  ( 0.000000000000000000, -0.4713045278443104280, -0.5933490162279428937 ) ) ;
#2460 = DIRECTION ( 'NONE',  ( -0.000000000000000000, -1.000000000000000000, 0.000000000000000000 ) ) ;
#2461 = FILL_AREA_STYLE_COLOUR ( '', #885 ) ;
#2462 = EDGE_CURVE ( 'NONE', #661, #440, #133, .T. ) ;
#2463 = VECTOR ( 'NONE', #1374, 1000.000000000000000 ) ;
#2464 = SURFACE_STYLE_USAGE ( .BOTH. , #2872 ) ;
#2465 = VECTOR ( 'NONE', #2056, 1000.000000000000000 ) ;
#2466 = CARTESIAN_POINT ( 'NONE',  ( 0.000000000000000000, -1.104906377689093055, -0.3532394056084792733 ) ) ;
#2467 = DIRECTION ( 'NONE',  ( 0.000000000000000000, 0.000000000000000000, 1.000000000000000000 ) ) ;
#2468 = DIRECTION ( 'NONE',  ( -1.000000000000000000, 4.336808689942025625E-15, 0.000000000000000000 ) ) ;
#2469 = VECTOR ( 'NONE', #1875, 1000.000000000000000 ) ;
#2470 = VERTEX_POINT ( 'NONE', #1551 ) ;
#2471 = ORIENTED_EDGE ( 'NONE', *, *, #2542, .T. ) ;
#2472 = CARTESIAN_POINT ( 'NONE',  ( 0.000000000000000000, -0.1586763905992293611, -0.1916489141381824690 ) ) ;
#2473 = CARTESIAN_POINT ( 'NONE',  ( 0.000000000000000000, -0.1637591216261582994, 0.1470419659048423922 ) ) ;
#2474 = DIRECTION ( 'NONE',  ( 0.000000000000000000, 0.000000000000000000, 1.000000000000000000 ) ) ;
#2475 =( GEOMETRIC_REPRESENTATION_CONTEXT ( 3 ) GLOBAL_UNCERTAINTY_ASSIGNED_CONTEXT ( ( #1117 ) ) GLOBAL_UNIT_ASSIGNED_CONTEXT ( ( #2136, #3862, #1816 ) ) REPRESENTATION_CONTEXT ( 'NONE', 'WORKASPACE' ) );
#2476 = CARTESIAN_POINT ( 'NONE',  ( 0.05000000000000000278, -0.8351753950867520926, -0.3627946284126165599 ) ) ;
#2477 = ORIENTED_EDGE ( 'NONE', *, *, #1443, .F. ) ;
#2478 = CARTESIAN_POINT ( 'NONE',  ( 2.805000000000000160, 1.935000000000000053, 1.750000000000000000 ) ) ;
#2479 = DIRECTION ( 'NONE',  ( -1.000000000000000000, -0.000000000000000000, -0.000000000000000000 ) ) ;
#2480 = ORIENTED_EDGE ( 'NONE', *, *, #3575, .T. ) ;
#2481 = AXIS2_PLACEMENT_3D ( 'NONE', #1107, #447, #2869 ) ;
#2482 = LINE ( 'NONE', #465, #2740 ) ;
#2483 = CARTESIAN_POINT ( 'NONE',  ( 0.000000000000000000, -0.3429157635505463708, -0.2480574791715616789 ) ) ;
#2484 =( NAMED_UNIT ( * ) SI_UNIT ( $, .STERADIAN. ) SOLID_ANGLE_UNIT ( ) );
#2485 = CARTESIAN_POINT ( 'NONE',  ( 0.000000000000000000, -0.1463194531508827945, -0.04045349357721029354 ) ) ;
#2486 = VECTOR ( 'NONE', #1230, 1000.000000000000000 ) ;
#2487 = SURFACE_SIDE_STYLE ('',( #1153 ) ) ;
#2488 = EDGE_CURVE ( 'NONE', #759, #1475, #2946, .T. ) ;
#2489 = CARTESIAN_POINT ( 'NONE',  ( 0.000000000000000000, -0.8348862586135412656, -0.1830926059715325405 ) ) ;
#2490 =( GEOMETRIC_REPRESENTATION_CONTEXT ( 3 ) GLOBAL_UNCERTAINTY_ASSIGNED_CONTEXT ( ( #3299 ) ) GLOBAL_UNIT_ASSIGNED_CONTEXT ( ( #3988, #2209, #3606 ) ) REPRESENTATION_CONTEXT ( 'NONE', 'WORKASPACE' ) );
#2491 = CARTESIAN_POINT ( 'NONE',  ( 0.05000000000000000278, -1.126298655132009330, -0.4132293883579437055 ) ) ;
#2492 = DIRECTION ( 'NONE',  ( 0.000000000000000000, 1.000000000000000000, 0.000000000000000000 ) ) ;
#2493 = CARTESIAN_POINT ( 'NONE',  ( 0.000000000000000000, -1.136969548171612665, -0.5501980198767709718 ) ) ;
#2494 = LINE ( 'NONE', #2102, #3406 ) ;
#2495 = VERTEX_POINT ( 'NONE', #2973 ) ;
#2496 = ORIENTED_EDGE ( 'NONE', *, *, #2544, .F. ) ;
#2497 = CARTESIAN_POINT ( 'NONE',  ( 0.05000000000000000278, -0.8348862586135412656, -0.1830926059715325405 ) ) ;
#2498 = CARTESIAN_POINT ( 'NONE',  ( 0.000000000000000000, -0.3442243984174069849, 0.002830265096990197769 ) ) ;
#2499 = SPHERICAL_SURFACE ( 'NONE', #1515, 0.1000000000000000056 ) ;
#2500 = UNCERTAINTY_MEASURE_WITH_UNIT (LENGTH_MEASURE( 1.000000000000000082E-05 ), #1197, 'distance_accuracy_value', 'NONE');
#2501 = CARTESIAN_POINT ( 'NONE',  ( 0.05000000000000000278, -0.8212644637417463311, -0.3625797854587121116 ) ) ;
#2502 = EDGE_LOOP ( 'NONE', ( #1849, #3570, #2128, #1418 ) ) ;
#2503 = DIRECTION ( 'NONE',  ( 0.000000000000000000, 0.000000000000000000, 1.000000000000000000 ) ) ;
#2504 = CARTESIAN_POINT ( 'NONE',  ( 0.05000000000000000278, -0.1904318808562427412, -0.3777760081510994072 ) ) ;
#2505 = SURFACE_STYLE_USAGE ( .BOTH. , #1146 ) ;
#2506 = ORIENTED_EDGE ( 'NONE', *, *, #2365, .T. ) ;
#2507 = FILL_AREA_STYLE_COLOUR ( '', #2311 ) ;
#2508 = SPHERICAL_SURFACE ( 'NONE', #3507, 0.1000000000000000056 ) ;
#2509 = EDGE_CURVE ( 'NONE', #2673, #1517, #1248, .T. ) ;
#2510 = CARTESIAN_POINT ( 'NONE',  ( 0.05000000000000000278, -0.8487011715956744862, -0.3652197272140745299 ) ) ;
#2511 = ORIENTED_EDGE ( 'NONE', *, *, #2624, .T. ) ;
#2512 = CARTESIAN_POINT ( 'NONE',  ( 0.05000000000000000278, -1.029999745548452195, -0.2542044907207654525 ) ) ;
#2513 = CARTESIAN_POINT ( 'NONE',  ( -6.776263578034402713E-18, -0.9584840150237976530, -0.5208329905869172327 ) ) ;
#2514 = CARTESIAN_POINT ( 'NONE',  ( 0.05000000000000000278, -0.04123777512353334757, 0.1614273687631261334 ) ) ;
#2515 = EDGE_CURVE ( 'NONE', #879, #956, #1722, .T. ) ;
#2516 = ORIENTED_EDGE ( 'NONE', *, *, #2488, .T. ) ;
#2517 = ORIENTED_EDGE ( 'NONE', *, *, #4324, .T. ) ;
#2518 = CARTESIAN_POINT ( 'NONE',  ( 2.800000000000000266, 3.130000000000000338, -1.590000000000000080 ) ) ;
#2519 = DIRECTION ( 'NONE',  ( -1.000000000000000000, 2.168404344971012812E-15, 0.000000000000000000 ) ) ;
#2520 = ADVANCED_FACE ( 'NONE', ( #335 ), #3774, .F. ) ;
#2521 = CARTESIAN_POINT ( 'NONE',  ( 0.000000000000000000, -0.9085019618535126185, -0.3965699073817252618 ) ) ;
#2522 = EDGE_LOOP ( 'NONE', ( #2899, #2765, #3233, #3637 ) ) ;
#2523 = CARTESIAN_POINT ( 'NONE',  ( 1.502500000000000169, -3.430000000000000160, -1.590000000000000080 ) ) ;
#2524 = CARTESIAN_POINT ( 'NONE',  ( 0.05000000000000000278, -0.3662523672292969379, -0.1670382281534639191 ) ) ;
#2525 =( NAMED_UNIT ( * ) SI_UNIT ( $, .STERADIAN. ) SOLID_ANGLE_UNIT ( ) );
#2526 = ORIENTED_EDGE ( 'NONE', *, *, #2000, .F. ) ;
#2527 = CARTESIAN_POINT ( 'NONE',  ( 0.05000000000000000278, 0.000000000000000000, 0.000000000000000000 ) ) ;
#2528 = STYLED_ITEM ( 'NONE', ( #677 ), #593 ) ;
#2529 = DIRECTION ( 'NONE',  ( 0.000000000000000000, -0.000000000000000000, 1.000000000000000000 ) ) ;
#2530 = STYLED_ITEM ( 'NONE', ( #3274 ), #763 ) ;
#2531 = CARTESIAN_POINT ( 'NONE',  ( 0.05000000000000000278, -0.8743278639594338486, -0.3733239880748113193 ) ) ;
#2532 = LINE ( 'NONE', #799, #800 ) ;
#2533 = VECTOR ( 'NONE', #2082, 1000.000000000000000 ) ;
#2534 = ORIENTED_EDGE ( 'NONE', *, *, #3693, .F. ) ;
#2535 = VECTOR ( 'NONE', #3538, 1000.000000000000000 ) ;
#2536 = VERTEX_POINT ( 'NONE', #3750 ) ;
#2537 = CARTESIAN_POINT ( 'NONE',  ( 2.705000000000000515, 3.234999999999999876, 3.235000000000000320 ) ) ;
#2538 = AXIS2_PLACEMENT_3D ( 'NONE', #2581, #1599, #1615 ) ;
#2539 = LINE ( 'NONE', #2153, #3209 ) ;
#2540 = ORIENTED_EDGE ( 'NONE', *, *, #3155, .T. ) ;
#2541 = LINE ( 'NONE', #45, #1071 ) ;
#2542 = EDGE_CURVE ( 'NONE', #865, #903, #1320, .T. ) ;
#2543 = CARTESIAN_POINT ( 'NONE',  ( 0.05000000000000000278, 0.9215239977967155660, 0.1630612401823132163 ) ) ;
#2544 = EDGE_CURVE ( 'NONE', #3906, #1039, #998, .T. ) ;
#2545 = STYLED_ITEM ( 'NONE', ( #1204 ), #3119 ) ;
#2546 = DIRECTION ( 'NONE',  ( 0.000000000000000000, -0.000000000000000000, 1.000000000000000000 ) ) ;
#2547 = EDGE_LOOP ( 'NONE', ( #3304, #3671, #4051, #574 ) ) ;
#2548 = CARTESIAN_POINT ( 'NONE',  ( 2.504999999999999449, -2.935000000000000053, -1.750000000000000000 ) ) ;
#2549 = VECTOR ( 'NONE', #150, 1000.000000000000000 ) ;
#2550 = FACE_OUTER_BOUND ( 'NONE', #4518, .T. ) ;
#2551 = STYLED_ITEM ( 'NONE', ( #796 ), #3816 ) ;
#2552 = DIRECTION ( 'NONE',  ( 0.000000000000000000, 0.000000000000000000, 1.000000000000000000 ) ) ;
#2553 = FILL_AREA_STYLE_COLOUR ( '', #4306 ) ;
#2554 = CARTESIAN_POINT ( 'NONE',  ( 2.700000000000000178, 3.230000000000000870, 1.590000000000000080 ) ) ;
#2555 = DIRECTION ( 'NONE',  ( 0.000000000000000000, 0.000000000000000000, -1.000000000000000000 ) ) ;
#2556 = ORIENTED_EDGE ( 'NONE', *, *, #2871, .T. ) ;
#2557 = ORIENTED_EDGE ( 'NONE', *, *, #3161, .F. ) ;
#2558 = CARTESIAN_POINT ( 'NONE',  ( 6.776263578034402713E-18, -0.1886497713498153372, -0.1028792500486759576 ) ) ;
#2559 = DIRECTION ( 'NONE',  ( 0.000000000000000000, 1.000000000000000000, 0.000000000000000000 ) ) ;
#2560 = DIRECTION ( 'NONE',  ( -1.000000000000000000, 0.000000000000000000, 0.000000000000000000 ) ) ;
#2561 = EDGE_CURVE ( 'NONE', #3677, #2772, #238, .T. ) ;
#2562 = DIRECTION ( 'NONE',  ( 0.000000000000000000, 0.000000000000000000, -1.000000000000000000 ) ) ;
#2563 = ORIENTED_EDGE ( 'NONE', *, *, #1111, .T. ) ;
#2564 = CARTESIAN_POINT ( 'NONE',  ( 0.05000000000000000278, 0.06715701061722821608, -0.2215541444330711984 ) ) ;
#2565 = CARTESIAN_POINT ( 'NONE',  ( 2.705000000000000515, -3.234999999999999876, 3.235000000000000320 ) ) ;
#2566 = LINE ( 'NONE', #2204, #3399 ) ;
#2567 = DIRECTION ( 'NONE',  ( -0.000000000000000000, -0.000000000000000000, -1.000000000000000000 ) ) ;
#2568 = ORIENTED_EDGE ( 'NONE', *, *, #1251, .F. ) ;
#2569 = CARTESIAN_POINT ( 'NONE',  ( 0.1000000000000000056, -3.135000000000000231, -3.134999999999999787 ) ) ;
#2570 = B_SPLINE_SURFACE_WITH_KNOTS ( 'NONE', 3, 1, ( 
 ( #2741, #1033 ),
 ( #1305, #4119 ),
 ( #345, #4164 ),
 ( #1009, #672 ),
 ( #2065, #3021 ),
 ( #319, #1710 ),
 ( #2433, #3114 ),
 ( #3836, #1282 ),
 ( #4095, #942 ),
 ( #2340, #1405 ),
 ( #3502, #2521 ),
 ( #2864, #1100 ),
 ( #4230, #43 ),
 ( #3230, #765 ),
 ( #3956, #369 ),
 ( #2880, #1763 ),
 ( #2476, #439 ),
 ( #3162, #2794 ),
 ( #2501, #807 ) ),
 .UNSPECIFIED., .F., .F., .F.,
 ( 4, 1, 1, 1, 1, 1, 1, 1, 1, 1, 1, 1, 1, 1, 1, 1, 4 ),
 ( 2, 2 ),
 ( 0.000000000000000000, 0.07290044517819292691, 0.1420035572776732202, 0.2092423139433869650, 0.2745916364776389007, 0.3384167658000732382, 0.4016927893975336672, 0.4649339725645665333, 0.5282564202501484063, 0.5906850240741912117, 0.6509338176697205824, 0.7096511349919861766, 0.7671803338107784365, 0.8241642198597891600, 0.8817508553548618622, 0.9399466216156888709, 0.9999999999999998890 ),
 ( 0.000000000000000000, 1.000000000000000000 ),
 .UNSPECIFIED. ) ;
#2571 = CARTESIAN_POINT ( 'NONE',  ( 2.705000000000000515, -1.935000000000000053, -1.750000000000000000 ) ) ;
#2572 = CARTESIAN_POINT ( 'NONE',  ( 1.502500000000000169, 3.430000000000000160, -1.590000000000000080 ) ) ;
#2573 = CARTESIAN_POINT ( 'NONE',  ( 0.000000000000000000, -0.7783092805295361849, -0.1912211122540348751 ) ) ;
#2574 = DIRECTION ( 'NONE',  ( 2.168404344971012812E-15, -1.000000000000000000, 0.000000000000000000 ) ) ;
#2575 = CARTESIAN_POINT ( 'NONE',  ( 0.05000000000000000278, -1.072274243819122175, -0.2999105714851171833 ) ) ;
#2576 = CARTESIAN_POINT ( 'NONE',  ( 0.05000000000000000278, 0.6440800875403053238, 0.1630612401823132163 ) ) ;
#2577 = EDGE_LOOP ( 'NONE', ( #434, #2790, #915, #288 ) ) ;
#2578 = ORIENTED_EDGE ( 'NONE', *, *, #3631, .F. ) ;
#2579 = FACE_OUTER_BOUND ( 'NONE', #396, .T. ) ;
#2580 = LINE ( 'NONE', #804, #4464 ) ;
#2581 = CARTESIAN_POINT ( 'NONE',  ( 1.652500000000000080, -3.180000000000000160, 1.590000000000000080 ) ) ;
#2582 = FACE_OUTER_BOUND ( 'NONE', #1158, .T. ) ;
#2583 = VERTEX_POINT ( 'NONE', #1342 ) ;
#2584 = DIRECTION ( 'NONE',  ( 0.000000000000000000, 0.000000000000000000, -1.000000000000000000 ) ) ;
#2585 = CARTESIAN_POINT ( 'NONE',  ( 0.000000000000000000, -0.3226155016723158964, -0.2826197816291839415 ) ) ;
#2586 = CARTESIAN_POINT ( 'NONE',  ( 0.05000000000000000278, -0.9024095605471755821, -0.8489187725464165668 ) ) ;
#2587 = CARTESIAN_POINT ( 'NONE',  ( 3.000000000000000000, -2.130000000000000338, 1.590000000000000080 ) ) ;
#2588 = ORIENTED_EDGE ( 'NONE', *, *, #1227, .F. ) ;
#2589 = FILL_AREA_STYLE ('',( #2981 ) ) ;
#2590 = CARTESIAN_POINT ( 'NONE',  ( 0.05000000000000000278, 0.06715701061722821608, -0.8369387598176866172 ) ) ;
#2591 = SURFACE_STYLE_FILL_AREA ( #3680 ) ;
#2592 = AXIS2_PLACEMENT_3D ( 'NONE', #3626, #1518, #3604 ) ;
#2593 = FILL_AREA_STYLE ('',( #2962 ) ) ;
#2594 = DIRECTION ( 'NONE',  ( 0.000000000000000000, 0.000000000000000000, -1.000000000000000000 ) ) ;
#2595 = EDGE_CURVE ( 'NONE', #2252, #1871, #1811, .T. ) ;
#2596 = FACE_OUTER_BOUND ( 'NONE', #4426, .T. ) ;
#2597 = EDGE_CURVE ( 'NONE', #1917, #4211, #4445, .T. ) ;
#2598 = CIRCLE ( 'NONE', #781, 0.09999999999999982514 ) ;
#2599 = ORIENTED_EDGE ( 'NONE', *, *, #3636, .F. ) ;
#2600 = ORIENTED_EDGE ( 'NONE', *, *, #4043, .T. ) ;
#2601 = STYLED_ITEM ( 'NONE', ( #3335 ), #1167 ) ;
#2602 = CARTESIAN_POINT ( 'NONE',  ( 0.05000000000000000278, -0.01477523017655320292, -0.01658703383335530246 ) ) ;
#2603 = CIRCLE ( 'NONE', #634, 0.09999999999999982514 ) ;
#2604 =( NAMED_UNIT ( * ) PLANE_ANGLE_UNIT ( ) SI_UNIT ( $, .RADIAN. ) );
#2605 = DIRECTION ( 'NONE',  ( -0.000000000000000000, -0.000000000000000000, -1.000000000000000000 ) ) ;
#2606 = COLOUR_RGB ( '',0.1098039215686274495, 0.1098039215686274495, 0.1098039215686274495 ) ;
#2607 = CARTESIAN_POINT ( 'NONE',  ( 0.09999999999999982514, 3.234999999999999876, -3.234999999999999432 ) ) ;
#2608 = VERTEX_POINT ( 'NONE', #4514 ) ;
#2609 = CARTESIAN_POINT ( 'NONE',  ( 0.000000000000000000, -0.8212644637417463311, -0.3625797854587121116 ) ) ;
#2610 = FILL_AREA_STYLE ('',( #3649 ) ) ;
#2611 = VECTOR ( 'NONE', #1703, 1000.000000000000000 ) ;
#2612 = CARTESIAN_POINT ( 'NONE',  ( 0.05000000000000000278, -0.3685564360865559164, -0.1288761780226504727 ) ) ;
#2613 = ORIENTED_EDGE ( 'NONE', *, *, #3430, .T. ) ;
#2614 = SURFACE_SIDE_STYLE ('',( #924 ) ) ;
#2615 = CARTESIAN_POINT ( 'NONE',  ( 0.000000000000000000, -0.8046958118349366584, -0.1854107794035396717 ) ) ;
#2616 = AXIS2_PLACEMENT_3D ( 'NONE', #4050, #3618, #1316 ) ;
#2617 = PRODUCT_DEFINITION_CONTEXT ( 'detailed design', #1180, 'design' ) ;
#2618 = VECTOR ( 'NONE', #3324, 1000.000000000000000 ) ;
#2619 = CARTESIAN_POINT ( 'NONE',  ( 1.402500000000000302, -3.135000000000000231, -1.750000000000000000 ) ) ;
#2620 = CARTESIAN_POINT ( 'NONE',  ( 3.000000000000000000, 2.130000000000000338, 1.590000000000000080 ) ) ;
#2621 = DIRECTION ( 'NONE',  ( -1.000000000000000000, -0.000000000000000000, -0.000000000000000000 ) ) ;
#2622 = CYLINDRICAL_SURFACE ( 'NONE', #3356, 0.09999999999999982514 ) ;
#2623 =( GEOMETRIC_REPRESENTATION_CONTEXT ( 3 ) GLOBAL_UNCERTAINTY_ASSIGNED_CONTEXT ( ( #3928 ) ) GLOBAL_UNIT_ASSIGNED_CONTEXT ( ( #960, #1149, #1861 ) ) REPRESENTATION_CONTEXT ( 'NONE', 'WORKASPACE' ) );
#2624 = EDGE_CURVE ( 'NONE', #3906, #581, #2692, .T. ) ;
#2625 = EDGE_LOOP ( 'NONE', ( #112, #3284, #2842, #3999 ) ) ;
#2626 = ORIENTED_EDGE ( 'NONE', *, *, #4123, .T. ) ;
#2627 = STYLED_ITEM ( 'NONE', ( #3014 ), #4100 ) ;
#2628 = CARTESIAN_POINT ( 'NONE',  ( 6.776263578034402713E-18, -0.001085536226234237733, -0.01648118361160308062 ) ) ;
#2629 = FILL_AREA_STYLE ('',( #3710 ) ) ;
#2630 = CARTESIAN_POINT ( 'NONE',  ( 0.05000000000000000278, -0.8161751541107885588, -0.3627728964936164369 ) ) ;
#2631 = MECHANICAL_DESIGN_GEOMETRIC_PRESENTATION_REPRESENTATION (  '', ( #4045 ), #1908 ) ;
#2632 = VERTEX_POINT ( 'NONE', #955 ) ;
#2633 = CARTESIAN_POINT ( 'NONE',  ( 0.000000000000000000, -0.7609757526175400244, -0.3784373073668557685 ) ) ;
#2634 = DIRECTION ( 'NONE',  ( 0.000000000000000000, -1.000000000000000000, 0.000000000000000000 ) ) ;
#2635 = CARTESIAN_POINT ( 'NONE',  ( 0.05000000000000000278, -0.8375609459896468101, -0.8616319570688759644 ) ) ;
#2636 = CARTESIAN_POINT ( 'NONE',  ( 0.000000000000000000, -0.3681956668114636511, -0.1443331690296619230 ) ) ;
#2637 = ORIENTED_EDGE ( 'NONE', *, *, #3136, .F. ) ;
#2638 = LINE ( 'NONE', #534, #3934 ) ;
#2639 = PLANE ( 'NONE',  #3118 ) ;
#2640 = CARTESIAN_POINT ( 'NONE',  ( 0.000000000000000000, -0.8200140416784283959, -0.1834552362854924845 ) ) ;
#2641 = CARTESIAN_POINT ( 'NONE',  ( 1.602500000000000258, -3.180000000000000160, 1.590000000000000080 ) ) ;
#2642 = CARTESIAN_POINT ( 'NONE',  ( 0.05000000000000000278, -0.8455194980023212903, -0.1833362604882861902 ) ) ;
#2643 = LINE ( 'NONE', #214, #136 ) ;
#2644 = EDGE_CURVE ( 'NONE', #1727, #2785, #312, .T. ) ;
#2645 = B_SPLINE_SURFACE_WITH_KNOTS ( 'NONE', 3, 1, ( 
 ( #3252, #2984 ),
 ( #1217, #2573 ),
 ( #905, #2256 ),
 ( #4400, #2615 ),
 ( #4036, #2640 ),
 ( #492, #2661 ),
 ( #4059, #1544 ) ),
 .UNSPECIFIED., .F., .F., .F.,
 ( 4, 1, 1, 1, 4 ),
 ( 2, 2 ),
 ( 0.000000000000000000, 0.2636630635207410922, 0.5231302484245177187, 0.7670950153782094549, 1.000000000000000000 ),
 ( 0.000000000000000000, 1.000000000000000000 ),
 .UNSPECIFIED. ) ;
#2646 = EDGE_LOOP ( 'NONE', ( #4282, #1101, #4432 ) ) ;
#2647 = FACE_OUTER_BOUND ( 'NONE', #3088, .T. ) ;
#2648 = DIRECTION ( 'NONE',  ( 0.000000000000000000, 1.000000000000000000, 0.000000000000000000 ) ) ;
#2649 = EDGE_CURVE ( 'NONE', #978, #4225, #4527, .T. ) ;
#2650 = EDGE_CURVE ( 'NONE', #1576, #865, #431, .T. ) ;
#2651 = EDGE_CURVE ( 'NONE', #3613, #801, #2167, .T. ) ;
#2652 = ORIENTED_EDGE ( 'NONE', *, *, #1807, .T. ) ;
#2653 = CARTESIAN_POINT ( 'NONE',  ( -0.000000000000000000, -0.8161751541107885588, -0.3627728964936164369 ) ) ;
#2654 = PLANE ( 'NONE',  #3182 ) ;
#2655 = FILL_AREA_STYLE_COLOUR ( '', #2974 ) ;
#2656 = EDGE_CURVE ( 'NONE', #445, #2091, #2494, .T. ) ;
#2657 = PLANE ( 'NONE',  #1008 ) ;
#2658 = VERTEX_POINT ( 'NONE', #3225 ) ;
#2659 = FACE_OUTER_BOUND ( 'NONE', #952, .T. ) ;
#2660 = SURFACE_STYLE_USAGE ( .BOTH. , #605 ) ;
#2661 = CARTESIAN_POINT ( 'NONE',  ( 0.000000000000000000, -0.8300060997688881725, -0.1832115992286732220 ) ) ;
#2662 = UNCERTAINTY_MEASURE_WITH_UNIT (LENGTH_MEASURE( 1.000000000000000082E-05 ), #177, 'distance_accuracy_value', 'NONE');
#2663 = CARTESIAN_POINT ( 'NONE',  ( 0.05000000000000000278, -0.1065848642534333451, -0.02442563180749515034 ) ) ;
#2664 =( NAMED_UNIT ( * ) PLANE_ANGLE_UNIT ( ) SI_UNIT ( $, .RADIAN. ) );
#2665 = SURFACE_STYLE_FILL_AREA ( #3303 ) ;
#2666 = VECTOR ( 'NONE', #3510, 1000.000000000000000 ) ;
#2667 = ORIENTED_EDGE ( 'NONE', *, *, #1111, .F. ) ;
#2668 = DIRECTION ( 'NONE',  ( -1.000000000000000000, -0.000000000000000000, -0.000000000000000000 ) ) ;
#2669 = CARTESIAN_POINT ( 'NONE',  ( 0.05000000000000000278, 0.6440800875403053238, -0.8369387598176868392 ) ) ;
#2670 = DIRECTION ( 'NONE',  ( -1.000000000000000000, 0.000000000000000000, -0.000000000000000000 ) ) ;
#2671 = AXIS2_PLACEMENT_3D ( 'NONE', #423, #1174, #2225 ) ;
#2672 = AXIS2_PLACEMENT_3D ( 'NONE', #720, #2816, #789 ) ;
#2673 = VERTEX_POINT ( 'NONE', #57 ) ;
#2674 = CARTESIAN_POINT ( 'NONE',  ( 0.09999999999999982514, -3.234999999999999876, 3.135000000000000675 ) ) ;
#2675 = CARTESIAN_POINT ( 'NONE',  ( 0.05000000000000000278, 0.8235672670274848395, -0.003605426484353424672 ) ) ;
#2676 = CARTESIAN_POINT ( 'NONE',  ( 0.05000000000000000278, -1.040982828849748021, -0.7623526034875206525 ) ) ;
#2677 = AXIS2_PLACEMENT_3D ( 'NONE', #1804, #3951, #367 ) ;
#2678 = EDGE_CURVE ( 'NONE', #4064, #1581, #3873, .T. ) ;
#2679 = LINE ( 'NONE', #3452, #1595 ) ;
#2680 = ORIENTED_EDGE ( 'NONE', *, *, #1195, .F. ) ;
#2681 = AXIS2_PLACEMENT_3D ( 'NONE', #3200, #2855, #3466 ) ;
#2682 = FACE_OUTER_BOUND ( 'NONE', #1764, .T. ) ;
#2683 = CARTESIAN_POINT ( 'NONE',  ( 2.705000000000000515, 2.935000000000000053, -1.750000000000000000 ) ) ;
#2684 = SURFACE_STYLE_USAGE ( .BOTH. , #4437 ) ;
#2685 = CARTESIAN_POINT ( 'NONE',  ( 0.05000000000000000278, -0.5475935083048593111, -0.7515219122348455461 ) ) ;
#2686 = AXIS2_PLACEMENT_3D ( 'NONE', #1757, #1826, #3154 ) ;
#2687 = CARTESIAN_POINT ( 'NONE',  ( 0.05000000000000000278, -0.9328654855079856478, -0.8378193541171440328 ) ) ;
#2688 =( GEOMETRIC_REPRESENTATION_CONTEXT ( 3 ) GLOBAL_UNCERTAINTY_ASSIGNED_CONTEXT ( ( #1691 ) ) GLOBAL_UNIT_ASSIGNED_CONTEXT ( ( #1082, #793, #2525 ) ) REPRESENTATION_CONTEXT ( 'NONE', 'WORKASPACE' ) );
#2689 = VERTEX_POINT ( 'NONE', #3921 ) ;
#2690 = DIRECTION ( 'NONE',  ( 0.000000000000000000, 0.000000000000000000, 1.000000000000000000 ) ) ;
#2691 = CARTESIAN_POINT ( 'NONE',  ( 2.705000000000000515, 3.135000000000000231, -3.135000000000000231 ) ) ;
#2692 = LINE ( 'NONE', #2059, #427 ) ;
#2693 = MECHANICAL_DESIGN_GEOMETRIC_PRESENTATION_REPRESENTATION (  '', ( #1304 ), #2406 ) ;
#2694 = VECTOR ( 'NONE', #1930, 1000.000000000000000 ) ;
#2695 = ORIENTED_EDGE ( 'NONE', *, *, #105, .F. ) ;
#2696 = VERTEX_POINT ( 'NONE', #1048 ) ;
#2697 = PLANE ( 'NONE',  #2677 ) ;
#2698 = CARTESIAN_POINT ( 'NONE',  ( 2.504999999999999449, -2.935000000000000053, -1.750000000000000000 ) ) ;
#2699 = CARTESIAN_POINT ( 'NONE',  ( 1.402500000000000302, 3.135000000000000231, 1.750000000000000000 ) ) ;
#2700 = CARTESIAN_POINT ( 'NONE',  ( 2.705000000000000515, 3.135000000000000231, 3.135000000000000675 ) ) ;
#2701 = MECHANICAL_DESIGN_GEOMETRIC_PRESENTATION_REPRESENTATION (  '', ( #2627 ), #2339 ) ;
#2702 = EDGE_CURVE ( 'NONE', #1778, #3037, #778, .T. ) ;
#2703 = EDGE_LOOP ( 'NONE', ( #1306, #3376, #1147, #3058 ) ) ;
#2704 = LINE ( 'NONE', #1990, #1575 ) ;
#2705 = CARTESIAN_POINT ( 'NONE',  ( 3.388131789017201356E-17, -0.1586763905992293611, -0.1916489141381824690 ) ) ;
#2706 = CARTESIAN_POINT ( 'NONE',  ( 2.032879073410320814E-17, -0.2069185610924467178, 0.1344580315913941893 ) ) ;
#2707 = EDGE_LOOP ( 'NONE', ( #3147, #3130, #4206, #4503 ) ) ;
#2708 = CARTESIAN_POINT ( 'NONE',  ( 0.05000000000000000278, -1.133117688364966069, -0.4455996456594342736 ) ) ;
#2709 = CARTESIAN_POINT ( 'NONE',  ( 0.05000000000000000278, -0.8375609459896468101, -0.8616319570688759644 ) ) ;
#2710 = PLANE ( 'NONE',  #3953 ) ;
#2711 = EDGE_LOOP ( 'NONE', ( #3548, #4512, #1959, #3240 ) ) ;
#2712 = CARTESIAN_POINT ( 'NONE',  ( 0.05000000000000000278, -0.2731563063383862233, 0.09577196658084904946 ) ) ;
#2713 = CARTESIAN_POINT ( 'NONE',  ( 0.05000000000000000278, -0.9166625105249284200, -0.6377524111047767619 ) ) ;
#2714 =( LENGTH_UNIT ( ) NAMED_UNIT ( * ) SI_UNIT ( .MILLI., .METRE. ) );
#2715 = ORIENTED_EDGE ( 'NONE', *, *, #2089, .T. ) ;
#2716 = ORIENTED_EDGE ( 'NONE', *, *, #4171, .F. ) ;
#2717 = DIRECTION ( 'NONE',  ( 0.000000000000000000, 0.000000000000000000, 1.000000000000000000 ) ) ;
#2718 = CARTESIAN_POINT ( 'NONE',  ( 0.05000000000000000278, -0.7908203371944474425, -0.3663091403843666827 ) ) ;
#2719 = DIRECTION ( 'NONE',  ( -0.000000000000000000, 0.000000000000000000, -1.000000000000000000 ) ) ;
#2720 = VERTEX_POINT ( 'NONE', #1438 ) ;
#2721 = DIRECTION ( 'NONE',  ( -1.000000000000000000, -0.000000000000000000, -0.000000000000000000 ) ) ;
#2722 = CARTESIAN_POINT ( 'NONE',  ( 3.388131789017201356E-17, -0.1891774710337300047, -0.1230748920161565257 ) ) ;
#2723 = CARTESIAN_POINT ( 'NONE',  ( 2.032879073410320814E-17, -0.1867119488473018840, 0.1413879296500521743 ) ) ;
#2724 = VERTEX_POINT ( 'NONE', #3540 ) ;
#2725 = SURFACE_STYLE_USAGE ( .BOTH. , #3079 ) ;
#2726 = CARTESIAN_POINT ( 'NONE',  ( 0.000000000000000000, -0.5475935083048593111, -0.7515219122348455461 ) ) ;
#2727 = DIRECTION ( 'NONE',  ( -4.140151493978060242E-16, 1.000000000000000000, 0.000000000000000000 ) ) ;
#2728 = CARTESIAN_POINT ( 'NONE',  ( 0.05000000000000000278, -0.9264005875525999079, -0.6259608707132388039 ) ) ;
#2729 = ADVANCED_FACE ( 'NONE', ( #2808 ), #1799, .T. ) ;
#2730 = VERTEX_POINT ( 'NONE', #3519 ) ;
#2731 = CARTESIAN_POINT ( 'NONE',  ( -0.000000000000000000, -0.8259497503520868422, -0.3626521458773130924 ) ) ;
#2732 = CARTESIAN_POINT ( 'NONE',  ( 0.05000000000000000278, -0.8696995157850605507, -0.6718630886623790932 ) ) ;
#2733 = DIRECTION ( 'NONE',  ( 0.000000000000000000, 0.000000000000000000, 1.000000000000000000 ) ) ;
#2734 = ORIENTED_EDGE ( 'NONE', *, *, #240, .T. ) ;
#2735 = ORIENTED_EDGE ( 'NONE', *, *, #3007, .F. ) ;
#2736 = PRESENTATION_LAYER_ASSIGNMENT (  '', '', ( #1132 ) ) ;
#2737 = CARTESIAN_POINT ( 'NONE',  ( 0.05000000000000000278, -0.1828429893827718533, -0.3806086316125583680 ) ) ;
#2738 = CARTESIAN_POINT ( 'NONE',  ( 6.776263578034402713E-18, -0.7032756816904642827, -0.4264820290484557241 ) ) ;
#2739 = FACE_OUTER_BOUND ( 'NONE', #332, .T. ) ;
#2740 = VECTOR ( 'NONE', #1860, 1000.000000000000000 ) ;
#2741 = CARTESIAN_POINT ( 'NONE',  ( 0.05000000000000000278, -0.9584840150237976530, -0.5208329905869172327 ) ) ;
#2742 = ORIENTED_EDGE ( 'NONE', *, *, #1863, .F. ) ;
#2743 = PLANE ( 'NONE',  #1941 ) ;
#2744 = CARTESIAN_POINT ( 'NONE',  ( 0.05000000000000000278, -0.1092300839777966270, -0.2127507041394621212 ) ) ;
#2745 = COLOUR_RGB ( '',0.1098039215686274495, 0.1098039215686274495, 0.1098039215686274495 ) ;
#2746 = CIRCLE ( 'NONE', #569, 0.09999999999999982514 ) ;
#2747 = UNCERTAINTY_MEASURE_WITH_UNIT (LENGTH_MEASURE( 1.000000000000000082E-05 ), #4284, 'distance_accuracy_value', 'NONE');
#2748 = CARTESIAN_POINT ( 'NONE',  ( 2.032879073410320814E-17, -0.3247309176994986890, 0.03796318930316216339 ) ) ;
#2749 = ORIENTED_EDGE ( 'NONE', *, *, #1784, .T. ) ;
#2750 = FILL_AREA_STYLE ('',( #2419 ) ) ;
#2751 = CARTESIAN_POINT ( 'NONE',  ( 0.05000000000000000278, -0.5886198530773033566, -0.7910057924980206101 ) ) ;
#2752 = PRESENTATION_STYLE_ASSIGNMENT (( #4507 ) ) ;
#2753 = CARTESIAN_POINT ( 'NONE',  ( 0.05000000000000000278, -1.136969548171612665, -0.5501980198767709718 ) ) ;
#2754 = VECTOR ( 'NONE', #2007, 1000.000000000000000 ) ;
#2755 = ADVANCED_FACE ( 'NONE', ( #1776 ), #1476, .T. ) ;
#2756 = EDGE_CURVE ( 'NONE', #635, #178, #1015, .T. ) ;
#2757 = AXIS2_PLACEMENT_3D ( 'NONE', #1369, #2762, #2468 ) ;
#2758 = CARTESIAN_POINT ( 'NONE',  ( 0.05000000000000000278, -0.9486897928468771557, -0.4577810653899677673 ) ) ;
#2759 = VERTEX_POINT ( 'NONE', #2071 ) ;
#2760 = CARTESIAN_POINT ( 'NONE',  ( 0.05000000000000000278, -0.3580125148599806462, -0.03551116182370056551 ) ) ;
#2761 = CARTESIAN_POINT ( 'NONE',  ( 0.05000000000000000278, -0.9423831301385804382, -0.6000009205978904525 ) ) ;
#2762 = DIRECTION ( 'NONE',  ( 4.336808689942024836E-15, 1.000000000000000000, -0.000000000000000000 ) ) ;
#2763 = EDGE_CURVE ( 'NONE', #178, #84, #4003, .T. ) ;
#2764 = ORIENTED_EDGE ( 'NONE', *, *, #264, .T. ) ;
#2765 = ORIENTED_EDGE ( 'NONE', *, *, #3581, .F. ) ;
#2766 = LINE ( 'NONE', #1344, #2463 ) ;
#2767 = CARTESIAN_POINT ( 'NONE',  ( -0.000000000000000000, -0.8187989405125004616, -0.6829064408082764492 ) ) ;
#2768 = DIRECTION ( 'NONE',  ( 0.000000000000000000, -0.4512830391435769806, -0.8923808708064828732 ) ) ;
#2769 = AXIS2_PLACEMENT_3D ( 'NONE', #4104, #3439, #950 ) ;
#2770 = B_SPLINE_CURVE_WITH_KNOTS ( 'NONE', 3,
 ( #3749, #1998, #4132, #974, #4490, #260, #3013, #1613, #1318, #3059, #636, #1340, #4468, #2712, #4152, #996, #3105, #2401, #3802, #663, #1367, #2760, #1416, #360, #1729, #3131, #754 ),
 .UNSPECIFIED., .F., .F.,
 ( 4, 1, 1, 1, 1, 1, 1, 1, 1, 1, 1, 1, 1, 1, 1, 1, 1, 1, 1, 1, 1, 1, 1, 1, 4 ),
 ( 0.000000000000000000, 0.07287656621198564111, 0.1401621650698975652, 0.2022428547172497315, 0.2588508735258551186, 0.3107782990887945074, 0.3570369703898487179, 0.3984482124332923703, 0.4352986896860691068, 0.4695068157526312014, 0.5030546218222752275, 0.5361580172086396479, 0.5696022233209742103, 0.6030186249063085313, 0.6366328623401583675, 0.6708898636481450684, 0.7059620260679915216, 0.7413420378233699370, 0.7764512846880475827, 0.8121451715970781082, 0.8479949655728686864, 0.8845415022472715716, 0.9219874970927943725, 0.9602049799472630598, 1.000000000000000000 ),
 .UNSPECIFIED. ) ;
#2771 =( LENGTH_UNIT ( ) NAMED_UNIT ( * ) SI_UNIT ( .MILLI., .METRE. ) );
#2772 = VERTEX_POINT ( 'NONE', #1452 ) ;
#2773 = FILL_AREA_STYLE_COLOUR ( '', #2235 ) ;
#2774 = CARTESIAN_POINT ( 'NONE',  ( 3.388131789017201356E-17, -0.09189120871183077688, -0.2157554545867146345 ) ) ;
#2775 = AXIS2_PLACEMENT_3D ( 'NONE', #454, #382, #2555 ) ;
#2776 = COLOUR_RGB ( '',0.1098039215686274495, 0.1098039215686274495, 0.1098039215686274495 ) ;
#2777 = B_SPLINE_CURVE_WITH_KNOTS ( 'NONE', 3,
 ( #3139, #2767, #3066, #2083, #4474, #4208, #669, #2431, #3782, #1325, #2107, #3450, #316, #1402, #3833, #1707, #688, #2793, #269 ),
 .UNSPECIFIED., .F., .F.,
 ( 4, 1, 1, 1, 1, 1, 1, 1, 1, 1, 1, 1, 1, 1, 1, 1, 4 ),
 ( 0.000000000000000000, 0.06116154996539654304, 0.1203363801759608082, 0.1783898341784807273, 0.2358655101693932221, 0.2941823526725292903, 0.3532419669828835151, 0.4136922142579408379, 0.4761376879043048294, 0.5394336096482434950, 0.6023842390965559179, 0.6644303114771669128, 0.7277262332211058560, 0.7924691057685016027, 0.8591605019104374685, 0.9281559975465448753, 0.9999999999999998890 ),
 .UNSPECIFIED. ) ;
#2778 = CARTESIAN_POINT ( 'NONE',  ( 0.05000000000000000278, -0.3661106485893030893, -0.07684399139896563868 ) ) ;
#2779 = ORIENTED_EDGE ( 'NONE', *, *, #1404, .T. ) ;
#2780 = FACE_OUTER_BOUND ( 'NONE', #3752, .T. ) ;
#2781 = CARTESIAN_POINT ( 'NONE',  ( 0.05000000000000000278, -1.116862144609138241, -0.3824492166261509452 ) ) ;
#2782 = CARTESIAN_POINT ( 'NONE',  ( 0.05000000000000000278, -0.6764327329725156046, -0.5933490162279428937 ) ) ;
#2783 = CARTESIAN_POINT ( 'NONE',  ( 0.05000000000000000278, -1.114013889693542536, -0.6499314372693418829 ) ) ;
#2784 = CARTESIAN_POINT ( 'NONE',  ( 1.652500000000000080, 3.180000000000000160, 1.590000000000000080 ) ) ;
#2785 = VERTEX_POINT ( 'NONE', #1838 ) ;
#2786 = CARTESIAN_POINT ( 'NONE',  ( 0.05000000000000000278, -0.002754848357130741492, -0.2215541444330711984 ) ) ;
#2787 = CARTESIAN_POINT ( 'NONE',  ( 0.05000000000000000278, -0.9481107739207748075, -0.5856960460430122861 ) ) ;
#2788 = DIRECTION ( 'NONE',  ( -0.000000000000000000, -1.000000000000000000, -0.000000000000000000 ) ) ;
#2789 = EDGE_LOOP ( 'NONE', ( #986, #4231, #723, #460 ) ) ;
#2790 = ORIENTED_EDGE ( 'NONE', *, *, #442, .F. ) ;
#2791 = CARTESIAN_POINT ( 'NONE',  ( 0.000000000000000000, -0.1377688076187750799, -0.2038331510429529370 ) ) ;
#2792 = ADVANCED_FACE ( 'NONE', ( #769 ), #3216, .T. ) ;
#2793 = CARTESIAN_POINT ( 'NONE',  ( -0.000000000000000000, -0.9583874357074090300, -0.5266480601401926087 ) ) ;
#2794 = CARTESIAN_POINT ( 'NONE',  ( 0.000000000000000000, -0.8259497503520868422, -0.3626521458773130924 ) ) ;
#2795 = ORIENTED_EDGE ( 'NONE', *, *, #790, .T. ) ;
#2796 = CARTESIAN_POINT ( 'NONE',  ( 2.504999999999999449, -2.935000000000000053, -1.750000000000000000 ) ) ;
#2797 = ADVANCED_FACE ( 'NONE', ( #1474 ), #1492, .F. ) ;
#2798 = CARTESIAN_POINT ( 'NONE',  ( 3.388131789017201356E-17, -0.1868088556123242427, -0.1440678563023697623 ) ) ;
#2799 = CARTESIAN_POINT ( 'NONE',  ( 0.05000000000000000278, -0.3685320920656475208, -0.09863511255489530727 ) ) ;
#2800 = ORIENTED_EDGE ( 'NONE', *, *, #3034, .T. ) ;
#2801 =( NAMED_UNIT ( * ) PLANE_ANGLE_UNIT ( ) SI_UNIT ( $, .RADIAN. ) );
#2802 = CARTESIAN_POINT ( 'NONE',  ( 0.000000000000000000, -0.2642923092881221403, -0.3396361017329196375 ) ) ;
#2803 = CARTESIAN_POINT ( 'NONE',  ( 2.705000000000000515, 3.135000000000000231, -3.134999999999999787 ) ) ;
#2804 =( NAMED_UNIT ( * ) PLANE_ANGLE_UNIT ( ) SI_UNIT ( $, .RADIAN. ) );
#2805 = CARTESIAN_POINT ( 'NONE',  ( 0.05000000000000000278, -1.089874586599898665, -0.3257834125135313230 ) ) ;
#2806 = CARTESIAN_POINT ( 'NONE',  ( 0.05000000000000000278, 0.06715701061722821608, -0.01642593930486601836 ) ) ;
#2807 = CARTESIAN_POINT ( 'NONE',  ( 1.402500000000000080, 3.234999999999999876, 1.750000000000000000 ) ) ;
#2808 = FACE_OUTER_BOUND ( 'NONE', #2133, .T. ) ;
#2809 = ORIENTED_EDGE ( 'NONE', *, *, #858, .T. ) ;
#2810 = ORIENTED_EDGE ( 'NONE', *, *, #2921, .F. ) ;
#2811 = CARTESIAN_POINT ( 'NONE',  ( 0.000000000000000000, -0.09189120871183077688, -0.2157554545867146345 ) ) ;
#2812 = CARTESIAN_POINT ( 'NONE',  ( 1.602500000000000258, -3.180000000000000160, 1.590000000000000080 ) ) ;
#2813 = CIRCLE ( 'NONE', #2592, 0.1000000000000002554 ) ;
#2814 = CARTESIAN_POINT ( 'NONE',  ( 0.000000000000000000, -0.7013384737160052174, -0.6323398837873476230 ) ) ;
#2815 = EDGE_LOOP ( 'NONE', ( #533, #2405, #1292, #2116 ) ) ;
#2816 = DIRECTION ( 'NONE',  ( 0.000000000000000000, 1.000000000000000000, -0.000000000000000000 ) ) ;
#2817 = CARTESIAN_POINT ( 'NONE',  ( 0.000000000000000000, -0.6874678160677387684, -0.6141338191574905458 ) ) ;
#2818 =( GEOMETRIC_REPRESENTATION_CONTEXT ( 3 ) GLOBAL_UNCERTAINTY_ASSIGNED_CONTEXT ( ( #1245 ) ) GLOBAL_UNIT_ASSIGNED_CONTEXT ( ( #3, #1058, #1142 ) ) REPRESENTATION_CONTEXT ( 'NONE', 'WORKASPACE' ) );
#2819 = ADVANCED_FACE ( 'NONE', ( #3961 ), #3602, .T. ) ;
#2820 = ORIENTED_EDGE ( 'NONE', *, *, #2856, .T. ) ;
#2821 = VECTOR ( 'NONE', #2062, 1000.000000000000000 ) ;
#2822 =( LENGTH_UNIT ( ) NAMED_UNIT ( * ) SI_UNIT ( .MILLI., .METRE. ) );
#2823 = DIRECTION ( 'NONE',  ( 1.000000000000000000, 0.000000000000000000, 0.000000000000000000 ) ) ;
#2824 = DIRECTION ( 'NONE',  ( -0.000000000000000000, -0.000000000000000000, -1.000000000000000000 ) ) ;
#2825 = DIRECTION ( 'NONE',  ( -1.000000000000000000, 0.000000000000000000, 0.000000000000000000 ) ) ;
#2826 = ADVANCED_BREP_SHAPE_REPRESENTATION ( 'BMMA000606301R5MV1', ( #4234, #3663 ), #2490 ) ;
#2827 = VECTOR ( 'NONE', #1046, 1000.000000000000000 ) ;
#2828 = FILL_AREA_STYLE_COLOUR ( '', #2109 ) ;
#2829 = CARTESIAN_POINT ( 'NONE',  ( 0.05000000000000000278, 1.028695472155690016, -0.003605426484353424672 ) ) ;
#2830 = DIRECTION ( 'NONE',  ( -0.000000000000000000, -0.000000000000000000, -1.000000000000000000 ) ) ;
#2831 = DIRECTION ( 'NONE',  ( 0.000000000000000000, -0.000000000000000000, 1.000000000000000000 ) ) ;
#2832 = FACE_OUTER_BOUND ( 'NONE', #2206, .T. ) ;
#2833 = CARTESIAN_POINT ( 'NONE',  ( 2.799999999999999822, 2.130000000000000338, 1.590000000000000080 ) ) ;
#2834 = PRESENTATION_LAYER_ASSIGNMENT (  '', '', ( #271 ) ) ;
#2835 = ORIENTED_EDGE ( 'NONE', *, *, #4544, .F. ) ;
#2836 = ORIENTED_EDGE ( 'NONE', *, *, #1220, .T. ) ;
#2837 = DIRECTION ( 'NONE',  ( 1.000000000000000000, 0.000000000000000000, 0.000000000000000000 ) ) ;
#2838 = CARTESIAN_POINT ( 'NONE',  ( 1.602500000000000258, -3.135000000000000231, 1.589999999999999636 ) ) ;
#2839 = STYLED_ITEM ( 'NONE', ( #3375 ), #2959 ) ;
#2840 = VECTOR ( 'NONE', #1498, 1000.000000000000000 ) ;
#2841 = CARTESIAN_POINT ( 'NONE',  ( 0.05000000000000000278, -0.8138526047673874109, -0.6830926059715326515 ) ) ;
#2842 = ORIENTED_EDGE ( 'NONE', *, *, #1227, .T. ) ;
#2843 = LINE ( 'NONE', #4330, #259 ) ;
#2844 =( GEOMETRIC_REPRESENTATION_CONTEXT ( 3 ) GLOBAL_UNCERTAINTY_ASSIGNED_CONTEXT ( ( #4458 ) ) GLOBAL_UNIT_ASSIGNED_CONTEXT ( ( #3464, #680, #1413 ) ) REPRESENTATION_CONTEXT ( 'NONE', 'WORKASPACE' ) );
#2845 = DIRECTION ( 'NONE',  ( 0.000000000000000000, 0.000000000000000000, -1.000000000000000000 ) ) ;
#2846 = ORIENTED_EDGE ( 'NONE', *, *, #4310, .T. ) ;
#2847 = COLOUR_RGB ( '',0.1098039215686274495, 0.1098039215686274495, 0.1098039215686274495 ) ;
#2848 = FACE_OUTER_BOUND ( 'NONE', #2377, .T. ) ;
#2849 = CARTESIAN_POINT ( 'NONE',  ( 0.05000000000000000278, -0.7732491692848095788, -0.8618031439996431953 ) ) ;
#2850 = VECTOR ( 'NONE', #3901, 1000.000000000000000 ) ;
#2851 = CARTESIAN_POINT ( 'NONE',  ( 0.000000000000000000, -1.125150681690464394, 0.1630612401823135216 ) ) ;
#2852 = CARTESIAN_POINT ( 'NONE',  ( 1.402500000000000302, -3.135000000000000231, 1.590000000000000080 ) ) ;
#2853 = VECTOR ( 'NONE', #1315, 1000.000000000000000 ) ;
#2854 = CARTESIAN_POINT ( 'NONE',  ( 0.000000000000000000, -0.8120497201520028296, -0.003605426484353099412 ) ) ;
#2855 = DIRECTION ( 'NONE',  ( -0.000000000000000000, -0.000000000000000000, -1.000000000000000000 ) ) ;
#2856 = EDGE_CURVE ( 'NONE', #4252, #2186, #3889, .T. ) ;
#2857 = CARTESIAN_POINT ( 'NONE',  ( -6.776263578034402713E-18, -0.9583874357074090300, -0.5266480601401926087 ) ) ;
#2858 = DIRECTION ( 'NONE',  ( -0.000000000000000000, -1.000000000000000000, -0.000000000000000000 ) ) ;
#2859 = ORIENTED_EDGE ( 'NONE', *, *, #555, .F. ) ;
#2860 = VERTEX_POINT ( 'NONE', #3165 ) ;
#2861 = CARTESIAN_POINT ( 'NONE',  ( 0.000000000000000000, -0.1890318564146467317, -0.1316945576486439617 ) ) ;
#2862 = LINE ( 'NONE', #1506, #1017 ) ;
#2863 =( NAMED_UNIT ( * ) PLANE_ANGLE_UNIT ( ) SI_UNIT ( $, .RADIAN. ) );
#2864 = CARTESIAN_POINT ( 'NONE',  ( 0.05000000000000000278, -0.8976403375453761990, -0.3874723394458012837 ) ) ;
#2865 = EDGE_LOOP ( 'NONE', ( #1373, #3115, #3222, #2434 ) ) ;
#2866 = DIRECTION ( 'NONE',  ( -0.000000000000000000, -0.000000000000000000, -1.000000000000000000 ) ) ;
#2867 = FILL_AREA_STYLE ('',( #421 ) ) ;
#2868 = EDGE_LOOP ( 'NONE', ( #3652, #2002, #1989, #3310 ) ) ;
#2869 = DIRECTION ( 'NONE',  ( 1.000000000000000000, 0.000000000000000000, -0.000000000000000000 ) ) ;
#2870 = CARTESIAN_POINT ( 'NONE',  ( 0.000000000000000000, -0.1588059902307147608, -0.05019125404985794181 ) ) ;
#2871 = EDGE_CURVE ( 'NONE', #4343, #3477, #277, .T. ) ;
#2872 = SURFACE_SIDE_STYLE ('',( #3171 ) ) ;
#2873 = FACE_OUTER_BOUND ( 'NONE', #2577, .T. ) ;
#2874 = CARTESIAN_POINT ( 'NONE',  ( 0.000000000000000000, -0.9620698312337992997, -0.8237904713960829683 ) ) ;
#2875 = CARTESIAN_POINT ( 'NONE',  ( 0.05000000000000000278, 0.03750957471979228519, 0.1630612401823134383 ) ) ;
#2876 = EDGE_CURVE ( 'NONE', #3815, #3078, #2328, .T. ) ;
#2877 = ORIENTED_EDGE ( 'NONE', *, *, #1457, .T. ) ;
#2878 = ORIENTED_EDGE ( 'NONE', *, *, #442, .T. ) ;
#2879 =( LENGTH_UNIT ( ) NAMED_UNIT ( * ) SI_UNIT ( .MILLI., .METRE. ) );
#2880 = CARTESIAN_POINT ( 'NONE',  ( 0.05000000000000000278, -0.8487011715956744862, -0.3652197272140745299 ) ) ;
#2881 = VERTEX_POINT ( 'NONE', #4371 ) ;
#2882 = CYLINDRICAL_SURFACE ( 'NONE', #2672, 0.09999999999999982514 ) ;
#2883 = CARTESIAN_POINT ( 'NONE',  ( 0.05000000000000000278, -0.3226155016723158964, -0.2826197816291839415 ) ) ;
#2884 = PRESENTATION_LAYER_ASSIGNMENT (  '', '', ( #3939 ) ) ;
#2885 = CARTESIAN_POINT ( 'NONE',  ( 2.705000000000000515, -1.935000000000000053, -1.750000000000000000 ) ) ;
#2886 = ORIENTED_EDGE ( 'NONE', *, *, #2763, .T. ) ;
#2887 = COLOUR_RGB ( '',0.1098039215686274495, 0.1098039215686274495, 0.1098039215686274495 ) ;
#2888 =( LENGTH_UNIT ( ) NAMED_UNIT ( * ) SI_UNIT ( .MILLI., .METRE. ) );
#2889 = CARTESIAN_POINT ( 'NONE',  ( 0.05000000000000000278, -0.5671703457601255938, -0.7721561231017768367 ) ) ;
#2890 = STYLED_ITEM ( 'NONE', ( #4121 ), #921 ) ;
#2891 = DIRECTION ( 'NONE',  ( 1.000000000000000000, 0.000000000000000000, 0.000000000000000000 ) ) ;
#2892 = VERTEX_POINT ( 'NONE', #3360 ) ;
#2893 = CARTESIAN_POINT ( 'NONE',  ( 0.05000000000000000278, -1.133117688364966069, -0.4455996456594342736 ) ) ;
#2894 = CARTESIAN_POINT ( 'NONE',  ( 0.000000000000000000, -1.114013889693542536, -0.6499314372693418829 ) ) ;
#2895 = PRESENTATION_LAYER_ASSIGNMENT (  '', '', ( #2317 ) ) ;
#2896 = EDGE_CURVE ( 'NONE', #2091, #3677, #2183, .T. ) ;
#2897 = EDGE_LOOP ( 'NONE', ( #1704, #673, #1343, #2137 ) ) ;
#2898 = VECTOR ( 'NONE', #1037, 1000.000000000000000 ) ;
#2899 = ORIENTED_EDGE ( 'NONE', *, *, #1007, .T. ) ;
#2900 = SURFACE_SIDE_STYLE ('',( #4275 ) ) ;
#2901 = CARTESIAN_POINT ( 'NONE',  ( 2.805000000000000160, 3.234999999999999876, 3.235000000000000320 ) ) ;
#2902 = ADVANCED_FACE ( 'NONE', ( #3339 ), #2657, .T. ) ;
#2903 = MECHANICAL_DESIGN_GEOMETRIC_PRESENTATION_REPRESENTATION (  '', ( #1077 ), #1000 ) ;
#2904 = CARTESIAN_POINT ( 'NONE',  ( 0.05000000000000000278, -0.6764327329725156046, -0.5933490162279428937 ) ) ;
#2905 = ORIENTED_EDGE ( 'NONE', *, *, #3398, .F. ) ;
#2906 = VECTOR ( 'NONE', #2605, 1000.000000000000000 ) ;
#2907 = CARTESIAN_POINT ( 'NONE',  ( 0.000000000000000000, -1.125150681690464394, -0.003605426484353099412 ) ) ;
#2908 = CARTESIAN_POINT ( 'NONE',  ( 0.000000000000000000, -0.4788058921470481066, -0.6235881410425717641 ) ) ;
#2909 = CARTESIAN_POINT ( 'NONE',  ( 0.05000000000000000278, -0.3336363682981933199, -0.2659064780529856176 ) ) ;
#2910 = FILL_AREA_STYLE_COLOUR ( '', #2250 ) ;
#2911 = ORIENTED_EDGE ( 'NONE', *, *, #75, .T. ) ;
#2912 = DIRECTION ( 'NONE',  ( 1.000000000000000000, 0.000000000000000000, 0.000000000000000000 ) ) ;
#2913 = COLOUR_RGB ( '',0.1098039215686274495, 0.1098039215686274495, 0.1098039215686274495 ) ;
#2914 = CARTESIAN_POINT ( 'NONE',  ( 0.05000000000000000278, -0.5140836586188295421, -0.7054067479529988471 ) ) ;
#2915 = CARTESIAN_POINT ( 'NONE',  ( 0.05000000000000000278, -0.8351753950867520926, -0.3627946284126165599 ) ) ;
#2916 = CYLINDRICAL_SURFACE ( 'NONE', #3925, 0.1000000000000002554 ) ;
#2917 = LINE ( 'NONE', #2576, #1662 ) ;
#2918 =( NAMED_UNIT ( * ) SI_UNIT ( $, .STERADIAN. ) SOLID_ANGLE_UNIT ( ) );
#2919 = VECTOR ( 'NONE', #13, 1000.000000000000000 ) ;
#2920 = ORIENTED_EDGE ( 'NONE', *, *, #4236, .F. ) ;
#2921 = EDGE_CURVE ( 'NONE', #2495, #1601, #1211, .T. ) ;
#2922 = ORIENTED_EDGE ( 'NONE', *, *, #647, .T. ) ;
#2923 = CARTESIAN_POINT ( 'NONE',  ( 2.705000000000000515, -2.935000000000000053, -1.750000000000000000 ) ) ;
#2924 = CARTESIAN_POINT ( 'NONE',  ( 0.09999999999999982514, -3.135000000000000231, 3.235000000000000320 ) ) ;
#2925 = SURFACE_STYLE_USAGE ( .BOTH. , #1186 ) ;
#2926 = ORIENTED_EDGE ( 'NONE', *, *, #2896, .T. ) ;
#2927 = LINE ( 'NONE', #3620, #2096 ) ;
#2928 = EDGE_CURVE ( 'NONE', #847, #2428, #4072, .T. ) ;
#2929 = CARTESIAN_POINT ( 'NONE',  ( 0.000000000000000000, -0.2813285542585932109, -0.3271230186070490653 ) ) ;
#2930 = DIRECTION ( 'NONE',  ( -1.000000000000000000, 4.140151493978059749E-16, 0.000000000000000000 ) ) ;
#2931 = ADVANCED_FACE ( 'NONE', ( #532 ), #4307, .T. ) ;
#2932 = CARTESIAN_POINT ( 'NONE',  ( 0.05000000000000000278, -0.2813285542585932109, -0.3271230186070490653 ) ) ;
#2933 = ORIENTED_EDGE ( 'NONE', *, *, #3741, .T. ) ;
#2934 = DIRECTION ( 'NONE',  ( 0.000000000000000000, -0.000000000000000000, -1.000000000000000000 ) ) ;
#2935 = SURFACE_SIDE_STYLE ('',( #3605 ) ) ;
#2936 = LINE ( 'NONE', #2301, #662 ) ;
#2937 = UNCERTAINTY_MEASURE_WITH_UNIT (LENGTH_MEASURE( 1.000000000000000082E-05 ), #63, 'distance_accuracy_value', 'NONE');
#2938 = FILL_AREA_STYLE ('',( #4358 ) ) ;
#2939 = CARTESIAN_POINT ( 'NONE',  ( 0.05000000000000000278, -0.06848809224910282212, -0.01886363136596775486 ) ) ;
#2940 = CARTESIAN_POINT ( 'NONE',  ( 0.05000000000000000278, -0.4136122201520026631, -0.8369387598176866172 ) ) ;
#2941 = SURFACE_SIDE_STYLE ('',( #2665 ) ) ;
#2942 = ORIENTED_EDGE ( 'NONE', *, *, #4505, .F. ) ;
#2943 = ORIENTED_EDGE ( 'NONE', *, *, #4189, .T. ) ;
#2944 = CARTESIAN_POINT ( 'NONE',  ( 0.05000000000000000278, -0.1588059902307147608, -0.05019125404985794181 ) ) ;
#2945 = DIRECTION ( 'NONE',  ( -1.000000000000000000, 0.000000000000000000, -4.336808689942025625E-15 ) ) ;
#2946 = LINE ( 'NONE', #4067, #3127 ) ;
#2947 = DIRECTION ( 'NONE',  ( 1.000000000000000000, 0.000000000000000000, 0.000000000000000000 ) ) ;
#2948 = ORIENTED_EDGE ( 'NONE', *, *, #1663, .T. ) ;
#2949 = FACE_OUTER_BOUND ( 'NONE', #2288, .T. ) ;
#2950 = SURFACE_STYLE_FILL_AREA ( #1237 ) ;
#2951 = CARTESIAN_POINT ( 'NONE',  ( 0.05000000000000000278, -0.8036362586135413766, -0.8625797854587120561 ) ) ;
#2952 = EDGE_CURVE ( 'NONE', #3121, #4411, #272, .T. ) ;
#2953 = CARTESIAN_POINT ( 'NONE',  ( 0.1000000000000000056, 3.135000000000000231, 3.135000000000000675 ) ) ;
#2954 = ORIENTED_EDGE ( 'NONE', *, *, #530, .F. ) ;
#2955 = DIRECTION ( 'NONE',  ( 1.000000000000000000, 0.000000000000000000, 0.000000000000000000 ) ) ;
#2956 =( NAMED_UNIT ( * ) SI_UNIT ( $, .STERADIAN. ) SOLID_ANGLE_UNIT ( ) );
#2957 = DIRECTION ( 'NONE',  ( -0.000000000000000000, -0.000000000000000000, 1.000000000000000000 ) ) ;
#2958 = CARTESIAN_POINT ( 'NONE',  ( 0.05000000000000000278, -0.4738321418762641013, -0.6035382075684512238 ) ) ;
#2959 = ADVANCED_FACE ( 'NONE', ( #1970 ), #3476, .T. ) ;
#2960 = VECTOR ( 'NONE', #1933, 1000.000000000000000 ) ;
#2961 = FACE_OUTER_BOUND ( 'NONE', #3446, .T. ) ;
#2962 = FILL_AREA_STYLE_COLOUR ( '', #2389 ) ;
#2963 = B_SPLINE_CURVE_WITH_KNOTS ( 'NONE', 3,
 ( #4061, #2642, #1545, #3682, #1178, #3609, #169, #907, #469, #2260, #2575, #835, #859, #2781, #1647, #2708, #949, #3100, #928 ),
 .UNSPECIFIED., .F., .F.,
 ( 4, 1, 1, 1, 1, 1, 1, 1, 1, 1, 1, 1, 1, 1, 1, 1, 4 ),
 ( 0.000000000000000000, 0.06340052940042835428, 0.1249764099331407002, 0.1844921876584959264, 0.2434736282965417609, 0.3022637321141442568, 0.3613835718304163058, 0.4214817654110649681, 0.4834545367577932073, 0.5459360688045385990, 0.6081426980855852982, 0.6698202920949498651, 0.7323322942692656046, 0.7960922343214100749, 0.8616426668792320775, 0.9294352318828827952, 1.000000000000000000 ),
 .UNSPECIFIED. ) ;
#2964 = CARTESIAN_POINT ( 'NONE',  ( 0.05000000000000000278, -0.1892532457930282686, -0.1185894008433276137 ) ) ;
#2965 = FACE_OUTER_BOUND ( 'NONE', #3793, .T. ) ;
#2966 = COLOUR_RGB ( '',0.1098039215686274495, 0.1098039215686274495, 0.1098039215686274495 ) ;
#2967 = EDGE_LOOP ( 'NONE', ( #758, #235, #3099, #3231 ) ) ;
#2968 = VERTEX_POINT ( 'NONE', #981 ) ;
#2969 = VECTOR ( 'NONE', #3065, 1000.000000000000000 ) ;
#2970 = CARTESIAN_POINT ( 'NONE',  ( 6.776263578034402713E-18, -0.06848809224910282212, -0.01886363136596775486 ) ) ;
#2971 = VECTOR ( 'NONE', #3766, 1000.000000000000000 ) ;
#2972 = DIRECTION ( 'NONE',  ( 0.000000000000000000, -0.4511465413988250406, -0.8924498855307665401 ) ) ;
#2973 = CARTESIAN_POINT ( 'NONE',  ( 0.000000000000000000, 0.06715701061722821608, -0.2215541444330711984 ) ) ;
#2974 = COLOUR_RGB ( '',0.1098039215686274495, 0.1098039215686274495, 0.1098039215686274495 ) ;
#2975 = ORIENTED_EDGE ( 'NONE', *, *, #3513, .F. ) ;
#2976 = CARTESIAN_POINT ( 'NONE',  ( 0.000000000000000000, -0.7908203371944474425, -0.3663091403843666827 ) ) ;
#2977 = SURFACE_SIDE_STYLE ('',( #4054 ) ) ;
#2978 = STYLED_ITEM ( 'NONE', ( #3087 ), #2520 ) ;
#2979 = DIRECTION ( 'NONE',  ( -0.000000000000000000, -0.000000000000000000, -1.000000000000000000 ) ) ;
#2980 = ORIENTED_EDGE ( 'NONE', *, *, #3776, .T. ) ;
#2981 = FILL_AREA_STYLE_COLOUR ( '', #4008 ) ;
#2982 = EDGE_CURVE ( 'NONE', #4211, #2608, #2679, .T. ) ;
#2983 = CARTESIAN_POINT ( 'NONE',  ( 2.763578643762690135, -3.193578643762690294, -3.234999999999999432 ) ) ;
#2984 = CARTESIAN_POINT ( 'NONE',  ( 0.000000000000000000, -0.7729872201520028296, -0.1927079905869172605 ) ) ;
#2985 = AXIS2_PLACEMENT_3D ( 'NONE', #24, #922, #3651 ) ;
#2986 = UNCERTAINTY_MEASURE_WITH_UNIT (LENGTH_MEASURE( 1.000000000000000082E-05 ), #1018, 'distance_accuracy_value', 'NONE');
#2987 = CARTESIAN_POINT ( 'NONE',  ( 2.900000000000000355, -3.430000000000000160, -1.590000000000000080 ) ) ;
#2988 = CARTESIAN_POINT ( 'NONE',  ( 0.05000000000000000278, -0.1892532457930282686, -0.1185894008433276137 ) ) ;
#2989 = CARTESIAN_POINT ( 'NONE',  ( 0.000000000000000000, -1.125150681690464394, -0.003605426484353099412 ) ) ;
#2990 = EDGE_CURVE ( 'NONE', #903, #2785, #297, .T. ) ;
#2991 = CARTESIAN_POINT ( 'NONE',  ( 3.000000000000000000, 3.330000000000000515, 1.590000000000000080 ) ) ;
#2992 = MECHANICAL_DESIGN_GEOMETRIC_PRESENTATION_REPRESENTATION (  '', ( #736 ), #2623 ) ;
#2993 = EDGE_CURVE ( 'NONE', #4185, #661, #962, .T. ) ;
#2994 = ORIENTED_EDGE ( 'NONE', *, *, #2043, .T. ) ;
#2995 = MECHANICAL_DESIGN_GEOMETRIC_PRESENTATION_REPRESENTATION (  '', ( #438 ), #4184 ) ;
#2996 = CARTESIAN_POINT ( 'NONE',  ( 2.705000000000000515, 3.135000000000000231, -3.234999999999999432 ) ) ;
#2997 = DIRECTION ( 'NONE',  ( 0.000000000000000000, 0.000000000000000000, 1.000000000000000000 ) ) ;
#2998 = LINE ( 'NONE', #1901, #4020 ) ;
#2999 = PRESENTATION_LAYER_ASSIGNMENT (  '', '', ( #3068 ) ) ;
#3000 = ORIENTED_EDGE ( 'NONE', *, *, #3426, .F. ) ;
#3001 =( LENGTH_UNIT ( ) NAMED_UNIT ( * ) SI_UNIT ( .MILLI., .METRE. ) );
#3002 =( LENGTH_UNIT ( ) NAMED_UNIT ( * ) SI_UNIT ( .MILLI., .METRE. ) );
#3003 = DIRECTION ( 'NONE',  ( -1.000000000000000000, -0.000000000000000000, -0.000000000000000000 ) ) ;
#3004 = CARTESIAN_POINT ( 'NONE',  ( 0.05000000000000000278, -0.2460968066329613235, -0.3515272899138410789 ) ) ;
#3005 = ORIENTED_EDGE ( 'NONE', *, *, #187, .F. ) ;
#3006 = CARTESIAN_POINT ( 'NONE',  ( 1.602500000000000258, 3.180000000000000160, 1.590000000000000080 ) ) ;
#3007 = EDGE_CURVE ( 'NONE', #801, #1001, #2384, .T. ) ;
#3008 = DIRECTION ( 'NONE',  ( -1.000000000000000000, 0.000000000000000000, 0.000000000000000000 ) ) ;
#3009 = CARTESIAN_POINT ( 'NONE',  ( 0.05000000000000000278, 0.006059254206971814716, -0.01642593930486601836 ) ) ;
#3010 = CARTESIAN_POINT ( 'NONE',  ( 0.000000000000000000, -3.234999999999999876, -3.134999999999999787 ) ) ;
#3011 = ADVANCED_FACE ( 'NONE', ( #3814 ), #602, .T. ) ;
#3012 = VERTEX_POINT ( 'NONE', #3093 ) ;
#3013 = CARTESIAN_POINT ( 'NONE',  ( 0.05000000000000000278, -0.1377500847675819096, 0.1520467427460387710 ) ) ;
#3014 = PRESENTATION_STYLE_ASSIGNMENT (( #1294 ) ) ;
#3015 = DIRECTION ( 'NONE',  ( 0.000000000000000000, -1.000000000000000000, 0.000000000000000000 ) ) ;
#3016 = EDGE_CURVE ( 'NONE', #3603, #3327, #4497, .T. ) ;
#3017 = ADVANCED_FACE ( 'NONE', ( #1348 ), #2570, .T. ) ;
#3018 = ORIENTED_EDGE ( 'NONE', *, *, #2350, .T. ) ;
#3019 = FACE_OUTER_BOUND ( 'NONE', #3685, .T. ) ;
#3020 = CARTESIAN_POINT ( 'NONE',  ( 2.799999999999999822, -2.130000000000000338, 1.590000000000000080 ) ) ;
#3021 = CARTESIAN_POINT ( 'NONE',  ( 0.000000000000000000, -0.9532134921067577649, -0.4724257797623150901 ) ) ;
#3022 = ORIENTED_EDGE ( 'NONE', *, *, #2509, .T. ) ;
#3023 = FILL_AREA_STYLE ('',( #184 ) ) ;
#3024 = LINE ( 'NONE', #559, #3712 ) ;
#3025 = CARTESIAN_POINT ( 'NONE',  ( 0.000000000000000000, -0.5005811985486049442, -0.6796878182857336581 ) ) ;
#3026 = LINE ( 'NONE', #1719, #2333 ) ;
#3027 = CARTESIAN_POINT ( 'NONE',  ( 0.05000000000000000278, -0.8187989405125004616, -0.6829064408082764492 ) ) ;
#3028 = AXIS2_PLACEMENT_3D ( 'NONE', #304, #4504, #1694 ) ;
#3029 = VERTEX_POINT ( 'NONE', #4210 ) ;
#3030 = CARTESIAN_POINT ( 'NONE',  ( 0.000000000000000000, -0.9582450999035702077, -0.5040758145116991384 ) ) ;
#3031 = LINE ( 'NONE', #1255, #4037 ) ;
#3032 = CARTESIAN_POINT ( 'NONE',  ( 1.402500000000000302, -3.135000000000000231, 1.750000000000000000 ) ) ;
#3033 = PRESENTATION_LAYER_ASSIGNMENT (  '', '', ( #3628 ) ) ;
#3034 = EDGE_CURVE ( 'NONE', #1074, #3121, #89, .T. ) ;
#3035 = EDGE_LOOP ( 'NONE', ( #500, #4135, #1481, #2911 ) ) ;
#3036 = PRESENTATION_LAYER_ASSIGNMENT (  '', '', ( #2601 ) ) ;
#3037 = VERTEX_POINT ( 'NONE', #2449 ) ;
#3038 = CARTESIAN_POINT ( 'NONE',  ( 0.05000000000000000278, 0.06715701061722821608, -0.4010413239202507141 ) ) ;
#3039 =( NAMED_UNIT ( * ) PLANE_ANGLE_UNIT ( ) SI_UNIT ( $, .RADIAN. ) );
#3040 = EDGE_CURVE ( 'NONE', #2186, #982, #718, .T. ) ;
#3041 = FILL_AREA_STYLE_COLOUR ( '', #3728 ) ;
#3042 = CARTESIAN_POINT ( 'NONE',  ( 0.000000000000000000, 0.2466441901044077178, 0.1630612401823134383 ) ) ;
#3043 = VECTOR ( 'NONE', #3492, 1000.000000000000000 ) ;
#3044 = CARTESIAN_POINT ( 'NONE',  ( 1.402500000000000080, -3.234999999999999876, -1.750000000000000000 ) ) ;
#3045 = ORIENTED_EDGE ( 'NONE', *, *, #3493, .F. ) ;
#3046 = VECTOR ( 'NONE', #4457, 1000.000000000000000 ) ;
#3047 = DIRECTION ( 'NONE',  ( 1.000000000000000000, 0.000000000000000000, -0.000000000000000000 ) ) ;
#3048 = DIRECTION ( 'NONE',  ( 0.000000000000000000, -1.000000000000000000, 0.000000000000000000 ) ) ;
#3049 = CIRCLE ( 'NONE', #3638, 0.09999999999999982514 ) ;
#3050 = CARTESIAN_POINT ( 'NONE',  ( 2.032879073410320814E-17, -0.2251037196591944012, 0.1264774862737393091 ) ) ;
#3051 = ORIENTED_EDGE ( 'NONE', *, *, #1279, .T. ) ;
#3052 = CARTESIAN_POINT ( 'NONE',  ( 0.000000000000000000, -0.4886069414714145354, -0.6525095585581651703 ) ) ;
#3053 = COLOUR_RGB ( '',0.1098039215686274495, 0.1098039215686274495, 0.1098039215686274495 ) ;
#3054 = CYLINDRICAL_SURFACE ( 'NONE', #2769, 0.09999999999999982514 ) ;
#3055 = CARTESIAN_POINT ( 'NONE',  ( 0.05000000000000000278, -1.040982828849748021, -0.7623526034875206525 ) ) ;
#3056 = CIRCLE ( 'NONE', #1378, 0.09999999999999982514 ) ;
#3057 = CARTESIAN_POINT ( 'NONE',  ( 0.05000000000000000278, -0.6801818448952500207, -0.6004105446099615717 ) ) ;
#3058 = ORIENTED_EDGE ( 'NONE', *, *, #2410, .T. ) ;
#3059 = CARTESIAN_POINT ( 'NONE',  ( 0.05000000000000000278, -0.2069185610924467178, 0.1344580315913941893 ) ) ;
#3060 = CARTESIAN_POINT ( 'NONE',  ( 0.05000000000000000278, -0.8428701722350326886, -0.6806039017622530496 ) ) ;
#3061 = CARTESIAN_POINT ( 'NONE',  ( 0.05000000000000000278, -0.7908203371944474425, -0.3663091403843666827 ) ) ;
#3062 = COLOUR_RGB ( '',0.1098039215686274495, 0.1098039215686274495, 0.1098039215686274495 ) ;
#3063 = AXIS2_PLACEMENT_3D ( 'NONE', #700, #354, #1750 ) ;
#3064 = ORIENTED_EDGE ( 'NONE', *, *, #2928, .T. ) ;
#3065 = DIRECTION ( 'NONE',  ( 0.000000000000000000, 1.000000000000000000, 0.000000000000000000 ) ) ;
#3066 = CARTESIAN_POINT ( 'NONE',  ( 0.000000000000000000, -0.8285309394405626637, -0.6825401577125437269 ) ) ;
#3067 = CARTESIAN_POINT ( 'NONE',  ( 2.805000000000000160, 1.935000000000000053, -1.750000000000000000 ) ) ;
#3068 = STYLED_ITEM ( 'NONE', ( #3282 ), #4329 ) ;
#3069 = EDGE_CURVE ( 'NONE', #1984, #3995, #2539, .T. ) ;
#3070 = CARTESIAN_POINT ( 'NONE',  ( 2.805000000000000160, -3.135000000000000231, -3.134999999999999787 ) ) ;
#3071 = ORIENTED_EDGE ( 'NONE', *, *, #3266, .T. ) ;
#3072 = MECHANICAL_DESIGN_GEOMETRIC_PRESENTATION_REPRESENTATION (  '', ( #3068 ), #1099 ) ;
#3073 = CARTESIAN_POINT ( 'NONE',  ( 3.000000000000000000, -2.130000000000000338, 1.590000000000000080 ) ) ;
#3074 = CARTESIAN_POINT ( 'NONE',  ( 0.05000000000000000278, -0.1490223694581933600, -0.1980783202007517785 ) ) ;
#3075 = ADVANCED_FACE ( 'NONE', ( #1422 ), #1258, .T. ) ;
#3076 = UNCERTAINTY_MEASURE_WITH_UNIT (LENGTH_MEASURE( 1.000000000000000082E-05 ), #716, 'distance_accuracy_value', 'NONE');
#3077 = CARTESIAN_POINT ( 'NONE',  ( 0.000000000000000000, -0.8971424443453667186, -0.1883761398215660909 ) ) ;
#3078 = VERTEX_POINT ( 'NONE', #1 ) ;
#3079 = SURFACE_SIDE_STYLE ('',( #1334 ) ) ;
#3080 = CARTESIAN_POINT ( 'NONE',  ( 0.05000000000000000278, -0.6116083578799150766, -0.8077393197265845259 ) ) ;
#3081 = CARTESIAN_POINT ( 'NONE',  ( 2.900000000000000355, 3.430000000000000160, 1.590000000000000080 ) ) ;
#3082 = CARTESIAN_POINT ( 'NONE',  ( -6.776263578034402713E-18, -1.137634313291926880, -0.5265878941432662330 ) ) ;
#3083 = PRESENTATION_STYLE_ASSIGNMENT (( #308 ) ) ;
#3084 = ORIENTED_EDGE ( 'NONE', *, *, #1638, .T. ) ;
#3085 = CARTESIAN_POINT ( 'NONE',  ( 0.000000000000000000, -0.8861328275496341833, -0.3799180480018566897 ) ) ;
#3086 = CARTESIAN_POINT ( 'NONE',  ( 0.05000000000000000278, -0.5522340150237976530, -0.3918265803305069905 ) ) ;
#3087 = PRESENTATION_STYLE_ASSIGNMENT (( #3107 ) ) ;
#3088 = EDGE_LOOP ( 'NONE', ( #719, #1965, #1365, #3569, #1423, #1810, #340, #3227, #3582, #2975, #2314, #3315, #1640 ) ) ;
#3089 = ORIENTED_EDGE ( 'NONE', *, *, #1252, .T. ) ;
#3090 = LINE ( 'NONE', #2737, #257 ) ;
#3091 = CARTESIAN_POINT ( 'NONE',  ( 0.05000000000000000278, -0.8059750858077204816, -0.3631599324354106706 ) ) ;
#3092 = SPHERICAL_SURFACE ( 'NONE', #49, 0.1000000000000000056 ) ;
#3093 = CARTESIAN_POINT ( 'NONE',  ( 3.000000000000000000, 3.330000000000000515, 1.590000000000000080 ) ) ;
#3094 = ORIENTED_EDGE ( 'NONE', *, *, #3550, .T. ) ;
#3095 = LINE ( 'NONE', #4525, #1869 ) ;
#3096 = CARTESIAN_POINT ( 'NONE',  ( 1.602500000000000258, -3.180000000000000160, -1.590000000000000080 ) ) ;
#3097 = EDGE_CURVE ( 'NONE', #50, #2293, #414, .T. ) ;
#3098 = CARTESIAN_POINT ( 'NONE',  ( 0.000000000000000000, -1.029999745548452195, -0.2542044907207654525 ) ) ;
#3099 = ORIENTED_EDGE ( 'NONE', *, *, #1353, .T. ) ;
#3100 = CARTESIAN_POINT ( 'NONE',  ( 0.05000000000000000278, -1.137693872511340576, -0.5027932386826221567 ) ) ;
#3101 = PLANE ( 'NONE',  #2481 ) ;
#3102 = EDGE_CURVE ( 'NONE', #351, #2632, #787, .T. ) ;
#3103 = CARTESIAN_POINT ( 'NONE',  ( 0.05000000000000000278, -0.9583874357074090300, -0.5266480601401926087 ) ) ;
#3104 = ORIENTED_EDGE ( 'NONE', *, *, #2656, .F. ) ;
#3105 = CARTESIAN_POINT ( 'NONE',  ( 0.05000000000000000278, -0.3131157683677547321, 0.05409689973269925234 ) ) ;
#3106 = CARTESIAN_POINT ( 'NONE',  ( -6.776263578034402713E-18, -0.9350144748808462136, -0.6133733852751676041 ) ) ;
#3107 = SURFACE_STYLE_USAGE ( .BOTH. , #4470 ) ;
#3108 = VECTOR ( 'NONE', #2634, 1000.000000000000000 ) ;
#3109 = ORIENTED_EDGE ( 'NONE', *, *, #858, .F. ) ;
#3110 = VECTOR ( 'NONE', #4483, 1000.000000000000000 ) ;
#3111 = DIRECTION ( 'NONE',  ( -1.000000000000000000, 0.000000000000000000, 0.000000000000000000 ) ) ;
#3112 = CARTESIAN_POINT ( 'NONE',  ( 0.05000000000000000278, -0.7080152976496008055, -0.4214082132837368433 ) ) ;
#3113 = SURFACE_STYLE_FILL_AREA ( #1005 ) ;
#3114 = CARTESIAN_POINT ( 'NONE',  ( 0.000000000000000000, -0.9431705472680748104, -0.4438079159037215393 ) ) ;
#3115 = ORIENTED_EDGE ( 'NONE', *, *, #3776, .F. ) ;
#3116 = CARTESIAN_POINT ( 'NONE',  ( 2.705000000000000515, -3.135000000000000231, 3.235000000000000320 ) ) ;
#3117 = CARTESIAN_POINT ( 'NONE',  ( 3.388131789017201356E-17, -0.05120521768309635458, -0.2204185484326552924 ) ) ;
#3118 = AXIS2_PLACEMENT_3D ( 'NONE', #4034, #1621, #1308 ) ;
#3119 = ADVANCED_FACE ( 'NONE', ( #4259 ), #1809, .F. ) ;
#3120 = CARTESIAN_POINT ( 'NONE',  ( 0.000000000000000000, -1.006190083524532319, -0.2352549418860287178 ) ) ;
#3121 = VERTEX_POINT ( 'NONE', #3288 ) ;
#3122 = CARTESIAN_POINT ( 'NONE',  ( 0.05000000000000000278, 0.8235672670274848395, -0.003605426484353424672 ) ) ;
#3123 = CARTESIAN_POINT ( 'NONE',  ( 0.000000000000000000, -0.7732491692848095788, -0.8618031439996431953 ) ) ;
#3124 = FACE_OUTER_BOUND ( 'NONE', #4442, .T. ) ;
#3125 = CARTESIAN_POINT ( 'NONE',  ( 1.502500000000000169, -3.430000000000000160, 1.590000000000000080 ) ) ;
#3126 = VECTOR ( 'NONE', #2432, 1000.000000000000000 ) ;
#3127 = VECTOR ( 'NONE', #3307, 1000.000000000000000 ) ;
#3128 = ADVANCED_FACE ( 'NONE', ( #3690 ), #3977, .T. ) ;
#3129 = CARTESIAN_POINT ( 'NONE',  ( 0.05000000000000000278, -0.9185840758167398423, -0.4069902703899717644 ) ) ;
#3130 = ORIENTED_EDGE ( 'NONE', *, *, #1531, .F. ) ;
#3131 = CARTESIAN_POINT ( 'NONE',  ( 0.05000000000000000278, -0.3686700509590882247, -0.1134407377336117129 ) ) ;
#3132 = CARTESIAN_POINT ( 'NONE',  ( -6.776263578034402713E-18, -0.9058735574661596068, -0.6483024875156188083 ) ) ;
#3133 = CARTESIAN_POINT ( 'NONE',  ( 1.602500000000000258, 3.135000000000000231, -1.750000000000000000 ) ) ;
#3134 = PRESENTATION_LAYER_ASSIGNMENT (  '', '', ( #2545 ) ) ;
#3135 = EDGE_CURVE ( 'NONE', #1943, #2696, #3056, .T. ) ;
#3136 = EDGE_CURVE ( 'NONE', #2772, #2892, #156, .T. ) ;
#3137 = ORIENTED_EDGE ( 'NONE', *, *, #4351, .F. ) ;
#3138 = CARTESIAN_POINT ( 'NONE',  ( 1.402500000000000080, 3.234999999999999876, -1.750000000000000000 ) ) ;
#3139 = CARTESIAN_POINT ( 'NONE',  ( 0.000000000000000000, -0.8138526047673874109, -0.6830926059715326515 ) ) ;
#3140 = DIRECTION ( 'NONE',  ( 0.000000000000000000, -1.000000000000000000, 0.000000000000000000 ) ) ;
#3141 = CARTESIAN_POINT ( 'NONE',  ( 0.05000000000000000278, -0.7168621609059413480, -0.6479544175809375250 ) ) ;
#3142 = VERTEX_POINT ( 'NONE', #526 ) ;
#3143 = CARTESIAN_POINT ( 'NONE',  ( 3.000000000000000000, 3.330000000000000515, -1.590000000000000080 ) ) ;
#3144 = CARTESIAN_POINT ( 'NONE',  ( 2.700000000000000178, -3.230000000000000870, -1.590000000000000080 ) ) ;
#3145 = COLOUR_RGB ( '',0.1098039215686274495, 0.1098039215686274495, 0.1098039215686274495 ) ;
#3146 = CARTESIAN_POINT ( 'NONE',  ( 2.032879073410320814E-17, -0.3131157683677547321, 0.05409689973269925234 ) ) ;
#3147 = ORIENTED_EDGE ( 'NONE', *, *, #3367, .F. ) ;
#3148 = CARTESIAN_POINT ( 'NONE',  ( 0.000000000000000000, -0.3336363682981933199, -0.2659064780529856176 ) ) ;
#3149 = LINE ( 'NONE', #3585, #4332 ) ;
#3150 = SURFACE_SIDE_STYLE ('',( #3800 ) ) ;
#3151 = VERTEX_POINT ( 'NONE', #2292 ) ;
#3152 = FACE_OUTER_BOUND ( 'NONE', #521, .T. ) ;
#3153 = DIRECTION ( 'NONE',  ( -1.000000000000000000, -0.000000000000000000, -0.000000000000000000 ) ) ;
#3154 = DIRECTION ( 'NONE',  ( 1.000000000000000000, 0.000000000000000000, 0.000000000000000000 ) ) ;
#3155 = EDGE_CURVE ( 'NONE', #963, #641, #1921, .T. ) ;
#3156 = EDGE_LOOP ( 'NONE', ( #422, #1299, #1386, #2835, #3843, #3993, #3706, #1467, #3176, #3858, #1113, #3249, #1612 ) ) ;
#3157 = ORIENTED_EDGE ( 'NONE', *, *, #1780, .F. ) ;
#3158 = DIRECTION ( 'NONE',  ( 0.000000000000000000, -1.000000000000000000, 0.000000000000000000 ) ) ;
#3159 = FACE_OUTER_BOUND ( 'NONE', #4538, .T. ) ;
#3160 = SURFACE_SIDE_STYLE ('',( #3596 ) ) ;
#3161 = EDGE_CURVE ( 'NONE', #4293, #440, #3309, .T. ) ;
#3162 = CARTESIAN_POINT ( 'NONE',  ( 0.05000000000000000278, -0.8259497503520868422, -0.3626521458773130924 ) ) ;
#3163 = ORIENTED_EDGE ( 'NONE', *, *, #1507, .T. ) ;
#3164 = CARTESIAN_POINT ( 'NONE',  ( 3.388131789017201356E-17, -0.1667684322937651453, -0.1840226881023314387 ) ) ;
#3165 = CARTESIAN_POINT ( 'NONE',  ( 1.652500000000000080, -3.230000000000000426, 1.590000000000000080 ) ) ;
#3166 = ORIENTED_EDGE ( 'NONE', *, *, #2649, .F. ) ;
#3167 = CARTESIAN_POINT ( 'NONE',  ( 0.000000000000000000, -0.3681956668114636511, -0.1443331690296619230 ) ) ;
#3168 = CARTESIAN_POINT ( 'NONE',  ( 0.05000000000000000278, 0.2466441901044077178, 0.1630612401823134383 ) ) ;
#3169 = CARTESIAN_POINT ( 'NONE',  ( 0.000000000000000000, -0.1846813534624345554, -0.08789214065705205914 ) ) ;
#3170 = DIRECTION ( 'NONE',  ( 0.000000000000000000, 0.000000000000000000, 1.000000000000000000 ) ) ;
#3171 = SURFACE_STYLE_FILL_AREA ( #3490 ) ;
#3172 = CARTESIAN_POINT ( 'NONE',  ( 0.05000000000000000278, -1.006190083524532319, -0.2352549418860287178 ) ) ;
#3173 = CARTESIAN_POINT ( 'NONE',  ( 0.05000000000000000278, -0.7729872201520028296, -0.1927079905869172605 ) ) ;
#3174 = CARTESIAN_POINT ( 'NONE',  ( 0.05000000000000000278, -0.9584840150237976530, -0.5208329905869172327 ) ) ;
#3175 = CARTESIAN_POINT ( 'NONE',  ( 2.032879073410320814E-17, 0.03750957471979228519, 0.1630612401823134383 ) ) ;
#3176 = ORIENTED_EDGE ( 'NONE', *, *, #3903, .F. ) ;
#3177 = ADVANCED_FACE ( 'NONE', ( #3333 ), #2710, .T. ) ;
#3178 = ORIENTED_EDGE ( 'NONE', *, *, #3183, .T. ) ;
#3179 = LINE ( 'NONE', #86, #3257 ) ;
#3180 = SPHERICAL_SURFACE ( 'NONE', #143, 0.1000000000000000056 ) ;
#3181 = FACE_OUTER_BOUND ( 'NONE', #3801, .T. ) ;
#3182 = AXIS2_PLACEMENT_3D ( 'NONE', #4070, #3715, #918 ) ;
#3183 = EDGE_CURVE ( 'NONE', #4396, #994, #1958, .T. ) ;
#3184 = DIRECTION ( 'NONE',  ( -1.000000000000000000, -0.000000000000000000, -0.000000000000000000 ) ) ;
#3185 = ORIENTED_EDGE ( 'NONE', *, *, #1814, .T. ) ;
#3186 = B_SPLINE_CURVE_WITH_KNOTS ( 'NONE', 3,
 ( #2988, #149, #1914, #3301, #4403, #2211, #1890, #4340, #539, #1247, #2663, #1956, #1198, #2939, #4039, #887, #567, #1609, #3009 ),
 .UNSPECIFIED., .F., .F.,
 ( 4, 1, 1, 1, 1, 1, 1, 1, 1, 1, 1, 1, 1, 1, 1, 1, 4 ),
 ( 0.000000000000000000, 0.06376337119536298892, 0.1252513266723438157, 0.1853973328725154190, 0.2467851321550927901, 0.3093952708254029127, 0.3725000331564021216, 0.4369906514896308436, 0.5050009564957493868, 0.5432613493992168863, 0.5884027017031546736, 0.6396207137094725992, 0.6979238770998336117, 0.7632923663586930196, 0.8349930664457415608, 0.9138812040247500379, 1.000000000000000000 ),
 .UNSPECIFIED. ) ;
#3187 = DIRECTION ( 'NONE',  ( 0.000000000000000000, 0.000000000000000000, 1.000000000000000000 ) ) ;
#3188 = EDGE_CURVE ( 'NONE', #3771, #3524, #2131, .T. ) ;
#3189 = CARTESIAN_POINT ( 'NONE',  ( 0.05000000000000000278, -0.2813285542585932109, -0.3271230186070490653 ) ) ;
#3190 = AXIS2_PLACEMENT_3D ( 'NONE', #4416, #2955, #3316 ) ;
#3191 = VERTEX_POINT ( 'NONE', #137 ) ;
#3192 = AXIS2_PLACEMENT_3D ( 'NONE', #4519, #4186, #4090 ) ;
#3193 = LINE ( 'NONE', #1428, #4436 ) ;
#3194 = AXIS2_PLACEMENT_3D ( 'NONE', #2324, #4438, #2394 ) ;
#3195 = CARTESIAN_POINT ( 'NONE',  ( 0.000000000000000000, -0.5886198530773033566, -0.7910057924980206101 ) ) ;
#3196 = CARTESIAN_POINT ( 'NONE',  ( 1.502500000000000169, 3.430000000000000160, 1.590000000000000080 ) ) ;
#3197 = VECTOR ( 'NONE', #3986, 1000.000000000000000 ) ;
#3198 =( LENGTH_UNIT ( ) NAMED_UNIT ( * ) SI_UNIT ( .MILLI., .METRE. ) );
#3199 = DIRECTION ( 'NONE',  ( 0.000000000000000000, 0.000000000000000000, -1.000000000000000000 ) ) ;
#3200 = CARTESIAN_POINT ( 'NONE',  ( 2.705000000000000515, 3.135000000000000231, 1.750000000000000000 ) ) ;
#3201 = CARTESIAN_POINT ( 'NONE',  ( 0.05000000000000000278, -0.9583874357074090300, -0.5266480601401926087 ) ) ;
#3202 = CARTESIAN_POINT ( 'NONE',  ( 0.05000000000000000278, -0.002901159612576414883, 0.1629182459462083787 ) ) ;
#3203 = AXIS2_PLACEMENT_3D ( 'NONE', #3711, #2670, #1940 ) ;
#3204 = ORIENTED_EDGE ( 'NONE', *, *, #420, .T. ) ;
#3205 = ORIENTED_EDGE ( 'NONE', *, *, #3522, .F. ) ;
#3206 = CARTESIAN_POINT ( 'NONE',  ( 0.000000000000000000, -0.1794891205865687123, -0.1660607230251283928 ) ) ;
#3207 = PRESENTATION_STYLE_ASSIGNMENT (( #3595 ) ) ;
#3208 = SURFACE_STYLE_USAGE ( .BOTH. , #108 ) ;
#3209 = VECTOR ( 'NONE', #2202, 1000.000000000000000 ) ;
#3210 = AXIS2_PLACEMENT_3D ( 'NONE', #1957, #3281, #2261 ) ;
#3211 = CARTESIAN_POINT ( 'NONE',  ( 0.05000000000000000278, -0.7721197252467758565, -0.6780569621555377902 ) ) ;
#3212 = ORIENTED_EDGE ( 'NONE', *, *, #2334, .T. ) ;
#3213 = DIRECTION ( 'NONE',  ( -1.000000000000000000, -0.000000000000000000, -0.000000000000000000 ) ) ;
#3214 = ADVANCED_FACE ( 'NONE', ( #1533, #2582, #846, #2244 ), #3644, .T. ) ;
#3215 = ADVANCED_FACE ( 'NONE', ( #2026 ), #1752, .F. ) ;
#3216 = CYLINDRICAL_SURFACE ( 'NONE', #1081, 0.09999999999999982514 ) ;
#3217 = ORIENTED_EDGE ( 'NONE', *, *, #1690, .T. ) ;
#3218 = VECTOR ( 'NONE', #892, 1000.000000000000000 ) ;
#3219 = CARTESIAN_POINT ( 'NONE',  ( 2.700000000000000178, 3.130000000000000338, 1.590000000000000080 ) ) ;
#3220 = ADVANCED_FACE ( 'NONE', ( #3488 ), #660, .T. ) ;
#3221 = CARTESIAN_POINT ( 'NONE',  ( 0.05000000000000000278, -0.8259497503520868422, -0.3626521458773130924 ) ) ;
#3222 = ORIENTED_EDGE ( 'NONE', *, *, #3349, .F. ) ;
#3223 = CARTESIAN_POINT ( 'NONE',  ( 0.000000000000000000, -1.072274243819122175, -0.2999105714851171833 ) ) ;
#3224 = PRESENTATION_STYLE_ASSIGNMENT (( #1070 ) ) ;
#3225 = CARTESIAN_POINT ( 'NONE',  ( 0.05000000000000000278, 0.6440800875403053238, 0.1630612401823132163 ) ) ;
#3226 = ORIENTED_EDGE ( 'NONE', *, *, #1030, .T. ) ;
#3227 = ORIENTED_EDGE ( 'NONE', *, *, #2334, .F. ) ;
#3228 = CARTESIAN_POINT ( 'NONE',  ( 0.05000000000000000278, 0.8235672670274848395, -0.8369387598176868392 ) ) ;
#3229 = CARTESIAN_POINT ( 'NONE',  ( 1.652500000000000080, -3.230000000000000426, -1.590000000000000080 ) ) ;
#3230 = CARTESIAN_POINT ( 'NONE',  ( 0.05000000000000000278, -0.8743278639594338486, -0.3733239880748113193 ) ) ;
#3231 = ORIENTED_EDGE ( 'NONE', *, *, #1976, .T. ) ;
#3232 = CARTESIAN_POINT ( 'NONE',  ( 0.000000000000000000, 0.8235672670274848395, -0.003605426484353424672 ) ) ;
#3233 = ORIENTED_EDGE ( 'NONE', *, *, #3400, .F. ) ;
#3234 = CARTESIAN_POINT ( 'NONE',  ( 0.05000000000000000278, -0.8348862586135412656, -0.1830926059715325405 ) ) ;
#3235 = CARTESIAN_POINT ( 'NONE',  ( 0.05000000000000000278, -0.5886198530773033566, -0.7910057924980206101 ) ) ;
#3236 = CARTESIAN_POINT ( 'NONE',  ( 2.700000000000000178, -3.130000000000000338, 1.590000000000000080 ) ) ;
#3237 = DIRECTION ( 'NONE',  ( -0.000000000000000000, -0.000000000000000000, -1.000000000000000000 ) ) ;
#3238 = CARTESIAN_POINT ( 'NONE',  ( 0.000000000000000000, -0.8120497201520028296, -0.003605426484353099412 ) ) ;
#3239 = CARTESIAN_POINT ( 'NONE',  ( -6.776263578034402713E-18, -0.9481107739207748075, -0.5856960460430122861 ) ) ;
#3240 = ORIENTED_EDGE ( 'NONE', *, *, #3390, .F. ) ;
#3241 = ORIENTED_EDGE ( 'NONE', *, *, #2057, .T. ) ;
#3242 = CARTESIAN_POINT ( 'NONE',  ( -0.000000000000000000, -0.3686700509590882247, -0.1134407377336117129 ) ) ;
#3243 = CARTESIAN_POINT ( 'NONE',  ( 0.05000000000000000278, -0.7927039994058432404, -0.6822830751107112901 ) ) ;
#3244 = ORIENTED_EDGE ( 'NONE', *, *, #110, .T. ) ;
#3245 = DIRECTION ( 'NONE',  ( -0.000000000000000000, 0.000000000000000000, -1.000000000000000000 ) ) ;
#3246 = CARTESIAN_POINT ( 'NONE',  ( 0.000000000000000000, -0.7340598291681725840, -0.6608333960288058639 ) ) ;
#3247 = AXIS2_PLACEMENT_3D ( 'NONE', #282, #988, #1410 ) ;
#3248 = DIRECTION ( 'NONE',  ( -0.000000000000000000, 1.000000000000000000, 0.000000000000000000 ) ) ;
#3249 = ORIENTED_EDGE ( 'NONE', *, *, #4094, .F. ) ;
#3250 = VECTOR ( 'NONE', #4418, 1000.000000000000000 ) ;
#3251 = SURFACE_SIDE_STYLE ('',( #2591 ) ) ;
#3252 = CARTESIAN_POINT ( 'NONE',  ( 0.05000000000000000278, -0.7729872201520028296, -0.1927079905869172605 ) ) ;
#3253 = MECHANICAL_DESIGN_GEOMETRIC_PRESENTATION_REPRESENTATION (  '', ( #2530 ), #2383 ) ;
#3254 = CARTESIAN_POINT ( 'NONE',  ( 1.402500000000000080, 3.234999999999999876, -1.750000000000000000 ) ) ;
#3255 = DIRECTION ( 'NONE',  ( 0.000000000000000000, 0.000000000000000000, 1.000000000000000000 ) ) ;
#3256 = PLANE ( 'NONE',  #4535 ) ;
#3257 = VECTOR ( 'NONE', #1420, 1000.000000000000000 ) ;
#3258 = EDGE_CURVE ( 'NONE', #415, #4411, #3799, .T. ) ;
#3259 = ORIENTED_EDGE ( 'NONE', *, *, #215, .T. ) ;
#3260 = AXIS2_PLACEMENT_3D ( 'NONE', #1462, #2078, #2934 ) ;
#3261 = ORIENTED_EDGE ( 'NONE', *, *, #690, .T. ) ;
#3262 = CARTESIAN_POINT ( 'NONE',  ( 0.05000000000000000278, -0.1065848642534333451, -0.02442563180749515034 ) ) ;
#3263 = LINE ( 'NONE', #2923, #1391 ) ;
#3264 = CARTESIAN_POINT ( 'NONE',  ( 3.000000000000000000, -2.130000000000000338, -1.590000000000000080 ) ) ;
#3265 = AXIS2_PLACEMENT_3D ( 'NONE', #2901, #4321, #3501 ) ;
#3266 = EDGE_CURVE ( 'NONE', #1112, #2673, #659, .T. ) ;
#3267 = DIRECTION ( 'NONE',  ( 0.000000000000000000, 0.000000000000000000, 1.000000000000000000 ) ) ;
#3268 = ORIENTED_EDGE ( 'NONE', *, *, #702, .F. ) ;
#3269 = CARTESIAN_POINT ( 'NONE',  ( 1.402500000000000080, 3.234999999999999876, 1.750000000000000000 ) ) ;
#3270 = LINE ( 'NONE', #46, #2098 ) ;
#3271 = VECTOR ( 'NONE', #3909, 1000.000000000000000 ) ;
#3272 = CARTESIAN_POINT ( 'NONE',  ( 0.05000000000000000278, -0.7032756816904642827, -0.4264820290484557241 ) ) ;
#3273 = ORIENTED_EDGE ( 'NONE', *, *, #3489, .T. ) ;
#3274 = PRESENTATION_STYLE_ASSIGNMENT (( #4033 ) ) ;
#3275 = CARTESIAN_POINT ( 'NONE',  ( 0.000000000000000000, -0.002754848357130741492, -0.2215541444330711984 ) ) ;
#3276 =( GEOMETRIC_REPRESENTATION_CONTEXT ( 3 ) GLOBAL_UNCERTAINTY_ASSIGNED_CONTEXT ( ( #652 ) ) GLOBAL_UNIT_ASSIGNED_CONTEXT ( ( #751, #2141, #3588 ) ) REPRESENTATION_CONTEXT ( 'NONE', 'WORKASPACE' ) );
#3277 = CARTESIAN_POINT ( 'NONE',  ( 2.805000000000000160, -3.234999999999999876, -3.135000000000000231 ) ) ;
#3278 = CARTESIAN_POINT ( 'NONE',  ( 0.05000000000000000278, -0.4788058921470481066, -0.6235881410425717641 ) ) ;
#3279 = CARTESIAN_POINT ( 'NONE',  ( 2.705000000000000515, -1.935000000000000053, 1.750000000000000000 ) ) ;
#3280 = FACE_OUTER_BOUND ( 'NONE', #2897, .T. ) ;
#3281 = DIRECTION ( 'NONE',  ( 0.000000000000000000, 0.000000000000000000, 1.000000000000000000 ) ) ;
#3282 = PRESENTATION_STYLE_ASSIGNMENT (( #4420 ) ) ;
#3283 = ORIENTED_EDGE ( 'NONE', *, *, #2227, .F. ) ;
#3284 = ORIENTED_EDGE ( 'NONE', *, *, #1895, .F. ) ;
#3285 = FILL_AREA_STYLE_COLOUR ( '', #1723 ) ;
#3286 = CARTESIAN_POINT ( 'NONE',  ( 2.805000000000000160, 1.935000000000000053, -1.750000000000000000 ) ) ;
#3287 = DIRECTION ( 'NONE',  ( -1.000000000000000000, 0.000000000000000000, 0.000000000000000000 ) ) ;
#3288 = CARTESIAN_POINT ( 'NONE',  ( 0.000000000000000000, 3.135000000000000231, 3.135000000000000675 ) ) ;
#3289 = ORIENTED_EDGE ( 'NONE', *, *, #1131, .T. ) ;
#3290 = DIRECTION ( 'NONE',  ( -0.000000000000000000, -0.000000000000000000, 1.000000000000000000 ) ) ;
#3291 = CARTESIAN_POINT ( 'NONE',  ( 0.000000000000000000, -0.4886069414714145354, -0.6525095585581651703 ) ) ;
#3292 = EDGE_CURVE ( 'NONE', #440, #2061, #76, .T. ) ;
#3293 = CARTESIAN_POINT ( 'NONE',  ( 0.05000000000000000278, -0.8706927554520497159, -0.8569986152624509135 ) ) ;
#3294 = CARTESIAN_POINT ( 'NONE',  ( 0.05000000000000000278, -0.3627006260443503272, -0.1887608405728009864 ) ) ;
#3295 = ORIENTED_EDGE ( 'NONE', *, *, #3097, .T. ) ;
#3296 = FACE_OUTER_BOUND ( 'NONE', #2815, .T. ) ;
#3297 = CARTESIAN_POINT ( 'NONE',  ( 0.000000000000000000, 0.000000000000000000, 0.000000000000000000 ) ) ;
#3298 =( BOUNDED_CURVE ( )  B_SPLINE_CURVE ( 3, ( #4398, #4058, #2983, #1266 ),
 .UNSPECIFIED., .F., .F. ) 
 B_SPLINE_CURVE_WITH_KNOTS ( ( 4, 4 ),
 ( 3.141592653589797113, 4.712388980384689674 ),
 .UNSPECIFIED. ) 
 CURVE ( )  GEOMETRIC_REPRESENTATION_ITEM ( )  RATIONAL_B_SPLINE_CURVE ( ( 1.000000000000000000, 0.8047378541243658256, 0.8047378541243658256, 1.000000000000000000 ) ) 
 REPRESENTATION_ITEM ( '' )  );
#3299 = UNCERTAINTY_MEASURE_WITH_UNIT (LENGTH_MEASURE( 1.000000000000000082E-05 ), #3988, 'distance_accuracy_value', 'NONE');
#3300 =( NAMED_UNIT ( * ) SI_UNIT ( $, .STERADIAN. ) SOLID_ANGLE_UNIT ( ) );
#3301 = CARTESIAN_POINT ( 'NONE',  ( 0.05000000000000000278, -0.1846813534624345554, -0.08789214065705205914 ) ) ;
#3302 = CARTESIAN_POINT ( 'NONE',  ( 2.705000000000000515, 2.935000000000000053, 1.750000000000000000 ) ) ;
#3303 = FILL_AREA_STYLE ('',( #1611 ) ) ;
#3304 = ORIENTED_EDGE ( 'NONE', *, *, #363, .F. ) ;
#3305 = ORIENTED_EDGE ( 'NONE', *, *, #2126, .T. ) ;
#3306 = DIRECTION ( 'NONE',  ( 1.000000000000000000, -4.140151493978060242E-16, 0.000000000000000000 ) ) ;
#3307 = DIRECTION ( 'NONE',  ( 0.000000000000000000, 0.000000000000000000, 1.000000000000000000 ) ) ;
#3308 = ADVANCED_FACE ( 'NONE', ( #2163 ), #1479, .T. ) ;
#3309 = LINE ( 'NONE', #548, #3722 ) ;
#3310 = ORIENTED_EDGE ( 'NONE', *, *, #2376, .T. ) ;
#3311 = CARTESIAN_POINT ( 'NONE',  ( 0.05000000000000000278, -0.9584840150237976530, -0.5208329905869172327 ) ) ;
#3312 = CARTESIAN_POINT ( 'NONE',  ( 2.900000000000000355, 3.330000000000000515, 1.590000000000000080 ) ) ;
#3313 =( LENGTH_UNIT ( ) NAMED_UNIT ( * ) SI_UNIT ( .MILLI., .METRE. ) );
#3314 = CARTESIAN_POINT ( 'NONE',  ( 0.05000000000000000278, -0.2964545680405156758, -0.3131419510717353138 ) ) ;
#3315 = ORIENTED_EDGE ( 'NONE', *, *, #3183, .F. ) ;
#3316 = DIRECTION ( 'NONE',  ( 0.000000000000000000, 0.000000000000000000, -1.000000000000000000 ) ) ;
#3317 = DIRECTION ( 'NONE',  ( 1.000000000000000000, -0.000000000000000000, -0.000000000000000000 ) ) ;
#3318 = CARTESIAN_POINT ( 'NONE',  ( 0.05000000000000000278, -0.5475935083048593111, -0.7515219122348455461 ) ) ;
#3319 = CLOSED_SHELL ( 'NONE', ( #3214, #1167, #3816, #627, #2322, #4329, #2520, #3119, #74, #832, #556, #2797, #2291, #525, #424, #3220, #593, #1822, #3896, #763, #3747, #1363, #301, #730, #4014, #1953, #498, #3215, #3698, #4382, #757, #3895, #2296, #1224, #1786, #471, #999, #784, #1497, #2344, #82, #4425, #1297, #1257, #1846, #834, #103, #4150, #2959, #925, #3868, #4010, #4480, #3320, #2792, #4331, #98, #2312, #921, #2729, #4297, #585, #1477, #2177, #4100, #3695, #3813, #3308, #2819, #3011, #450, #4511, #3456, #4407, #161, #3457, #3075, #4257, #3017, #3927, #2902, #668, #1667, #4207, #2755, #2931, #3601, #972, #4149, #3177, #135, #1608, #2409, #3669, #1528, #1480, #1857, #1055, #1870, #3128, #48, #4183, #1926, #389, #612, #2115 ) ) ;
#3320 = ADVANCED_FACE ( 'NONE', ( #1127 ), #1843, .T. ) ;
#3321 = COLOUR_RGB ( '',0.1098039215686274495, 0.1098039215686274495, 0.1098039215686274495 ) ;
#3322 = FILL_AREA_STYLE_COLOUR ( '', #3321 ) ;
#3323 =( LENGTH_UNIT ( ) NAMED_UNIT ( * ) SI_UNIT ( .MILLI., .METRE. ) );
#3324 = DIRECTION ( 'NONE',  ( 0.000000000000000000, -1.000000000000000000, 0.000000000000000000 ) ) ;
#3325 = DIRECTION ( 'NONE',  ( -1.000000000000000000, 0.000000000000000000, 0.000000000000000000 ) ) ;
#3326 = VECTOR ( 'NONE', #2912, 1000.000000000000000 ) ;
#3327 = VERTEX_POINT ( 'NONE', #399 ) ;
#3328 = VECTOR ( 'NONE', #2358, 1000.000000000000000 ) ;
#3329 = SURFACE_STYLE_FILL_AREA ( #2308 ) ;
#3330 = DIRECTION ( 'NONE',  ( -0.000000000000000000, -0.000000000000000000, 1.000000000000000000 ) ) ;
#3331 = DIRECTION ( 'NONE',  ( 0.000000000000000000, 0.000000000000000000, 1.000000000000000000 ) ) ;
#3332 = VECTOR ( 'NONE', #882, 1000.000000000000000 ) ;
#3333 = FACE_OUTER_BOUND ( 'NONE', #2502, .T. ) ;
#3334 = EDGE_LOOP ( 'NONE', ( #4201, #386, #1878, #622 ) ) ;
#3335 = PRESENTATION_STYLE_ASSIGNMENT (( #1188 ) ) ;
#3336 = DIRECTION ( 'NONE',  ( -1.000000000000000000, 0.000000000000000000, 0.000000000000000000 ) ) ;
#3337 =( GEOMETRIC_REPRESENTATION_CONTEXT ( 3 ) GLOBAL_UNCERTAINTY_ASSIGNED_CONTEXT ( ( #4417 ) ) GLOBAL_UNIT_ASSIGNED_CONTEXT ( ( #18, #2175, #3573 ) ) REPRESENTATION_CONTEXT ( 'NONE', 'WORKASPACE' ) );
#3338 = COLOUR_RGB ( '',0.1098039215686274495, 0.1098039215686274495, 0.1098039215686274495 ) ;
#3339 = FACE_OUTER_BOUND ( 'NONE', #280, .T. ) ;
#3340 = ORIENTED_EDGE ( 'NONE', *, *, #1054, .F. ) ;
#3341 = FACE_OUTER_BOUND ( 'NONE', #3381, .T. ) ;
#3342 = FILL_AREA_STYLE ('',( #2300 ) ) ;
#3343 = EDGE_CURVE ( 'NONE', #2608, #3906, #3562, .T. ) ;
#3344 =( GEOMETRIC_REPRESENTATION_CONTEXT ( 3 ) GLOBAL_UNCERTAINTY_ASSIGNED_CONTEXT ( ( #2662 ) ) GLOBAL_UNIT_ASSIGNED_CONTEXT ( ( #177, #1234, #4366 ) ) REPRESENTATION_CONTEXT ( 'NONE', 'WORKASPACE' ) );
#3345 = CIRCLE ( 'NONE', #3655, 0.1000000000000000056 ) ;
#3346 = FILL_AREA_STYLE_COLOUR ( '', #1430 ) ;
#3347 = SURFACE_STYLE_USAGE ( .BOTH. , #4015 ) ;
#3348 = DIRECTION ( 'NONE',  ( 1.000000000000000000, 0.000000000000000000, -0.000000000000000000 ) ) ;
#3349 = EDGE_CURVE ( 'NONE', #1400, #829, #871, .T. ) ;
#3350 = EDGE_CURVE ( 'NONE', #1834, #456, #816, .T. ) ;
#3351 =( GEOMETRIC_REPRESENTATION_CONTEXT ( 3 ) GLOBAL_UNCERTAINTY_ASSIGNED_CONTEXT ( ( #2747 ) ) GLOBAL_UNIT_ASSIGNED_CONTEXT ( ( #4284, #4198, #2484 ) ) REPRESENTATION_CONTEXT ( 'NONE', 'WORKASPACE' ) );
#3352 = ORIENTED_EDGE ( 'NONE', *, *, #1279, .F. ) ;
#3353 = CARTESIAN_POINT ( 'NONE',  ( 0.000000000000000000, -0.8743278639594338486, -0.3733239880748113193 ) ) ;
#3354 = PLANE ( 'NONE',  #737 ) ;
#3355 = PLANE ( 'NONE',  #3203 ) ;
#3356 = AXIS2_PLACEMENT_3D ( 'NONE', #929, #3325, #1569 ) ;
#3357 = ORIENTED_EDGE ( 'NONE', *, *, #1537, .F. ) ;
#3358 = DIRECTION ( 'NONE',  ( -0.000000000000000000, -0.000000000000000000, -1.000000000000000000 ) ) ;
#3359 = LINE ( 'NONE', #4118, #3126 ) ;
#3360 = CARTESIAN_POINT ( 'NONE',  ( 1.402500000000000080, -3.234999999999999876, 1.750000000000000000 ) ) ;
#3361 = ORIENTED_EDGE ( 'NONE', *, *, #3188, .T. ) ;
#3362 = FACE_OUTER_BOUND ( 'NONE', #2373, .T. ) ;
#3363 = EDGE_CURVE ( 'NONE', #2356, #415, #3990, .T. ) ;
#3364 = PLANE ( 'NONE',  #181 ) ;
#3365 = CARTESIAN_POINT ( 'NONE',  ( 0.000000000000000000, 0.06715701061722821608, -0.8369387598176866172 ) ) ;
#3366 = SURFACE_SIDE_STYLE ('',( #2327 ) ) ;
#3367 = EDGE_CURVE ( 'NONE', #1525, #1016, #1460, .T. ) ;
#3368 = ORIENTED_EDGE ( 'NONE', *, *, #3684, .T. ) ;
#3369 = CARTESIAN_POINT ( 'NONE',  ( 0.000000000000000000, -0.9085019618535126185, -0.3965699073817252618 ) ) ;
#3370 =( LENGTH_UNIT ( ) NAMED_UNIT ( * ) SI_UNIT ( .MILLI., .METRE. ) );
#3371 = ORIENTED_EDGE ( 'NONE', *, *, #2152, .T. ) ;
#3372 = ORIENTED_EDGE ( 'NONE', *, *, #3611, .T. ) ;
#3373 = LINE ( 'NONE', #3038, #2533 ) ;
#3374 = DIRECTION ( 'NONE',  ( 0.000000000000000000, 0.000000000000000000, -1.000000000000000000 ) ) ;
#3375 = PRESENTATION_STYLE_ASSIGNMENT (( #1327 ) ) ;
#3376 = ORIENTED_EDGE ( 'NONE', *, *, #1976, .F. ) ;
#3377 = DIRECTION ( 'NONE',  ( 0.000000000000000000, -1.000000000000000000, 0.000000000000000000 ) ) ;
#3378 = CARTESIAN_POINT ( 'NONE',  ( 3.000000000000000000, -3.330000000000000515, 1.590000000000000080 ) ) ;
#3379 = UNCERTAINTY_MEASURE_WITH_UNIT (LENGTH_MEASURE( 1.000000000000000082E-05 ), #2879, 'distance_accuracy_value', 'NONE');
#3380 = CARTESIAN_POINT ( 'NONE',  ( 0.05000000000000000278, -0.1867119488473018840, 0.1413879296500521743 ) ) ;
#3381 = EDGE_LOOP ( 'NONE', ( #1095, #1182, #2877, #3863, #346, #1980, #2105, #3890, #1372, #640, #1226, #1848, #2613 ) ) ;
#3382 = CARTESIAN_POINT ( 'NONE',  ( 0.000000000000000000, -0.6357623295936737362, -0.8224786695850841989 ) ) ;
#3383 = PLANE ( 'NONE',  #1309 ) ;
#3384 = CARTESIAN_POINT ( 'NONE',  ( -6.776263578034402713E-18, -1.124977963018808369, -0.6182071190697624452 ) ) ;
#3385 = VECTOR ( 'NONE', #2303, 1000.000000000000000 ) ;
#3386 = ORIENTED_EDGE ( 'NONE', *, *, #2990, .T. ) ;
#3387 = CARTESIAN_POINT ( 'NONE',  ( 1.652500000000000080, -3.180000000000000160, -1.590000000000000080 ) ) ;
#3388 = LINE ( 'NONE', #3419, #1311 ) ;
#3389 = CARTESIAN_POINT ( 'NONE',  ( 2.805000000000000160, -3.234999999999999876, 3.135000000000000675 ) ) ;
#3390 = EDGE_CURVE ( 'NONE', #1271, #250, #468, .T. ) ;
#3391 = ORIENTED_EDGE ( 'NONE', *, *, #3034, .F. ) ;
#3392 = CIRCLE ( 'NONE', #1138, 0.09999999999999999167 ) ;
#3393 = ORIENTED_EDGE ( 'NONE', *, *, #3576, .F. ) ;
#3394 = CARTESIAN_POINT ( 'NONE',  ( 0.05000000000000000278, -0.7032756816904642827, -0.4264820290484557241 ) ) ;
#3395 = LINE ( 'NONE', #899, #339 ) ;
#3396 = CARTESIAN_POINT ( 'NONE',  ( 0.05000000000000000278, -0.7463502927026240963, -0.3876394100861293435 ) ) ;
#3397 = CARTESIAN_POINT ( 'NONE',  ( 0.000000000000000000, 3.135000000000000231, -3.234999999999999432 ) ) ;
#3398 = EDGE_CURVE ( 'NONE', #3142, #445, #1889, .T. ) ;
#3399 = VECTOR ( 'NONE', #1121, 1000.000000000000000 ) ;
#3400 = EDGE_CURVE ( 'NONE', #2860, #3948, #58, .T. ) ;
#3401 = DIRECTION ( 'NONE',  ( -1.000000000000000000, -0.000000000000000000, -0.000000000000000000 ) ) ;
#3402 = EDGE_LOOP ( 'NONE', ( #3830, #1916, #1693, #2933 ) ) ;
#3403 = VECTOR ( 'NONE', #4048, 1000.000000000000000 ) ;
#3404 = FACE_OUTER_BOUND ( 'NONE', #867, .T. ) ;
#3405 = DIRECTION ( 'NONE',  ( -1.000000000000000000, 4.140151493978059749E-16, 0.000000000000000000 ) ) ;
#3406 = VECTOR ( 'NONE', #2788, 1000.000000000000000 ) ;
#3407 = CARTESIAN_POINT ( 'NONE',  ( 0.05000000000000000278, -0.3686700509590882247, -0.1134407377336117129 ) ) ;
#3408 = ORIENTED_EDGE ( 'NONE', *, *, #4189, .F. ) ;
#3409 = SURFACE_STYLE_FILL_AREA ( #2019 ) ;
#3410 = CARTESIAN_POINT ( 'NONE',  ( 0.000000000000000000, -0.7149155993336994142, -0.8530353260751494249 ) ) ;
#3411 = AXIS2_PLACEMENT_3D ( 'NONE', #3070, #3431, #2412 ) ;
#3412 = CARTESIAN_POINT ( 'NONE',  ( 0.000000000000000000, 1.028695472155690016, -0.003605426484353424672 ) ) ;
#3413 = CARTESIAN_POINT ( 'NONE',  ( 0.05000000000000000278, -0.9481107739207748075, -0.5856960460430122861 ) ) ;
#3414 = B_SPLINE_CURVE_WITH_KNOTS ( 'NONE', 3,
 ( #4262, #3600, #2817, #394, #1856, #3246, #3933, #827, #483, #2222, #115 ),
 .UNSPECIFIED., .F., .F.,
 ( 4, 1, 1, 1, 1, 1, 1, 1, 4 ),
 ( 0.000000000000000000, 0.1381355455281891853, 0.2684506686800455788, 0.3942530064338335416, 0.5180986679418649876, 0.6385184547224835860, 0.7569658908781737860, 0.8772747938537114321, 1.000000000000000000 ),
 .UNSPECIFIED. ) ;
#3415 = AXIS2_PLACEMENT_3D ( 'NONE', #1090, #993, #704 ) ;
#3416 = FILL_AREA_STYLE ('',( #2828 ) ) ;
#3417 = VERTEX_POINT ( 'NONE', #54 ) ;
#3418 = CARTESIAN_POINT ( 'NONE',  ( 2.805000000000000160, 1.935000000000000053, 1.750000000000000000 ) ) ;
#3419 = CARTESIAN_POINT ( 'NONE',  ( 0.000000000000000000, -0.4713045278443104280, -0.5933490162279428937 ) ) ;
#3420 =( NAMED_UNIT ( * ) SI_UNIT ( $, .STERADIAN. ) SOLID_ANGLE_UNIT ( ) );
#3421 = VECTOR ( 'NONE', #2824, 1000.000000000000000 ) ;
#3422 =( GEOMETRIC_REPRESENTATION_CONTEXT ( 3 ) GLOBAL_UNCERTAINTY_ASSIGNED_CONTEXT ( ( #3435 ) ) GLOBAL_UNIT_ASSIGNED_CONTEXT ( ( #2051, #2664, #1359 ) ) REPRESENTATION_CONTEXT ( 'NONE', 'WORKASPACE' ) );
#3423 = ORIENTED_EDGE ( 'NONE', *, *, #1807, .F. ) ;
#3424 = VERTEX_POINT ( 'NONE', #4269 ) ;
#3425 = DIRECTION ( 'NONE',  ( -1.000000000000000000, 2.168404344971012812E-15, 0.000000000000000000 ) ) ;
#3426 = EDGE_CURVE ( 'NONE', #603, #3837, #3516, .T. ) ;
#3427 = CARTESIAN_POINT ( 'NONE',  ( 0.05000000000000000278, -0.8161751541107885588, -0.3627728964936164369 ) ) ;
#3428 =( NAMED_UNIT ( * ) SI_UNIT ( $, .STERADIAN. ) SOLID_ANGLE_UNIT ( ) );
#3429 = VECTOR ( 'NONE', #2031, 1000.000000000000000 ) ;
#3430 = EDGE_CURVE ( 'NONE', #3948, #2293, #1773, .T. ) ;
#3431 = DIRECTION ( 'NONE',  ( -1.000000000000000000, -0.000000000000000000, 0.000000000000000000 ) ) ;
#3432 = ORIENTED_EDGE ( 'NONE', *, *, #1586, .T. ) ;
#3433 = LINE ( 'NONE', #1742, #3775 ) ;
#3434 = CARTESIAN_POINT ( 'NONE',  ( 0.05000000000000000278, -0.1828429893827718533, -0.3806086316125583680 ) ) ;
#3435 = UNCERTAINTY_MEASURE_WITH_UNIT (LENGTH_MEASURE( 1.000000000000000082E-05 ), #2051, 'distance_accuracy_value', 'NONE');
#3436 = CARTESIAN_POINT ( 'NONE',  ( 2.032879073410320814E-17, -0.3350670739379364993, 0.02079304372095234013 ) ) ;
#3437 = VERTEX_POINT ( 'NONE', #2165 ) ;
#3438 = CARTESIAN_POINT ( 'NONE',  ( 0.000000000000000000, -0.6610131800983695127, -0.8349548485809902276 ) ) ;
#3439 = DIRECTION ( 'NONE',  ( -1.000000000000000000, 0.000000000000000000, 0.000000000000000000 ) ) ;
#3440 = CARTESIAN_POINT ( 'NONE',  ( -6.776263578034402713E-18, -1.063768593968604792, -0.7367003456147548368 ) ) ;
#3441 = CARTESIAN_POINT ( 'NONE',  ( 0.09999999999999982514, 3.135000000000000675, 3.135000000000000675 ) ) ;
#3442 = ORIENTED_EDGE ( 'NONE', *, *, #1425, .F. ) ;
#3443 = CARTESIAN_POINT ( 'NONE',  ( 1.602500000000000258, 3.180000000000000160, 1.590000000000000080 ) ) ;
#3444 = CARTESIAN_POINT ( 'NONE',  ( -6.776263578034402713E-18, -0.8565550062342243143, -0.6769319128830344479 ) ) ;
#3445 = DIRECTION ( 'NONE',  ( -2.017533294074227420E-16, 1.000000000000000000, -0.000000000000000000 ) ) ;
#3446 = EDGE_LOOP ( 'NONE', ( #2922, #3084, #3483, #808 ) ) ;
#3447 = ORIENTED_EDGE ( 'NONE', *, *, #3069, .T. ) ;
#3448 = LINE ( 'NONE', #1683, #1361 ) ;
#3449 = B_SPLINE_CURVE_WITH_KNOTS ( 'NONE', 3,
 ( #2609, #2653, #223, #2976, #4427, #2633, #4052, #4000, #201, #3979, #1535 ),
 .UNSPECIFIED., .F., .F.,
 ( 4, 1, 1, 1, 1, 1, 1, 1, 4 ),
 ( 0.000000000000000000, 0.1103603399843292726, 0.2211857967812665415, 0.3343638213725831920, 0.4529765798274157373, 0.5772343082002683312, 0.7088043240432454484, 0.8493551270704513545, 1.000000000000000000 ),
 .UNSPECIFIED. ) ;
#3450 = CARTESIAN_POINT ( 'NONE',  ( 0.000000000000000000, -0.9350144748808462136, -0.6133733852751676041 ) ) ;
#3451 = EDGE_CURVE ( 'NONE', #3465, #2536, #3565, .T. ) ;
#3452 = CARTESIAN_POINT ( 'NONE',  ( 1.402500000000000080, 3.234999999999999876, 1.590000000000000080 ) ) ;
#3453 = ORIENTED_EDGE ( 'NONE', *, *, #1895, .T. ) ;
#3454 = LINE ( 'NONE', #604, #4155 ) ;
#3455 = LINE ( 'NONE', #4479, #2898 ) ;
#3456 = ADVANCED_FACE ( 'NONE', ( #3152 ), #489, .T. ) ;
#3457 = ADVANCED_FACE ( 'NONE', ( #2873 ), #3491, .T. ) ;
#3458 = CARTESIAN_POINT ( 'NONE',  ( 2.032879073410320814E-17, -0.1637591216261582994, 0.1470419659048423922 ) ) ;
#3459 = ORIENTED_EDGE ( 'NONE', *, *, #3636, .T. ) ;
#3460 = CARTESIAN_POINT ( 'NONE',  ( 1.602500000000000258, 3.180000000000000160, 1.590000000000000080 ) ) ;
#3461 = CARTESIAN_POINT ( 'NONE',  ( 0.000000000000000000, -0.5671703457601255938, -0.7721561231017768367 ) ) ;
#3462 = PLANE ( 'NONE',  #68 ) ;
#3463 = EDGE_CURVE ( 'NONE', #3037, #1141, #2532, .T. ) ;
#3464 =( LENGTH_UNIT ( ) NAMED_UNIT ( * ) SI_UNIT ( .MILLI., .METRE. ) );
#3465 = VERTEX_POINT ( 'NONE', #3238 ) ;
#3466 = DIRECTION ( 'NONE',  ( 1.000000000000000000, 0.000000000000000000, 0.000000000000000000 ) ) ;
#3467 = LINE ( 'NONE', #1047, #2919 ) ;
#3468 = DIRECTION ( 'NONE',  ( 1.000000000000000000, 0.000000000000000000, -0.000000000000000000 ) ) ;
#3469 = MECHANICAL_DESIGN_GEOMETRIC_PRESENTATION_REPRESENTATION (  '', ( #3939 ), #565 ) ;
#3470 = ORIENTED_EDGE ( 'NONE', *, *, #895, .F. ) ;
#3471 = ORIENTED_EDGE ( 'NONE', *, *, #3960, .T. ) ;
#3472 = LINE ( 'NONE', #938, #3937 ) ;
#3473 = CARTESIAN_POINT ( 'NONE',  ( 0.05000000000000000278, -0.8212644637417463311, -0.3625797854587121116 ) ) ;
#3474 = PRESENTATION_STYLE_ASSIGNMENT (( #1032 ) ) ;
#3475 = EDGE_CURVE ( 'NONE', #4021, #2689, #101, .T. ) ;
#3476 = CYLINDRICAL_SURFACE ( 'NONE', #3411, 0.09999999999999982514 ) ;
#3477 = VERTEX_POINT ( 'NONE', #861 ) ;
#3478 = DIRECTION ( 'NONE',  ( -1.000000000000000000, -0.000000000000000000, -0.000000000000000000 ) ) ;
#3479 = DIRECTION ( 'NONE',  ( 0.000000000000000000, -0.8411127754819516245, -0.5408597775034191812 ) ) ;
#3480 = STYLED_ITEM ( 'NONE', ( #1414 ), #74 ) ;
#3481 = VECTOR ( 'NONE', #983, 1000.000000000000000 ) ;
#3482 = CARTESIAN_POINT ( 'NONE',  ( 2.032879073410320814E-17, -0.2731563063383862233, 0.09577196658084904946 ) ) ;
#3483 = ORIENTED_EDGE ( 'NONE', *, *, #3430, .F. ) ;
#3484 = CARTESIAN_POINT ( 'NONE',  ( 0.000000000000000000, -0.3627006260443503272, -0.1887608405728009864 ) ) ;
#3485 = CARTESIAN_POINT ( 'NONE',  ( 0.000000000000000000, 0.006059254206971814716, -0.01642593930486601836 ) ) ;
#3486 = FILL_AREA_STYLE ('',( #2461 ) ) ;
#3487 = VECTOR ( 'NONE', #4204, 1000.000000000000000 ) ;
#3488 = FACE_OUTER_BOUND ( 'NONE', #2298, .T. ) ;
#3489 = EDGE_CURVE ( 'NONE', #3477, #4021, #568, .T. ) ;
#3490 = FILL_AREA_STYLE ('',( #2553 ) ) ;
#3491 = PLANE ( 'NONE',  #432 ) ;
#3492 = DIRECTION ( 'NONE',  ( 1.000000000000000000, 0.000000000000000000, 0.000000000000000000 ) ) ;
#3493 = EDGE_CURVE ( 'NONE', #956, #151, #908, .T. ) ;
#3494 = CARTESIAN_POINT ( 'NONE',  ( -6.776263578034402713E-18, -0.9264005875525999079, -0.6259608707132388039 ) ) ;
#3495 = SURFACE_STYLE_USAGE ( .BOTH. , #4251 ) ;
#3496 = ORIENTED_EDGE ( 'NONE', *, *, #2069, .T. ) ;
#3497 = EDGE_LOOP ( 'NONE', ( #3178, #218, #4179, #1883 ) ) ;
#3498 = AXIS2_PLACEMENT_3D ( 'NONE', #4286, #3917, #124 ) ;
#3499 = CARTESIAN_POINT ( 'NONE',  ( 0.000000000000000000, 0.006259574719792314682, -0.4010413239202507141 ) ) ;
#3500 = CARTESIAN_POINT ( 'NONE',  ( 0.000000000000000000, -0.2420073796460378013, 0.1174697462955878041 ) ) ;
#3501 = DIRECTION ( 'NONE',  ( 0.000000000000000000, -0.000000000000000000, -1.000000000000000000 ) ) ;
#3502 = CARTESIAN_POINT ( 'NONE',  ( 0.05000000000000000278, -0.9085019618535126185, -0.3965699073817252618 ) ) ;
#3503 = ORIENTED_EDGE ( 'NONE', *, *, #833, .T. ) ;
#3504 = CARTESIAN_POINT ( 'NONE',  ( 0.05000000000000000278, -1.125150681690464394, 0.1630612401823135216 ) ) ;
#3505 = CARTESIAN_POINT ( 'NONE',  ( 0.05000000000000000278, -0.1667684322937651453, -0.1840226881023314387 ) ) ;
#3506 = STYLED_ITEM ( 'NONE', ( #3207 ), #4010 ) ;
#3507 = AXIS2_PLACEMENT_3D ( 'NONE', #2803, #1456, #1496 ) ;
#3508 = DIRECTION ( 'NONE',  ( 0.000000000000000000, -0.000000000000000000, 1.000000000000000000 ) ) ;
#3509 = ORIENTED_EDGE ( 'NONE', *, *, #806, .T. ) ;
#3510 = DIRECTION ( 'NONE',  ( -0.000000000000000000, -0.000000000000000000, 1.000000000000000000 ) ) ;
#3511 = CARTESIAN_POINT ( 'NONE',  ( 2.700000000000000178, 3.230000000000000870, -1.590000000000000080 ) ) ;
#3512 = LINE ( 'NONE', #1087, #811 ) ;
#3513 = EDGE_CURVE ( 'NONE', #480, #3417, #4177, .T. ) ;
#3514 = DIRECTION ( 'NONE',  ( -0.000000000000000000, 0.000000000000000000, -1.000000000000000000 ) ) ;
#3515 = ORIENTED_EDGE ( 'NONE', *, *, #1310, .F. ) ;
#3516 = LINE ( 'NONE', #2554, #356 ) ;
#3517 = PLANE ( 'NONE',  #1950 ) ;
#3518 = CARTESIAN_POINT ( 'NONE',  ( 2.705000000000000515, 0.000000000000000000, 3.135000000000000675 ) ) ;
#3519 = CARTESIAN_POINT ( 'NONE',  ( 0.05000000000000000278, -0.3687404252802076732, -0.1209932469971737035 ) ) ;
#3520 = B_SPLINE_SURFACE_WITH_KNOTS ( 'NONE', 3, 1, ( 
 ( #4374, #1215 ),
 ( #4194, #4141 ),
 ( #23, #2068 ),
 ( #1382, #3117 ),
 ( #2363, #1351 ),
 ( #3859, #2774 ),
 ( #2744, #650 ),
 ( #322, #3839 ),
 ( #348, #1713 ),
 ( #3074, #721 ),
 ( #1012, #2705 ),
 ( #3505, #3164 ),
 ( #372, #1689 ),
 ( #4526, #3761 ),
 ( #3817, #4168 ),
 ( #2415, #2798 ),
 ( #674, #4122 ),
 ( #4500, #2722 ),
 ( #964, #1668 ) ),
 .UNSPECIFIED., .F., .F., .F.,
 ( 4, 1, 1, 1, 1, 1, 1, 1, 1, 1, 1, 1, 1, 1, 1, 1, 4 ),
 ( 2, 2 ),
 ( 0.000000000000000000, 0.1055584515572727672, 0.2021217530471612622, 0.2907357291869311910, 0.3706174058311738628, 0.4427476685376858234, 0.5077637015032857581, 0.5656721017187098521, 0.6165624613083605654, 0.6634473495977375457, 0.7083772164997371723, 0.7534581593724378745, 0.7985692567253480645, 0.8451267071642595274, 0.8937276775141809182, 0.9446981374045934077, 1.000000000000000000 ),
 ( 0.000000000000000000, 1.000000000000000000 ),
 .UNSPECIFIED. ) ;
#3521 = EDGE_CURVE ( 'NONE', #2881, #543, #4359, .T. ) ;
#3522 = EDGE_CURVE ( 'NONE', #3950, #1016, #3659, .T. ) ;
#3523 = EDGE_LOOP ( 'NONE', ( #163, #2477, #1653, #2652 ) ) ;
#3524 = VERTEX_POINT ( 'NONE', #3683 ) ;
#3525 = PRESENTATION_STYLE_ASSIGNMENT (( #1114 ) ) ;
#3526 = DIRECTION ( 'NONE',  ( -1.000000000000000000, 0.000000000000000000, 0.000000000000000000 ) ) ;
#3527 = CARTESIAN_POINT ( 'NONE',  ( 0.000000000000000000, -0.8067564985457331694, -0.6828209796926413278 ) ) ;
#3528 = ORIENTED_EDGE ( 'NONE', *, *, #2198, .F. ) ;
#3529 = FILL_AREA_STYLE_COLOUR ( '', #1135 ) ;
#3530 = DIRECTION ( 'NONE',  ( -1.000000000000000000, -0.000000000000000000, -0.000000000000000000 ) ) ;
#3531 = EDGE_LOOP ( 'NONE', ( #1045, #4489, #4120 ) ) ;
#3532 = FACE_OUTER_BOUND ( 'NONE', #3923, .T. ) ;
#3533 = CARTESIAN_POINT ( 'NONE',  ( 0.000000000000000000, -0.5005811985486049442, -0.6796878182857336581 ) ) ;
#3534 = CARTESIAN_POINT ( 'NONE',  ( 0.05000000000000000278, 0.8235672670274848395, -0.003605426484353424672 ) ) ;
#3535 =( NAMED_UNIT ( * ) SI_UNIT ( $, .STERADIAN. ) SOLID_ANGLE_UNIT ( ) );
#3536 = ORIENTED_EDGE ( 'NONE', *, *, #2403, .F. ) ;
#3537 = CARTESIAN_POINT ( 'NONE',  ( 0.05000000000000000278, -1.137150123366982735, -0.4795983520884808948 ) ) ;
#3538 = DIRECTION ( 'NONE',  ( -1.000000000000000000, -0.000000000000000000, -0.000000000000000000 ) ) ;
#3539 = CARTESIAN_POINT ( 'NONE',  ( 0.000000000000000000, -1.124977963018808369, -0.6182071190697624452 ) ) ;
#3540 = CARTESIAN_POINT ( 'NONE',  ( 2.705000000000000515, 3.234999999999999876, -3.135000000000000231 ) ) ;
#3541 = ORIENTED_EDGE ( 'NONE', *, *, #3493, .T. ) ;
#3542 = ORIENTED_EDGE ( 'NONE', *, *, #3258, .T. ) ;
#3543 = LINE ( 'NONE', #3228, #119 ) ;
#3544 = CARTESIAN_POINT ( 'NONE',  ( 2.705000000000000071, 2.935000000000000053, 1.750000000000000000 ) ) ;
#3545 = FACE_OUTER_BOUND ( 'NONE', #60, .T. ) ;
#3546 = UNCERTAINTY_MEASURE_WITH_UNIT (LENGTH_MEASURE( 1.000000000000000082E-05 ), #1472, 'distance_accuracy_value', 'NONE');
#3547 = CARTESIAN_POINT ( 'NONE',  ( 0.000000000000000000, -0.6874678160677387684, -0.6141338191574905458 ) ) ;
#3548 = ORIENTED_EDGE ( 'NONE', *, *, #1863, .T. ) ;
#3549 = CARTESIAN_POINT ( 'NONE',  ( 1.402500000000000302, -3.135000000000000231, -1.590000000000000080 ) ) ;
#3550 = EDGE_CURVE ( 'NONE', #1656, #351, #542, .T. ) ;
#3551 = CARTESIAN_POINT ( 'NONE',  ( 1.502500000000000169, 3.330000000000000515, -1.590000000000000080 ) ) ;
#3552 = EDGE_CURVE ( 'NONE', #1074, #1173, #3345, .T. ) ;
#3553 = VECTOR ( 'NONE', #2012, 1000.000000000000000 ) ;
#3554 = VERTEX_POINT ( 'NONE', #888 ) ;
#3555 = VECTOR ( 'NONE', #2584, 1000.000000000000000 ) ;
#3556 = PLANE ( 'NONE',  #2671 ) ;
#3557 = PRESENTATION_LAYER_ASSIGNMENT (  '', '', ( #326 ) ) ;
#3558 = B_SPLINE_SURFACE_WITH_KNOTS ( 'NONE', 3, 1, ( 
 ( #1161, #3640 ),
 ( #2239, #522 ),
 ( #3615, #2558 ),
 ( #153, #3996 ),
 ( #3687, #868 ),
 ( #475, #1254 ),
 ( #2944, #3974 ),
 ( #821, #1873 ),
 ( #2216, #545 ),
 ( #131, #2267 ),
 ( #3262, #4363 ),
 ( #174, #1527 ),
 ( #841, #1918 ),
 ( #1572, #2970 ),
 ( #501, #1202 ),
 ( #1939, #4387 ),
 ( #2602, #4022 ),
 ( #1229, #2628 ),
 ( #194, #1597 ) ),
 .UNSPECIFIED., .F., .F., .F.,
 ( 4, 1, 1, 1, 1, 1, 1, 1, 1, 1, 1, 1, 1, 1, 1, 1, 4 ),
 ( 2, 2 ),
 ( 0.000000000000000000, 0.06376337119536298892, 0.1252513266723438157, 0.1853973328725154190, 0.2467851321550927901, 0.3093952708254029127, 0.3725000331564021216, 0.4369906514896308436, 0.5050009564957493868, 0.5432613493992168863, 0.5884027017031546736, 0.6396207137094725992, 0.6979238770998336117, 0.7632923663586930196, 0.8349930664457415608, 0.9138812040247500379, 1.000000000000000000 ),
 ( 0.000000000000000000, 1.000000000000000000 ),
 .UNSPECIFIED. ) ;
#3559 =( NAMED_UNIT ( * ) PLANE_ANGLE_UNIT ( ) SI_UNIT ( $, .RADIAN. ) );
#3560 = CARTESIAN_POINT ( 'NONE',  ( 0.000000000000000000, -0.06848809224910282212, -0.01886363136596775486 ) ) ;
#3561 = VECTOR ( 'NONE', #1025, 1000.000000000000000 ) ;
#3562 = LINE ( 'NONE', #775, #4254 ) ;
#3563 = PLANE ( 'NONE',  #3709 ) ;
#3564 =( GEOMETRIC_REPRESENTATION_CONTEXT ( 3 ) GLOBAL_UNCERTAINTY_ASSIGNED_CONTEXT ( ( #2302 ) ) GLOBAL_UNIT_ASSIGNED_CONTEXT ( ( #1403, #1053, #3880 ) ) REPRESENTATION_CONTEXT ( 'NONE', 'WORKASPACE' ) );
#3565 = LINE ( 'NONE', #2854, #1232 ) ;
#3566 = CARTESIAN_POINT ( 'NONE',  ( 0.000000000000000000, -0.8706927554520497159, -0.8569986152624509135 ) ) ;
#3567 = CARTESIAN_POINT ( 'NONE',  ( 0.05000000000000000278, 0.006059254206971814716, -0.01642593930486601836 ) ) ;
#3568 = VECTOR ( 'NONE', #2858, 1000.000000000000000 ) ;
#3569 = ORIENTED_EDGE ( 'NONE', *, *, #1007, .F. ) ;
#3570 = ORIENTED_EDGE ( 'NONE', *, *, #2037, .F. ) ;
#3571 = CARTESIAN_POINT ( 'NONE',  ( 2.799999999999999822, -3.130000000000000338, 1.590000000000000080 ) ) ;
#3572 = DIRECTION ( 'NONE',  ( -0.000000000000000000, 1.000000000000000000, 0.000000000000000000 ) ) ;
#3573 =( NAMED_UNIT ( * ) SI_UNIT ( $, .STERADIAN. ) SOLID_ANGLE_UNIT ( ) );
#3574 = AXIS2_PLACEMENT_3D ( 'NONE', #3757, #1686, #273 ) ;
#3575 = EDGE_CURVE ( 'NONE', #1016, #3465, #1591, .T. ) ;
#3576 = EDGE_CURVE ( 'NONE', #499, #3922, #1249, .T. ) ;
#3577 = FILL_AREA_STYLE_COLOUR ( '', #134 ) ;
#3578 = ORIENTED_EDGE ( 'NONE', *, *, #2372, .T. ) ;
#3579 = FACE_OUTER_BOUND ( 'NONE', #3156, .T. ) ;
#3580 = VECTOR ( 'NONE', #166, 1000.000000000000000 ) ;
#3581 = EDGE_CURVE ( 'NONE', #3948, #1949, #2643, .T. ) ;
#3582 = ORIENTED_EDGE ( 'NONE', *, *, #4488, .F. ) ;
#3583 = AXIS2_PLACEMENT_3D ( 'NONE', #2445, #1417, #3828 ) ;
#3584 = SURFACE_STYLE_USAGE ( .BOTH. , #814 ) ;
#3585 = CARTESIAN_POINT ( 'NONE',  ( 2.705000000000000515, -3.234999999999999876, -3.234999999999999432 ) ) ;
#3586 = CARTESIAN_POINT ( 'NONE',  ( 0.05000000000000000278, -0.6357623295936737362, -0.8224786695850841989 ) ) ;
#3587 = AXIS2_PLACEMENT_3D ( 'NONE', #355, #9, #2825 ) ;
#3588 =( NAMED_UNIT ( * ) SI_UNIT ( $, .STERADIAN. ) SOLID_ANGLE_UNIT ( ) );
#3589 = CARTESIAN_POINT ( 'NONE',  ( 0.000000000000000000, -0.7729872201520028296, -0.1927079905869172605 ) ) ;
#3590 = CARTESIAN_POINT ( 'NONE',  ( 0.05000000000000000278, -0.4713045278443104280, -0.5933490162279428937 ) ) ;
#3591 = CARTESIAN_POINT ( 'NONE',  ( 0.000000000000000000, -1.100452506580626544, -0.6803440643388914966 ) ) ;
#3592 = ORIENTED_EDGE ( 'NONE', *, *, #449, .F. ) ;
#3593 = EDGE_LOOP ( 'NONE', ( #1571, #779, #4073, #2878 ) ) ;
#3594 = CARTESIAN_POINT ( 'NONE',  ( 1.502500000000000169, 3.430000000000000160, 1.590000000000000080 ) ) ;
#3595 = SURFACE_STYLE_USAGE ( .BOTH. , #2900 ) ;
#3596 = SURFACE_STYLE_FILL_AREA ( #42 ) ;
#3597 = CARTESIAN_POINT ( 'NONE',  ( 0.05000000000000000278, -0.6698221560494387328, 0.1630612401823135216 ) ) ;
#3598 = ORIENTED_EDGE ( 'NONE', *, *, #1564, .T. ) ;
#3599 = LINE ( 'NONE', #3504, #116 ) ;
#3600 = CARTESIAN_POINT ( 'NONE',  ( -0.000000000000000000, -0.6801818448952500207, -0.6004105446099615717 ) ) ;
#3601 = ADVANCED_FACE ( 'NONE', ( #1610 ), #3256, .T. ) ;
#3602 = PLANE ( 'NONE',  #1658 ) ;
#3603 = VERTEX_POINT ( 'NONE', #1522 ) ;
#3604 = DIRECTION ( 'NONE',  ( 1.000000000000000000, 0.000000000000000000, 0.000000000000000000 ) ) ;
#3605 = SURFACE_STYLE_FILL_AREA ( #3987 ) ;
#3606 =( NAMED_UNIT ( * ) SI_UNIT ( $, .STERADIAN. ) SOLID_ANGLE_UNIT ( ) );
#3607 = EDGE_CURVE ( 'NONE', #2658, #4185, #2917, .T. ) ;
#3608 = PRESENTATION_STYLE_ASSIGNMENT (( #1823 ) ) ;
#3609 = CARTESIAN_POINT ( 'NONE',  ( 0.05000000000000000278, -0.9544735410350719818, -0.2057992233855752140 ) ) ;
#3610 = CARTESIAN_POINT ( 'NONE',  ( 0.05000000000000000278, -0.1794891205865687123, -0.1660607230251283928 ) ) ;
#3611 = EDGE_CURVE ( 'NONE', #4411, #2443, #496, .T. ) ;
#3612 = CARTESIAN_POINT ( 'NONE',  ( 1.402500000000000302, 3.135000000000000231, -1.750000000000000000 ) ) ;
#3613 = VERTEX_POINT ( 'NONE', #2940 ) ;
#3614 = ORIENTED_EDGE ( 'NONE', *, *, #1726, .F. ) ;
#3615 = CARTESIAN_POINT ( 'NONE',  ( 0.05000000000000000278, -0.1886497713498153372, -0.1028792500486759576 ) ) ;
#3616 = DIRECTION ( 'NONE',  ( -0.000000000000000000, -0.000000000000000000, 1.000000000000000000 ) ) ;
#3617 = LINE ( 'NONE', #478, #2906 ) ;
#3618 = DIRECTION ( 'NONE',  ( 0.000000000000000000, 0.000000000000000000, -1.000000000000000000 ) ) ;
#3619 = ORIENTED_EDGE ( 'NONE', *, *, #806, .F. ) ;
#3620 = CARTESIAN_POINT ( 'NONE',  ( 1.402500000000000080, -2.105220044031040239, 1.590000000000000080 ) ) ;
#3621 = CARTESIAN_POINT ( 'NONE',  ( 0.000000000000000000, -0.3687404252802076732, -0.1209932469971737035 ) ) ;
#3622 = LINE ( 'NONE', #745, #1442 ) ;
#3623 = MECHANICAL_DESIGN_GEOMETRIC_PRESENTATION_REPRESENTATION (  '', ( #1501 ), #3929 ) ;
#3624 = CARTESIAN_POINT ( 'NONE',  ( 0.05000000000000000278, -0.2052721270296158085, -0.3722367499298591675 ) ) ;
#3625 = ORIENTED_EDGE ( 'NONE', *, *, #4128, .T. ) ;
#3626 = CARTESIAN_POINT ( 'NONE',  ( 2.700000000000000178, 3.130000000000000338, -1.590000000000000080 ) ) ;
#3627 = DIRECTION ( 'NONE',  ( 0.000000000000000000, 0.000000000000000000, 1.000000000000000000 ) ) ;
#3628 = STYLED_ITEM ( 'NONE', ( #1911 ), #832 ) ;
#3629 = FACE_OUTER_BOUND ( 'NONE', #923, .T. ) ;
#3630 = AXIS2_PLACEMENT_3D ( 'NONE', #2564, #3672, #2275 ) ;
#3631 = EDGE_CURVE ( 'NONE', #3554, #2689, #327, .T. ) ;
#3632 = FACE_OUTER_BOUND ( 'NONE', #2865, .T. ) ;
#3633 = CARTESIAN_POINT ( 'NONE',  ( 0.05000000000000000278, -0.1377688076187750799, -0.2038331510429529370 ) ) ;
#3634 = CYLINDRICAL_SURFACE ( 'NONE', #4112, 0.1000000000000002554 ) ;
#3635 = AXIS2_PLACEMENT_3D ( 'NONE', #1183, #4345, #4319 ) ;
#3636 = EDGE_CURVE ( 'NONE', #3883, #3465, #2395, .T. ) ;
#3637 = ORIENTED_EDGE ( 'NONE', *, *, #2456, .T. ) ;
#3638 = AXIS2_PLACEMENT_3D ( 'NONE', #1346, #270, #4138 ) ;
#3639 = ORIENTED_EDGE ( 'NONE', *, *, #591, .F. ) ;
#3640 = CARTESIAN_POINT ( 'NONE',  ( 6.776263578034402713E-18, -0.1892532457930282408, -0.1185894008433275998 ) ) ;
#3641 = DIRECTION ( 'NONE',  ( 4.336808689942024836E-15, 0.000000000000000000, -1.000000000000000000 ) ) ;
#3642 = FACE_BOUND ( 'NONE', #1105, .T. ) ;
#3643 = VECTOR ( 'NONE', #317, 1000.000000000000000 ) ;
#3644 = PLANE ( 'NONE',  #3415 ) ;
#3645 = ORIENTED_EDGE ( 'NONE', *, *, #975, .T. ) ;
#3646 = AXIS2_PLACEMENT_3D ( 'NONE', #914, #1274, #2269 ) ;
#3647 = CARTESIAN_POINT ( 'NONE',  ( 1.402500000000000080, -3.234999999999999876, -1.750000000000000000 ) ) ;
#3648 = DIRECTION ( 'NONE',  ( 0.000000000000000000, -0.2073096204707153556, 0.9782753810969015973 ) ) ;
#3649 = FILL_AREA_STYLE_COLOUR ( '', #3944 ) ;
#3650 = MECHANICAL_DESIGN_GEOMETRIC_PRESENTATION_REPRESENTATION (  '', ( #2839 ), #863 ) ;
#3651 = DIRECTION ( 'NONE',  ( 1.000000000000000000, 0.000000000000000000, 0.000000000000000000 ) ) ;
#3652 = ORIENTED_EDGE ( 'NONE', *, *, #443, .T. ) ;
#3653 = DIRECTION ( 'NONE',  ( 1.000000000000000000, 3.933613324210450348E-16, 0.000000000000000000 ) ) ;
#3654 = CARTESIAN_POINT ( 'NONE',  ( 1.402500000000000080, 3.234999999999999876, -1.590000000000000080 ) ) ;
#3655 = AXIS2_PLACEMENT_3D ( 'NONE', #1568, #836, #1179 ) ;
#3656 = CARTESIAN_POINT ( 'NONE',  ( 0.05000000000000000278, 0.006259574719792314682, -0.4010413239202507141 ) ) ;
#3657 = CARTESIAN_POINT ( 'NONE',  ( 0.000000000000000000, 0.06715701061722821608, -0.01642593930486601836 ) ) ;
#3658 = DIRECTION ( 'NONE',  ( -1.000000000000000000, 0.000000000000000000, 0.000000000000000000 ) ) ;
#3659 = LINE ( 'NONE', #1199, #2188 ) ;
#3660 = CARTESIAN_POINT ( 'NONE',  ( 0.05000000000000000278, -1.125150681690464394, 0.1630612401823135216 ) ) ;
#3661 = AXIS2_PLACEMENT_3D ( 'NONE', #822, #1097, #2150 ) ;
#3662 = B_SPLINE_CURVE_WITH_KNOTS ( 'NONE', 3,
 ( #1108, #4218, #1412, #3169, #29, #4266, #2870, #2485, #815, #1150, #3916, #2120, #1820, #3560, #3965, #1751, #1065, #3894, #4285 ),
 .UNSPECIFIED., .F., .F.,
 ( 4, 1, 1, 1, 1, 1, 1, 1, 1, 1, 1, 1, 1, 1, 1, 1, 4 ),
 ( 0.000000000000000000, 0.06376337119536298892, 0.1252513266723438157, 0.1853973328725154190, 0.2467851321550927901, 0.3093952708254029127, 0.3725000331564021216, 0.4369906514896308436, 0.5050009564957493868, 0.5432613493992168863, 0.5884027017031546736, 0.6396207137094725992, 0.6979238770998336117, 0.7632923663586930196, 0.8349930664457415608, 0.9138812040247500379, 1.000000000000000000 ),
 .UNSPECIFIED. ) ;
#3663 = AXIS2_PLACEMENT_3D ( 'NONE', #3297, #167, #1952 ) ;
#3664 = EDGE_LOOP ( 'NONE', ( #3157, #3295, #4265, #897, #1548, #1510, #1503, #4367 ) ) ;
#3665 = ORIENTED_EDGE ( 'NONE', *, *, #2184, .T. ) ;
#3666 =( NAMED_UNIT ( * ) PLANE_ANGLE_UNIT ( ) SI_UNIT ( $, .RADIAN. ) );
#3667 = CARTESIAN_POINT ( 'NONE',  ( 1.502500000000000169, -3.430000000000000160, -1.590000000000000080 ) ) ;
#3668 = CARTESIAN_POINT ( 'NONE',  ( 0.05000000000000000278, -0.8120497201520028296, -0.003605426484353099412 ) ) ;
#3669 = ADVANCED_FACE ( 'NONE', ( #3124 ), #4533, .T. ) ;
#3670 = DIRECTION ( 'NONE',  ( -1.000000000000000000, 0.000000000000000000, -0.000000000000000000 ) ) ;
#3671 = ORIENTED_EDGE ( 'NONE', *, *, #3040, .F. ) ;
#3672 = DIRECTION ( 'NONE',  ( 0.000000000000000000, 0.000000000000000000, -1.000000000000000000 ) ) ;
#3673 = CARTESIAN_POINT ( 'NONE',  ( 2.805000000000000160, -1.935000000000000053, -1.750000000000000000 ) ) ;
#3674 = CARTESIAN_POINT ( 'NONE',  ( 0.05000000000000000278, -1.137971194510977169, -0.5146230546894813296 ) ) ;
#3675 = EDGE_CURVE ( 'NONE', #4064, #2759, #1624, .T. ) ;
#3676 = CARTESIAN_POINT ( 'NONE',  ( 0.05000000000000000278, -0.1828429893827718533, -0.3806086316125583680 ) ) ;
#3677 = VERTEX_POINT ( 'NONE', #2075 ) ;
#3678 = FACE_OUTER_BOUND ( 'NONE', #2711, .T. ) ;
#3679 = DIRECTION ( 'NONE',  ( -1.000000000000000000, 0.000000000000000000, -0.000000000000000000 ) ) ;
#3680 = FILL_AREA_STYLE ('',( #244 ) ) ;
#3681 = CARTESIAN_POINT ( 'NONE',  ( 2.805000000000000160, 3.135000000000000231, 0.000000000000000000 ) ) ;
#3682 = CARTESIAN_POINT ( 'NONE',  ( 0.05000000000000000278, -0.8971424443453667186, -0.1883761398215660909 ) ) ;
#3683 = CARTESIAN_POINT ( 'NONE',  ( 0.05000000000000000278, -0.8138526047673874109, -0.6830926059715326515 ) ) ;
#3684 = EDGE_CURVE ( 'NONE', #3922, #2720, #610, .T. ) ;
#3685 = EDGE_LOOP ( 'NONE', ( #571, #1633, #2471, #2749, #4386, #2066, #1322 ) ) ;
#3686 = ORIENTED_EDGE ( 'NONE', *, *, #1864, .T. ) ;
#3687 = CARTESIAN_POINT ( 'NONE',  ( 0.05000000000000000278, -0.1783649825512292897, -0.07401974874790116787 ) ) ;
#3688 = FACE_OUTER_BOUND ( 'NONE', #193, .T. ) ;
#3689 = LINE ( 'NONE', #4424, #2469 ) ;
#3690 = FACE_OUTER_BOUND ( 'NONE', #2703, .T. ) ;
#3691 = ORIENTED_EDGE ( 'NONE', *, *, #4171, .T. ) ;
#3692 = PLANE ( 'NONE',  #4229 ) ;
#3693 = EDGE_CURVE ( 'NONE', #847, #1997, #3026, .T. ) ;
#3694 = CARTESIAN_POINT ( 'NONE',  ( 1.402500000000000080, -2.105220044031040239, -1.590000000000000080 ) ) ;
#3695 = ADVANCED_FACE ( 'NONE', ( #3726 ), #3054, .T. ) ;
#3696 = DIRECTION ( 'NONE',  ( 0.000000000000000000, -0.9746736483397867579, -0.2236320174572719865 ) ) ;
#3697 = ORIENTED_EDGE ( 'NONE', *, *, #3343, .F. ) ;
#3698 = ADVANCED_FACE ( 'NONE', ( #2349 ), #3383, .F. ) ;
#3699 = SURFACE_STYLE_FILL_AREA ( #3342 ) ;
#3700 = CARTESIAN_POINT ( 'NONE',  ( 1.402500000000000080, -3.330000000000000515, 1.590000000000000080 ) ) ;
#3701 = AXIS2_PLACEMENT_3D ( 'NONE', #180, #4369, #1261 ) ;
#3702 = PRESENTATION_LAYER_ASSIGNMENT (  '', '', ( #2528 ) ) ;
#3703 = DIRECTION ( 'NONE',  ( -0.000000000000000000, -0.000000000000000000, -1.000000000000000000 ) ) ;
#3704 = CARTESIAN_POINT ( 'NONE',  ( 0.05000000000000000278, -0.1490223694581933600, -0.1980783202007517785 ) ) ;
#3705 = DIRECTION ( 'NONE',  ( 0.000000000000000000, 0.000000000000000000, 1.000000000000000000 ) ) ;
#3706 = ORIENTED_EDGE ( 'NONE', *, *, #837, .F. ) ;
#3707 = AXIS2_PLACEMENT_3D ( 'NONE', #4136, #3111, #2717 ) ;
#3708 = PRESENTATION_STYLE_ASSIGNMENT (( #912 ) ) ;
#3709 = AXIS2_PLACEMENT_3D ( 'NONE', #1753, #731, #1772 ) ;
#3710 = FILL_AREA_STYLE_COLOUR ( '', #3145 ) ;
#3711 = CARTESIAN_POINT ( 'NONE',  ( 0.05000000000000000278, -0.2404375733032638740, 0.1180664248766067348 ) ) ;
#3712 = VECTOR ( 'NONE', #857, 1000.000000000000000 ) ;
#3713 = VERTEX_POINT ( 'NONE', #1675 ) ;
#3714 = CARTESIAN_POINT ( 'NONE',  ( 2.700000000000000178, 3.230000000000000870, -1.590000000000000080 ) ) ;
#3715 = DIRECTION ( 'NONE',  ( -0.000000000000000000, 0.9793242484501296641, 0.2022968521692536381 ) ) ;
#3716 = CARTESIAN_POINT ( 'NONE',  ( 0.05000000000000000278, -1.136969548171612665, -0.5501980198767709718 ) ) ;
#3717 = MECHANICAL_DESIGN_GEOMETRIC_PRESENTATION_REPRESENTATION (  '', ( #1589 ), #3337 ) ;
#3718 = CARTESIAN_POINT ( 'NONE',  ( 0.000000000000000000, -0.3105206389565347003, -0.2985686257641163022 ) ) ;
#3719 = ORIENTED_EDGE ( 'NONE', *, *, #646, .T. ) ;
#3720 =( NAMED_UNIT ( * ) SI_UNIT ( $, .STERADIAN. ) SOLID_ANGLE_UNIT ( ) );
#3721 = DIRECTION ( 'NONE',  ( -1.000000000000000000, -0.000000000000000000, -0.000000000000000000 ) ) ;
#3722 = VECTOR ( 'NONE', #1903, 1000.000000000000000 ) ;
#3723 = AXIS2_PLACEMENT_3D ( 'NONE', #3236, #1865, #2229 ) ;
#3724 = DIRECTION ( 'NONE',  ( -1.000000000000000000, 3.933613324210450841E-16, 0.000000000000000000 ) ) ;
#3725 = CARTESIAN_POINT ( 'NONE',  ( 0.000000000000000000, -0.6874996671362669787, -0.8449302934628188932 ) ) ;
#3726 = FACE_OUTER_BOUND ( 'NONE', #90, .T. ) ;
#3727 = SURFACE_STYLE_USAGE ( .BOTH. , #3366 ) ;
#3728 = COLOUR_RGB ( '',0.1098039215686274495, 0.1098039215686274495, 0.1098039215686274495 ) ;
#3729 = VERTEX_POINT ( 'NONE', #632 ) ;
#3730 = AXIS2_PLACEMENT_3D ( 'NONE', #2669, #4086, #934 ) ;
#3731 = CARTESIAN_POINT ( 'NONE',  ( 0.000000000000000000, -0.9532134921067577649, -0.4724257797623150901 ) ) ;
#3732 = FACE_OUTER_BOUND ( 'NONE', #628, .T. ) ;
#3733 = DIRECTION ( 'NONE',  ( -2.168404344971012812E-15, -1.000000000000000000, -0.000000000000000000 ) ) ;
#3734 = ORIENTED_EDGE ( 'NONE', *, *, #4402, .T. ) ;
#3735 = CARTESIAN_POINT ( 'NONE',  ( 2.805000000000000160, 3.234999999999999876, -1.750000000000000000 ) ) ;
#3736 = CARTESIAN_POINT ( 'NONE',  ( 2.800000000000000266, 3.130000000000000338, 1.590000000000000080 ) ) ;
#3737 = CARTESIAN_POINT ( 'NONE',  ( 2.705000000000000515, -2.935000000000000053, 1.750000000000000000 ) ) ;
#3738 =( NAMED_UNIT ( * ) PLANE_ANGLE_UNIT ( ) SI_UNIT ( $, .RADIAN. ) );
#3739 = VERTEX_POINT ( 'NONE', #3412 ) ;
#3740 = CARTESIAN_POINT ( 'NONE',  ( 2.799999999999999822, 2.130000000000000338, -1.590000000000000080 ) ) ;
#3741 = EDGE_CURVE ( 'NONE', #1632, #1937, #284, .T. ) ;
#3742 = CARTESIAN_POINT ( 'NONE',  ( 0.05000000000000000278, -0.3628358096574299529, -0.05580565565891646568 ) ) ;
#3743 = DIRECTION ( 'NONE',  ( -1.000000000000000000, 2.017533294074227913E-16, 0.000000000000000000 ) ) ;
#3744 = CARTESIAN_POINT ( 'NONE',  ( 0.000000000000000000, -0.8348862586135412656, -0.1830926059715325405 ) ) ;
#3745 = CARTESIAN_POINT ( 'NONE',  ( 0.05000000000000000278, 0.06715701061722821608, -0.01642593930486601836 ) ) ;
#3746 = CARTESIAN_POINT ( 'NONE',  ( 0.05000000000000000278, -0.8706927554520497159, -0.8569986152624509135 ) ) ;
#3747 = ADVANCED_FACE ( 'NONE', ( #1696 ), #3101, .T. ) ;
#3748 = ORIENTED_EDGE ( 'NONE', *, *, #2210, .T. ) ;
#3749 = CARTESIAN_POINT ( 'NONE',  ( 0.05000000000000000278, 0.03750957471979228519, 0.1630612401823134383 ) ) ;
#3750 = CARTESIAN_POINT ( 'NONE',  ( 0.000000000000000000, -0.7729872201520028296, -0.1927079905869172605 ) ) ;
#3751 = ORIENTED_EDGE ( 'NONE', *, *, #3426, .T. ) ;
#3752 = EDGE_LOOP ( 'NONE', ( #4273, #4447, #705, #4260 ) ) ;
#3753 = CARTESIAN_POINT ( 'NONE',  ( 0.1000000000000000056, 3.135000000000000231, -3.134999999999999787 ) ) ;
#3754 = DIRECTION ( 'NONE',  ( -1.000000000000000000, 0.000000000000000000, 0.000000000000000000 ) ) ;
#3755 = FACE_OUTER_BOUND ( 'NONE', #1313, .T. ) ;
#3756 = CARTESIAN_POINT ( 'NONE',  ( 1.402500000000000080, -3.330000000000000515, 1.590000000000000080 ) ) ;
#3757 = CARTESIAN_POINT ( 'NONE',  ( 0.05000000000000000278, -1.125150681690464394, -0.003605426484353099412 ) ) ;
#3758 = ORIENTED_EDGE ( 'NONE', *, *, #110, .F. ) ;
#3759 = DIRECTION ( 'NONE',  ( 1.000000000000000000, 0.000000000000000000, 0.000000000000000000 ) ) ;
#3760 = EDGE_CURVE ( 'NONE', #2759, #2470, #8, .T. ) ;
#3761 = CARTESIAN_POINT ( 'NONE',  ( 3.388131789017201356E-17, -0.1794891205865687123, -0.1660607230251283928 ) ) ;
#3762 = UNCERTAINTY_MEASURE_WITH_UNIT (LENGTH_MEASURE( 1.000000000000000082E-05 ), #3198, 'distance_accuracy_value', 'NONE');
#3763 = CARTESIAN_POINT ( 'NONE',  ( 2.032879073410320814E-17, -0.3006849316940218286, 0.06917165221791383989 ) ) ;
#3764 = ORIENTED_EDGE ( 'NONE', *, *, #1457, .F. ) ;
#3765 = DIRECTION ( 'NONE',  ( 0.000000000000000000, 1.000000000000000000, 0.000000000000000000 ) ) ;
#3766 = DIRECTION ( 'NONE',  ( -1.000000000000000000, -0.000000000000000000, -0.000000000000000000 ) ) ;
#3767 = DIRECTION ( 'NONE',  ( -1.000000000000000000, -4.140151493978060242E-16, 0.000000000000000000 ) ) ;
#3768 = CARTESIAN_POINT ( 'NONE',  ( 0.05000000000000000278, -0.8428701722350326886, -0.6806039017622530496 ) ) ;
#3769 = AXIS2_PLACEMENT_3D ( 'NONE', #1246, #189, #3008 ) ;
#3770 = FILL_AREA_STYLE ('',( #2399 ) ) ;
#3771 = VERTEX_POINT ( 'NONE', #2782 ) ;
#3772 = CARTESIAN_POINT ( 'NONE',  ( 0.000000000000000000, -0.8212644637417463311, -0.3625797854587121116 ) ) ;
#3773 = SURFACE_STYLE_FILL_AREA ( #954 ) ;
#3774 = PLANE ( 'NONE',  #51 ) ;
#3775 = VECTOR ( 'NONE', #2721, 1000.000000000000000 ) ;
#3776 = EDGE_CURVE ( 'NONE', #829, #3078, #3915, .T. ) ;
#3777 = ORIENTED_EDGE ( 'NONE', *, *, #1864, .F. ) ;
#3778 = AXIS2_PLACEMENT_3D ( 'NONE', #371, #4279, #2503 ) ;
#3779 = VECTOR ( 'NONE', #3648, 999.9999999999998863 ) ;
#3780 = ORIENTED_EDGE ( 'NONE', *, *, #734, .F. ) ;
#3781 = DIRECTION ( 'NONE',  ( 1.000000000000000000, 0.000000000000000000, 0.000000000000000000 ) ) ;
#3782 = CARTESIAN_POINT ( 'NONE',  ( 0.000000000000000000, -0.9058735574661596068, -0.6483024875156188083 ) ) ;
#3783 = CARTESIAN_POINT ( 'NONE',  ( 0.000000000000000000, -0.7032756816904642827, -0.4264820290484557241 ) ) ;
#3784 = MECHANICAL_DESIGN_GEOMETRIC_PRESENTATION_REPRESENTATION (  '', ( #3861 ), #1728 ) ;
#3785 = CARTESIAN_POINT ( 'NONE',  ( 0.05000000000000000278, 0.6440800875403053238, -0.8369387598176868392 ) ) ;
#3786 = VERTEX_POINT ( 'NONE', #3168 ) ;
#3787 =( GEOMETRIC_REPRESENTATION_CONTEXT ( 3 ) GLOBAL_UNCERTAINTY_ASSIGNED_CONTEXT ( ( #2937 ) ) GLOBAL_UNIT_ASSIGNED_CONTEXT ( ( #63, #2863, #4276 ) ) REPRESENTATION_CONTEXT ( 'NONE', 'WORKASPACE' ) );
#3788 =( NAMED_UNIT ( * ) SI_UNIT ( $, .STERADIAN. ) SOLID_ANGLE_UNIT ( ) );
#3789 = CARTESIAN_POINT ( 'NONE',  ( 1.402500000000000080, 3.330000000000000515, 1.590000000000000080 ) ) ;
#3790 = B_SPLINE_CURVE_WITH_KNOTS ( 'NONE', 3,
 ( #1718, #631, #3123, #2020, #3410, #3725, #283, #352, #1789, #3195, #1168, #1062, #698, #1557, #3533, #3291, #2908, #114, #2459 ),
 .UNSPECIFIED., .F., .F.,
 ( 4, 1, 1, 1, 1, 1, 1, 1, 1, 1, 1, 1, 1, 1, 1, 1, 4 ),
 ( 0.000000000000000000, 0.06593481762567718341, 0.1300372587941655000, 0.1923620702496510182, 0.2538195214289183377, 0.3141994357375423874, 0.3746698781567774916, 0.4351541180379873142, 0.4964786684939704320, 0.5578092661396397700, 0.6190309229821124859, 0.6796911875192901409, 0.7409612864102639307, 0.8033752905051764204, 0.8668176884999614362, 0.9323179771745061517, 1.000000000000000000 ),
 .UNSPECIFIED. ) ;
#3791 = VECTOR ( 'NONE', #2648, 1000.000000000000000 ) ;
#3792 = CARTESIAN_POINT ( 'NONE',  ( 2.032879073410320814E-17, -0.3442243984174069849, 0.002830265096990197769 ) ) ;
#3793 = EDGE_LOOP ( 'NONE', ( #3368, #4214, #4134, #1604, #1645, #1817, #1859, #3541, #2446, #520, #1333, #3259 ) ) ;
#3794 = SURFACE_SIDE_STYLE ('',( #3409 ) ) ;
#3795 = CARTESIAN_POINT ( 'NONE',  ( 0.05000000000000000278, -0.7435494381943531517, -0.8586355904517466442 ) ) ;
#3796 = AXIS2_PLACEMENT_3D ( 'NONE', #226, #2567, #1882 ) ;
#3797 = SURFACE_STYLE_FILL_AREA ( #990 ) ;
#3798 = CARTESIAN_POINT ( 'NONE',  ( -6.776263578034402713E-18, -1.132577810179866473, -0.5849006978280139046 ) ) ;
#3799 = CIRCLE ( 'NONE', #872, 0.09999999999999982514 ) ;
#3800 = SURFACE_STYLE_FILL_AREA ( #3770 ) ;
#3801 = EDGE_LOOP ( 'NONE', ( #3957, #4523, #1829, #594 ) ) ;
#3802 = CARTESIAN_POINT ( 'NONE',  ( 0.05000000000000000278, -0.3350670739379364993, 0.02079304372095234013 ) ) ;
#3803 = CARTESIAN_POINT ( 'NONE',  ( 0.05000000000000000278, -0.8944209022531376396, -0.6575877297056080817 ) ) ;
#3804 = DIRECTION ( 'NONE',  ( -0.000000000000000000, -1.000000000000000000, -0.000000000000000000 ) ) ;
#3805 = PRESENTATION_LAYER_ASSIGNMENT (  '', '', ( #2191 ) ) ;
#3806 = AXIS2_PLACEMENT_3D ( 'NONE', #1573, #1598, #2997 ) ;
#3807 = VERTEX_POINT ( 'NONE', #772 ) ;
#3808 = EDGE_LOOP ( 'NONE', ( #293, #3109, #3094, #1444 ) ) ;
#3809 = CARTESIAN_POINT ( 'NONE',  ( 3.000000000000000000, 3.330000000000000515, -1.590000000000000080 ) ) ;
#3810 = CARTESIAN_POINT ( 'NONE',  ( 0.05000000000000000278, -0.7609757526175400244, -0.3784373073668557685 ) ) ;
#3811 = PLANE ( 'NONE',  #2249 ) ;
#3812 = EDGE_CURVE ( 'NONE', #4252, #1734, #727, .T. ) ;
#3813 = ADVANCED_FACE ( 'NONE', ( #1042 ), #2189, .T. ) ;
#3814 = FACE_OUTER_BOUND ( 'NONE', #1427, .T. ) ;
#3815 = VERTEX_POINT ( 'NONE', #1064 ) ;
#3816 = ADVANCED_FACE ( 'NONE', ( #425 ), #1124, .F. ) ;
#3817 = CARTESIAN_POINT ( 'NONE',  ( 0.05000000000000000278, -0.1840070077977582763, -0.1555928024450483615 ) ) ;
#3818 = UNCERTAINTY_MEASURE_WITH_UNIT (LENGTH_MEASURE( 1.000000000000000082E-05 ), #4320, 'distance_accuracy_value', 'NONE');
#3819 = CARTESIAN_POINT ( 'NONE',  ( 2.032879073410320814E-17, -0.1086697353013217487, 0.1561720010057038865 ) ) ;
#3820 = ORIENTED_EDGE ( 'NONE', *, *, #4487, .F. ) ;
#3821 = CARTESIAN_POINT ( 'NONE',  ( 0.000000000000000000, -0.4713045278443104280, -0.5933490162279428937 ) ) ;
#3822 = SURFACE_STYLE_USAGE ( .BOTH. , #590 ) ;
#3823 = B_SPLINE_CURVE_WITH_KNOTS ( 'NONE', 3,
 ( #4085, #4423, #3030, #4109, #3731, #290, #2425, #3827, #1960, #2374, #3369, #1678, #3085, #3353, #219, #1293, #953, #2731, #3772 ),
 .UNSPECIFIED., .F., .F.,
 ( 4, 1, 1, 1, 1, 1, 1, 1, 1, 1, 1, 1, 1, 1, 1, 1, 4 ),
 ( 0.000000000000000000, 0.07290044517819292691, 0.1420035572776732202, 0.2092423139433869650, 0.2745916364776389007, 0.3384167658000732382, 0.4016927893975336672, 0.4649339725645665333, 0.5282564202501484063, 0.5906850240741912117, 0.6509338176697205824, 0.7096511349919861766, 0.7671803338107784365, 0.8241642198597891600, 0.8817508553548618622, 0.9399466216156888709, 0.9999999999999998890 ),
 .UNSPECIFIED. ) ;
#3824 = CARTESIAN_POINT ( 'NONE',  ( 0.05000000000000000278, -0.9581981062995043041, -0.5380476404707819071 ) ) ;
#3825 = DIRECTION ( 'NONE',  ( -0.000000000000000000, -0.000000000000000000, -1.000000000000000000 ) ) ;
#3826 = EDGE_LOOP ( 'NONE', ( #1504, #2859, #1275, #3268 ) ) ;
#3827 = CARTESIAN_POINT ( 'NONE',  ( 0.000000000000000000, -0.9359551439801379047, -0.4308303524678350205 ) ) ;
#3828 = DIRECTION ( 'NONE',  ( -1.000000000000000000, 0.000000000000000000, -0.000000000000000000 ) ) ;
#3829 = CARTESIAN_POINT ( 'NONE',  ( 0.05000000000000000278, -0.8059750858077204816, -0.3631599324354106706 ) ) ;
#3830 = ORIENTED_EDGE ( 'NONE', *, *, #3905, .T. ) ;
#3831 = ORIENTED_EDGE ( 'NONE', *, *, #2982, .T. ) ;
#3832 = DIRECTION ( 'NONE',  ( -1.000000000000000000, -0.000000000000000000, -0.000000000000000000 ) ) ;
#3833 = CARTESIAN_POINT ( 'NONE',  ( 0.000000000000000000, -0.9527328113583258817, -0.5706177781731857079 ) ) ;
#3834 = LINE ( 'NONE', #4496, #4313 ) ;
#3835 = EDGE_CURVE ( 'NONE', #1485, #1094, #3149, .T. ) ;
#3836 = CARTESIAN_POINT ( 'NONE',  ( 0.05000000000000000278, -0.9359551439801379047, -0.4308303524678350205 ) ) ;
#3837 = VERTEX_POINT ( 'NONE', #3511 ) ;
#3838 = SURFACE_STYLE_USAGE ( .BOTH. , #2435 ) ;
#3839 = CARTESIAN_POINT ( 'NONE',  ( 3.388131789017201356E-17, -0.1244409251852199583, -0.2084418192631687927 ) ) ;
#3840 = B_SPLINE_CURVE_WITH_KNOTS ( 'NONE', 3,
 ( #4274, #4547, #3878, #457, #1486, #2811, #1075, #1401, #2791, #3924, #2472, #1445, #1096, #3206, #40, #1051, #2861, #782, #2173 ),
 .UNSPECIFIED., .F., .F.,
 ( 4, 1, 1, 1, 1, 1, 1, 1, 1, 1, 1, 1, 1, 1, 1, 1, 4 ),
 ( 0.000000000000000000, 0.1055584515572727672, 0.2021217530471612622, 0.2907357291869311910, 0.3706174058311738628, 0.4427476685376858234, 0.5077637015032857581, 0.5656721017187098521, 0.6165624613083605654, 0.6634473495977375457, 0.7083772164997371723, 0.7534581593724378745, 0.7985692567253480645, 0.8451267071642595274, 0.8937276775141809182, 0.9446981374045934077, 1.000000000000000000 ),
 .UNSPECIFIED. ) ;
#3841 = EDGE_CURVE ( 'NONE', #1039, #2583, #3865, .T. ) ;
#3842 = CARTESIAN_POINT ( 'NONE',  ( 0.05000000000000000278, -0.3442243984174069849, 0.002830265096990197769 ) ) ;
#3843 = ORIENTED_EDGE ( 'NONE', *, *, #3905, .F. ) ;
#3844 = DIRECTION ( 'NONE',  ( -0.000000000000000000, 1.000000000000000000, -0.000000000000000000 ) ) ;
#3845 = FILL_AREA_STYLE_COLOUR ( '', #286 ) ;
#3846 = CARTESIAN_POINT ( 'NONE',  ( 0.05000000000000000278, -1.100452506580626544, -0.6803440643388914966 ) ) ;
#3847 = VERTEX_POINT ( 'NONE', #3534 ) ;
#3848 = CARTESIAN_POINT ( 'NONE',  ( 0.000000000000000000, -0.7032756816904642827, -0.4264820290484557241 ) ) ;
#3849 = SURFACE_STYLE_USAGE ( .BOTH. , #1756 ) ;
#3850 = CARTESIAN_POINT ( 'NONE',  ( 0.05000000000000000278, -0.4136122201520026631, -0.8369387598176866172 ) ) ;
#3851 = VECTOR ( 'NONE', #2323, 1000.000000000000000 ) ;
#3852 = VERTEX_POINT ( 'NONE', #3196 ) ;
#3853 = ORIENTED_EDGE ( 'NONE', *, *, #694, .F. ) ;
#3854 = AXIS2_PLACEMENT_3D ( 'NONE', #2796, #1011, #3759 ) ;
#3855 = CARTESIAN_POINT ( 'NONE',  ( 0.05000000000000000278, -0.8200140416784283959, -0.1834552362854924845 ) ) ;
#3856 = CARTESIAN_POINT ( 'NONE',  ( 0.000000000000000000, -0.1086697353013217487, 0.1561720010057038865 ) ) ;
#3857 = CARTESIAN_POINT ( 'NONE',  ( 0.05000000000000000278, -0.7927039994058432404, -0.6822830751107112901 ) ) ;
#3858 = ORIENTED_EDGE ( 'NONE', *, *, #646, .F. ) ;
#3859 = CARTESIAN_POINT ( 'NONE',  ( 0.05000000000000000278, -0.09189120871183077688, -0.2157554545867146345 ) ) ;
#3860 =( GEOMETRIC_REPRESENTATION_CONTEXT ( 3 ) GLOBAL_UNCERTAINTY_ASSIGNED_CONTEXT ( ( #3379 ) ) GLOBAL_UNIT_ASSIGNED_CONTEXT ( ( #2879, #387, #4227 ) ) REPRESENTATION_CONTEXT ( 'NONE', 'WORKASPACE' ) );
#3861 = STYLED_ITEM ( 'NONE', ( #4075 ), #1822 ) ;
#3862 =( NAMED_UNIT ( * ) PLANE_ANGLE_UNIT ( ) SI_UNIT ( $, .RADIAN. ) );
#3863 = ORIENTED_EDGE ( 'NONE', *, *, #2595, .T. ) ;
#3864 = CARTESIAN_POINT ( 'NONE',  ( 0.000000000000000000, -0.3662523672292969379, -0.1670382281534639191 ) ) ;
#3865 = LINE ( 'NONE', #3893, #1526 ) ;
#3866 = PRESENTATION_STYLE_ASSIGNMENT (( #377 ) ) ;
#3867 = VECTOR ( 'NONE', #689, 1000.000000000000000 ) ;
#3868 = ADVANCED_FACE ( 'NONE', ( #3629 ), #95, .T. ) ;
#3869 = VECTOR ( 'NONE', #1983, 1000.000000000000000 ) ;
#3870 = CARTESIAN_POINT ( 'NONE',  ( 0.05000000000000000278, -0.8664799552309390140, -0.1838165572153929450 ) ) ;
#3871 = DIRECTION ( 'NONE',  ( 1.000000000000000000, 0.000000000000000000, -0.000000000000000000 ) ) ;
#3872 = CARTESIAN_POINT ( 'NONE',  ( -6.776263578034402713E-18, -0.9581981062995043041, -0.5380476404707819071 ) ) ;
#3873 = LINE ( 'NONE', #3567, #3487 ) ;
#3874 = AXIS2_PLACEMENT_3D ( 'NONE', #1559, #4353, #1540 ) ;
#3875 = ORIENTED_EDGE ( 'NONE', *, *, #2928, .F. ) ;
#3876 = VERTEX_POINT ( 'NONE', #120 ) ;
#3877 = VECTOR ( 'NONE', #148, 1000.000000000000000 ) ;
#3878 = CARTESIAN_POINT ( 'NONE',  ( 0.000000000000000000, -0.02766841247220686376, -0.2212735552541742756 ) ) ;
#3879 = CARTESIAN_POINT ( 'NONE',  ( 6.776263578034402713E-18, -0.7080152976496008055, -0.4214082132837368433 ) ) ;
#3880 =( NAMED_UNIT ( * ) SI_UNIT ( $, .STERADIAN. ) SOLID_ANGLE_UNIT ( ) );
#3881 = AXIS2_PLACEMENT_3D ( 'NONE', #4035, #2957, #3964 ) ;
#3882 = CARTESIAN_POINT ( 'NONE',  ( 1.402500000000000302, -3.135000000000000231, 1.590000000000000080 ) ) ;
#3883 = VERTEX_POINT ( 'NONE', #1886 ) ;
#3884 = SURFACE_STYLE_USAGE ( .BOTH. , #1835 ) ;
#3885 = LINE ( 'NONE', #441, #995 ) ;
#3886 = PRESENTATION_LAYER_ASSIGNMENT (  '', '', ( #438 ) ) ;
#3887 = EDGE_CURVE ( 'NONE', #743, #172, #883, .T. ) ;
#3888 = CIRCLE ( 'NONE', #69, 0.09999999999999982514 ) ;
#3889 = LINE ( 'NONE', #373, #1521 ) ;
#3890 = ORIENTED_EDGE ( 'NONE', *, *, #3693, .T. ) ;
#3891 = DIRECTION ( 'NONE',  ( -0.000000000000000000, -0.000000000000000000, 1.000000000000000000 ) ) ;
#3892 = CARTESIAN_POINT ( 'NONE',  ( 1.652500000000000080, 3.180000000000000160, 1.590000000000000080 ) ) ;
#3893 = CARTESIAN_POINT ( 'NONE',  ( 1.602500000000000258, 3.180000000000000160, -1.590000000000000080 ) ) ;
#3894 = CARTESIAN_POINT ( 'NONE',  ( -0.000000000000000000, -0.001085536226234237733, -0.01648118361160308062 ) ) ;
#3895 = ADVANCED_FACE ( 'NONE', ( #3296 ), #4117, .F. ) ;
#3896 = ADVANCED_FACE ( 'NONE', ( #3755 ), #1563, .T. ) ;
#3897 = CARTESIAN_POINT ( 'NONE',  ( 0.09999999999999982514, -3.135000000000000231, 3.235000000000000320 ) ) ;
#3898 = FACE_OUTER_BOUND ( 'NONE', #3497, .T. ) ;
#3899 = CARTESIAN_POINT ( 'NONE',  ( 0.000000000000000000, -1.126298655132009330, -0.4132293883579437055 ) ) ;
#3900 = PLANE ( 'NONE',  #3260 ) ;
#3901 = DIRECTION ( 'NONE',  ( 2.168404344971012812E-15, -1.000000000000000000, 0.000000000000000000 ) ) ;
#3902 = SURFACE_STYLE_FILL_AREA ( #709 ) ;
#3903 = EDGE_CURVE ( 'NONE', #3973, #739, #2282, .T. ) ;
#3904 = ORIENTED_EDGE ( 'NONE', *, *, #3926, .T. ) ;
#3905 = EDGE_CURVE ( 'NONE', #1937, #1133, #1519, .T. ) ;
#3906 = VERTEX_POINT ( 'NONE', #1176 ) ;
#3907 = LINE ( 'NONE', #714, #4441 ) ;
#3908 = PLANE ( 'NONE',  #4451 ) ;
#3909 = DIRECTION ( 'NONE',  ( -0.000000000000000000, 1.000000000000000000, -0.000000000000000000 ) ) ;
#3910 = ORIENTED_EDGE ( 'NONE', *, *, #328, .T. ) ;
#3911 = PLANE ( 'NONE',  #4084 ) ;
#3912 = CARTESIAN_POINT ( 'NONE',  ( 0.05000000000000000278, -0.3105206389565347003, -0.2985686257641163022 ) ) ;
#3913 = ORIENTED_EDGE ( 'NONE', *, *, #2264, .T. ) ;
#3914 = DIRECTION ( 'NONE',  ( -0.000000000000000000, -0.000000000000000000, -1.000000000000000000 ) ) ;
#3915 = LINE ( 'NONE', #2140, #3421 ) ;
#3916 = CARTESIAN_POINT ( 'NONE',  ( 0.000000000000000000, -0.1065848642534333451, -0.02442563180749515034 ) ) ;
#3917 = DIRECTION ( 'NONE',  ( 0.000000000000000000, 0.000000000000000000, -1.000000000000000000 ) ) ;
#3918 = FACE_OUTER_BOUND ( 'NONE', #3334, .T. ) ;
#3919 = CARTESIAN_POINT ( 'NONE',  ( 0.000000000000000000, -0.9810249773042930554, -0.2191292936110579015 ) ) ;
#3920 = CARTESIAN_POINT ( 'NONE',  ( 0.000000000000000000, -1.137971194510977169, -0.5146230546894813296 ) ) ;
#3921 = CARTESIAN_POINT ( 'NONE',  ( 2.705000000000000515, 1.935000000000000053, 1.750000000000000000 ) ) ;
#3922 = VERTEX_POINT ( 'NONE', #3277 ) ;
#3923 = EDGE_LOOP ( 'NONE', ( #392, #544, #4372, #696 ) ) ;
#3924 = CARTESIAN_POINT ( 'NONE',  ( 0.000000000000000000, -0.1490223694581933600, -0.1980783202007517785 ) ) ;
#3925 = AXIS2_PLACEMENT_3D ( 'NONE', #4080, #4380, #1268 ) ;
#3926 = EDGE_CURVE ( 'NONE', #2197, #1555, #2777, .T. ) ;
#3927 = ADVANCED_FACE ( 'NONE', ( #3159 ), #83, .T. ) ;
#3928 = UNCERTAINTY_MEASURE_WITH_UNIT (LENGTH_MEASURE( 1.000000000000000082E-05 ), #960, 'distance_accuracy_value', 'NONE');
#3929 =( GEOMETRIC_REPRESENTATION_CONTEXT ( 3 ) GLOBAL_UNCERTAINTY_ASSIGNED_CONTEXT ( ( #2345 ) ) GLOBAL_UNIT_ASSIGNED_CONTEXT ( ( #538, #212, #3300 ) ) REPRESENTATION_CONTEXT ( 'NONE', 'WORKASPACE' ) );
#3930 = DIRECTION ( 'NONE',  ( 1.000000000000000000, -3.933613324210450841E-16, 0.000000000000000000 ) ) ;
#3931 = ORIENTED_EDGE ( 'NONE', *, *, #2952, .F. ) ;
#3932 = CARTESIAN_POINT ( 'NONE',  ( 0.1000000000000000056, 3.135000000000000231, -3.134999999999999787 ) ) ;
#3933 = CARTESIAN_POINT ( 'NONE',  ( 0.000000000000000000, -0.7526870402938948823, -0.6705899237462419338 ) ) ;
#3934 = VECTOR ( 'NONE', #582, 1000.000000000000000 ) ;
#3935 = CARTESIAN_POINT ( 'NONE',  ( 0.09999999999999982514, -3.234999999999999876, -3.134999999999999787 ) ) ;
#3936 = ORIENTED_EDGE ( 'NONE', *, *, #3363, .T. ) ;
#3937 = VECTOR ( 'NONE', #599, 1000.000000000000000 ) ;
#3938 = DIRECTION ( 'NONE',  ( -0.000000000000000000, -0.000000000000000000, -1.000000000000000000 ) ) ;
#3939 = STYLED_ITEM ( 'NONE', ( #2005 ), #424 ) ;
#3940 = PRODUCT_DEFINITION_SHAPE ( 'NONE', 'NONE',  #1385 ) ;
#3941 = VECTOR ( 'NONE', #3317, 1000.000000000000000 ) ;
#3942 = CARTESIAN_POINT ( 'NONE',  ( 0.000000000000000000, 0.8235672670274848395, -0.8369387598176868392 ) ) ;
#3943 = DIRECTION ( 'NONE',  ( -0.000000000000000000, -0.000000000000000000, 1.000000000000000000 ) ) ;
#3944 = COLOUR_RGB ( '',0.1098039215686274495, 0.1098039215686274495, 0.1098039215686274495 ) ;
#3945 = CARTESIAN_POINT ( 'NONE',  ( 0.05000000000000000278, -0.9265035890858801526, -0.1955573442507732573 ) ) ;
#3946 = CARTESIAN_POINT ( 'NONE',  ( 0.05000000000000000278, -0.9581981062995043041, -0.5380476404707819071 ) ) ;
#3947 = PRESENTATION_LAYER_ASSIGNMENT (  '', '', ( #2325 ) ) ;
#3948 = VERTEX_POINT ( 'NONE', #2812 ) ;
#3949 = EDGE_CURVE ( 'NONE', #4225, #956, #368, .T. ) ;
#3950 = VERTEX_POINT ( 'NONE', #4187 ) ;
#3951 = DIRECTION ( 'NONE',  ( 0.000000000000000000, 0.000000000000000000, 1.000000000000000000 ) ) ;
#3952 = FACE_OUTER_BOUND ( 'NONE', #3531, .T. ) ;
#3953 = AXIS2_PLACEMENT_3D ( 'NONE', #1942, #198, #1554 ) ;
#3954 = VECTOR ( 'NONE', #3348, 1000.000000000000000 ) ;
#3955 = EDGE_CURVE ( 'NONE', #738, #71, #256, .T. ) ;
#3956 = CARTESIAN_POINT ( 'NONE',  ( 0.05000000000000000278, -0.8617566262450642167, -0.3685247346325570272 ) ) ;
#3957 = ORIENTED_EDGE ( 'NONE', *, *, #837, .T. ) ;
#3958 = DIRECTION ( 'NONE',  ( -1.000000000000000000, -0.000000000000000000, -0.000000000000000000 ) ) ;
#3959 = CARTESIAN_POINT ( 'NONE',  ( 0.05000000000000000278, -0.3627006260443503272, -0.1887608405728009864 ) ) ;
#3960 = EDGE_CURVE ( 'NONE', #3713, #3807, #1136, .T. ) ;
#3961 = FACE_OUTER_BOUND ( 'NONE', #2707, .T. ) ;
#3962 = ORIENTED_EDGE ( 'NONE', *, *, #3521, .T. ) ;
#3963 = SURFACE_STYLE_FILL_AREA ( #94 ) ;
#3964 = DIRECTION ( 'NONE',  ( 1.000000000000000000, 0.000000000000000000, 0.000000000000000000 ) ) ;
#3965 = CARTESIAN_POINT ( 'NONE',  ( 0.000000000000000000, -0.05231403906112488955, -0.01772598005164420162 ) ) ;
#3966 = VECTOR ( 'NONE', #1587, 1000.000000000000000 ) ;
#3967 = DIRECTION ( 'NONE',  ( 0.000000000000000000, 0.000000000000000000, 1.000000000000000000 ) ) ;
#3968 = VERTEX_POINT ( 'NONE', #2217 ) ;
#3969 = DIRECTION ( 'NONE',  ( -0.000000000000000000, -0.000000000000000000, -1.000000000000000000 ) ) ;
#3970 = CARTESIAN_POINT ( 'NONE',  ( 3.000000000000000000, 3.330000000000000515, 1.590000000000000080 ) ) ;
#3971 = ORIENTED_EDGE ( 'NONE', *, *, #694, .T. ) ;
#3972 = PRODUCT_RELATED_PRODUCT_CATEGORY ( 'part', '', ( #1440 ) ) ;
#3973 = VERTEX_POINT ( 'NONE', #2518 ) ;
#3974 = CARTESIAN_POINT ( 'NONE',  ( 6.776263578034402713E-18, -0.1588059902307147608, -0.05019125404985794181 ) ) ;
#3975 = DIRECTION ( 'NONE',  ( -0.000000000000000000, 0.000000000000000000, 1.000000000000000000 ) ) ;
#3976 = PRESENTATION_STYLE_ASSIGNMENT (( #1832 ) ) ;
#3977 = PLANE ( 'NONE',  #2616 ) ;
#3978 = ORIENTED_EDGE ( 'NONE', *, *, #4244, .T. ) ;
#3979 = CARTESIAN_POINT ( 'NONE',  ( -0.000000000000000000, -0.7080152976496008055, -0.4214082132837368433 ) ) ;
#3980 = LINE ( 'NONE', #4241, #4296 ) ;
#3981 = CARTESIAN_POINT ( 'NONE',  ( 2.799999999999999822, -3.130000000000000338, 1.590000000000000080 ) ) ;
#3982 = EDGE_CURVE ( 'NONE', #641, #1485, #2580, .T. ) ;
#3983 = CARTESIAN_POINT ( 'NONE',  ( 0.05000000000000000278, -0.3429157635505463708, -0.2480574791715616789 ) ) ;
#3984 = ORIENTED_EDGE ( 'NONE', *, *, #586, .F. ) ;
#3985 = DIRECTION ( 'NONE',  ( 0.000000000000000000, 1.000000000000000000, -0.000000000000000000 ) ) ;
#3986 = DIRECTION ( 'NONE',  ( -1.000000000000000000, -0.000000000000000000, -0.000000000000000000 ) ) ;
#3987 = FILL_AREA_STYLE ('',( #3041 ) ) ;
#3988 =( LENGTH_UNIT ( ) NAMED_UNIT ( * ) SI_UNIT ( .MILLI., .METRE. ) );
#3989 = EDGE_CURVE ( 'NONE', #2266, #1943, #2862, .T. ) ;
#3990 = LINE ( 'NONE', #53, #2840 ) ;
#3991 = CARTESIAN_POINT ( 'NONE',  ( 2.705000000000000071, 2.935000000000000053, -1.750000000000000000 ) ) ;
#3992 = CARTESIAN_POINT ( 'NONE',  ( 2.504999999999999449, 3.135000000000000675, -1.750000000000000000 ) ) ;
#3993 = ORIENTED_EDGE ( 'NONE', *, *, #1631, .F. ) ;
#3994 = B_SPLINE_CURVE_WITH_KNOTS ( 'NONE', 3,
 ( #728, #1842, #2849, #773, #2190, #426, #4308, #3586, #448, #3235, #2889, #3318, #4377, #2914, #122, #1887, #3278, #2958, #186 ),
 .UNSPECIFIED., .F., .F.,
 ( 4, 1, 1, 1, 1, 1, 1, 1, 1, 1, 1, 1, 1, 1, 1, 1, 4 ),
 ( 0.000000000000000000, 0.06593481762567718341, 0.1300372587941655000, 0.1923620702496510182, 0.2538195214289183377, 0.3141994357375423874, 0.3746698781567774916, 0.4351541180379873142, 0.4964786684939704320, 0.5578092661396397700, 0.6190309229821124859, 0.6796911875192901409, 0.7409612864102639307, 0.8033752905051764204, 0.8668176884999614362, 0.9323179771745061517, 1.000000000000000000 ),
 .UNSPECIFIED. ) ;
#3995 = VERTEX_POINT ( 'NONE', #1851 ) ;
#3996 = CARTESIAN_POINT ( 'NONE',  ( 6.776263578034402713E-18, -0.1846813534624345554, -0.08789214065705205914 ) ) ;
#3997 = DIRECTION ( 'NONE',  ( 0.000000000000000000, 0.000000000000000000, -1.000000000000000000 ) ) ;
#3998 = CARTESIAN_POINT ( 'NONE',  ( 1.502500000000000169, -3.330000000000000515, -1.590000000000000080 ) ) ;
#3999 = ORIENTED_EDGE ( 'NONE', *, *, #1730, .T. ) ;
#4000 = CARTESIAN_POINT ( 'NONE',  ( 0.000000000000000000, -0.7315859598779568262, -0.3984324215727803042 ) ) ;
#4001 = CARTESIAN_POINT ( 'NONE',  ( -0.000000000000000000, -0.1904318808562427412, -0.3777760081510994072 ) ) ;
#4002 = LINE ( 'NONE', #531, #639 ) ;
#4003 = B_SPLINE_CURVE_WITH_KNOTS ( 'NONE', 3,
 ( #279, #2417, #1692, #3077, #1671, #1644, #4481, #3120, #3098, #4195, #2090, #2437, #1745, #444, #4238, #1858, #1516, #746, #812 ),
 .UNSPECIFIED., .F., .F.,
 ( 4, 1, 1, 1, 1, 1, 1, 1, 1, 1, 1, 1, 1, 1, 1, 1, 4 ),
 ( 0.000000000000000000, 0.06340052940042835428, 0.1249764099331407002, 0.1844921876584959264, 0.2434736282965417609, 0.3022637321141442568, 0.3613835718304163058, 0.4214817654110649681, 0.4834545367577932073, 0.5459360688045385990, 0.6081426980855852982, 0.6698202920949498651, 0.7323322942692656046, 0.7960922343214100749, 0.8616426668792320775, 0.9294352318828827952, 1.000000000000000000 ),
 .UNSPECIFIED. ) ;
#4004 = MECHANICAL_DESIGN_GEOMETRIC_PRESENTATION_REPRESENTATION (  '', ( #2528 ), #1634 ) ;
#4005 = CARTESIAN_POINT ( 'NONE',  ( 0.05000000000000000278, -0.1904318808562427412, -0.3777760081510994072 ) ) ;
#4006 = ORIENTED_EDGE ( 'NONE', *, *, #4049, .T. ) ;
#4007 = SURFACE_STYLE_FILL_AREA ( #2589 ) ;
#4008 = COLOUR_RGB ( '',0.1098039215686274495, 0.1098039215686274495, 0.1098039215686274495 ) ;
#4009 =( NAMED_UNIT ( * ) PLANE_ANGLE_UNIT ( ) SI_UNIT ( $, .RADIAN. ) );
#4010 = ADVANCED_FACE ( 'NONE', ( #3952 ), #3180, .T. ) ;
#4011 = CIRCLE ( 'NONE', #785, 0.04999999999999991257 ) ;
#4012 = UNCERTAINTY_MEASURE_WITH_UNIT (LENGTH_MEASURE( 1.000000000000000082E-05 ), #3323, 'distance_accuracy_value', 'NONE');
#4013 = SURFACE_STYLE_FILL_AREA ( #1622 ) ;
#4014 = ADVANCED_FACE ( 'NONE', ( #4256 ), #761, .F. ) ;
#4015 = SURFACE_SIDE_STYLE ('',( #2304 ) ) ;
#4016 = CARTESIAN_POINT ( 'NONE',  ( 0.05000000000000000278, -0.1244409251852199583, -0.2084418192631687927 ) ) ;
#4017 = CARTESIAN_POINT ( 'NONE',  ( 2.705000000000000515, 3.135000000000000231, 3.135000000000000675 ) ) ;
#4018 = VECTOR ( 'NONE', #3530, 1000.000000000000000 ) ;
#4019 = ORIENTED_EDGE ( 'NONE', *, *, #3016, .F. ) ;
#4020 = VECTOR ( 'NONE', #3015, 1000.000000000000000 ) ;
#4021 = VERTEX_POINT ( 'NONE', #3544 ) ;
#4022 = CARTESIAN_POINT ( 'NONE',  ( 6.776263578034402713E-18, -0.01477523017655320292, -0.01658703383335530246 ) ) ;
#4023 = DIRECTION ( 'NONE',  ( 0.000000000000000000, 0.000000000000000000, 1.000000000000000000 ) ) ;
#4024 = FACE_OUTER_BOUND ( 'NONE', #4546, .T. ) ;
#4025 = MECHANICAL_DESIGN_GEOMETRIC_PRESENTATION_REPRESENTATION (  '', ( #271 ), #2688 ) ;
#4026 = ORIENTED_EDGE ( 'NONE', *, *, #613, .F. ) ;
#4027 = VECTOR ( 'NONE', #4454, 1000.000000000000000 ) ;
#4028 = CARTESIAN_POINT ( 'NONE',  ( 0.000000000000000000, 0.6440800875403053238, 0.1630612401823132163 ) ) ;
#4029 = DIRECTION ( 'NONE',  ( -0.000000000000000000, 0.000000000000000000, -1.000000000000000000 ) ) ;
#4030 = VECTOR ( 'NONE', #1794, 1000.000000000000000 ) ;
#4031 = CARTESIAN_POINT ( 'NONE',  ( 0.000000000000000000, -0.3226155016723158964, -0.2826197816291839415 ) ) ;
#4032 = ORIENTED_EDGE ( 'NONE', *, *, #2227, .T. ) ;
#4033 = SURFACE_STYLE_USAGE ( .BOTH. , #2614 ) ;
#4034 = CARTESIAN_POINT ( 'NONE',  ( 1.502500000000000169, 3.430000000000000160, 1.590000000000000080 ) ) ;
#4035 = CARTESIAN_POINT ( 'NONE',  ( 2.504999999999999449, 2.935000000000000053, -1.750000000000000000 ) ) ;
#4036 = CARTESIAN_POINT ( 'NONE',  ( 0.05000000000000000278, -0.8200140416784283959, -0.1834552362854924845 ) ) ;
#4037 = VECTOR ( 'NONE', #4023, 1000.000000000000000 ) ;
#4038 = CARTESIAN_POINT ( 'NONE',  ( 2.805000000000000160, -3.234999999999999876, 1.750000000000000000 ) ) ;
#4039 = CARTESIAN_POINT ( 'NONE',  ( 0.05000000000000000278, -0.05231403906112488955, -0.01772598005164420162 ) ) ;
#4040 = CARTESIAN_POINT ( 'NONE',  ( 0.05000000000000000278, -0.1840070077977582763, -0.1555928024450483615 ) ) ;
#4041 = DIRECTION ( 'NONE',  ( 0.000000000000000000, 0.000000000000000000, 1.000000000000000000 ) ) ;
#4042 = VECTOR ( 'NONE', #87, 1000.000000000000000 ) ;
#4043 = EDGE_CURVE ( 'NONE', #2720, #1485, #2121, .T. ) ;
#4044 = EDGE_CURVE ( 'NONE', #385, #2091, #3263, .T. ) ;
#4045 = STYLED_ITEM ( 'NONE', ( #3866 ), #4480 ) ;
#4046 = VERTEX_POINT ( 'NONE', #3229 ) ;
#4047 = ORIENTED_EDGE ( 'NONE', *, *, #4267, .T. ) ;
#4048 = DIRECTION ( 'NONE',  ( -1.000000000000000000, 0.000000000000000000, 0.000000000000000000 ) ) ;
#4049 = EDGE_CURVE ( 'NONE', #2081, #1001, #477, .T. ) ;
#4050 = CARTESIAN_POINT ( 'NONE',  ( 0.05000000000000000278, 0.9215239977967155660, 0.1630612401823132163 ) ) ;
#4051 = ORIENTED_EDGE ( 'NONE', *, *, #901, .T. ) ;
#4052 = CARTESIAN_POINT ( 'NONE',  ( 0.000000000000000000, -0.7463502927026240963, -0.3876394100861293435 ) ) ;
#4053 = CARTESIAN_POINT ( 'NONE',  ( 2.705000000000000515, -2.935000000000000053, -1.750000000000000000 ) ) ;
#4054 = SURFACE_STYLE_FILL_AREA ( #4413 ) ;
#4055 = CARTESIAN_POINT ( 'NONE',  ( 0.05000000000000000278, -0.3226155016723158964, -0.2826197816291839415 ) ) ;
#4056 = ORIENTED_EDGE ( 'NONE', *, *, #2318, .T. ) ;
#4057 = PLANE ( 'NONE',  #629 ) ;
#4058 = CARTESIAN_POINT ( 'NONE',  ( 2.804999999999999272, -3.234999999999999432, -3.193578643762690294 ) ) ;
#4059 = CARTESIAN_POINT ( 'NONE',  ( 0.05000000000000000278, -0.8348862586135412656, -0.1830926059715325405 ) ) ;
#4060 = CARTESIAN_POINT ( 'NONE',  ( 0.05000000000000000278, 0.03750957471979228519, 0.1630612401823134383 ) ) ;
#4061 = CARTESIAN_POINT ( 'NONE',  ( 0.05000000000000000278, -0.8348862586135412656, -0.1830926059715325405 ) ) ;
#4062 = DIRECTION ( 'NONE',  ( -0.000000000000000000, -1.000000000000000000, -0.000000000000000000 ) ) ;
#4063 =( NAMED_UNIT ( * ) PLANE_ANGLE_UNIT ( ) SI_UNIT ( $, .RADIAN. ) );
#4064 = VERTEX_POINT ( 'NONE', #1529 ) ;
#4065 = PLANE ( 'NONE',  #930 ) ;
#4066 =( NAMED_UNIT ( * ) SI_UNIT ( $, .STERADIAN. ) SOLID_ANGLE_UNIT ( ) );
#4067 = CARTESIAN_POINT ( 'NONE',  ( 0.000000000000000000, 0.2466441901044077178, -0.8369387598176866172 ) ) ;
#4068 = ORIENTED_EDGE ( 'NONE', *, *, #1404, .F. ) ;
#4069 = LINE ( 'NONE', #576, #2014 ) ;
#4070 = CARTESIAN_POINT ( 'NONE',  ( 0.05000000000000000278, -0.8120497201520028296, -0.003605426484353099412 ) ) ;
#4071 = SURFACE_STYLE_USAGE ( .BOTH. , #2977 ) ;
#4072 = LINE ( 'NONE', #2587, #2257 ) ;
#4073 = ORIENTED_EDGE ( 'NONE', *, *, #4487, .T. ) ;
#4074 = DIRECTION ( 'NONE',  ( 2.017533294074227913E-16, -1.000000000000000000, 0.000000000000000000 ) ) ;
#4075 = PRESENTATION_STYLE_ASSIGNMENT (( #2660 ) ) ;
#4076 = CARTESIAN_POINT ( 'NONE',  ( 1.502500000000000169, 3.330000000000000515, -1.590000000000000080 ) ) ;
#4077 = AXIS2_PLACEMENT_3D ( 'NONE', #2698, #4029, #3754 ) ;
#4078 = PRESENTATION_LAYER_ASSIGNMENT (  '', '', ( #330 ) ) ;
#4079 = PLANE ( 'NONE',  #2379 ) ;
#4080 = CARTESIAN_POINT ( 'NONE',  ( 2.700000000000000178, -3.130000000000000338, 1.590000000000000080 ) ) ;
#4081 = CARTESIAN_POINT ( 'NONE',  ( 0.05000000000000000278, -0.8120497201520028296, -0.003605426484353099412 ) ) ;
#4082 =( GEOMETRIC_REPRESENTATION_CONTEXT ( 3 ) GLOBAL_UNCERTAINTY_ASSIGNED_CONTEXT ( ( #3546 ) ) GLOBAL_UNIT_ASSIGNED_CONTEXT ( ( #1472, #1166, #4261 ) ) REPRESENTATION_CONTEXT ( 'NONE', 'WORKASPACE' ) );
#4083 = ORIENTED_EDGE ( 'NONE', *, *, #22, .F. ) ;
#4084 = AXIS2_PLACEMENT_3D ( 'NONE', #461, #3187, #21 ) ;
#4085 = CARTESIAN_POINT ( 'NONE',  ( 0.000000000000000000, -0.9584840150237976530, -0.5208329905869172327 ) ) ;
#4086 = DIRECTION ( 'NONE',  ( 0.000000000000000000, 0.000000000000000000, 1.000000000000000000 ) ) ;
#4087 = FILL_AREA_STYLE ('',( #2080 ) ) ;
#4088 = VECTOR ( 'NONE', #2479, 1000.000000000000000 ) ;
#4089 = ORIENTED_EDGE ( 'NONE', *, *, #261, .T. ) ;
#4090 = DIRECTION ( 'NONE',  ( -1.000000000000000000, 0.000000000000000000, 0.000000000000000000 ) ) ;
#4091 = CARTESIAN_POINT ( 'NONE',  ( 0.05000000000000000278, -0.8036362586135413766, -0.8625797854587120561 ) ) ;
#4092 = CARTESIAN_POINT ( 'NONE',  ( 0.05000000000000000278, -0.8150687516247252518, -0.8622603708294049873 ) ) ;
#4093 = VECTOR ( 'NONE', #2560, 1000.000000000000000 ) ;
#4094 = EDGE_CURVE ( 'NONE', #2583, #3327, #2416, .T. ) ;
#4095 = CARTESIAN_POINT ( 'NONE',  ( 0.05000000000000000278, -0.9281227752806699982, -0.4182536030844687391 ) ) ;
#4096 = VERTEX_POINT ( 'NONE', #596 ) ;
#4097 = CYLINDRICAL_SURFACE ( 'NONE', #3854, 0.2000000000000005107 ) ;
#4098 = DIRECTION ( 'NONE',  ( -0.000000000000000000, 0.000000000000000000, 1.000000000000000000 ) ) ;
#4099 = PRESENTATION_LAYER_ASSIGNMENT (  '', '', ( #2839 ) ) ;
#4100 = ADVANCED_FACE ( 'NONE', ( #3732 ), #4388, .T. ) ;
#4101 = VECTOR ( 'NONE', #2574, 1000.000000000000000 ) ;
#4102 = CARTESIAN_POINT ( 'NONE',  ( 1.402500000000000302, 3.135000000000000231, -1.590000000000000080 ) ) ;
#4103 = CARTESIAN_POINT ( 'NONE',  ( 0.05000000000000000278, -0.4738321418762641013, -0.6035382075684512238 ) ) ;
#4104 = CARTESIAN_POINT ( 'NONE',  ( 2.805000000000000160, 3.135000000000000675, 3.135000000000000675 ) ) ;
#4105 = CARTESIAN_POINT ( 'NONE',  ( -6.776263578034402713E-18, -0.9328654855079856478, -0.8378193541171440328 ) ) ;
#4106 =( GEOMETRIC_REPRESENTATION_CONTEXT ( 3 ) GLOBAL_UNCERTAINTY_ASSIGNED_CONTEXT ( ( #1014 ) ) GLOBAL_UNIT_ASSIGNED_CONTEXT ( ( #2888, #4009, #1913 ) ) REPRESENTATION_CONTEXT ( 'NONE', 'WORKASPACE' ) );
#4107 = ORIENTED_EDGE ( 'NONE', *, *, #866, .T. ) ;
#4108 = CIRCLE ( 'NONE', #1022, 0.09999999999999982514 ) ;
#4109 = CARTESIAN_POINT ( 'NONE',  ( 0.000000000000000000, -0.9560118856679773458, -0.4879056439050644123 ) ) ;
#4110 = FILL_AREA_STYLE_COLOUR ( '', #2195 ) ;
#4111 = SURFACE_STYLE_FILL_AREA ( #4087 ) ;
#4112 = AXIS2_PLACEMENT_3D ( 'NONE', #497, #1892, #171 ) ;
#4113 = ORIENTED_EDGE ( 'NONE', *, *, #3135, .F. ) ;
#4114 = ORIENTED_EDGE ( 'NONE', *, *, #1780, .T. ) ;
#4115 = FILL_AREA_STYLE_COLOUR ( '', #563 ) ;
#4116 = CARTESIAN_POINT ( 'NONE',  ( 0.05000000000000000278, -0.1892532457930282686, -0.1185894008433276137 ) ) ;
#4117 = PLANE ( 'NONE',  #584 ) ;
#4118 = CARTESIAN_POINT ( 'NONE',  ( 1.502500000000000169, -3.430000000000000160, 1.590000000000000080 ) ) ;
#4119 = CARTESIAN_POINT ( 'NONE',  ( 0.000000000000000000, -0.9584029694479806460, -0.5151485659980190590 ) ) ;
#4120 = ORIENTED_EDGE ( 'NONE', *, *, #4430, .F. ) ;
#4121 = PRESENTATION_STYLE_ASSIGNMENT (( #3838 ) ) ;
#4122 = CARTESIAN_POINT ( 'NONE',  ( 3.388131789017201356E-17, -0.1890318564146467317, -0.1316945576486439617 ) ) ;
#4123 = EDGE_CURVE ( 'NONE', #2696, #2724, #1961, .T. ) ;
#4124 = CARTESIAN_POINT ( 'NONE',  ( 0.05000000000000000278, -0.2731563063383862233, 0.09577196658084904946 ) ) ;
#4125 = ORIENTED_EDGE ( 'NONE', *, *, #1730, .F. ) ;
#4126 = CARTESIAN_POINT ( 'NONE',  ( 0.000000000000000000, -0.7435494381943531517, -0.8586355904517466442 ) ) ;
#4127 = FILL_AREA_STYLE ('',( #2021 ) ) ;
#4128 = EDGE_CURVE ( 'NONE', #994, #480, #1900, .T. ) ;
#4129 = CARTESIAN_POINT ( 'NONE',  ( 0.05000000000000000278, -0.8150687516247252518, -0.8622603708294049873 ) ) ;
#4130 = CARTESIAN_POINT ( 'NONE',  ( 2.705000000000000515, 3.135000000000000231, -1.750000000000000000 ) ) ;
#4131 = ORIENTED_EDGE ( 'NONE', *, *, #1720, .T. ) ;
#4132 = CARTESIAN_POINT ( 'NONE',  ( 0.05000000000000000278, -0.002901159612576414883, 0.1629182459462083787 ) ) ;
#4133 =( NAMED_UNIT ( * ) SI_UNIT ( $, .STERADIAN. ) SOLID_ANGLE_UNIT ( ) );
#4134 = ORIENTED_EDGE ( 'NONE', *, *, #3989, .F. ) ;
#4135 = ORIENTED_EDGE ( 'NONE', *, *, #4044, .F. ) ;
#4136 = CARTESIAN_POINT ( 'NONE',  ( 3.000000000000000000, -3.330000000000000515, 1.590000000000000080 ) ) ;
#4137 = CARTESIAN_POINT ( 'NONE',  ( 0.05000000000000000278, -0.7758483127822731751, -0.3714057401819086390 ) ) ;
#4138 = DIRECTION ( 'NONE',  ( 0.000000000000000000, 0.000000000000000000, 1.000000000000000000 ) ) ;
#4139 = EDGE_LOOP ( 'NONE', ( #4224, #839, #3515, #2378 ) ) ;
#4140 = DIRECTION ( 'NONE',  ( 0.000000000000000000, -1.000000000000000000, 0.000000000000000000 ) ) ;
#4141 = CARTESIAN_POINT ( 'NONE',  ( 3.388131789017201356E-17, -0.01130215563073742706, -0.2214578803289629916 ) ) ;
#4142 = UNCERTAINTY_MEASURE_WITH_UNIT (LENGTH_MEASURE( 1.000000000000000082E-05 ), #1066, 'distance_accuracy_value', 'NONE');
#4143 = EDGE_CURVE ( 'NONE', #2724, #2720, #4108, .T. ) ;
#4144 = CARTESIAN_POINT ( 'NONE',  ( 0.05000000000000000278, -0.3580125148599806462, -0.03551116182370056551 ) ) ;
#4145 = ORIENTED_EDGE ( 'NONE', *, *, #2644, .F. ) ;
#4146 = CARTESIAN_POINT ( 'NONE',  ( 0.05000000000000000278, -0.5005811985486049442, -0.6796878182857336581 ) ) ;
#4147 = FILL_AREA_STYLE_COLOUR ( '', #1669 ) ;
#4148 = CARTESIAN_POINT ( 'NONE',  ( 0.05000000000000000278, -1.016221972506522908, -0.7858030937956262951 ) ) ;
#4149 = ADVANCED_FACE ( 'NONE', ( #3688 ), #546, .T. ) ;
#4150 = ADVANCED_FACE ( 'NONE', ( #842 ), #3354, .F. ) ;
#4151 = ORIENTED_EDGE ( 'NONE', *, *, #4323, .T. ) ;
#4152 = CARTESIAN_POINT ( 'NONE',  ( 0.05000000000000000278, -0.2874219575018231998, 0.08309679858025553756 ) ) ;
#4153 = B_SPLINE_CURVE_WITH_KNOTS ( 'NONE', 3,
 ( #1813, #1103, #1513, #2524, #3959, #791, #1080, #1491, #2909, #2883, #3912, #4280, #3189, #2182, #4301, #67, #417, #2504, #1881 ),
 .UNSPECIFIED., .F., .F.,
 ( 4, 1, 1, 1, 1, 1, 1, 1, 1, 1, 1, 1, 1, 1, 1, 1, 4 ),
 ( 0.000000000000000000, 0.06874126307936571922, 0.1347890881950342401, 0.1985360495606908748, 0.2603856506059206155, 0.3209615782321967314, 0.3799038495841485785, 0.4385029357752678325, 0.4961543439762690078, 0.5542654832084994432, 0.6127487608156948484, 0.6725134425261788396, 0.7336464018979736990, 0.7967896194814542143, 0.8619356990410246278, 0.9293977347748985096, 1.000000000000000000 ),
 .UNSPECIFIED. ) ;
#4154 = CARTESIAN_POINT ( 'NONE',  ( 1.502500000000000169, -3.330000000000000515, 1.590000000000000080 ) ) ;
#4155 = VECTOR ( 'NONE', #321, 1000.000000000000000 ) ;
#4156 = EDGE_CURVE ( 'NONE', #2266, #1028, #523, .T. ) ;
#4157 = ORIENTED_EDGE ( 'NONE', *, *, #4450, .T. ) ;
#4158 = VECTOR ( 'NONE', #4255, 1000.000000000000000 ) ;
#4159 = ORIENTED_EDGE ( 'NONE', *, *, #1443, .T. ) ;
#4160 = LINE ( 'NONE', #2336, #2238 ) ;
#4161 = CARTESIAN_POINT ( 'NONE',  ( 0.000000000000000000, -0.3006849316940218286, 0.06917165221791383989 ) ) ;
#4162 = FILL_AREA_STYLE_COLOUR ( '', #931 ) ;
#4163 = B_SPLINE_CURVE_WITH_KNOTS ( 'NONE', 3,
 ( #3674, #1907, #3716, #2338, #203, #578, #4394, #1538, #1968, #2676, #877, #1190, #553, #1238, #2586, #3293, #2635, #4092, #2951 ),
 .UNSPECIFIED., .F., .F.,
 ( 4, 1, 1, 1, 1, 1, 1, 1, 1, 1, 1, 1, 1, 1, 1, 1, 4 ),
 ( 0.000000000000000000, 0.06675771127909888025, 0.1317324785734521608, 0.1948167910261859592, 0.2570269751173334116, 0.3187274376799376641, 0.3803299566842553991, 0.4433052533380150151, 0.5074457357281489944, 0.5714909223970688901, 0.6333486697152078682, 0.6939309794721831848, 0.7539203747855198756, 0.8137951195537003191, 0.8745193245299819340, 0.9362197870925864640, 1.000000000000000000 ),
 .UNSPECIFIED. ) ;
#4164 = CARTESIAN_POINT ( 'NONE',  ( 0.000000000000000000, -0.9582450999035702077, -0.5040758145116991384 ) ) ;
#4165 = ORIENTED_EDGE ( 'NONE', *, *, #3887, .F. ) ;
#4166 = PRESENTATION_LAYER_ASSIGNMENT (  '', '', ( #1077 ) ) ;
#4167 = CARTESIAN_POINT ( 'NONE',  ( 2.805000000000000160, 3.135000000000000231, 1.750000000000000000 ) ) ;
#4168 = CARTESIAN_POINT ( 'NONE',  ( 3.388131789017201356E-17, -0.1840070077977582763, -0.1555928024450483615 ) ) ;
#4169 = VECTOR ( 'NONE', #1962, 1000.000000000000000 ) ;
#4170 = CARTESIAN_POINT ( 'NONE',  ( 2.032879073410320814E-17, -0.3517480004533178883, -0.01597368627370173572 ) ) ;
#4171 = EDGE_CURVE ( 'NONE', #1549, #3786, #3031, .T. ) ;
#4172 = EDGE_LOOP ( 'NONE', ( #3697, #4151, #1627, #676, #3619, #3598, #4253, #2496 ) ) ;
#4173 =( NAMED_UNIT ( * ) SI_UNIT ( $, .STERADIAN. ) SOLID_ANGLE_UNIT ( ) );
#4174 = CARTESIAN_POINT ( 'NONE',  ( 0.05000000000000000278, -0.5140836586188295421, -0.7054067479529988471 ) ) ;
#4175 = VECTOR ( 'NONE', #19, 1000.000000000000000 ) ;
#4176 = CARTESIAN_POINT ( 'NONE',  ( 0.05000000000000000278, -0.9350144748808462136, -0.6133733852751676041 ) ) ;
#4177 = CIRCLE ( 'NONE', #3210, 0.09999999999999982514 ) ;
#4178 = CARTESIAN_POINT ( 'NONE',  ( 0.05000000000000000278, -0.9431705472680748104, -0.4438079159037215393 ) ) ;
#4179 = ORIENTED_EDGE ( 'NONE', *, *, #2595, .F. ) ;
#4180 = CARTESIAN_POINT ( 'NONE',  ( 0.000000000000000000, -1.125150681690464394, 0.1630612401823135216 ) ) ;
#4181 = FACE_OUTER_BOUND ( 'NONE', #2329, .T. ) ;
#4182 = CARTESIAN_POINT ( 'NONE',  ( 0.05000000000000000278, -0.7315859598779568262, -0.3984324215727803042 ) ) ;
#4183 = ADVANCED_FACE ( 'NONE', ( #2309 ), #1273, .T. ) ;
#4184 =( GEOMETRIC_REPRESENTATION_CONTEXT ( 3 ) GLOBAL_UNCERTAINTY_ASSIGNED_CONTEXT ( ( #1565 ) ) GLOBAL_UNIT_ASSIGNED_CONTEXT ( ( #1437, #1130, #4270 ) ) REPRESENTATION_CONTEXT ( 'NONE', 'WORKASPACE' ) );
#4185 = VERTEX_POINT ( 'NONE', #1629 ) ;
#4186 = DIRECTION ( 'NONE',  ( -0.000000000000000000, -0.000000000000000000, -1.000000000000000000 ) ) ;
#4187 = CARTESIAN_POINT ( 'NONE',  ( 0.05000000000000000278, -1.125150681690464394, -0.003605426484353099412 ) ) ;
#4188 = SURFACE_SIDE_STYLE ('',( #3113 ) ) ;
#4189 = EDGE_CURVE ( 'NONE', #3995, #130, #2331, .T. ) ;
#4190 = PRESENTATION_LAYER_ASSIGNMENT (  '', '', ( #4045 ) ) ;
#4191 = FILL_AREA_STYLE_COLOUR ( '', #353 ) ;
#4192 = ORIENTED_EDGE ( 'NONE', *, *, #2644, .T. ) ;
#4193 = FILL_AREA_STYLE ('',( #2773 ) ) ;
#4194 = CARTESIAN_POINT ( 'NONE',  ( 0.05000000000000000278, -0.01130215563073742706, -0.2214578803289629916 ) ) ;
#4195 = CARTESIAN_POINT ( 'NONE',  ( 0.000000000000000000, -1.052031003618993488, -0.2759898041182960449 ) ) ;
#4196 = VERTEX_POINT ( 'NONE', #154 ) ;
#4197 = DIRECTION ( 'NONE',  ( 1.000000000000000000, 0.000000000000000000, 0.000000000000000000 ) ) ;
#4198 =( NAMED_UNIT ( * ) PLANE_ANGLE_UNIT ( ) SI_UNIT ( $, .RADIAN. ) );
#4199 = DIRECTION ( 'NONE',  ( 0.000000000000000000, 1.000000000000000000, 0.000000000000000000 ) ) ;
#4200 = SURFACE_STYLE_USAGE ( .BOTH. , #358 ) ;
#4201 = ORIENTED_EDGE ( 'NONE', *, *, #1030, .F. ) ;
#4202 = CARTESIAN_POINT ( 'NONE',  ( 0.05000000000000000278, 0.2466441901044077178, 0.1630612401823134383 ) ) ;
#4203 =( NAMED_UNIT ( * ) PLANE_ANGLE_UNIT ( ) SI_UNIT ( $, .RADIAN. ) );
#4204 = DIRECTION ( 'NONE',  ( 0.000000000000000000, 1.000000000000000000, 0.000000000000000000 ) ) ;
#4205 = EDGE_LOOP ( 'NONE', ( #4247, #2599, #2506, #1928 ) ) ;
#4206 = ORIENTED_EDGE ( 'NONE', *, *, #941, .T. ) ;
#4207 = ADVANCED_FACE ( 'NONE', ( #4444 ), #4364, .T. ) ;
#4208 = CARTESIAN_POINT ( 'NONE',  ( 0.000000000000000000, -0.8696995157850605507, -0.6718630886623790932 ) ) ;
#4209 = EDGE_CURVE ( 'NONE', #977, #265, #3467, .T. ) ;
#4210 = CARTESIAN_POINT ( 'NONE',  ( 2.900000000000000355, -3.430000000000000160, 1.590000000000000080 ) ) ;
#4211 = VERTEX_POINT ( 'NONE', #4469 ) ;
#4212 = CARTESIAN_POINT ( 'NONE',  ( 0.05000000000000000278, 0.8235672670274848395, -0.8369387598176868392 ) ) ;
#4213 = CARTESIAN_POINT ( 'NONE',  ( 2.032879073410320814E-17, -0.2874219575018231998, 0.08309679858025553756 ) ) ;
#4214 = ORIENTED_EDGE ( 'NONE', *, *, #1626, .T. ) ;
#4215 =( NAMED_UNIT ( * ) SI_UNIT ( $, .STERADIAN. ) SOLID_ANGLE_UNIT ( ) );
#4216 = LINE ( 'NONE', #2247, #3779 ) ;
#4217 = DIRECTION ( 'NONE',  ( 0.000000000000000000, -0.9782753810969015973, -0.2073096204707153833 ) ) ;
#4218 = CARTESIAN_POINT ( 'NONE',  ( -0.000000000000000000, -0.1890496660430744380, -0.1132896427400946898 ) ) ;
#4219 = ORIENTED_EDGE ( 'NONE', *, *, #2702, .T. ) ;
#4220 = CARTESIAN_POINT ( 'NONE',  ( 0.000000000000000000, -1.089874586599898665, -0.3257834125135313230 ) ) ;
#4221 = LINE ( 'NONE', #2444, #344 ) ;
#4222 = DIRECTION ( 'NONE',  ( -0.000000000000000000, 1.000000000000000000, -0.000000000000000000 ) ) ;
#4223 =( LENGTH_UNIT ( ) NAMED_UNIT ( * ) SI_UNIT ( .MILLI., .METRE. ) );
#4224 = ORIENTED_EDGE ( 'NONE', *, *, #1196, .T. ) ;
#4225 = VERTEX_POINT ( 'NONE', #708 ) ;
#4226 = AXIS2_PLACEMENT_3D ( 'NONE', #1329, #4456, #299 ) ;
#4227 =( NAMED_UNIT ( * ) SI_UNIT ( $, .STERADIAN. ) SOLID_ANGLE_UNIT ( ) );
#4228 = CARTESIAN_POINT ( 'NONE',  ( 0.05000000000000000278, -0.7171769481336612850, -0.4116005564909410164 ) ) ;
#4229 = AXIS2_PLACEMENT_3D ( 'NONE', #3647, #3425, #642 ) ;
#4230 = CARTESIAN_POINT ( 'NONE',  ( 0.05000000000000000278, -0.8861328275496341833, -0.3799180480018566897 ) ) ;
#4231 = ORIENTED_EDGE ( 'NONE', *, *, #2069, .F. ) ;
#4232 = DIRECTION ( 'NONE',  ( 1.000000000000000000, 0.000000000000000000, 0.000000000000000000 ) ) ;
#4233 = DIRECTION ( 'NONE',  ( -1.000000000000000000, 0.000000000000000000, 0.000000000000000000 ) ) ;
#4234 = MANIFOLD_SOLID_BREP ( 'Cut-Extrude2', #3319 ) ;
#4235 = EDGE_CURVE ( 'NONE', #1834, #4211, #2101, .T. ) ;
#4236 = EDGE_CURVE ( 'NONE', #1997, #1400, #683, .T. ) ;
#4237 =( GEOMETRIC_REPRESENTATION_CONTEXT ( 3 ) GLOBAL_UNCERTAINTY_ASSIGNED_CONTEXT ( ( #64 ) ) GLOBAL_UNIT_ASSIGNED_CONTEXT ( ( #3313, #1280, #919 ) ) REPRESENTATION_CONTEXT ( 'NONE', 'WORKASPACE' ) );
#4238 = CARTESIAN_POINT ( 'NONE',  ( 0.000000000000000000, -1.126298655132009330, -0.4132293883579437055 ) ) ;
#4239 = ORIENTED_EDGE ( 'NONE', *, *, #1594, .T. ) ;
#4240 = DIRECTION ( 'NONE',  ( 1.000000000000000000, 4.140151493978059749E-16, -0.000000000000000000 ) ) ;
#4241 = CARTESIAN_POINT ( 'NONE',  ( 1.502500000000000169, -3.430000000000000160, 1.590000000000000080 ) ) ;
#4242 = SURFACE_STYLE_USAGE ( .BOTH. , #2119 ) ;
#4243 = DIRECTION ( 'NONE',  ( 0.000000000000000000, -1.000000000000000000, 0.000000000000000000 ) ) ;
#4244 = EDGE_CURVE ( 'NONE', #711, #1409, #3388, .T. ) ;
#4245 = VECTOR ( 'NONE', #3804, 1000.000000000000000 ) ;
#4246 =( NAMED_UNIT ( * ) SI_UNIT ( $, .STERADIAN. ) SOLID_ANGLE_UNIT ( ) );
#4247 = ORIENTED_EDGE ( 'NONE', *, *, #3451, .F. ) ;
#4248 = CARTESIAN_POINT ( 'NONE',  ( 0.05000000000000000278, -1.116862144609138241, -0.3824492166261509452 ) ) ;
#4249 = DIRECTION ( 'NONE',  ( -0.000000000000000000, -0.000000000000000000, 1.000000000000000000 ) ) ;
#4250 = LINE ( 'NONE', #3612, #4467 ) ;
#4251 = SURFACE_SIDE_STYLE ('',( #3902 ) ) ;
#4252 = VERTEX_POINT ( 'NONE', #3086 ) ;
#4253 = ORIENTED_EDGE ( 'NONE', *, *, #4453, .T. ) ;
#4254 = VECTOR ( 'NONE', #451, 1000.000000000000000 ) ;
#4255 = DIRECTION ( 'NONE',  ( -1.000000000000000000, -0.000000000000000000, -0.000000000000000000 ) ) ;
#4256 = FACE_OUTER_BOUND ( 'NONE', #1777, .T. ) ;
#4257 = ADVANCED_FACE ( 'NONE', ( #4181 ), #1584, .T. ) ;
#4258 = AXIS2_PLACEMENT_3D ( 'NONE', #1770, #4217, #1791 ) ;
#4259 = FACE_OUTER_BOUND ( 'NONE', #1541, .T. ) ;
#4260 = ORIENTED_EDGE ( 'NONE', *, *, #3631, .T. ) ;
#4261 =( NAMED_UNIT ( * ) SI_UNIT ( $, .STERADIAN. ) SOLID_ANGLE_UNIT ( ) );
#4262 = CARTESIAN_POINT ( 'NONE',  ( 0.000000000000000000, -0.6764327329725156046, -0.5933490162279428937 ) ) ;
#4263 = VECTOR ( 'NONE', #2241, 1000.000000000000000 ) ;
#4264 = DIRECTION ( 'NONE',  ( 0.000000000000000000, -1.000000000000000000, 0.000000000000000000 ) ) ;
#4265 = ORIENTED_EDGE ( 'NONE', *, *, #1638, .F. ) ;
#4266 = CARTESIAN_POINT ( 'NONE',  ( 0.000000000000000000, -0.1697051755459263733, -0.06132863504338164490 ) ) ;
#4267 = EDGE_CURVE ( 'NONE', #247, #743, #735, .T. ) ;
#4268 =( NAMED_UNIT ( * ) SI_UNIT ( $, .STERADIAN. ) SOLID_ANGLE_UNIT ( ) );
#4269 = CARTESIAN_POINT ( 'NONE',  ( 1.402500000000000080, 3.330000000000000515, -1.590000000000000080 ) ) ;
#4270 =( NAMED_UNIT ( * ) SI_UNIT ( $, .STERADIAN. ) SOLID_ANGLE_UNIT ( ) );
#4271 = FILL_AREA_STYLE_COLOUR ( '', #4452 ) ;
#4272 = ORIENTED_EDGE ( 'NONE', *, *, #2982, .F. ) ;
#4273 = ORIENTED_EDGE ( 'NONE', *, *, #671, .T. ) ;
#4274 = CARTESIAN_POINT ( 'NONE',  ( 0.000000000000000000, -0.002754848357130741492, -0.2215541444330711984 ) ) ;
#4275 = SURFACE_STYLE_FILL_AREA ( #1184 ) ;
#4276 =( NAMED_UNIT ( * ) SI_UNIT ( $, .STERADIAN. ) SOLID_ANGLE_UNIT ( ) );
#4277 = CARTESIAN_POINT ( 'NONE',  ( 0.05000000000000000278, -0.6801818448952500207, -0.6004105446099615717 ) ) ;
#4278 = ORIENTED_EDGE ( 'NONE', *, *, #476, .F. ) ;
#4279 = DIRECTION ( 'NONE',  ( 0.000000000000000000, 1.000000000000000000, 0.000000000000000000 ) ) ;
#4280 = CARTESIAN_POINT ( 'NONE',  ( 0.05000000000000000278, -0.2964545680405156758, -0.3131419510717353138 ) ) ;
#4281 = FILL_AREA_STYLE ('',( #2910 ) ) ;
#4282 = ORIENTED_EDGE ( 'NONE', *, *, #2649, .T. ) ;
#4283 = DIRECTION ( 'NONE',  ( -1.000000000000000000, 0.000000000000000000, 0.000000000000000000 ) ) ;
#4284 =( LENGTH_UNIT ( ) NAMED_UNIT ( * ) SI_UNIT ( .MILLI., .METRE. ) );
#4285 = CARTESIAN_POINT ( 'NONE',  ( 0.000000000000000000, 0.006059254206971814716, -0.01642593930486601836 ) ) ;
#4286 = CARTESIAN_POINT ( 'NONE',  ( 0.05000000000000000278, -0.6698221560494387328, 0.1630612401823135216 ) ) ;
#4287 = DIRECTION ( 'NONE',  ( 0.000000000000000000, -0.000000000000000000, 1.000000000000000000 ) ) ;
#4288 = CARTESIAN_POINT ( 'NONE',  ( 0.000000000000000000, -0.8971424443453667186, -0.1883761398215660909 ) ) ;
#4289 = CARTESIAN_POINT ( 'NONE',  ( -6.776263578034402713E-18, -0.9561567476746677396, -0.5547471357912191481 ) ) ;
#4290 = DIRECTION ( 'NONE',  ( -1.000000000000000000, 3.933613324210450348E-16, -0.000000000000000000 ) ) ;
#4291 = EDGE_CURVE ( 'NONE', #1141, #3012, #1825, .T. ) ;
#4292 = ORIENTED_EDGE ( 'NONE', *, *, #1036, .T. ) ;
#4293 = VERTEX_POINT ( 'NONE', #56 ) ;
#4294 = SURFACE_SIDE_STYLE ('',( #1850 ) ) ;
#4295 = CARTESIAN_POINT ( 'NONE',  ( 0.000000000000000000, -0.3685320920656475208, -0.09863511255489530727 ) ) ;
#4296 = VECTOR ( 'NONE', #4197, 1000.000000000000000 ) ;
#4297 = ADVANCED_FACE ( 'NONE', ( #2832 ), #2125, .T. ) ;
#4298 = AXIS2_PLACEMENT_3D ( 'NONE', #2527, #1148, #1106 ) ;
#4299 = CARTESIAN_POINT ( 'NONE',  ( 0.000000000000000000, -0.6801818448952500207, -0.6004105446099615717 ) ) ;
#4300 = EDGE_LOOP ( 'NONE', ( #1083, #4327, #681, #788 ) ) ;
#4301 = CARTESIAN_POINT ( 'NONE',  ( 0.05000000000000000278, -0.2460968066329613235, -0.3515272899138410789 ) ) ;
#4302 = VECTOR ( 'NONE', #1688, 1000.000000000000000 ) ;
#4303 = DIRECTION ( 'NONE',  ( -0.000000000000000000, 1.000000000000000000, 0.000000000000000000 ) ) ;
#4304 = ORIENTED_EDGE ( 'NONE', *, *, #3102, .F. ) ;
#4305 = PLANE ( 'NONE',  #4298 ) ;
#4306 = COLOUR_RGB ( '',0.1098039215686274495, 0.1098039215686274495, 0.1098039215686274495 ) ;
#4307 = B_SPLINE_SURFACE_WITH_KNOTS ( 'NONE', 3, 1, ( 
 ( #902, #852 ),
 ( #2612, #4395 ),
 ( #1618, #2636 ),
 ( #1948, #4333 ),
 ( #3294, #1909 ),
 ( #1927, #4414 ),
 ( #2319, #1172 ),
 ( #3983, #162 ),
 ( #557, #580 ),
 ( #4055, #4031 ),
 ( #2297, #3718 ),
 ( #3314, #1240 ),
 ( #2932, #878 ),
 ( #1191, #205 ),
 ( #3004, #1603 ),
 ( #828, #2223 ),
 ( #3624, #1263 ),
 ( #4005, #485 ),
 ( #3676, #2251 ) ),
 .UNSPECIFIED., .F., .F., .F.,
 ( 4, 1, 1, 1, 1, 1, 1, 1, 1, 1, 1, 1, 1, 1, 1, 1, 4 ),
 ( 2, 2 ),
 ( 0.000000000000000000, 0.06874126307936571922, 0.1347890881950342401, 0.1985360495606908748, 0.2603856506059206155, 0.3209615782321967314, 0.3799038495841485785, 0.4385029357752678325, 0.4961543439762690078, 0.5542654832084994432, 0.6127487608156948484, 0.6725134425261788396, 0.7336464018979736990, 0.7967896194814542143, 0.8619356990410246278, 0.9293977347748985096, 1.000000000000000000 ),
 ( 0.000000000000000000, 1.000000000000000000 ),
 .UNSPECIFIED. ) ;
#4308 = CARTESIAN_POINT ( 'NONE',  ( 0.05000000000000000278, -0.6610131800983695127, -0.8349548485809902276 ) ) ;
#4309 = AXIS2_PLACEMENT_3D ( 'NONE', #1641, #3048, #535 ) ;
#4310 = EDGE_CURVE ( 'NONE', #1074, #2443, #1902, .T. ) ;
#4311 = DIRECTION ( 'NONE',  ( 0.000000000000000000, 0.000000000000000000, -1.000000000000000000 ) ) ;
#4312 = CARTESIAN_POINT ( 'NONE',  ( -0.000000000000000000, -0.7783092805295361849, -0.1912211122540348751 ) ) ;
#4313 = VECTOR ( 'NONE', #1303, 1000.000000000000000 ) ;
#4314 = DIRECTION ( 'NONE',  ( -0.000000000000000000, -0.000000000000000000, -1.000000000000000000 ) ) ;
#4315 = CARTESIAN_POINT ( 'NONE',  ( -6.776263578034402713E-18, -0.9527328113583258817, -0.5706177781731857079 ) ) ;
#4316 = AXIS2_PLACEMENT_3D ( 'NONE', #4154, #2733, #616 ) ;
#4317 = EDGE_LOOP ( 'NONE', ( #2104, #1466, #3361, #2994 ) ) ;
#4318 = ORIENTED_EDGE ( 'NONE', *, *, #1060, .F. ) ;
#4319 = DIRECTION ( 'NONE',  ( -1.000000000000000000, 0.000000000000000000, 0.000000000000000000 ) ) ;
#4320 =( LENGTH_UNIT ( ) NAMED_UNIT ( * ) SI_UNIT ( .MILLI., .METRE. ) );
#4321 = DIRECTION ( 'NONE',  ( 0.000000000000000000, -1.000000000000000000, 0.000000000000000000 ) ) ;
#4322 = PRESENTATION_LAYER_ASSIGNMENT (  '', '', ( #4532 ) ) ;
#4323 = EDGE_CURVE ( 'NONE', #2608, #743, #4250, .T. ) ;
#4324 = EDGE_CURVE ( 'NONE', #84, #3729, #2008, .T. ) ;
#4325 = VECTOR ( 'NONE', #969, 1000.000000000000000 ) ;
#4326 = CARTESIAN_POINT ( 'NONE',  ( 0.05000000000000000278, -0.8138526047673874109, -0.6830926059715326515 ) ) ;
#4327 = ORIENTED_EDGE ( 'NONE', *, *, #2350, .F. ) ;
#4328 = DIRECTION ( 'NONE',  ( 0.000000000000000000, 0.000000000000000000, -1.000000000000000000 ) ) ;
#4329 = ADVANCED_FACE ( 'NONE', ( #2965 ), #541, .F. ) ;
#4330 = CARTESIAN_POINT ( 'NONE',  ( 3.000000000000000000, 2.130000000000000338, -1.590000000000000080 ) ) ;
#4331 = ADVANCED_FACE ( 'NONE', ( #2596 ), #2622, .T. ) ;
#4332 = VECTOR ( 'NONE', #2460, 1000.000000000000000 ) ;
#4333 = CARTESIAN_POINT ( 'NONE',  ( 0.000000000000000000, -0.3662523672292969379, -0.1670382281534639191 ) ) ;
#4334 = ORIENTED_EDGE ( 'NONE', *, *, #384, .F. ) ;
#4335 = AXIS2_PLACEMENT_3D ( 'NONE', #3518, #2213, #1483 ) ;
#4336 = DIRECTION ( 'NONE',  ( 1.000000000000000000, 0.000000000000000000, 0.000000000000000000 ) ) ;
#4337 = LINE ( 'NONE', #4202, #2827 ) ;
#4338 = DIRECTION ( 'NONE',  ( -1.000000000000000000, -0.000000000000000000, -0.000000000000000000 ) ) ;
#4339 = DIRECTION ( 'NONE',  ( -1.000000000000000000, 0.000000000000000000, 0.000000000000000000 ) ) ;
#4340 = CARTESIAN_POINT ( 'NONE',  ( 0.05000000000000000278, -0.1463194531508827945, -0.04045349357721029354 ) ) ;
#4341 = DIRECTION ( 'NONE',  ( 0.000000000000000000, 1.000000000000000000, 0.000000000000000000 ) ) ;
#4342 =( LENGTH_UNIT ( ) NAMED_UNIT ( * ) SI_UNIT ( .MILLI., .METRE. ) );
#4343 = VERTEX_POINT ( 'NONE', #3992 ) ;
#4344 = ORIENTED_EDGE ( 'NONE', *, *, #3812, .T. ) ;
#4345 = DIRECTION ( 'NONE',  ( 0.000000000000000000, 0.000000000000000000, -1.000000000000000000 ) ) ;
#4346 = CARTESIAN_POINT ( 'NONE',  ( 1.652500000000000080, 3.180000000000000160, -1.590000000000000080 ) ) ;
#4347 = CARTESIAN_POINT ( 'NONE',  ( 0.000000000000000000, -0.8212644637417463311, -0.3625797854587121116 ) ) ;
#4348 = ORIENTED_EDGE ( 'NONE', *, *, #1552, .F. ) ;
#4349 = SURFACE_STYLE_FILL_AREA ( #917 ) ;
#4350 = CARTESIAN_POINT ( 'NONE',  ( 0.000000000000000000, -0.2263805207990742252, -0.3623038731498103293 ) ) ;
#4351 = EDGE_CURVE ( 'NONE', #4225, #3713, #3888, .T. ) ;
#4352 = EDGE_CURVE ( 'NONE', #4211, #247, #2234, .T. ) ;
#4353 = DIRECTION ( 'NONE',  ( -0.000000000000000000, -0.000000000000000000, -1.000000000000000000 ) ) ;
#4354 = ORIENTED_EDGE ( 'NONE', *, *, #2678, .T. ) ;
#4355 = DIRECTION ( 'NONE',  ( -0.000000000000000000, -0.000000000000000000, -1.000000000000000000 ) ) ;
#4356 = CARTESIAN_POINT ( 'NONE',  ( 0.000000000000000000, -0.9584840150237976530, -0.5208329905869172327 ) ) ;
#4357 = DIRECTION ( 'NONE',  ( 0.000000000000000000, 1.000000000000000000, 0.000000000000000000 ) ) ;
#4358 = FILL_AREA_STYLE_COLOUR ( '', #3062 ) ;
#4359 = LINE ( 'NONE', #3010, #1089 ) ;
#4360 = CARTESIAN_POINT ( 'NONE',  ( 1.402500000000000080, 3.234999999999999876, -1.750000000000000000 ) ) ;
#4361 = ORIENTED_EDGE ( 'NONE', *, *, #3155, .F. ) ;
#4362 = ORIENTED_EDGE ( 'NONE', *, *, #3007, .T. ) ;
#4363 = CARTESIAN_POINT ( 'NONE',  ( 6.776263578034402713E-18, -0.1065848642534333451, -0.02442563180749515034 ) ) ;
#4364 = PLANE ( 'NONE',  #3583 ) ;
#4365 = CYLINDRICAL_SURFACE ( 'NONE', #2538, 0.04999999999999991257 ) ;
#4366 =( NAMED_UNIT ( * ) SI_UNIT ( $, .STERADIAN. ) SOLID_ANGLE_UNIT ( ) );
#4367 = ORIENTED_EDGE ( 'NONE', *, *, #2561, .T. ) ;
#4368 = CARTESIAN_POINT ( 'NONE',  ( 2.705000000000000515, -3.135000000000000231, -3.234999999999999432 ) ) ;
#4369 = DIRECTION ( 'NONE',  ( -1.000000000000000000, -0.000000000000000000, -0.000000000000000000 ) ) ;
#4370 = DIRECTION ( 'NONE',  ( 0.000000000000000000, 0.000000000000000000, 1.000000000000000000 ) ) ;
#4371 = CARTESIAN_POINT ( 'NONE',  ( 0.000000000000000000, 3.135000000000000231, -3.134999999999999787 ) ) ;
#4372 = ORIENTED_EDGE ( 'NONE', *, *, #3841, .T. ) ;
#4373 = LINE ( 'NONE', #1583, #1433 ) ;
#4374 = CARTESIAN_POINT ( 'NONE',  ( 0.05000000000000000278, -0.002754848357130741492, -0.2215541444330711984 ) ) ;
#4375 = MECHANICAL_DESIGN_GEOMETRIC_PRESENTATION_REPRESENTATION (  '', ( #2009 ), #4082 ) ;
#4376 = SURFACE_STYLE_USAGE ( .BOTH. , #3251 ) ;
#4377 = CARTESIAN_POINT ( 'NONE',  ( 0.05000000000000000278, -0.5297708200735717909, -0.7293632440503247105 ) ) ;
#4378 = AXIS2_PLACEMENT_3D ( 'NONE', #1812, #1855, #3245 ) ;
#4379 = AXIS2_PLACEMENT_3D ( 'NONE', #2675, #600, #268 ) ;
#4380 = DIRECTION ( 'NONE',  ( -0.000000000000000000, -0.000000000000000000, -1.000000000000000000 ) ) ;
#4381 = CARTESIAN_POINT ( 'NONE',  ( 0.05000000000000000278, -0.09189120871183077688, -0.2157554545867146345 ) ) ;
#4382 = ADVANCED_FACE ( 'NONE', ( #191 ), #3634, .F. ) ;
#4383 = VECTOR ( 'NONE', #1974, 1000.000000000000000 ) ;
#4384 = VERTEX_POINT ( 'NONE', #3660 ) ;
#4385 = STYLED_ITEM ( 'NONE', ( #3474 ), #2291 ) ;
#4386 = ORIENTED_EDGE ( 'NONE', *, *, #1321, .T. ) ;
#4387 = CARTESIAN_POINT ( 'NONE',  ( 6.776263578034402713E-18, -0.03441312401851425590, -0.01692103338013715291 ) ) ;
#4388 = SPHERICAL_SURFACE ( 'NONE', #3806, 0.1000000000000000056 ) ;
#4389 = CARTESIAN_POINT ( 'NONE',  ( 0.05000000000000000278, -0.8212644637417463311, -0.3625797854587121116 ) ) ;
#4390 = STYLED_ITEM ( 'NONE', ( #70 ), #2792 ) ;
#4391 = EDGE_LOOP ( 'NONE', ( #1264, #455, #3447, #2943 ) ) ;
#4392 = VECTOR ( 'NONE', #1509, 1000.000000000000000 ) ;
#4393 = LINE ( 'NONE', #4028, #3555 ) ;
#4394 = CARTESIAN_POINT ( 'NONE',  ( 0.05000000000000000278, -1.100452506580626544, -0.6803440643388914966 ) ) ;
#4395 = CARTESIAN_POINT ( 'NONE',  ( 0.000000000000000000, -0.3685564360865559164, -0.1288761780226504727 ) ) ;
#4396 = VERTEX_POINT ( 'NONE', #2287 ) ;
#4397 =( LENGTH_UNIT ( ) NAMED_UNIT ( * ) SI_UNIT ( .MILLI., .METRE. ) );
#4398 = CARTESIAN_POINT ( 'NONE',  ( 2.805000000000000160, -3.234999999999999876, -3.135000000000000231 ) ) ;
#4399 = MECHANICAL_DESIGN_GEOMETRIC_PRESENTATION_REPRESENTATION (  '', ( #2191 ), #3422 ) ;
#4400 = CARTESIAN_POINT ( 'NONE',  ( 0.05000000000000000278, -0.8046958118349366584, -0.1854107794035396717 ) ) ;
#4401 = COLOUR_RGB ( '',0.1098039215686274495, 0.1098039215686274495, 0.1098039215686274495 ) ;
#4402 = EDGE_CURVE ( 'NONE', #3012, #1241, #1593, .T. ) ;
#4403 = CARTESIAN_POINT ( 'NONE',  ( 0.05000000000000000278, -0.1783649825512292897, -0.07401974874790116787 ) ) ;
#4404 = CARTESIAN_POINT ( 'NONE',  ( 0.05000000000000000278, -0.002754848357130741492, -0.2215541444330711984 ) ) ;
#4405 = DIRECTION ( 'NONE',  ( -1.000000000000000000, 0.000000000000000000, 0.000000000000000000 ) ) ;
#4406 = VECTOR ( 'NONE', #2262, 1000.000000000000000 ) ;
#4407 = ADVANCED_FACE ( 'NONE', ( #1676 ), #1139, .T. ) ;
#4408 = ORIENTED_EDGE ( 'NONE', *, *, #239, .T. ) ;
#4409 =( NAMED_UNIT ( * ) SI_UNIT ( $, .STERADIAN. ) SOLID_ANGLE_UNIT ( ) );
#4410 = DIRECTION ( 'NONE',  ( -1.000000000000000000, -0.000000000000000000, -0.000000000000000000 ) ) ;
#4411 = VERTEX_POINT ( 'NONE', #2371 ) ;
#4412 = LINE ( 'NONE', #577, #3108 ) ;
#4413 = FILL_AREA_STYLE ('',( #2655 ) ) ;
#4414 = CARTESIAN_POINT ( 'NONE',  ( 0.000000000000000000, -0.3573209973090670233, -0.2094374051509882151 ) ) ;
#4415 = ORIENTED_EDGE ( 'NONE', *, *, #3069, .F. ) ;
#4416 = CARTESIAN_POINT ( 'NONE',  ( 2.799999999999999822, 2.130000000000000338, 1.590000000000000080 ) ) ;
#4417 = UNCERTAINTY_MEASURE_WITH_UNIT (LENGTH_MEASURE( 1.000000000000000082E-05 ), #18, 'distance_accuracy_value', 'NONE');
#4418 = DIRECTION ( 'NONE',  ( 1.000000000000000000, -0.000000000000000000, -0.000000000000000000 ) ) ;
#4419 = CARTESIAN_POINT ( 'NONE',  ( 0.05000000000000000278, -0.02766841247220686376, -0.2212735552541742756 ) ) ;
#4420 = SURFACE_STYLE_USAGE ( .BOTH. , #2941 ) ;
#4421 = EDGE_CURVE ( 'NONE', #3524, #1112, #318, .T. ) ;
#4422 = EDGE_LOOP ( 'NONE', ( #2836, #3204, #1741, #3226, #2429, #1235 ) ) ;
#4423 = CARTESIAN_POINT ( 'NONE',  ( -0.000000000000000000, -0.9584029694479806460, -0.5151485659980190590 ) ) ;
#4424 = CARTESIAN_POINT ( 'NONE',  ( 0.05000000000000000278, 0.8235672670274848395, -0.003605426484353424672 ) ) ;
#4425 = ADVANCED_FACE ( 'NONE', ( #2076 ), #3462, .F. ) ;
#4426 = EDGE_LOOP ( 'NONE', ( #1619, #2147, #1803, #406 ) ) ;
#4427 = CARTESIAN_POINT ( 'NONE',  ( 0.000000000000000000, -0.7758483127822731751, -0.3714057401819086390 ) ) ;
#4428 = DIRECTION ( 'NONE',  ( 0.000000000000000000, -0.5408597775034191812, 0.8411127754819516245 ) ) ;
#4429 = DIRECTION ( 'NONE',  ( -1.000000000000000000, 0.000000000000000000, 0.000000000000000000 ) ) ;
#4430 = EDGE_CURVE ( 'NONE', #543, #499, #1605, .T. ) ;
#4431 = DIRECTION ( 'NONE',  ( -1.000000000000000000, -0.000000000000000000, -0.000000000000000000 ) ) ;
#4432 = ORIENTED_EDGE ( 'NONE', *, *, #1507, .F. ) ;
#4433 =( LENGTH_UNIT ( ) NAMED_UNIT ( * ) SI_UNIT ( .MILLI., .METRE. ) );
#4434 = LINE ( 'NONE', #904, #4383 ) ;
#4435 = STYLED_ITEM ( 'NONE', ( #608 ), #556 ) ;
#4436 = VECTOR ( 'NONE', #4240, 1000.000000000000000 ) ;
#4437 = SURFACE_SIDE_STYLE ('',( #4013 ) ) ;
#4438 = DIRECTION ( 'NONE',  ( -0.000000000000000000, 1.000000000000000000, 0.000000000000000000 ) ) ;
#4439 = SURFACE_STYLE_FILL_AREA ( #4127 ) ;
#4440 = CARTESIAN_POINT ( 'NONE',  ( -6.776263578034402713E-18, -1.040982828849748021, -0.7623526034875206525 ) ) ;
#4441 = VECTOR ( 'NONE', #3158, 1000.000000000000000 ) ;
#4442 = EDGE_LOOP ( 'NONE', ( #1298, #3470, #2563, #2274 ) ) ;
#4443 = CARTESIAN_POINT ( 'NONE',  ( 0.05000000000000000278, -0.7032756816904642827, -0.4264820290484557241 ) ) ;
#4444 = FACE_OUTER_BOUND ( 'NONE', #2179, .T. ) ;
#4445 = LINE ( 'NONE', #1295, #4245 ) ;
#4446 = AXIS2_PLACEMENT_3D ( 'NONE', #1654, #1272, #310 ) ;
#4447 = ORIENTED_EDGE ( 'NONE', *, *, #4156, .F. ) ;
#4448 = ORIENTED_EDGE ( 'NONE', *, *, #4123, .F. ) ;
#4449 = FACE_OUTER_BOUND ( 'NONE', #473, .T. ) ;
#4450 = EDGE_CURVE ( 'NONE', #3151, #3815, #1478, .T. ) ;
#4451 = AXIS2_PLACEMENT_3D ( 'NONE', #2130, #3526, #2474 ) ;
#4452 = COLOUR_RGB ( '',0.1098039215686274495, 0.1098039215686274495, 0.1098039215686274495 ) ;
#4453 = EDGE_CURVE ( 'NONE', #456, #1039, #3512, .T. ) ;
#4454 = DIRECTION ( 'NONE',  ( -0.000000000000000000, -0.000000000000000000, -1.000000000000000000 ) ) ;
#4455 = ORIENTED_EDGE ( 'NONE', *, *, #3684, .F. ) ;
#4456 = DIRECTION ( 'NONE',  ( -0.000000000000000000, -0.000000000000000000, -1.000000000000000000 ) ) ;
#4457 = DIRECTION ( 'NONE',  ( -0.000000000000000000, -0.000000000000000000, -1.000000000000000000 ) ) ;
#4458 = UNCERTAINTY_MEASURE_WITH_UNIT (LENGTH_MEASURE( 1.000000000000000082E-05 ), #3464, 'distance_accuracy_value', 'NONE');
#4459 = CARTESIAN_POINT ( 'NONE',  ( 0.05000000000000000278, -0.3006849316940218286, 0.06917165221791383989 ) ) ;
#4460 = ORIENTED_EDGE ( 'NONE', *, *, #1588, .T. ) ;
#4461 = COLOUR_RGB ( '',0.1098039215686274495, 0.1098039215686274495, 0.1098039215686274495 ) ;
#4462 = CARTESIAN_POINT ( 'NONE',  ( 0.000000000000000000, -0.4738321418762641013, -0.6035382075684512238 ) ) ;
#4463 = CARTESIAN_POINT ( 'NONE',  ( 0.05000000000000000278, -0.9898548273592389091, -0.8064315480532315839 ) ) ;
#4464 = VECTOR ( 'NONE', #107, 1000.000000000000000 ) ;
#4465 = CARTESIAN_POINT ( 'NONE',  ( 0.05000000000000000278, -0.7168621609059413480, -0.6479544175809375250 ) ) ;
#4466 = ORIENTED_EDGE ( 'NONE', *, *, #220, .F. ) ;
#4467 = VECTOR ( 'NONE', #1775, 1000.000000000000000 ) ;
#4468 = CARTESIAN_POINT ( 'NONE',  ( 0.05000000000000000278, -0.2579275050039763206, 0.1070944390570256893 ) ) ;
#4469 = CARTESIAN_POINT ( 'NONE',  ( 1.402500000000000080, 3.234999999999999876, 1.590000000000000080 ) ) ;
#4470 = SURFACE_SIDE_STYLE ('',( #4111 ) ) ;
#4471 = CIRCLE ( 'NONE', #2196, 0.1000000000000000472 ) ;
#4472 = EDGE_LOOP ( 'NONE', ( #2034, #2279, #1681, #973, #313, #1910, #3984, #3820, #20, #3758, #4068, #2236, #3528, #1735, #486 ) ) ;
#4473 = FACE_OUTER_BOUND ( 'NONE', #1049, .T. ) ;
#4474 = CARTESIAN_POINT ( 'NONE',  ( 0.000000000000000000, -0.8565550062342243143, -0.6769319128830344479 ) ) ;
#4475 = EDGE_CURVE ( 'NONE', #2632, #2759, #3662, .T. ) ;
#4476 =( NAMED_UNIT ( * ) SI_UNIT ( $, .STERADIAN. ) SOLID_ANGLE_UNIT ( ) );
#4477 = EDGE_LOOP ( 'NONE', ( #2097, #2526, #3691, #4131 ) ) ;
#4478 = CARTESIAN_POINT ( 'NONE',  ( 1.402500000000000302, -3.135000000000000231, -1.750000000000000000 ) ) ;
#4479 = CARTESIAN_POINT ( 'NONE',  ( 2.805000000000000160, 3.234999999999999876, 3.135000000000000675 ) ) ;
#4480 = ADVANCED_FACE ( 'NONE', ( #2550 ), #2508, .T. ) ;
#4481 = CARTESIAN_POINT ( 'NONE',  ( 0.000000000000000000, -0.9810249773042930554, -0.2191292936110579015 ) ) ;
#4482 = ORIENTED_EDGE ( 'NONE', *, *, #1837, .T. ) ;
#4483 = DIRECTION ( 'NONE',  ( 0.000000000000000000, 0.4511465413988249851, 0.8924498855307665401 ) ) ;
#4484 = CARTESIAN_POINT ( 'NONE',  ( 0.000000000000000000, -0.5886198530773033566, -0.7910057924980206101 ) ) ;
#4485 = CARTESIAN_POINT ( 'NONE',  ( 2.805000000000000160, 0.000000000000000000, -3.134999999999999787 ) ) ;
#4486 = CARTESIAN_POINT ( 'NONE',  ( 0.05000000000000000278, -0.9620698312337992997, -0.8237904713960829683 ) ) ;
#4487 = EDGE_CURVE ( 'NONE', #407, #3437, #3994, .T. ) ;
#4488 = EDGE_CURVE ( 'NONE', #3417, #2428, #146, .T. ) ;
#4489 = ORIENTED_EDGE ( 'NONE', *, *, #374, .T. ) ;
#4490 = CARTESIAN_POINT ( 'NONE',  ( 0.05000000000000000278, -0.07645648128499468732, 0.1593621628679643965 ) ) ;
#4491 = CARTESIAN_POINT ( 'NONE',  ( -6.776263578034402713E-18, -0.8138526047673874109, -0.6830926059715326515 ) ) ;
#4492 = EDGE_LOOP ( 'NONE', ( #1328, #654, #780, #2980 ) ) ;
#4493 = ORIENTED_EDGE ( 'NONE', *, *, #3451, .T. ) ;
#4494 = CARTESIAN_POINT ( 'NONE',  ( 0.05000000000000000278, 0.06715701061722821608, -0.8369387598176866172 ) ) ;
#4495 = CARTESIAN_POINT ( 'NONE',  ( 0.000000000000000000, -0.2874219575018231998, 0.08309679858025553756 ) ) ;
#4496 = CARTESIAN_POINT ( 'NONE',  ( 2.805000000000000160, -1.935000000000000053, 1.750000000000000000 ) ) ;
#4497 = LINE ( 'NONE', #4522, #4027 ) ;
#4498 = ORIENTED_EDGE ( 'NONE', *, *, #3040, .T. ) ;
#4499 = CARTESIAN_POINT ( 'NONE',  ( 1.402500000000000080, -3.234999999999999876, -1.750000000000000000 ) ) ;
#4500 = CARTESIAN_POINT ( 'NONE',  ( 0.05000000000000000278, -0.1891774710337300047, -0.1230748920161565257 ) ) ;
#4501 = UNCERTAINTY_MEASURE_WITH_UNIT (LENGTH_MEASURE( 1.000000000000000082E-05 ), #1431, 'distance_accuracy_value', 'NONE');
#4502 = CARTESIAN_POINT ( 'NONE',  ( 0.05000000000000000278, -0.2420073796460378013, 0.1174697462955878041 ) ) ;
#4503 = ORIENTED_EDGE ( 'NONE', *, *, #3522, .T. ) ;
#4504 = DIRECTION ( 'NONE',  ( -1.000000000000000000, 0.000000000000000000, 0.000000000000000000 ) ) ;
#4505 = EDGE_CURVE ( 'NONE', #3191, #1984, #1244, .T. ) ;
#4506 = PLANE ( 'NONE',  #3194 ) ;
#4507 = SURFACE_STYLE_USAGE ( .BOTH. , #657 ) ;
#4508 = CARTESIAN_POINT ( 'NONE',  ( 0.05000000000000000278, -1.137634313291926880, -0.5265878941432662330 ) ) ;
#4509 = VECTOR ( 'NONE', #2073, 1000.000000000000000 ) ;
#4510 = CARTESIAN_POINT ( 'NONE',  ( 0.05000000000000000278, -0.9582450999035702077, -0.5040758145116991384 ) ) ;
#4511 = ADVANCED_FACE ( 'NONE', ( #561 ), #2645, .T. ) ;
#4512 = ORIENTED_EDGE ( 'NONE', *, *, #3350, .T. ) ;
#4513 = LINE ( 'NONE', #933, #2171 ) ;
#4514 = CARTESIAN_POINT ( 'NONE',  ( 1.402500000000000080, 3.135000000000000231, 1.590000000000000080 ) ) ;
#4515 = CIRCLE ( 'NONE', #4226, 0.2000000000000005107 ) ;
#4516 = ORIENTED_EDGE ( 'NONE', *, *, #4049, .F. ) ;
#4517 = VECTOR ( 'NONE', #1206, 1000.000000000000000 ) ;
#4518 = EDGE_LOOP ( 'NONE', ( #1119, #2600, #2335 ) ) ;
#4519 = CARTESIAN_POINT ( 'NONE',  ( 2.900000000000000355, -3.330000000000000515, 1.590000000000000080 ) ) ;
#4520 = CARTESIAN_POINT ( 'NONE',  ( 0.000000000000000000, -0.04123777512353334757, 0.1614273687631261334 ) ) ;
#4521 = CIRCLE ( 'NONE', #1582, 0.09999999999999982514 ) ;
#4522 = CARTESIAN_POINT ( 'NONE',  ( 1.652500000000000080, 3.230000000000000426, 1.590000000000000080 ) ) ;
#4523 = ORIENTED_EDGE ( 'NONE', *, *, #4402, .F. ) ;
#4524 = PRESENTATION_LAYER_ASSIGNMENT (  '', '', ( #126 ) ) ;
#4525 = CARTESIAN_POINT ( 'NONE',  ( 0.05000000000000000278, 0.9215239977967155660, 0.1630612401823132163 ) ) ;
#4526 = CARTESIAN_POINT ( 'NONE',  ( 0.05000000000000000278, -0.1794891205865687123, -0.1660607230251283928 ) ) ;
#4527 = CIRCLE ( 'NONE', #2757, 0.09999999999999982514 ) ;
#4528 = CARTESIAN_POINT ( 'NONE',  ( 0.05000000000000000278, -0.2579275050039763206, 0.1070944390570256893 ) ) ;
#4529 = ORIENTED_EDGE ( 'NONE', *, *, #4291, .T. ) ;
#4530 =( NAMED_UNIT ( * ) PLANE_ANGLE_UNIT ( ) SI_UNIT ( $, .RADIAN. ) );
#4531 = CARTESIAN_POINT ( 'NONE',  ( 0.000000000000000000, -0.7732491692848095788, -0.8618031439996431953 ) ) ;
#4532 = STYLED_ITEM ( 'NONE', ( #287 ), #3214 ) ;
#4533 = PLANE ( 'NONE',  #1894 ) ;
#4534 = CARTESIAN_POINT ( 'NONE',  ( -6.776263578034402713E-18, -0.8150687516247252518, -0.8622603708294049873 ) ) ;
#4535 = AXIS2_PLACEMENT_3D ( 'NONE', #818, #2212, #127 ) ;
#4536 = EDGE_CURVE ( 'NONE', #365, #3142, #2936, .T. ) ;
#4537 = CARTESIAN_POINT ( 'NONE',  ( 0.05000000000000000278, -0.9085019618535126185, -0.3965699073817252618 ) ) ;
#4538 = EDGE_LOOP ( 'NONE', ( #2404, #3005, #3022, #3645 ) ) ;
#4539 = CARTESIAN_POINT ( 'NONE',  ( 1.402500000000000302, 3.135000000000000231, -1.750000000000000000 ) ) ;
#4540 = CARTESIAN_POINT ( 'NONE',  ( -6.776263578034402713E-18, -0.9166625105249284200, -0.6377524111047767619 ) ) ;
#4541 = CARTESIAN_POINT ( 'NONE',  ( 2.705000000000000515, -3.135000000000000231, 3.235000000000000320 ) ) ;
#4542 = MECHANICAL_DESIGN_GEOMETRIC_PRESENTATION_REPRESENTATION (  '', ( #210 ), #2411 ) ;
#4543 = EDGE_CURVE ( 'NONE', #2252, #4396, #2283, .T. ) ;
#4544 = EDGE_CURVE ( 'NONE', #1133, #3424, #4471, .T. ) ;
#4545 = PRESENTATION_LAYER_ASSIGNMENT (  '', '', ( #2271 ) ) ;
#4546 = EDGE_LOOP ( 'NONE', ( #2716, #274, #4415, #2942, #2199, #1767, #2588, #1072, #1399, #2170 ) ) ;
#4547 = CARTESIAN_POINT ( 'NONE',  ( -0.000000000000000000, -0.01130215563073742706, -0.2214578803289629916 ) ) ;
#4548 = CARTESIAN_POINT ( 'NONE',  ( 6.776263578034402713E-18, -0.7463502927026240963, -0.3876394100861293435 ) ) ;
ENDSEC;
END-ISO-10303-21;
