ISO-10303-21;
HEADER;
FILE_DESCRIPTION (( 'STEP AP214' ),
    '1' );
FILE_NAME ('PPTC031LGBN-RC.STEP',
    '2024-11-27T18:44:13',
    ( '' ),
    ( '' ),
    'SwSTEP 2.0',
    'SolidWorks 2021',
    '' );
FILE_SCHEMA (( 'AUTOMOTIVE_DESIGN' ));
ENDSEC;

DATA;
#1 = VECTOR ( 'NONE', #2014, 1000.000000000000000 ) ;
#2 = CARTESIAN_POINT ( 'NONE',  ( 4.060000000000000497, -4.989501595336908954E-14, 2.870000000000000107 ) ) ;
#3 = EDGE_LOOP ( 'NONE', ( #3518, #866, #3731, #3333 ) ) ;
#4 = EDGE_CURVE ( 'NONE', #3395, #3446, #1588, .T. ) ;
#5 = CARTESIAN_POINT ( 'NONE',  ( -0.3000000000000020983, 3.510000000000013110, 10.97000000000000242 ) ) ;
#6 = LINE ( 'NONE', #1499, #1121 ) ;
#7 = PLANE ( 'NONE',  #1528 ) ;
#8 = DIRECTION ( 'NONE',  ( 1.000000000000000000, 0.000000000000000000, -0.000000000000000000 ) ) ;
#9 = EDGE_CURVE ( 'NONE', #76, #606, #1606, .T. ) ;
#10 = LINE ( 'NONE', #3119, #1968 ) ;
#11 = ADVANCED_FACE ( 'NONE', ( #3380 ), #2505, .F. ) ;
#12 = ORIENTED_EDGE ( 'NONE', *, *, #3289, .F. ) ;
#13 = DIRECTION ( 'NONE',  ( 0.000000000000000000, 0.000000000000000000, 1.000000000000000000 ) ) ;
#14 = VECTOR ( 'NONE', #339, 1000.000000000000000 ) ;
#15 = EDGE_CURVE ( 'NONE', #652, #3101, #161, .T. ) ;
#16 = VECTOR ( 'NONE', #1210, 1000.000000000000000 ) ;
#17 = VERTEX_POINT ( 'NONE', #1324 ) ;
#18 = CARTESIAN_POINT ( 'NONE',  ( 2.840000000000001190, 3.510000000000013110, 10.09999999999999964 ) ) ;
#19 = DIRECTION ( 'NONE',  ( 1.000000000000000000, 0.000000000000000000, 0.000000000000000000 ) ) ;
#20 = ORIENTED_EDGE ( 'NONE', *, *, #2545, .F. ) ;
#21 = CARTESIAN_POINT ( 'NONE',  ( 1.270000000000000240, 0.5364888378497735255, 3.245000000000000551 ) ) ;
#22 = SURFACE_SIDE_STYLE ('',( #321 ) ) ;
#23 = DIRECTION ( 'NONE',  ( 0.7071067811865436870, 0.000000000000000000, -0.7071067811865513475 ) ) ;
#24 = EDGE_LOOP ( 'NONE', ( #2334, #1833, #3200, #2721 ) ) ;
#25 = DIRECTION ( 'NONE',  ( 0.000000000000000000, 0.000000000000000000, 1.000000000000000000 ) ) ;
#26 = VECTOR ( 'NONE', #2739, 1000.000000000000000 ) ;
#27 = DIRECTION ( 'NONE',  ( 0.000000000000000000, -1.000000000000000000, 0.000000000000000000 ) ) ;
#28 = PLANE ( 'NONE',  #1406 ) ;
#29 = CARTESIAN_POINT ( 'NONE',  ( -0.3000000000000020983, 0.9699999999999578959, 10.09999999999999964 ) ) ;
#30 = AXIS2_PLACEMENT_3D ( 'NONE', #1772, #3179, #3141 ) ;
#31 = DIRECTION ( 'NONE',  ( -0.000000000000000000, 0.000000000000000000, 1.000000000000000000 ) ) ;
#32 = VECTOR ( 'NONE', #2444, 1000.000000000000000 ) ;
#33 = VERTEX_POINT ( 'NONE', #1045 ) ;
#34 = CARTESIAN_POINT ( 'NONE',  ( 4.060000000000000497, 0.000000000000000000, 11.36999999999999922 ) ) ;
#35 = ADVANCED_FACE ( 'NONE', ( #3092 ), #2488, .F. ) ;
#36 = VECTOR ( 'NONE', #3608, 1000.000000000000000 ) ;
#37 = VECTOR ( 'NONE', #1682, 1000.000000000000000 ) ;
#38 = MECHANICAL_DESIGN_GEOMETRIC_PRESENTATION_REPRESENTATION (  '', ( #3260 ), #3444 ) ;
#39 = EDGE_LOOP ( 'NONE', ( #3250, #3297, #303, #2515 ) ) ;
#40 = EDGE_CURVE ( 'NONE', #3534, #923, #3602, .T. ) ;
#41 =( LENGTH_UNIT ( ) NAMED_UNIT ( * ) SI_UNIT ( .MILLI., .METRE. ) );
#42 = CARTESIAN_POINT ( 'NONE',  ( -0.2999999999999999889, 1.069999999999999840, 2.040000000000000036 ) ) ;
#43 = ORIENTED_EDGE ( 'NONE', *, *, #2732, .F. ) ;
#44 = CARTESIAN_POINT ( 'NONE',  ( 0.2999999999999999889, 1.069999999999999840, 3.245000000000000551 ) ) ;
#45 = DIRECTION ( 'NONE',  ( 0.000000000000000000, 0.000000000000000000, -1.000000000000000000 ) ) ;
#46 = CARTESIAN_POINT ( 'NONE',  ( 2.239999999999997993, 1.569999999999957652, 10.97000000000000242 ) ) ;
#47 = LINE ( 'NONE', #2057, #2291 ) ;
#48 = LINE ( 'NONE', #2653, #222 ) ;
#49 = DIRECTION ( 'NONE',  ( 0.000000000000000000, -0.000000000000000000, 1.000000000000000000 ) ) ;
#50 = VECTOR ( 'NONE', #2448, 1000.000000000000000 ) ;
#51 = ORIENTED_EDGE ( 'NONE', *, *, #2851, .T. ) ;
#52 = CARTESIAN_POINT ( 'NONE',  ( 2.840000000000001190, 3.510000000000013110, 10.09999999999999964 ) ) ;
#53 = UNCERTAINTY_MEASURE_WITH_UNIT (LENGTH_MEASURE( 1.000000000000000082E-05 ), #2429, 'distance_accuracy_value', 'NONE');
#54 = EDGE_CURVE ( 'NONE', #3077, #1770, #2165, .T. ) ;
#55 = ORIENTED_EDGE ( 'NONE', *, *, #886, .T. ) ;
#56 = CARTESIAN_POINT ( 'NONE',  ( 0.2999999999999999889, 0.5000000000000000000, 1.470000000000000195 ) ) ;
#57 = ADVANCED_FACE ( 'NONE', ( #1303 ), #2469, .T. ) ;
#58 = EDGE_CURVE ( 'NONE', #3172, #2543, #257, .T. ) ;
#59 = ORIENTED_EDGE ( 'NONE', *, *, #3098, .T. ) ;
#60 = PLANE ( 'NONE',  #2557 ) ;
#61 = AXIS2_PLACEMENT_3D ( 'NONE', #3222, #23, #1182 ) ;
#62 = ORIENTED_EDGE ( 'NONE', *, *, #2228, .F. ) ;
#63 = LINE ( 'NONE', #1225, #2038 ) ;
#64 = ORIENTED_EDGE ( 'NONE', *, *, #2988, .T. ) ;
#65 = FACE_OUTER_BOUND ( 'NONE', #1345, .T. ) ;
#66 = DIRECTION ( 'NONE',  ( -1.000000000000000000, 0.000000000000000000, 0.000000000000000000 ) ) ;
#67 = CARTESIAN_POINT ( 'NONE',  ( -1.269999999999999796, -4.989501595336908954E-14, 2.870000000000000107 ) ) ;
#68 = EDGE_LOOP ( 'NONE', ( #2989, #520, #2812, #1903 ) ) ;
#69 = CARTESIAN_POINT ( 'NONE',  ( -0.2999999999999999889, 1.470000000000000417, 2.040000000000000036 ) ) ;
#70 = DIRECTION ( 'NONE',  ( 1.000000000000000000, 0.000000000000000000, 0.000000000000000000 ) ) ;
#71 = VECTOR ( 'NONE', #633, 999.9999999999998863 ) ;
#72 = ORIENTED_EDGE ( 'NONE', *, *, #2323, .T. ) ;
#73 = EDGE_CURVE ( 'NONE', #1010, #17, #1444, .T. ) ;
#74 = VECTOR ( 'NONE', #3547, 1000.000000000000000 ) ;
#75 = CARTESIAN_POINT ( 'NONE',  ( -4.060000000000000497, 4.679999999999999716, 2.869999999999999662 ) ) ;
#76 = VERTEX_POINT ( 'NONE', #3418 ) ;
#77 = ADVANCED_BREP_SHAPE_REPRESENTATION ( '', ( #693, #780, #881 ), #1559 ) ;
#78 = FILL_AREA_STYLE ('',( #918 ) ) ;
#79 = DIRECTION ( 'NONE',  ( 0.000000000000000000, 0.000000000000000000, 1.000000000000000000 ) ) ;
#80 = LINE ( 'NONE', #2724, #3674 ) ;
#81 = EDGE_LOOP ( 'NONE', ( #372, #1308, #1025, #1467 ) ) ;
#82 = LINE ( 'NONE', #943, #152 ) ;
#83 = CARTESIAN_POINT ( 'NONE',  ( -4.060000000000000497, 5.079999999999999183, 11.36999999999999922 ) ) ;
#84 = ADVANCED_FACE ( 'NONE', ( #1110 ), #2831, .F. ) ;
#85 = VECTOR ( 'NONE', #2201, 1000.000000000000000 ) ;
#86 = LINE ( 'NONE', #3020, #266 ) ;
#87 = AXIS2_PLACEMENT_3D ( 'NONE', #826, #3466, #2011 ) ;
#88 = EDGE_LOOP ( 'NONE', ( #2104, #858, #987, #1383 ) ) ;
#89 = DIRECTION ( 'NONE',  ( 0.000000000000000000, 0.3420201433256412349, -0.9396926207859185309 ) ) ;
#90 = DIRECTION ( 'NONE',  ( 1.000000000000000000, 0.000000000000000000, 0.000000000000000000 ) ) ;
#91 = AXIS2_PLACEMENT_3D ( 'NONE', #2576, #3747, #2504 ) ;
#92 = ORIENTED_EDGE ( 'NONE', *, *, #2202, .T. ) ;
#93 = VECTOR ( 'NONE', #1252, 1000.000000000000000 ) ;
#94 = LINE ( 'NONE', #955, #3727 ) ;
#95 = VECTOR ( 'NONE', #130, 1000.000000000000000 ) ;
#96 = ORIENTED_EDGE ( 'NONE', *, *, #9, .T. ) ;
#97 = AXIS2_PLACEMENT_3D ( 'NONE', #3003, #1325, #3287 ) ;
#98 = CARTESIAN_POINT ( 'NONE',  ( -3.810000000000000053, 0.3999999999999501732, 2.870000000000000107 ) ) ;
#99 = CARTESIAN_POINT ( 'NONE',  ( -0.2999999999999999889, 1.069999999999999840, 2.040000000000000036 ) ) ;
#100 = ADVANCED_FACE ( 'NONE', ( #3169 ), #2003, .F. ) ;
#101 = ORIENTED_EDGE ( 'NONE', *, *, #3036, .T. ) ;
#102 = LINE ( 'NONE', #2705, #2953 ) ;
#103 = CARTESIAN_POINT ( 'NONE',  ( 1.839999999999996083, 1.969999999999959561, 11.36999999999999922 ) ) ;
#104 = VECTOR ( 'NONE', #789, 999.9999999999998863 ) ;
#105 = DIRECTION ( 'NONE',  ( 0.000000000000000000, -1.000000000000000000, 0.000000000000000000 ) ) ;
#106 = ADVANCED_FACE ( 'NONE', ( #2284 ), #3438, .F. ) ;
#107 = VERTEX_POINT ( 'NONE', #795 ) ;
#108 = EDGE_LOOP ( 'NONE', ( #2147, #2792, #180, #1676 ) ) ;
#109 = PLANE ( 'NONE',  #2588 ) ;
#110 = DIRECTION ( 'NONE',  ( 0.000000000000000000, 0.000000000000000000, 1.000000000000000000 ) ) ;
#111 = VERTEX_POINT ( 'NONE', #836 ) ;
#112 = LINE ( 'NONE', #1272, #2112 ) ;
#113 = CARTESIAN_POINT ( 'NONE',  ( -3.810000000000000053, 5.079999999999999183, 11.36999999999999922 ) ) ;
#114 = VERTEX_POINT ( 'NONE', #2018 ) ;
#115 = DIRECTION ( 'NONE',  ( -1.000000000000000000, -0.000000000000000000, -0.000000000000000000 ) ) ;
#116 = CARTESIAN_POINT ( 'NONE',  ( 2.239999999999997993, 1.569999999999957652, 10.97000000000000242 ) ) ;
#117 = ORIENTED_EDGE ( 'NONE', *, *, #2868, .T. ) ;
#118 = CARTESIAN_POINT ( 'NONE',  ( -3.810000000000000053, 0.000000000000000000, 11.36999999999999922 ) ) ;
#119 = DIRECTION ( 'NONE',  ( 0.000000000000000000, 0.000000000000000000, -1.000000000000000000 ) ) ;
#120 = EDGE_CURVE ( 'NONE', #1279, #114, #3159, .T. ) ;
#121 = CARTESIAN_POINT ( 'NONE',  ( 4.060000000000000497, 5.079999999999999183, 11.36999999999999922 ) ) ;
#122 = VERTEX_POINT ( 'NONE', #854 ) ;
#123 = ORIENTED_EDGE ( 'NONE', *, *, #2819, .T. ) ;
#124 = LINE ( 'NONE', #1285, #2893 ) ;
#125 = APPLICATION_PROTOCOL_DEFINITION ( 'draft international standard', 'automotive_design', 1998, #2579 ) ;
#126 = EDGE_CURVE ( 'NONE', #1864, #2417, #3151, .T. ) ;
#127 = EDGE_CURVE ( 'NONE', #923, #2472, #2035, .T. ) ;
#128 = EDGE_LOOP ( 'NONE', ( #819, #716, #688, #1575 ) ) ;
#129 = ORIENTED_EDGE ( 'NONE', *, *, #616, .T. ) ;
#130 = DIRECTION ( 'NONE',  ( -0.5773502691896278405, -0.5773502691896278405, -0.5773502691896216232 ) ) ;
#131 = EDGE_CURVE ( 'NONE', #472, #1001, #1666, .T. ) ;
#132 = DIRECTION ( 'NONE',  ( -0.000000000000000000, 1.000000000000000000, 1.188166764367676095E-16 ) ) ;
#133 = ORIENTED_EDGE ( 'NONE', *, *, #248, .T. ) ;
#134 = AXIS2_PLACEMENT_3D ( 'NONE', #1330, #705, #2493 ) ;
#135 = DIRECTION ( 'NONE',  ( 0.000000000000000000, -0.3420201433256412349, 0.9396926207859185309 ) ) ;
#136 = CARTESIAN_POINT ( 'NONE',  ( -3.810000000000000053, 0.000000000000000000, 11.36999999999999922 ) ) ;
#137 = VERTEX_POINT ( 'NONE', #3729 ) ;
#138 = CARTESIAN_POINT ( 'NONE',  ( 0.3000000000000012101, 4.110000000000012754, 10.09999999999999964 ) ) ;
#139 = CARTESIAN_POINT ( 'NONE',  ( -2.840000000000002078, 3.510000000000013110, 10.97000000000000242 ) ) ;
#140 = DIRECTION ( 'NONE',  ( 1.000000000000000000, 0.000000000000000000, 0.000000000000000000 ) ) ;
#141 = ORIENTED_EDGE ( 'NONE', *, *, #3392, .T. ) ;
#142 = ORIENTED_EDGE ( 'NONE', *, *, #3665, .F. ) ;
#143 = FACE_OUTER_BOUND ( 'NONE', #2230, .T. ) ;
#144 = VECTOR ( 'NONE', #2650, 1000.000000000000000 ) ;
#145 = EDGE_LOOP ( 'NONE', ( #408, #502, #1728, #527 ) ) ;
#146 = ADVANCED_FACE ( 'NONE', ( #1702 ), #7, .F. ) ;
#147 = ORIENTED_EDGE ( 'NONE', *, *, #1042, .T. ) ;
#148 = DIRECTION ( 'NONE',  ( 0.000000000000000000, -0.3420201433256412349, 0.9396926207859185309 ) ) ;
#149 = VECTOR ( 'NONE', #2807, 1000.000000000000000 ) ;
#150 = FACE_OUTER_BOUND ( 'NONE', #3560, .T. ) ;
#151 = ADVANCED_FACE ( 'NONE', ( #3187 ), #2864, .F. ) ;
#152 = VECTOR ( 'NONE', #2125, 1000.000000000000000 ) ;
#153 = EDGE_LOOP ( 'NONE', ( #3213, #1314, #3690, #357 ) ) ;
#154 = AXIS2_PLACEMENT_3D ( 'NONE', #1114, #1691, #2290 ) ;
#155 = LINE ( 'NONE', #1316, #1473 ) ;
#156 = LINE ( 'NONE', #1017, #3307 ) ;
#157 = ORIENTED_EDGE ( 'NONE', *, *, #3637, .T. ) ;
#158 = DIRECTION ( 'NONE',  ( 0.000000000000000000, -1.000000000000000000, 0.000000000000000000 ) ) ;
#159 = LINE ( 'NONE', #2485, #225 ) ;
#160 = CYLINDRICAL_SURFACE ( 'NONE', #3548, 0.5699999999999997291 ) ;
#161 = LINE ( 'NONE', #3688, #50 ) ;
#162 = LINE ( 'NONE', #3322, #2168 ) ;
#163 = EDGE_LOOP ( 'NONE', ( #3421, #2399, #2528, #169 ) ) ;
#164 = ORIENTED_EDGE ( 'NONE', *, *, #3339, .T. ) ;
#165 = PLANE ( 'NONE',  #2163 ) ;
#166 = ADVANCED_FACE ( 'NONE', ( #2577 ), #3749, .F. ) ;
#167 = LINE ( 'NONE', #3309, #2144 ) ;
#168 = VECTOR ( 'NONE', #2745, 1000.000000000000000 ) ;
#169 = ORIENTED_EDGE ( 'NONE', *, *, #807, .F. ) ;
#170 = EDGE_LOOP ( 'NONE', ( #3340, #3576, #797, #3117 ) ) ;
#171 = EDGE_CURVE ( 'NONE', #1539, #3763, #1133, .T. ) ;
#172 = EDGE_CURVE ( 'NONE', #3101, #1860, #2319, .T. ) ;
#173 = LINE ( 'NONE', #3085, #2866 ) ;
#174 = LINE ( 'NONE', #2179, #618 ) ;
#175 = ORIENTED_EDGE ( 'NONE', *, *, #3568, .F. ) ;
#176 = CARTESIAN_POINT ( 'NONE',  ( -0.2999999999999999889, 1.069999999999999840, 3.245000000000000551 ) ) ;
#177 = DIRECTION ( 'NONE',  ( 1.000000000000000000, 0.000000000000000000, 0.000000000000000000 ) ) ;
#178 = PLANE ( 'NONE',  #1367 ) ;
#179 = CARTESIAN_POINT ( 'NONE',  ( 0.2999999999999999889, 0.000000000000000000, 0.000000000000000000 ) ) ;
#180 = ORIENTED_EDGE ( 'NONE', *, *, #3293, .F. ) ;
#181 = CARTESIAN_POINT ( 'NONE',  ( 0.2999999999999999889, -3.149999999999999911, 1.470000000000000639 ) ) ;
#182 = ORIENTED_EDGE ( 'NONE', *, *, #2066, .T. ) ;
#183 = CARTESIAN_POINT ( 'NONE',  ( -2.239999999999998881, 1.569999999999957652, 10.97000000000000242 ) ) ;
#184 = EDGE_LOOP ( 'NONE', ( #2415, #3140, #2100, #213 ) ) ;
#185 = ORIENTED_EDGE ( 'NONE', *, *, #399, .F. ) ;
#186 = LINE ( 'NONE', #3633, #3499 ) ;
#187 = DIRECTION ( 'NONE',  ( -0.000000000000000000, -0.000000000000000000, 1.000000000000000000 ) ) ;
#188 = EDGE_LOOP ( 'NONE', ( #1814, #2856, #564, #1234, #1116, #3442 ) ) ;
#189 = EDGE_CURVE ( 'NONE', #2666, #736, #2905, .T. ) ;
#190 = COLOUR_RGB ( '',0.7921568627450980005, 0.8196078431372548767, 0.9333333333333333481 ) ;
#191 = CARTESIAN_POINT ( 'NONE',  ( -4.060000000000000497, 4.679999999999999716, 2.869999999999999662 ) ) ;
#192 = CARTESIAN_POINT ( 'NONE',  ( 0.2999999999999999889, -2.849999999999997424, 1.069999999999999618 ) ) ;
#193 = EDGE_LOOP ( 'NONE', ( #3290, #2192, #1750, #2957 ) ) ;
#194 = ADVANCED_FACE ( 'NONE', ( #2633 ), #28, .F. ) ;
#195 = DIRECTION ( 'NONE',  ( 0.000000000000000000, 1.000000000000000000, 1.084202172485506406E-15 ) ) ;
#196 = CARTESIAN_POINT ( 'NONE',  ( 1.270000000000000240, 4.543511162150186244, 3.245000000000000107 ) ) ;
#197 =( NAMED_UNIT ( * ) SI_UNIT ( $, .STERADIAN. ) SOLID_ANGLE_UNIT ( ) );
#198 = VECTOR ( 'NONE', #1502, 1000.000000000000000 ) ;
#199 = CARTESIAN_POINT ( 'NONE',  ( 2.239999999999997993, 0.9699999999999578959, 10.97000000000000242 ) ) ;
#200 = EDGE_CURVE ( 'NONE', #703, #3777, #2058, .T. ) ;
#201 = LINE ( 'NONE', #1443, #805 ) ;
#202 = ORIENTED_EDGE ( 'NONE', *, *, #1634, .F. ) ;
#203 = ORIENTED_EDGE ( 'NONE', *, *, #3220, .T. ) ;
#204 = VERTEX_POINT ( 'NONE', #1764 ) ;
#205 = DIRECTION ( 'NONE',  ( -1.000000000000000000, -0.000000000000000000, -0.000000000000000000 ) ) ;
#206 = CARTESIAN_POINT ( 'NONE',  ( 2.439999999999999503, 3.910000000000011688, 10.77000000000000313 ) ) ;
#207 = VECTOR ( 'NONE', #2983, 1000.000000000000000 ) ;
#208 = VERTEX_POINT ( 'NONE', #2922 ) ;
#209 = AXIS2_PLACEMENT_3D ( 'NONE', #3064, #1397, #1037 ) ;
#210 = CARTESIAN_POINT ( 'NONE',  ( -0.2999999999999999889, 0.5000000000000000000, 1.470000000000000195 ) ) ;
#211 = PLANE ( 'NONE',  #209 ) ;
#212 = VECTOR ( 'NONE', #1161, 1000.000000000000000 ) ;
#213 = ORIENTED_EDGE ( 'NONE', *, *, #1485, .F. ) ;
#214 = LINE ( 'NONE', #1061, #3748 ) ;
#215 = CARTESIAN_POINT ( 'NONE',  ( -1.269999999999999796, -4.989501595336908954E-14, 2.870000000000000107 ) ) ;
#216 = VECTOR ( 'NONE', #205, 1000.000000000000000 ) ;
#217 = EDGE_CURVE ( 'NONE', #508, #3371, #2300, .T. ) ;
#218 = DIRECTION ( 'NONE',  ( -0.000000000000000000, 0.000000000000000000, 1.000000000000000000 ) ) ;
#219 = DIRECTION ( 'NONE',  ( 0.000000000000000000, 0.3420201433256412349, -0.9396926207859185309 ) ) ;
#220 = CARTESIAN_POINT ( 'NONE',  ( 0.3000000000000012101, 1.569999999999957652, 10.09999999999999964 ) ) ;
#221 = CARTESIAN_POINT ( 'NONE',  ( 3.810000000000000497, 5.079999999999999183, 2.870000000000000107 ) ) ;
#222 = VECTOR ( 'NONE', #572, 1000.000000000000114 ) ;
#223 = ADVANCED_FACE ( 'NONE', ( #3470 ), #306, .F. ) ;
#224 = VERTEX_POINT ( 'NONE', #2612 ) ;
#225 = VECTOR ( 'NONE', #2687, 1000.000000000000000 ) ;
#226 = VERTEX_POINT ( 'NONE', #2938 ) ;
#227 = CARTESIAN_POINT ( 'NONE',  ( -2.239999999999998881, 4.110000000000012754, 10.97000000000000242 ) ) ;
#228 = FACE_OUTER_BOUND ( 'NONE', #2781, .T. ) ;
#229 = ORIENTED_EDGE ( 'NONE', *, *, #1048, .T. ) ;
#230 = ORIENTED_EDGE ( 'NONE', *, *, #598, .F. ) ;
#231 = LINE ( 'NONE', #1396, #724 ) ;
#232 = DIRECTION ( 'NONE',  ( -0.000000000000000000, 1.000000000000000000, 0.000000000000000000 ) ) ;
#233 = ORIENTED_EDGE ( 'NONE', *, *, #2414, .F. ) ;
#234 = DIRECTION ( 'NONE',  ( 0.000000000000000000, 0.000000000000000000, -1.000000000000000000 ) ) ;
#235 = CARTESIAN_POINT ( 'NONE',  ( -1.269999999999999796, 4.679999999999999716, 2.869999999999999662 ) ) ;
#236 = DIRECTION ( 'NONE',  ( -0.000000000000000000, 1.000000000000000000, 0.000000000000000000 ) ) ;
#237 = FACE_OUTER_BOUND ( 'NONE', #3648, .T. ) ;
#238 = LINE ( 'NONE', #1665, #149 ) ;
#239 = DIRECTION ( 'NONE',  ( -1.000000000000000000, 0.000000000000000000, 0.000000000000000000 ) ) ;
#240 = DIRECTION ( 'NONE',  ( 1.000000000000000000, -0.000000000000000000, -0.000000000000000000 ) ) ;
#241 = EDGE_CURVE ( 'NONE', #76, #2765, #1163, .T. ) ;
#242 = VECTOR ( 'NONE', #2616, 1000.000000000000000 ) ;
#243 = VERTEX_POINT ( 'NONE', #1402 ) ;
#244 = ORIENTED_EDGE ( 'NONE', *, *, #374, .T. ) ;
#245 = PLANE ( 'NONE',  #154 ) ;
#246 = ADVANCED_FACE ( 'NONE', ( #890 ), #2596, .F. ) ;
#247 = ORIENTED_EDGE ( 'NONE', *, *, #3272, .T. ) ;
#248 = EDGE_CURVE ( 'NONE', #1748, #3144, #831, .T. ) ;
#249 = PLANE ( 'NONE',  #2383 ) ;
#250 = DIRECTION ( 'NONE',  ( -1.000000000000000000, 0.000000000000000000, 0.000000000000000000 ) ) ;
#251 = VERTEX_POINT ( 'NONE', #2555 ) ;
#252 = LINE ( 'NONE', #828, #212 ) ;
#253 = DIRECTION ( 'NONE',  ( 0.000000000000000000, -0.3420201433256412349, 0.9396926207859185309 ) ) ;
#254 = DIRECTION ( 'NONE',  ( 0.000000000000000000, -1.000000000000000000, 0.000000000000000000 ) ) ;
#255 = DIRECTION ( 'NONE',  ( 0.000000000000000000, 0.000000000000000000, 1.000000000000000000 ) ) ;
#256 = PLANE ( 'NONE',  #2226 ) ;
#257 = LINE ( 'NONE', #2559, #825 ) ;
#258 = ORIENTED_EDGE ( 'NONE', *, *, #302, .T. ) ;
#259 = ORIENTED_EDGE ( 'NONE', *, *, #2595, .F. ) ;
#260 = DIRECTION ( 'NONE',  ( 0.000000000000000000, 0.000000000000000000, -1.000000000000000000 ) ) ;
#261 = ADVANCED_FACE ( 'NONE', ( #3147 ), #2879, .F. ) ;
#262 = ORIENTED_EDGE ( 'NONE', *, *, #3460, .F. ) ;
#263 = VECTOR ( 'NONE', #1206, 1000.000000000000000 ) ;
#264 = EDGE_CURVE ( 'NONE', #3620, #2417, #2333, .T. ) ;
#265 = CARTESIAN_POINT ( 'NONE',  ( 2.840000000000001190, 4.110000000000012754, 10.97000000000000242 ) ) ;
#266 = VECTOR ( 'NONE', #946, 1000.000000000000000 ) ;
#267 = ORIENTED_EDGE ( 'NONE', *, *, #2049, .T. ) ;
#268 = CARTESIAN_POINT ( 'NONE',  ( 3.810000000000000497, 0.5699999999999559863, 11.36999999999999922 ) ) ;
#269 = VECTOR ( 'NONE', #3046, 1000.000000000000000 ) ;
#270 = DIRECTION ( 'NONE',  ( 0.000000000000000000, 0.000000000000000000, 1.000000000000000000 ) ) ;
#271 = LINE ( 'NONE', #1420, #1545 ) ;
#272 = LINE ( 'NONE', #1208, #2584 ) ;
#273 = VECTOR ( 'NONE', #1479, 1000.000000000000000 ) ;
#274 = DIRECTION ( 'NONE',  ( 0.000000000000000000, 0.000000000000000000, -1.000000000000000000 ) ) ;
#275 = CARTESIAN_POINT ( 'NONE',  ( -1.269999999999999796, 0.3999999999999501732, 2.870000000000000107 ) ) ;
#276 = VECTOR ( 'NONE', #148, 999.9999999999998863 ) ;
#277 = ORIENTED_EDGE ( 'NONE', *, *, #1454, .T. ) ;
#278 = VERTEX_POINT ( 'NONE', #3434 ) ;
#279 = LINE ( 'NONE', #1487, #93 ) ;
#280 = PRESENTATION_LAYER_ASSIGNMENT (  '', '', ( #3260 ) ) ;
#281 = ORIENTED_EDGE ( 'NONE', *, *, #3381, .F. ) ;
#282 = ADVANCED_FACE ( 'NONE', ( #3509 ), #2072, .F. ) ;
#283 = VECTOR ( 'NONE', #3701, 1000.000000000000000 ) ;
#284 = SURFACE_SIDE_STYLE ('',( #504 ) ) ;
#285 = CARTESIAN_POINT ( 'NONE',  ( 4.060000000000000497, 0.000000000000000000, 0.000000000000000000 ) ) ;
#286 = VERTEX_POINT ( 'NONE', #811 ) ;
#287 = CARTESIAN_POINT ( 'NONE',  ( 1.839999999999996083, 4.510000000000014886, 11.36999999999999922 ) ) ;
#288 =( NAMED_UNIT ( * ) SI_UNIT ( $, .STERADIAN. ) SOLID_ANGLE_UNIT ( ) );
#289 = ADVANCED_FACE ( 'NONE', ( #1439 ), #1998, .F. ) ;
#290 = EDGE_CURVE ( 'NONE', #840, #1297, #530, .T. ) ;
#291 = DIRECTION ( 'NONE',  ( 1.000000000000000000, 0.000000000000000000, -0.000000000000000000 ) ) ;
#292 = PLANE ( 'NONE',  #800 ) ;
#293 = DIRECTION ( 'NONE',  ( 0.000000000000000000, 0.000000000000000000, 1.000000000000000000 ) ) ;
#294 = CARTESIAN_POINT ( 'NONE',  ( 3.810000000000000497, 4.679999999999999716, 2.869999999999999662 ) ) ;
#295 = ADVANCED_FACE ( 'NONE', ( #1474 ), #3183, .F. ) ;
#296 = CARTESIAN_POINT ( 'NONE',  ( -4.060000000000000497, 0.5364888378497735255, 3.245000000000000551 ) ) ;
#297 = ORIENTED_EDGE ( 'NONE', *, *, #3036, .F. ) ;
#298 = DIRECTION ( 'NONE',  ( -1.000000000000000000, -0.000000000000000000, -0.000000000000000000 ) ) ;
#299 = ORIENTED_EDGE ( 'NONE', *, *, #3248, .F. ) ;
#300 = SURFACE_STYLE_USAGE ( .BOTH. , #284 ) ;
#301 = CARTESIAN_POINT ( 'NONE',  ( -0.2999999999999999889, -2.849999999999997424, 1.069999999999999618 ) ) ;
#302 = EDGE_CURVE ( 'NONE', #2205, #3704, #1741, .T. ) ;
#303 = ORIENTED_EDGE ( 'NONE', *, *, #2305, .T. ) ;
#304 = CARTESIAN_POINT ( 'NONE',  ( -4.060000000000000497, 4.679999999999999716, 2.869999999999999662 ) ) ;
#305 = VECTOR ( 'NONE', #2665, 1000.000000000000000 ) ;
#306 = PLANE ( 'NONE',  #61 ) ;
#307 = ORIENTED_EDGE ( 'NONE', *, *, #2305, .F. ) ;
#308 = CARTESIAN_POINT ( 'NONE',  ( 0.2999999999999999889, 1.069999999999999840, 3.245000000000000551 ) ) ;
#309 = LINE ( 'NONE', #2598, #566 ) ;
#310 = CARTESIAN_POINT ( 'NONE',  ( 0.3000000000000000444, -2.849999999999998312, -1.470000000000000639 ) ) ;
#311 = DIRECTION ( 'NONE',  ( -1.000000000000000000, 0.000000000000000000, 0.000000000000000000 ) ) ;
#312 = DIRECTION ( 'NONE',  ( -1.000000000000000000, 0.000000000000000000, -0.000000000000000000 ) ) ;
#313 = ADVANCED_FACE ( 'NONE', ( #2574 ), #2902, .F. ) ;
#314 = ORIENTED_EDGE ( 'NONE', *, *, #2971, .T. ) ;
#315 = CARTESIAN_POINT ( 'NONE',  ( 3.810000000000000053, 4.543511162150186244, 3.245000000000000107 ) ) ;
#316 = EDGE_LOOP ( 'NONE', ( #782, #3156, #1544, #3056 ) ) ;
#317 = SURFACE_STYLE_USAGE ( .BOTH. , #885 ) ;
#318 = DIRECTION ( 'NONE',  ( -0.5773502691896278405, 0.5773502691896278405, 0.5773502691896216232 ) ) ;
#319 = ORIENTED_EDGE ( 'NONE', *, *, #3392, .F. ) ;
#320 = LINE ( 'NONE', #3201, #1927 ) ;
#321 = SURFACE_STYLE_FILL_AREA ( #3240 ) ;
#322 = CARTESIAN_POINT ( 'NONE',  ( 0.3000000000000012101, 0.9699999999999578959, 10.09999999999999964 ) ) ;
#323 = EDGE_LOOP ( 'NONE', ( #1693, #2672, #2307, #12 ) ) ;
#324 = PLANE ( 'NONE',  #2692 ) ;
#325 = VECTOR ( 'NONE', #2756, 1000.000000000000000 ) ;
#326 = LINE ( 'NONE', #1166, #1921 ) ;
#327 = CARTESIAN_POINT ( 'NONE',  ( 0.2999999999999999889, -3.149999999999999911, -1.470000000000000639 ) ) ;
#328 = AXIS2_PLACEMENT_3D ( 'NONE', #3449, #19, #1177 ) ;
#329 = EDGE_CURVE ( 'NONE', #654, #3160, #3486, .T. ) ;
#330 = CARTESIAN_POINT ( 'NONE',  ( -0.3000000000000020983, 4.110000000000012754, 10.09999999999999964 ) ) ;
#331 = AXIS2_PLACEMENT_3D ( 'NONE', #978, #640, #2741 ) ;
#332 = ORIENTED_EDGE ( 'NONE', *, *, #553, .F. ) ;
#333 = DIRECTION ( 'NONE',  ( -1.000000000000000000, 0.000000000000000000, 0.000000000000000000 ) ) ;
#334 = EDGE_CURVE ( 'NONE', #3234, #3534, #870, .T. ) ;
#335 = VECTOR ( 'NONE', #1231, 1000.000000000000000 ) ;
#336 = ORIENTED_EDGE ( 'NONE', *, *, #1143, .T. ) ;
#337 =( GEOMETRIC_REPRESENTATION_CONTEXT ( 3 ) GLOBAL_UNCERTAINTY_ASSIGNED_CONTEXT ( ( #1843 ) ) GLOBAL_UNIT_ASSIGNED_CONTEXT ( ( #3469, #1146, #902 ) ) REPRESENTATION_CONTEXT ( 'NONE', 'WORKASPACE' ) );
#338 = VECTOR ( 'NONE', #1765, 1000.000000000000000 ) ;
#339 = DIRECTION ( 'NONE',  ( -0.000000000000000000, -0.000000000000000000, 1.000000000000000000 ) ) ;
#340 = LINE ( 'NONE', #42, #739 ) ;
#341 = EDGE_LOOP ( 'NONE', ( #1818, #1847, #1578, #747 ) ) ;
#342 = CARTESIAN_POINT ( 'NONE',  ( 3.810000000000000497, 0.5364888378497735255, 3.245000000000000551 ) ) ;
#343 = VECTOR ( 'NONE', #119, 1000.000000000000000 ) ;
#344 =( LENGTH_UNIT ( ) NAMED_UNIT ( * ) SI_UNIT ( .MILLI., .METRE. ) );
#345 = CARTESIAN_POINT ( 'NONE',  ( -1.269999999999999796, 0.5364888378497735255, 3.245000000000000551 ) ) ;
#346 = EDGE_LOOP ( 'NONE', ( #1562, #1332, #3329, #659 ) ) ;
#347 = LINE ( 'NONE', #3579, #1175 ) ;
#348 = ORIENTED_EDGE ( 'NONE', *, *, #200, .F. ) ;
#349 = CARTESIAN_POINT ( 'NONE',  ( -2.239999999999998881, 1.569999999999957652, 10.09999999999999964 ) ) ;
#350 = CARTESIAN_POINT ( 'NONE',  ( -2.239999999999998881, 1.569999999999957652, 10.09999999999999964 ) ) ;
#351 = DIRECTION ( 'NONE',  ( -0.000000000000000000, -1.000000000000000000, -1.084202172485506406E-15 ) ) ;
#352 = CLOSED_SHELL ( 'NONE', ( #2901, #2005, #953, #1353, #1173, #1313, #1630, #778, #1688, #3267, #2541, #57 ) ) ;
#353 = EDGE_CURVE ( 'NONE', #278, #940, #361, .T. ) ;
#354 = ORIENTED_EDGE ( 'NONE', *, *, #2988, .F. ) ;
#355 = LINE ( 'NONE', #3212, #3072 ) ;
#356 = EDGE_CURVE ( 'NONE', #558, #1754, #2701, .T. ) ;
#357 = ORIENTED_EDGE ( 'NONE', *, *, #422, .T. ) ;
#358 = FILL_AREA_STYLE_COLOUR ( '', #1478 ) ;
#359 = ADVANCED_FACE ( 'NONE', ( #3524 ), #2722, .F. ) ;
#360 = ORIENTED_EDGE ( 'NONE', *, *, #2946, .F. ) ;
#361 = LINE ( 'NONE', #3014, #2924 ) ;
#362 = EDGE_LOOP ( 'NONE', ( #1071, #1738, #428, #3155 ) ) ;
#363 = LINE ( 'NONE', #2090, #26 ) ;
#364 = VERTEX_POINT ( 'NONE', #2960 ) ;
#365 = DIRECTION ( 'NONE',  ( -1.000000000000000000, -0.000000000000000000, -0.000000000000000000 ) ) ;
#366 = DIRECTION ( 'NONE',  ( 1.000000000000000000, 0.000000000000000000, -0.000000000000000000 ) ) ;
#367 = VECTOR ( 'NONE', #79, 1000.000000000000000 ) ;
#368 = DIRECTION ( 'NONE',  ( 0.000000000000000000, -1.000000000000000000, 0.000000000000000000 ) ) ;
#369 = ORIENTED_EDGE ( 'NONE', *, *, #3078, .F. ) ;
#370 = DIRECTION ( 'NONE',  ( 0.000000000000000000, -1.000000000000000000, -1.084202172485506406E-15 ) ) ;
#371 = VECTOR ( 'NONE', #2896, 1000.000000000000000 ) ;
#372 = ORIENTED_EDGE ( 'NONE', *, *, #3743, .F. ) ;
#373 = VECTOR ( 'NONE', #132, 1000.000000000000000 ) ;
#374 = EDGE_CURVE ( 'NONE', #2511, #1879, #1223, .T. ) ;
#375 = LINE ( 'NONE', #2696, #3533 ) ;
#376 = VERTEX_POINT ( 'NONE', #1530 ) ;
#377 = EDGE_CURVE ( 'NONE', #1368, #3066, #419, .T. ) ;
#378 = CARTESIAN_POINT ( 'NONE',  ( -3.810000000000000053, 0.000000000000000000, 0.000000000000000000 ) ) ;
#379 = DIRECTION ( 'NONE',  ( 0.7071067811865436870, 0.000000000000000000, -0.7071067811865513475 ) ) ;
#380 = EDGE_LOOP ( 'NONE', ( #3116, #2604, #1349, #2602 ) ) ;
#381 = CARTESIAN_POINT ( 'NONE',  ( -1.269999999999999796, 4.543511162150186244, 3.245000000000000107 ) ) ;
#382 = DIRECTION ( 'NONE',  ( 0.000000000000000000, 0.9396926207859185309, 0.3420201433256412349 ) ) ;
#383 = VECTOR ( 'NONE', #1283, 1000.000000000000000 ) ;
#384 = DIRECTION ( 'NONE',  ( 0.000000000000000000, 1.000000000000000000, 0.000000000000000000 ) ) ;
#385 = ORIENTED_EDGE ( 'NONE', *, *, #2408, .F. ) ;
#386 = ORIENTED_EDGE ( 'NONE', *, *, #1827, .F. ) ;
#387 = DIRECTION ( 'NONE',  ( 0.000000000000000000, 1.000000000000000000, 0.000000000000000000 ) ) ;
#388 = APPLICATION_PROTOCOL_DEFINITION ( 'draft international standard', 'automotive_design', 1998, #665 ) ;
#389 = VECTOR ( 'NONE', #528, 1000.000000000000000 ) ;
#390 = VERTEX_POINT ( 'NONE', #322 ) ;
#391 = VECTOR ( 'NONE', #2583, 1000.000000000000000 ) ;
#392 = CARTESIAN_POINT ( 'NONE',  ( 0.2999999999999999889, 3.609999999999999876, -0.4999999999999997780 ) ) ;
#393 = EDGE_LOOP ( 'NONE', ( #664, #2473, #1183, #1799 ) ) ;
#394 = EDGE_CURVE ( 'NONE', #1465, #2927, #2994, .T. ) ;
#395 = CARTESIAN_POINT ( 'NONE',  ( 0.2999999999999999889, -2.849999999999997424, 1.069999999999999618 ) ) ;
#396 = CARTESIAN_POINT ( 'NONE',  ( -0.2999999999999999889, 4.009999999999999787, 3.245000000000000551 ) ) ;
#397 = VECTOR ( 'NONE', #3453, 1000.000000000000000 ) ;
#398 = ORIENTED_EDGE ( 'NONE', *, *, #2595, .T. ) ;
#399 = EDGE_CURVE ( 'NONE', #2765, #1207, #3241, .T. ) ;
#400 = CARTESIAN_POINT ( 'NONE',  ( -3.810000000000000053, 4.543511162150186244, 3.245000000000000107 ) ) ;
#401 = ADVANCED_FACE ( 'NONE', ( #2405 ), #3595, .T. ) ;
#402 = DIRECTION ( 'NONE',  ( 0.000000000000000000, -1.000000000000000000, 0.000000000000000000 ) ) ;
#403 = CARTESIAN_POINT ( 'NONE',  ( 2.239999999999997993, 4.110000000000012754, 10.09999999999999964 ) ) ;
#404 = ADVANCED_FACE ( 'NONE', ( #2649 ), #60, .F. ) ;
#405 = ORIENTED_EDGE ( 'NONE', *, *, #2150, .F. ) ;
#406 = CARTESIAN_POINT ( 'NONE',  ( -3.810000000000000053, 0.5364888378497735255, 3.245000000000000551 ) ) ;
#407 = DIRECTION ( 'NONE',  ( 0.000000000000000000, 0.000000000000000000, 1.000000000000000000 ) ) ;
#408 = ORIENTED_EDGE ( 'NONE', *, *, #2545, .T. ) ;
#409 = VERTEX_POINT ( 'NONE', #957 ) ;
#410 = DIRECTION ( 'NONE',  ( 0.000000000000000000, 5.870001876866950550E-15, 1.000000000000000000 ) ) ;
#411 = DIRECTION ( 'NONE',  ( 1.000000000000000000, 0.000000000000000000, 0.000000000000000000 ) ) ;
#412 = ORIENTED_EDGE ( 'NONE', *, *, #860, .F. ) ;
#413 = LINE ( 'NONE', #2178, #781 ) ;
#414 = PLANE ( 'NONE',  #1848 ) ;
#415 = ORIENTED_EDGE ( 'NONE', *, *, #2914, .F. ) ;
#416 = DIRECTION ( 'NONE',  ( 0.000000000000000000, -5.870001876866951339E-15, -1.000000000000000000 ) ) ;
#417 = LINE ( 'NONE', #1321, #938 ) ;
#418 = PLANE ( 'NONE',  #1841 ) ;
#419 = CIRCLE ( 'NONE', #2554, 0.9700000000000004174 ) ;
#420 = EDGE_LOOP ( 'NONE', ( #1705, #734, #2609, #1825 ) ) ;
#421 = LINE ( 'NONE', #1589, #2707 ) ;
#422 = EDGE_CURVE ( 'NONE', #839, #1029, #1496, .T. ) ;
#423 = ORIENTED_EDGE ( 'NONE', *, *, #443, .F. ) ;
#424 = VERTEX_POINT ( 'NONE', #3314 ) ;
#425 = DIRECTION ( 'NONE',  ( -1.000000000000000000, 0.000000000000000000, 0.000000000000000000 ) ) ;
#426 = PLANE ( 'NONE',  #1716 ) ;
#427 = VECTOR ( 'NONE', #1235, 1000.000000000000000 ) ;
#428 = ORIENTED_EDGE ( 'NONE', *, *, #4, .F. ) ;
#429 = AXIS2_PLACEMENT_3D ( 'NONE', #1767, #312, #31 ) ;
#430 = LINE ( 'NONE', #2194, #2802 ) ;
#431 = LINE ( 'NONE', #3332, #2402 ) ;
#432 = ORIENTED_EDGE ( 'NONE', *, *, #3098, .F. ) ;
#433 = DIRECTION ( 'NONE',  ( -0.000000000000000000, -1.000000000000000000, -0.000000000000000000 ) ) ;
#434 = DIRECTION ( 'NONE',  ( 0.000000000000000000, -1.000000000000000000, 1.082302103395239312E-16 ) ) ;
#435 = CARTESIAN_POINT ( 'NONE',  ( -0.2999999999999999889, -2.849999999999998312, -1.470000000000000639 ) ) ;
#436 = CARTESIAN_POINT ( 'NONE',  ( 2.639999999999999236, 1.169999999999960405, 10.77000000000000135 ) ) ;
#437 = DIRECTION ( 'NONE',  ( 0.000000000000000000, -1.084202172485506406E-15, 1.000000000000000000 ) ) ;
#438 = EDGE_CURVE ( 'NONE', #2327, #582, #670, .T. ) ;
#439 = AXIS2_PLACEMENT_3D ( 'NONE', #962, #368, #2141 ) ;
#440 = VERTEX_POINT ( 'NONE', #395 ) ;
#441 = VERTEX_POINT ( 'NONE', #98 ) ;
#442 = CARTESIAN_POINT ( 'NONE',  ( 3.810000000000000497, 5.079999999999999183, 11.36999999999999922 ) ) ;
#443 = EDGE_CURVE ( 'NONE', #224, #3362, #919, .T. ) ;
#444 = EDGE_CURVE ( 'NONE', #2563, #1669, #2088, .T. ) ;
#445 = AXIS2_PLACEMENT_3D ( 'NONE', #285, #1452, #3520 ) ;
#446 = DIRECTION ( 'NONE',  ( 0.000000000000000000, -1.188166764367676095E-16, 1.000000000000000000 ) ) ;
#447 = EDGE_LOOP ( 'NONE', ( #1034, #2308, #1923, #1706, #1726, #3366, #281, #637 ) ) ;
#448 = VECTOR ( 'NONE', #752, 1000.000000000000000 ) ;
#449 = EDGE_LOOP ( 'NONE', ( #2209, #3244, #3343, #133 ) ) ;
#450 = AXIS2_PLACEMENT_3D ( 'NONE', #52, #607, #1213 ) ;
#451 = LINE ( 'NONE', #1080, #963 ) ;
#452 = DIRECTION ( 'NONE',  ( 0.000000000000000000, 0.7071067811865436870, -0.7071067811865513475 ) ) ;
#453 = ORIENTED_EDGE ( 'NONE', *, *, #556, .F. ) ;
#454 = DIRECTION ( 'NONE',  ( 0.000000000000000000, 0.000000000000000000, -1.000000000000000000 ) ) ;
#455 = CARTESIAN_POINT ( 'NONE',  ( 0.1908089297201392420, -3.149999999999999911, -1.069999999999999618 ) ) ;
#456 = SURFACE_STYLE_USAGE ( .BOTH. , #1357 ) ;
#457 = LINE ( 'NONE', #1341, #2400 ) ;
#458 = VECTOR ( 'NONE', #3246, 1000.000000000000114 ) ;
#459 = ORIENTED_EDGE ( 'NONE', *, *, #1845, .T. ) ;
#460 = LINE ( 'NONE', #2283, #625 ) ;
#461 = DIRECTION ( 'NONE',  ( 1.000000000000000000, 0.000000000000000000, 0.000000000000000000 ) ) ;
#462 = CARTESIAN_POINT ( 'NONE',  ( -0.2999999999999999889, 3.040000000000000036, -0.4999999999999997780 ) ) ;
#463 = EDGE_CURVE ( 'NONE', #741, #519, #1204, .T. ) ;
#464 = VERTEX_POINT ( 'NONE', #904 ) ;
#465 = ORIENTED_EDGE ( 'NONE', *, *, #3545, .F. ) ;
#466 = FACE_OUTER_BOUND ( 'NONE', #3477, .T. ) ;
#467 = LINE ( 'NONE', #1012, #1103 ) ;
#468 = ORIENTED_EDGE ( 'NONE', *, *, #1993, .T. ) ;
#469 = DIRECTION ( 'NONE',  ( -0.5773502691896278405, -0.5773502691896278405, 0.5773502691896216232 ) ) ;
#470 = EDGE_CURVE ( 'NONE', #2730, #2351, #2106, .T. ) ;
#471 = LINE ( 'NONE', #2534, #2103 ) ;
#472 = VERTEX_POINT ( 'NONE', #3577 ) ;
#473 = LINE ( 'NONE', #3126, #2105 ) ;
#474 = CARTESIAN_POINT ( 'NONE',  ( -1.269999999999999796, 4.543511162150186244, 3.245000000000000107 ) ) ;
#475 = LINE ( 'NONE', #2282, #2101 ) ;
#476 = DIRECTION ( 'NONE',  ( 0.000000000000000000, -1.000000000000000000, -1.084202172485506603E-15 ) ) ;
#477 = DIRECTION ( 'NONE',  ( 0.000000000000000000, 0.000000000000000000, -1.000000000000000000 ) ) ;
#478 = LINE ( 'NONE', #3134, #3194 ) ;
#479 = ORIENTED_EDGE ( 'NONE', *, *, #1307, .T. ) ;
#480 = VERTEX_POINT ( 'NONE', #1796 ) ;
#481 = LINE ( 'NONE', #2268, #1127 ) ;
#482 = CARTESIAN_POINT ( 'NONE',  ( 4.060000000000000497, 4.543511162150186244, 3.245000000000000107 ) ) ;
#483 = VECTOR ( 'NONE', #1239, 1000.000000000000000 ) ;
#484 = EDGE_LOOP ( 'NONE', ( #1934, #2939, #2313, #2679, #2390, #2007, #3011, #2532 ) ) ;
#485 = ORIENTED_EDGE ( 'NONE', *, *, #2280, .F. ) ;
#486 = EDGE_CURVE ( 'NONE', #2266, #122, #3277, .T. ) ;
#487 = CARTESIAN_POINT ( 'NONE',  ( -1.269999999999999796, 0.5364888378497735255, 3.245000000000000551 ) ) ;
#488 = DIRECTION ( 'NONE',  ( -0.000000000000000000, 1.000000000000000000, 1.188166764367676095E-16 ) ) ;
#489 = ORIENTED_EDGE ( 'NONE', *, *, #470, .T. ) ;
#490 = LINE ( 'NONE', #2536, #3679 ) ;
#491 = DIRECTION ( 'NONE',  ( 0.000000000000000000, -0.7071067811865436870, -0.7071067811865513475 ) ) ;
#492 = EDGE_CURVE ( 'NONE', #1331, #1592, #430, .T. ) ;
#493 = DIRECTION ( 'NONE',  ( -0.000000000000000000, 1.000000000000000000, 0.000000000000000000 ) ) ;
#494 = CARTESIAN_POINT ( 'NONE',  ( 1.270000000000000240, 0.3999999999999501732, 2.870000000000000107 ) ) ;
#495 = DIRECTION ( 'NONE',  ( 0.000000000000000000, 0.000000000000000000, 1.000000000000000000 ) ) ;
#496 = ORIENTED_EDGE ( 'NONE', *, *, #438, .T. ) ;
#497 = ORIENTED_EDGE ( 'NONE', *, *, #784, .T. ) ;
#498 = CARTESIAN_POINT ( 'NONE',  ( -4.060000000000000497, 0.5364888378497735255, 3.245000000000000551 ) ) ;
#499 = DIRECTION ( 'NONE',  ( 0.000000000000000000, 1.000000000000000000, 0.000000000000000000 ) ) ;
#500 = AXIS2_PLACEMENT_3D ( 'NONE', #116, #1582, #1851 ) ;
#501 = VERTEX_POINT ( 'NONE', #2533 ) ;
#502 = ORIENTED_EDGE ( 'NONE', *, *, #1594, .F. ) ;
#503 = COLOUR_RGB ( '',0.2509803921568627416, 0.2509803921568627416, 0.2509803921568627416 ) ;
#504 = SURFACE_STYLE_FILL_AREA ( #1713 ) ;
#505 = CARTESIAN_POINT ( 'NONE',  ( -1.269999999999999796, 0.3999999999999501732, 2.870000000000000107 ) ) ;
#506 = VECTOR ( 'NONE', #433, 1000.000000000000000 ) ;
#507 = ADVANCED_FACE ( 'NONE', ( #3063 ), #1617, .F. ) ;
#508 = VERTEX_POINT ( 'NONE', #2496 ) ;
#509 = CARTESIAN_POINT ( 'NONE',  ( 2.840000000000001190, 1.569999999999957652, 10.09999999999999964 ) ) ;
#510 = DIRECTION ( 'NONE',  ( -0.5773502691896278405, -0.5773502691896278405, 0.5773502691896216232 ) ) ;
#511 = VECTOR ( 'NONE', #3776, 1000.000000000000000 ) ;
#512 = CARTESIAN_POINT ( 'NONE',  ( -0.2999999999999999889, 4.010000000000000675, -0.4999999999999996669 ) ) ;
#513 = EDGE_CURVE ( 'NONE', #122, #3238, #451, .T. ) ;
#514 = EDGE_CURVE ( 'NONE', #2730, #3120, #3638, .T. ) ;
#515 = DIRECTION ( 'NONE',  ( 0.5773502691896278405, 0.5773502691896278405, -0.5773502691896216232 ) ) ;
#516 = DIRECTION ( 'NONE',  ( 0.000000000000000000, -0.7071067811865436870, -0.7071067811865513475 ) ) ;
#517 =( GEOMETRIC_REPRESENTATION_CONTEXT ( 3 ) GLOBAL_UNCERTAINTY_ASSIGNED_CONTEXT ( ( #1730 ) ) GLOBAL_UNIT_ASSIGNED_CONTEXT ( ( #816, #3750, #3188 ) ) REPRESENTATION_CONTEXT ( 'NONE', 'WORKASPACE' ) );
#518 = EDGE_CURVE ( 'NONE', #1255, #1413, #1580, .T. ) ;
#519 = VERTEX_POINT ( 'NONE', #210 ) ;
#520 = ORIENTED_EDGE ( 'NONE', *, *, #2619, .F. ) ;
#521 = CARTESIAN_POINT ( 'NONE',  ( -1.269999999999999796, 0.000000000000000000, 11.36999999999999922 ) ) ;
#522 = PLANE ( 'NONE',  #2626 ) ;
#523 = EDGE_LOOP ( 'NONE', ( #1869, #554, #1596, #3276 ) ) ;
#524 = CARTESIAN_POINT ( 'NONE',  ( 0.1908089297201394641, -3.149999999999999911, 1.470000000000000639 ) ) ;
#525 = VECTOR ( 'NONE', #2766, 1000.000000000000000 ) ;
#526 = LINE ( 'NONE', #2607, #1492 ) ;
#527 = ORIENTED_EDGE ( 'NONE', *, *, #2346, .T. ) ;
#528 = DIRECTION ( 'NONE',  ( 1.000000000000000000, 0.000000000000000000, 0.000000000000000000 ) ) ;
#529 = DIRECTION ( 'NONE',  ( 0.000000000000000000, -1.000000000000000000, 0.000000000000000000 ) ) ;
#530 = LINE ( 'NONE', #585, #3714 ) ;
#531 = DIRECTION ( 'NONE',  ( 0.000000000000000000, -1.000000000000000000, 0.000000000000000000 ) ) ;
#532 = FACE_OUTER_BOUND ( 'NONE', #2231, .T. ) ;
#533 = CARTESIAN_POINT ( 'NONE',  ( 0.2999999999999999889, 0.5000000000000000000, 2.040000000000000036 ) ) ;
#534 = DIRECTION ( 'NONE',  ( 0.000000000000000000, -0.000000000000000000, -1.000000000000000000 ) ) ;
#535 = EDGE_LOOP ( 'NONE', ( #164, #2882, #62, #1583 ) ) ;
#536 = ORIENTED_EDGE ( 'NONE', *, *, #1286, .T. ) ;
#537 = DIRECTION ( 'NONE',  ( -0.000000000000000000, -1.000000000000000000, -0.000000000000000000 ) ) ;
#538 = ADVANCED_FACE ( 'NONE', ( #2797 ), #1036, .F. ) ;
#539 = ORIENTED_EDGE ( 'NONE', *, *, #1483, .T. ) ;
#540 = VECTOR ( 'NONE', #2136, 1000.000000000000000 ) ;
#541 = FILL_AREA_STYLE_COLOUR ( '', #190 ) ;
#542 = CARTESIAN_POINT ( 'NONE',  ( 3.810000000000000497, -4.989501595336908954E-14, 2.870000000000000107 ) ) ;
#543 = ORIENTED_EDGE ( 'NONE', *, *, #3153, .F. ) ;
#544 = CARTESIAN_POINT ( 'NONE',  ( -2.840000000000002078, 3.510000000000013110, 10.09999999999999964 ) ) ;
#545 = CARTESIAN_POINT ( 'NONE',  ( -1.839999999999996971, 5.079999999999999183, 11.36999999999999922 ) ) ;
#546 = FACE_OUTER_BOUND ( 'NONE', #184, .T. ) ;
#547 = MECHANICAL_DESIGN_GEOMETRIC_PRESENTATION_REPRESENTATION (  '', ( #2025 ), #3594 ) ;
#548 = DIRECTION ( 'NONE',  ( 0.000000000000000000, -0.000000000000000000, -1.000000000000000000 ) ) ;
#549 = CARTESIAN_POINT ( 'NONE',  ( 4.060000000000000497, 4.543511162150186244, 3.245000000000000107 ) ) ;
#550 = SURFACE_STYLE_FILL_AREA ( #3708 ) ;
#551 = VECTOR ( 'NONE', #2446, 1000.000000000000000 ) ;
#552 = ORIENTED_EDGE ( 'NONE', *, *, #556, .T. ) ;
#553 = EDGE_CURVE ( 'NONE', #3675, #1331, #3331, .T. ) ;
#554 = ORIENTED_EDGE ( 'NONE', *, *, #2155, .T. ) ;
#555 = CARTESIAN_POINT ( 'NONE',  ( -4.060000000000000497, 4.543511162150186244, 3.245000000000000107 ) ) ;
#556 = EDGE_CURVE ( 'NONE', #1770, #2267, #2778, .T. ) ;
#557 = EDGE_CURVE ( 'NONE', #2351, #684, #173, .T. ) ;
#558 = VERTEX_POINT ( 'NONE', #3045 ) ;
#559 = PRODUCT_DEFINITION_SHAPE ( 'NONE', 'NONE',  #3780 ) ;
#560 = VECTOR ( 'NONE', #384, 1000.000000000000000 ) ;
#561 = LINE ( 'NONE', #3761, #1534 ) ;
#562 = PLANE ( 'NONE',  #445 ) ;
#563 = STYLED_ITEM ( 'NONE', ( #1955 ), #1957 ) ;
#564 = ORIENTED_EDGE ( 'NONE', *, *, #1270, .F. ) ;
#565 = LINE ( 'NONE', #44, #1987 ) ;
#566 = VECTOR ( 'NONE', #27, 1000.000000000000000 ) ;
#567 = DIRECTION ( 'NONE',  ( 0.000000000000000000, -0.000000000000000000, -1.000000000000000000 ) ) ;
#568 = DIRECTION ( 'NONE',  ( -0.000000000000000000, -0.000000000000000000, 1.000000000000000000 ) ) ;
#569 = DIRECTION ( 'NONE',  ( -0.7071067811865436870, -0.000000000000000000, -0.7071067811865513475 ) ) ;
#570 = VECTOR ( 'NONE', #1410, 1000.000000000000000 ) ;
#571 = CARTESIAN_POINT ( 'NONE',  ( 2.840000000000001190, 3.510000000000013110, 10.97000000000000242 ) ) ;
#572 = DIRECTION ( 'NONE',  ( -0.000000000000000000, -0.3420201433256628842, -0.9396926207859104263 ) ) ;
#573 = ORIENTED_EDGE ( 'NONE', *, *, #1339, .F. ) ;
#574 = DIRECTION ( 'NONE',  ( 0.000000000000000000, 0.000000000000000000, -1.000000000000000000 ) ) ;
#575 = ADVANCED_FACE ( 'NONE', ( #1334 ), #3657, .F. ) ;
#576 = MECHANICAL_DESIGN_GEOMETRIC_PRESENTATION_REPRESENTATION (  '', ( #1746 ), #517 ) ;
#577 = ORIENTED_EDGE ( 'NONE', *, *, #3764, .T. ) ;
#578 = AXIS2_PLACEMENT_3D ( 'NONE', #139, #3642, #1856 ) ;
#579 = EDGE_CURVE ( 'NONE', #2186, #3404, #413, .T. ) ;
#580 = LINE ( 'NONE', #1468, #3656 ) ;
#581 = CARTESIAN_POINT ( 'NONE',  ( 2.840000000000001190, 1.569999999999957652, 10.97000000000000242 ) ) ;
#582 = VERTEX_POINT ( 'NONE', #1351 ) ;
#583 = PLANE ( 'NONE',  #2833 ) ;
#584 = ADVANCED_FACE ( 'NONE', ( #3393 ), #3408, .F. ) ;
#585 = CARTESIAN_POINT ( 'NONE',  ( -0.3000000000000020983, 3.510000000000013110, 10.97000000000000242 ) ) ;
#586 = ORIENTED_EDGE ( 'NONE', *, *, #1640, .T. ) ;
#587 = DIRECTION ( 'NONE',  ( 0.000000000000000000, 1.000000000000000000, 0.000000000000000000 ) ) ;
#588 = PLANE ( 'NONE',  #3374 ) ;
#589 = DIRECTION ( 'NONE',  ( -0.3420201433256671031, -0.9396926207859089830, -1.116511540739375110E-16 ) ) ;
#590 = DIRECTION ( 'NONE',  ( 0.000000000000000000, 0.7071067811865436870, -0.7071067811865513475 ) ) ;
#591 = PLANE ( 'NONE',  #429 ) ;
#592 = ORIENTED_EDGE ( 'NONE', *, *, #2425, .T. ) ;
#593 = CARTESIAN_POINT ( 'NONE',  ( -0.1908089297201392420, -3.149999999999999911, -1.470000000000000639 ) ) ;
#594 = VERTEX_POINT ( 'NONE', #1932 ) ;
#595 = LINE ( 'NONE', #610, #3416 ) ;
#596 = PLANE ( 'NONE',  #30 ) ;
#597 = ORIENTED_EDGE ( 'NONE', *, *, #3501, .T. ) ;
#598 = EDGE_CURVE ( 'NONE', #3144, #736, #785, .T. ) ;
#599 = DIRECTION ( 'NONE',  ( -1.000000000000000000, 0.000000000000000000, 0.000000000000000000 ) ) ;
#600 = CARTESIAN_POINT ( 'NONE',  ( 1.270000000000000240, 4.543511162150186244, 3.245000000000000107 ) ) ;
#601 = CARTESIAN_POINT ( 'NONE',  ( 0.2999999999999999889, 0.5000000000000000000, 2.040000000000000036 ) ) ;
#602 = EDGE_CURVE ( 'NONE', #2438, #3002, #2459, .T. ) ;
#603 = CARTESIAN_POINT ( 'NONE',  ( 2.239999999999997993, 3.510000000000013110, 10.09999999999999964 ) ) ;
#604 = PLANE ( 'NONE',  #632 ) ;
#605 = FACE_OUTER_BOUND ( 'NONE', #1909, .T. ) ;
#606 = VERTEX_POINT ( 'NONE', #1058 ) ;
#607 = DIRECTION ( 'NONE',  ( 1.000000000000000000, -0.000000000000000000, 0.000000000000000000 ) ) ;
#608 = VECTOR ( 'NONE', #799, 1000.000000000000000 ) ;
#609 = ORIENTED_EDGE ( 'NONE', *, *, #2071, .F. ) ;
#610 = CARTESIAN_POINT ( 'NONE',  ( -4.060000000000000497, -4.989501595336908954E-14, 2.870000000000000107 ) ) ;
#611 = CARTESIAN_POINT ( 'NONE',  ( 3.810000000000000053, -4.989501595336908954E-14, 2.870000000000000107 ) ) ;
#612 = ORIENTED_EDGE ( 'NONE', *, *, #3381, .T. ) ;
#613 = DIRECTION ( 'NONE',  ( 0.000000000000000000, -1.000000000000000000, 1.082302103395239435E-16 ) ) ;
#614 = DIRECTION ( 'NONE',  ( 0.3420201433256657153, 0.9396926207859095381, -1.116511540739375850E-16 ) ) ;
#615 = CARTESIAN_POINT ( 'NONE',  ( -1.269999999999999796, 0.5364888378497735255, 3.245000000000000551 ) ) ;
#616 = EDGE_CURVE ( 'NONE', #3589, #3660, #155, .T. ) ;
#617 = CARTESIAN_POINT ( 'NONE',  ( -3.240000000000004210, 5.079999999999999183, 11.36999999999999922 ) ) ;
#618 = VECTOR ( 'NONE', #1318, 1000.000000000000000 ) ;
#619 = ORIENTED_EDGE ( 'NONE', *, *, #3130, .F. ) ;
#620 = DIRECTION ( 'NONE',  ( -0.000000000000000000, -0.000000000000000000, 1.000000000000000000 ) ) ;
#621 = DIRECTION ( 'NONE',  ( -1.000000000000000000, -0.000000000000000000, -0.000000000000000000 ) ) ;
#622 = VECTOR ( 'NONE', #250, 1000.000000000000000 ) ;
#623 = ADVANCED_FACE ( 'NONE', ( #765 ), #1949, .F. ) ;
#624 = CARTESIAN_POINT ( 'NONE',  ( 2.239999999999997993, 1.569999999999957652, 10.09999999999999964 ) ) ;
#625 = VECTOR ( 'NONE', #3436, 1000.000000000000000 ) ;
#626 = ORIENTED_EDGE ( 'NONE', *, *, #353, .T. ) ;
#627 = DIRECTION ( 'NONE',  ( -0.000000000000000000, 1.000000000000000000, 0.000000000000000000 ) ) ;
#628 = AXIS2_PLACEMENT_3D ( 'NONE', #721, #2190, #1593 ) ;
#629 = EDGE_CURVE ( 'NONE', #1226, #1839, #3426, .T. ) ;
#630 = ORIENTED_EDGE ( 'NONE', *, *, #2594, .T. ) ;
#631 = PRESENTATION_LAYER_ASSIGNMENT (  '', '', ( #817 ) ) ;
#632 = AXIS2_PLACEMENT_3D ( 'NONE', #1188, #1782, #8 ) ;
#633 = DIRECTION ( 'NONE',  ( 0.000000000000000000, -0.3420201433256412349, 0.9396926207859185309 ) ) ;
#634 = ORIENTED_EDGE ( 'NONE', *, *, #514, .T. ) ;
#635 = SURFACE_STYLE_USAGE ( .BOTH. , #3259 ) ;
#636 = CARTESIAN_POINT ( 'NONE',  ( 2.239999999999997993, 1.569999999999957652, 10.09999999999999964 ) ) ;
#637 = ORIENTED_EDGE ( 'NONE', *, *, #377, .F. ) ;
#638 = DIRECTION ( 'NONE',  ( -1.000000000000000000, -0.000000000000000000, -0.000000000000000000 ) ) ;
#639 = VERTEX_POINT ( 'NONE', #3448 ) ;
#640 = DIRECTION ( 'NONE',  ( 0.000000000000000000, -0.7071067811865436870, -0.7071067811865513475 ) ) ;
#641 = DIRECTION ( 'NONE',  ( -1.000000000000000000, -0.000000000000000000, -0.000000000000000000 ) ) ;
#642 = LINE ( 'NONE', #403, #980 ) ;
#643 = ORIENTED_EDGE ( 'NONE', *, *, #1993, .F. ) ;
#644 = DIRECTION ( 'NONE',  ( 0.000000000000000000, -0.000000000000000000, 1.000000000000000000 ) ) ;
#645 = ADVANCED_FACE ( 'NONE', ( #1119 ), #2568, .F. ) ;
#646 = AXIS2_PLACEMENT_3D ( 'NONE', #220, #3133, #3459 ) ;
#647 = ORIENTED_EDGE ( 'NONE', *, *, #1950, .T. ) ;
#648 = EDGE_CURVE ( 'NONE', #3120, #684, #3737, .T. ) ;
#649 = LINE ( 'NONE', #3575, #1776 ) ;
#650 = VERTEX_POINT ( 'NONE', #844 ) ;
#651 = CARTESIAN_POINT ( 'NONE',  ( -0.3000000000000020983, 1.569999999999957652, 10.09999999999999964 ) ) ;
#652 = VERTEX_POINT ( 'NONE', #3178 ) ;
#653 = DIRECTION ( 'NONE',  ( 0.000000000000000000, -1.000000000000000000, 0.000000000000000000 ) ) ;
#654 = VERTEX_POINT ( 'NONE', #1970 ) ;
#655 = DIRECTION ( 'NONE',  ( -1.000000000000000000, 0.000000000000000000, -0.000000000000000000 ) ) ;
#656 = DIRECTION ( 'NONE',  ( 0.5773502691896278405, 0.5773502691896278405, 0.5773502691896216232 ) ) ;
#657 = DIRECTION ( 'NONE',  ( 1.000000000000000000, 0.000000000000000000, 0.000000000000000000 ) ) ;
#658 = AXIS2_PLACEMENT_3D ( 'NONE', #2849, #239, #1405 ) ;
#659 = ORIENTED_EDGE ( 'NONE', *, *, #3450, .T. ) ;
#660 = CARTESIAN_POINT ( 'NONE',  ( 0.1908089297201394641, -3.149999999999999911, 1.069999999999999618 ) ) ;
#661 = PRODUCT_CONTEXT ( 'NONE', #3551, 'mechanical' ) ;
#662 = MECHANICAL_DESIGN_GEOMETRIC_PRESENTATION_REPRESENTATION (  '', ( #3292 ), #2443 ) ;
#663 = EDGE_CURVE ( 'NONE', #2074, #2213, #561, .T. ) ;
#664 = ORIENTED_EDGE ( 'NONE', *, *, #1876, .T. ) ;
#665 = APPLICATION_CONTEXT ( 'automotive_design' ) ;
#666 = CARTESIAN_POINT ( 'NONE',  ( -0.2999999999999999889, 3.609999999999999876, 3.245000000000000551 ) ) ;
#667 = EDGE_CURVE ( 'NONE', #2666, #2205, #580, .T. ) ;
#668 = EDGE_CURVE ( 'NONE', #843, #594, #1176, .T. ) ;
#669 = ORIENTED_EDGE ( 'NONE', *, *, #832, .T. ) ;
#670 = LINE ( 'NONE', #3559, #305 ) ;
#671 = EDGE_CURVE ( 'NONE', #519, #3710, #2911, .T. ) ;
#672 = CARTESIAN_POINT ( 'NONE',  ( -3.810000000000000053, 4.679999999999999716, 2.869999999999999662 ) ) ;
#673 = ORIENTED_EDGE ( 'NONE', *, *, #2495, .T. ) ;
#674 = FACE_OUTER_BOUND ( 'NONE', #1915, .T. ) ;
#675 = PLANE ( 'NONE',  #578 ) ;
#676 = AXIS2_PLACEMENT_3D ( 'NONE', #3337, #140, #1301 ) ;
#677 = CARTESIAN_POINT ( 'NONE',  ( -3.810000000000000053, 0.3999999999999501732, 2.870000000000000107 ) ) ;
#678 = VECTOR ( 'NONE', #3639, 1000.000000000000000 ) ;
#679 = ORIENTED_EDGE ( 'NONE', *, *, #3537, .F. ) ;
#680 = DIRECTION ( 'NONE',  ( 0.000000000000000000, 1.000000000000000000, 0.000000000000000000 ) ) ;
#681 = DIRECTION ( 'NONE',  ( 1.000000000000000000, 0.000000000000000000, 0.000000000000000000 ) ) ;
#682 = VECTOR ( 'NONE', #1953, 1000.000000000000000 ) ;
#683 = ORIENTED_EDGE ( 'NONE', *, *, #1074, .T. ) ;
#684 = VERTEX_POINT ( 'NONE', #2623 ) ;
#685 = PLANE ( 'NONE',  #3192 ) ;
#686 = VECTOR ( 'NONE', #2362, 1000.000000000000000 ) ;
#687 = CARTESIAN_POINT ( 'NONE',  ( -2.239999999999998881, 3.510000000000013110, 10.97000000000000242 ) ) ;
#688 = ORIENTED_EDGE ( 'NONE', *, *, #3055, .F. ) ;
#689 = VECTOR ( 'NONE', #1481, 1000.000000000000000 ) ;
#690 = DIRECTION ( 'NONE',  ( 1.000000000000000000, 0.000000000000000000, 0.000000000000000000 ) ) ;
#691 = FACE_OUTER_BOUND ( 'NONE', #2888, .T. ) ;
#692 = PRODUCT_DEFINITION_FORMATION_WITH_SPECIFIED_SOURCE ( 'ANY', '', #3487, .NOT_KNOWN. ) ;
#693 = MANIFOLD_SOLID_BREP ( 'Chamfer1', #352 ) ;
#694 = ORIENTED_EDGE ( 'NONE', *, *, #2706, .T. ) ;
#695 = CARTESIAN_POINT ( 'NONE',  ( -0.3000000000000020983, 1.569999999999957652, 10.09999999999999964 ) ) ;
#696 = DIRECTION ( 'NONE',  ( -0.000000000000000000, -0.000000000000000000, 1.000000000000000000 ) ) ;
#697 = EDGE_CURVE ( 'NONE', #703, #2386, #231, .T. ) ;
#698 = CARTESIAN_POINT ( 'NONE',  ( 0.2999999999999999889, -3.149999999999999911, -1.470000000000000639 ) ) ;
#699 = CARTESIAN_POINT ( 'NONE',  ( 1.270000000000000240, 5.079999999999999183, 2.870000000000000107 ) ) ;
#700 = DIRECTION ( 'NONE',  ( -0.000000000000000000, -0.000000000000000000, 1.000000000000000000 ) ) ;
#701 = APPLICATION_PROTOCOL_DEFINITION ( 'draft international standard', 'automotive_design', 1998, #2193 ) ;
#702 = ORIENTED_EDGE ( 'NONE', *, *, #9, .F. ) ;
#703 = VERTEX_POINT ( 'NONE', #3142 ) ;
#704 = FACE_OUTER_BOUND ( 'NONE', #1171, .T. ) ;
#705 = DIRECTION ( 'NONE',  ( 0.000000000000000000, 0.7071067811865436870, -0.7071067811865513475 ) ) ;
#706 = EDGE_LOOP ( 'NONE', ( #1508, #3385, #2913, #3021 ) ) ;
#707 = DIRECTION ( 'NONE',  ( -0.000000000000000000, 1.000000000000000000, 1.188166764367676095E-16 ) ) ;
#708 = DIRECTION ( 'NONE',  ( 0.000000000000000000, -1.188166764367676095E-16, -1.000000000000000000 ) ) ;
#709 = ADVANCED_FACE ( 'NONE', ( #2311 ), #3465, .F. ) ;
#710 = VERTEX_POINT ( 'NONE', #524 ) ;
#711 = CARTESIAN_POINT ( 'NONE',  ( -1.839999999999996971, 0.5699999999999559863, 11.36999999999999922 ) ) ;
#712 = DIRECTION ( 'NONE',  ( 0.000000000000000000, -1.084202172485506603E-15, 1.000000000000000000 ) ) ;
#713 = CARTESIAN_POINT ( 'NONE',  ( -1.269999999999999796, 0.3999999999999501732, 2.870000000000000107 ) ) ;
#714 = EDGE_CURVE ( 'NONE', #376, #3732, #2046, .T. ) ;
#715 = ADVANCED_FACE ( 'NONE', ( #1694 ), #249, .T. ) ;
#716 = ORIENTED_EDGE ( 'NONE', *, *, #126, .F. ) ;
#717 = ORIENTED_EDGE ( 'NONE', *, *, #1048, .F. ) ;
#718 = CARTESIAN_POINT ( 'NONE',  ( -2.840000000000002078, 4.110000000000012754, 10.97000000000000242 ) ) ;
#719 = EDGE_LOOP ( 'NONE', ( #1240, #2406, #3136, #3258 ) ) ;
#720 = VERTEX_POINT ( 'NONE', #2119 ) ;
#721 = CARTESIAN_POINT ( 'NONE',  ( -0.3000000000000020983, 1.569999999999957652, 10.97000000000000242 ) ) ;
#722 = VECTOR ( 'NONE', #1375, 1000.000000000000114 ) ;
#723 = LINE ( 'NONE', #2175, #2388 ) ;
#724 = VECTOR ( 'NONE', #2010, 1000.000000000000000 ) ;
#725 = VERTEX_POINT ( 'NONE', #392 ) ;
#726 = DIRECTION ( 'NONE',  ( 0.000000000000000000, -1.000000000000000000, 0.000000000000000000 ) ) ;
#727 = FACE_OUTER_BOUND ( 'NONE', #24, .T. ) ;
#728 = ORIENTED_EDGE ( 'NONE', *, *, #2944, .F. ) ;
#729 = CARTESIAN_POINT ( 'NONE',  ( 2.640000000000000124, 3.910000000000011688, 10.77000000000000313 ) ) ;
#730 = FACE_OUTER_BOUND ( 'NONE', #1761, .T. ) ;
#731 = EDGE_CURVE ( 'NONE', #2453, #364, #936, .T. ) ;
#732 = SURFACE_STYLE_USAGE ( .BOTH. , #2259 ) ;
#733 = CARTESIAN_POINT ( 'NONE',  ( -4.060000000000000497, 0.3999999999999501732, 2.870000000000000107 ) ) ;
#734 = ORIENTED_EDGE ( 'NONE', *, *, #3736, .T. ) ;
#735 = DIRECTION ( 'NONE',  ( -0.5773502691896278405, -0.5773502691896278405, -0.5773502691896216232 ) ) ;
#736 = VERTEX_POINT ( 'NONE', #113 ) ;
#737 = CARTESIAN_POINT ( 'NONE',  ( 3.810000000000000497, 4.679999999999999716, 2.869999999999999662 ) ) ;
#738 = AXIS2_PLACEMENT_3D ( 'NONE', #891, #2075, #3224 ) ;
#739 = VECTOR ( 'NONE', #2366, 1000.000000000000000 ) ;
#740 = ORIENTED_EDGE ( 'NONE', *, *, #3083, .T. ) ;
#741 = VERTEX_POINT ( 'NONE', #56 ) ;
#742 = DIRECTION ( 'NONE',  ( -1.000000000000000000, -0.000000000000000000, -0.000000000000000000 ) ) ;
#743 = ADVANCED_FACE ( 'NONE', ( #3535 ), #2954, .F. ) ;
#744 = VECTOR ( 'NONE', #865, 1000.000000000000000 ) ;
#745 = CARTESIAN_POINT ( 'NONE',  ( -0.7000000000000039524, 3.110000000000010978, 11.36999999999999922 ) ) ;
#746 = AXIS2_PLACEMENT_3D ( 'NONE', #1378, #3722, #234 ) ;
#747 = ORIENTED_EDGE ( 'NONE', *, *, #1359, .F. ) ;
#748 = VECTOR ( 'NONE', #2657, 1000.000000000000000 ) ;
#749 = DIRECTION ( 'NONE',  ( 1.000000000000000000, -0.000000000000000000, 0.000000000000000000 ) ) ;
#750 = DIRECTION ( 'NONE',  ( 0.000000000000000000, -0.000000000000000000, 1.000000000000000000 ) ) ;
#751 = EDGE_LOOP ( 'NONE', ( #147, #3079, #1690, #2952 ) ) ;
#752 = DIRECTION ( 'NONE',  ( -0.5773502691896278405, 0.5773502691896278405, -0.5773502691896216232 ) ) ;
#753 = CARTESIAN_POINT ( 'NONE',  ( -2.840000000000002078, 3.510000000000013110, 10.97000000000000242 ) ) ;
#754 = PLANE ( 'NONE',  #1300 ) ;
#755 = CARTESIAN_POINT ( 'NONE',  ( -2.840000000000002078, 1.569999999999957652, 10.09999999999999964 ) ) ;
#756 = EDGE_LOOP ( 'NONE', ( #3403, #1258, #965, #2172 ) ) ;
#757 = DIRECTION ( 'NONE',  ( 0.000000000000000000, -1.000000000000000000, 1.082302103395239435E-16 ) ) ;
#758 = ORIENTED_EDGE ( 'NONE', *, *, #2155, .F. ) ;
#759 = EDGE_CURVE ( 'NONE', #3732, #1860, #2401, .T. ) ;
#760 = ORIENTED_EDGE ( 'NONE', *, *, #2436, .F. ) ;
#761 = LINE ( 'NONE', #1052, #276 ) ;
#762 = CARTESIAN_POINT ( 'NONE',  ( 2.239999999999997993, 3.510000000000013110, 10.09999999999999964 ) ) ;
#763 = EDGE_CURVE ( 'NONE', #1077, #3077, #2720, .T. ) ;
#764 = EDGE_LOOP ( 'NONE', ( #3670, #277, #2998, #423 ) ) ;
#765 = FACE_OUTER_BOUND ( 'NONE', #764, .T. ) ;
#766 = LINE ( 'NONE', #3105, #325 ) ;
#767 = ORIENTED_EDGE ( 'NONE', *, *, #3334, .F. ) ;
#768 = CARTESIAN_POINT ( 'NONE',  ( 1.270000000000000240, 4.679999999999999716, 2.869999999999999662 ) ) ;
#769 = CARTESIAN_POINT ( 'NONE',  ( -2.840000000000002078, 0.9699999999999578959, 10.09999999999999964 ) ) ;
#770 = FACE_OUTER_BOUND ( 'NONE', #2370, .T. ) ;
#771 = DIRECTION ( 'NONE',  ( 0.000000000000000000, -1.084202172485506603E-15, 1.000000000000000000 ) ) ;
#772 = ORIENTED_EDGE ( 'NONE', *, *, #813, .T. ) ;
#773 = DIRECTION ( 'NONE',  ( -1.000000000000000000, -0.000000000000000000, 0.000000000000000000 ) ) ;
#774 = VECTOR ( 'NONE', #2281, 999.9999999999998863 ) ;
#775 = ORIENTED_EDGE ( 'NONE', *, *, #759, .T. ) ;
#776 = ORIENTED_EDGE ( 'NONE', *, *, #731, .T. ) ;
#777 = DIRECTION ( 'NONE',  ( 0.000000000000000000, 1.000000000000000000, 0.000000000000000000 ) ) ;
#778 = ADVANCED_FACE ( 'NONE', ( #1274 ), #2082, .T. ) ;
#779 = LINE ( 'NONE', #2060, #2871 ) ;
#780 = MANIFOLD_SOLID_BREP ( 'Chamfer2', #1692 ) ;
#781 = VECTOR ( 'NONE', #3696, 1000.000000000000000 ) ;
#782 = ORIENTED_EDGE ( 'NONE', *, *, #1366, .T. ) ;
#783 = EDGE_CURVE ( 'NONE', #2277, #650, #595, .T. ) ;
#784 = EDGE_CURVE ( 'NONE', #3534, #1077, #649, .T. ) ;
#785 = LINE ( 'NONE', #1295, #3724 ) ;
#786 = CARTESIAN_POINT ( 'NONE',  ( 2.239999999999997993, 1.569999999999957652, 10.97000000000000242 ) ) ;
#787 = ORIENTED_EDGE ( 'NONE', *, *, #1195, .T. ) ;
#788 = DIRECTION ( 'NONE',  ( 0.000000000000000000, -2.316052704908954646E-16, 1.000000000000000000 ) ) ;
#789 = DIRECTION ( 'NONE',  ( 0.000000000000000000, 0.3420201433256412349, -0.9396926207859185309 ) ) ;
#790 = EDGE_CURVE ( 'NONE', #952, #376, #3256, .T. ) ;
#791 = FACE_OUTER_BOUND ( 'NONE', #1377, .T. ) ;
#792 = VECTOR ( 'NONE', #3043, 1000.000000000000114 ) ;
#793 = CARTESIAN_POINT ( 'NONE',  ( 3.810000000000000053, -4.989501595336908954E-14, 2.870000000000000107 ) ) ;
#794 = DIRECTION ( 'NONE',  ( 0.000000000000000000, 1.000000000000000000, -5.870001876866952128E-15 ) ) ;
#795 = CARTESIAN_POINT ( 'NONE',  ( 1.839999999999996083, 3.110000000000010978, 11.36999999999999922 ) ) ;
#796 = EDGE_LOOP ( 'NONE', ( #1078, #920, #2660, #2816, #1267, #3645 ) ) ;
#797 = ORIENTED_EDGE ( 'NONE', *, *, #3227, .F. ) ;
#798 = DIRECTION ( 'NONE',  ( 0.000000000000000000, 1.000000000000000000, 0.000000000000000000 ) ) ;
#799 = DIRECTION ( 'NONE',  ( -1.000000000000000000, -0.000000000000000000, -0.000000000000000000 ) ) ;
#800 = AXIS2_PLACEMENT_3D ( 'NONE', #1762, #531, #2371 ) ;
#801 = ORIENTED_EDGE ( 'NONE', *, *, #2480, .F. ) ;
#802 = CIRCLE ( 'NONE', #3433, 0.5699999999999998401 ) ;
#803 =( NAMED_UNIT ( * ) PLANE_ANGLE_UNIT ( ) SI_UNIT ( $, .RADIAN. ) );
#804 = LINE ( 'NONE', #3162, #1049 ) ;
#805 = VECTOR ( 'NONE', #853, 1000.000000000000000 ) ;
#806 = ORIENTED_EDGE ( 'NONE', *, *, #492, .F. ) ;
#807 = EDGE_CURVE ( 'NONE', #390, #558, #375, .T. ) ;
#808 = DIRECTION ( 'NONE',  ( 0.000000000000000000, 0.3420201433256628842, 0.9396926207859104263 ) ) ;
#809 = CARTESIAN_POINT ( 'NONE',  ( 2.239999999999997993, 3.510000000000013110, 10.97000000000000242 ) ) ;
#810 = VECTOR ( 'NONE', #1471, 999.9999999999998863 ) ;
#811 = CARTESIAN_POINT ( 'NONE',  ( 0.2999999999999999889, -2.849999999999997424, 1.470000000000000639 ) ) ;
#812 = DIRECTION ( 'NONE',  ( 0.000000000000000000, 0.3420201433256628842, 0.9396926207859104263 ) ) ;
#813 = EDGE_CURVE ( 'NONE', #3238, #204, #1525, .T. ) ;
#814 = CARTESIAN_POINT ( 'NONE',  ( -2.840000000000002078, 3.510000000000013110, 10.97000000000000242 ) ) ;
#815 = DIRECTION ( 'NONE',  ( 0.9396926207859095381, -0.3420201433256657153, -0.000000000000000000 ) ) ;
#816 =( LENGTH_UNIT ( ) NAMED_UNIT ( * ) SI_UNIT ( .MILLI., .METRE. ) );
#817 = STYLED_ITEM ( 'NONE', ( #2762 ), #77 ) ;
#818 = CIRCLE ( 'NONE', #2298, 0.9700000000000004174 ) ;
#819 = ORIENTED_EDGE ( 'NONE', *, *, #264, .T. ) ;
#820 = VECTOR ( 'NONE', #1837, 1000.000000000000000 ) ;
#821 = EDGE_LOOP ( 'NONE', ( #1489, #2985, #3585, #1174 ) ) ;
#822 = CARTESIAN_POINT ( 'NONE',  ( 0.1908089297201392420, -3.149999999999999911, -1.069999999999999618 ) ) ;
#823 = EDGE_LOOP ( 'NONE', ( #3401, #3451, #2293, #3350 ) ) ;
#824 = CARTESIAN_POINT ( 'NONE',  ( -0.2999999999999999889, 0.5000000000000000000, 1.470000000000000195 ) ) ;
#825 = VECTOR ( 'NONE', #2263, 1000.000000000000000 ) ;
#826 = CARTESIAN_POINT ( 'NONE',  ( -0.1908089297201392420, -3.149999999999999911, -1.470000000000000639 ) ) ;
#827 = ORIENTED_EDGE ( 'NONE', *, *, #2940, .T. ) ;
#828 = CARTESIAN_POINT ( 'NONE',  ( 1.270000000000000240, -4.989501595336908954E-14, 2.870000000000000107 ) ) ;
#829 = DIRECTION ( 'NONE',  ( -1.000000000000000000, -0.000000000000000000, -0.000000000000000000 ) ) ;
#830 = AXIS2_PLACEMENT_3D ( 'NONE', #1461, #2540, #3492 ) ;
#831 = LINE ( 'NONE', #1759, #3097 ) ;
#832 = EDGE_CURVE ( 'NONE', #3691, #2703, #94, .T. ) ;
#833 = DIRECTION ( 'NONE',  ( 0.000000000000000000, -0.9396926207859105373, 0.3420201433256629397 ) ) ;
#834 = VERTEX_POINT ( 'NONE', #3291 ) ;
#835 = LINE ( 'NONE', #3458, #1672 ) ;
#836 = CARTESIAN_POINT ( 'NONE',  ( 1.270000000000000240, 5.079999999999999183, 2.870000000000000107 ) ) ;
#837 = ADVANCED_FACE ( 'NONE', ( #1846 ), #3009, .F. ) ;
#838 = EDGE_CURVE ( 'NONE', #251, #3278, #992, .T. ) ;
#839 = VERTEX_POINT ( 'NONE', #3592 ) ;
#840 = VERTEX_POINT ( 'NONE', #745 ) ;
#841 = LINE ( 'NONE', #2022, #3751 ) ;
#842 = VECTOR ( 'NONE', #589, 1000.000000000000000 ) ;
#843 = VERTEX_POINT ( 'NONE', #1033 ) ;
#844 = CARTESIAN_POINT ( 'NONE',  ( -4.060000000000000497, 0.000000000000000000, 11.36999999999999922 ) ) ;
#845 = VECTOR ( 'NONE', #1563, 1000.000000000000000 ) ;
#846 = DIRECTION ( 'NONE',  ( -1.000000000000000000, 0.000000000000000000, 0.000000000000000000 ) ) ;
#847 = ORIENTED_EDGE ( 'NONE', *, *, #1830, .F. ) ;
#848 = DIRECTION ( 'NONE',  ( -1.000000000000000000, 0.000000000000000000, 0.000000000000000000 ) ) ;
#849 = LINE ( 'NONE', #2900, #3756 ) ;
#850 = VECTOR ( 'NONE', #3161, 1000.000000000000000 ) ;
#851 = DIRECTION ( 'NONE',  ( -0.000000000000000000, 0.000000000000000000, 1.000000000000000000 ) ) ;
#852 = CARTESIAN_POINT ( 'NONE',  ( 1.270000000000000240, 5.079999999999999183, 11.36999999999999922 ) ) ;
#853 = DIRECTION ( 'NONE',  ( 0.000000000000000000, -1.000000000000000000, 0.000000000000000000 ) ) ;
#854 = CARTESIAN_POINT ( 'NONE',  ( -4.060000000000000497, 5.079999999999999183, 2.870000000000000107 ) ) ;
#855 = CARTESIAN_POINT ( 'NONE',  ( -0.3000000000000020983, 3.510000000000013110, 10.97000000000000242 ) ) ;
#856 = ADVANCED_FACE ( 'NONE', ( #972 ), #1577, .F. ) ;
#857 = VECTOR ( 'NONE', #3390, 1000.000000000000000 ) ;
#858 = ORIENTED_EDGE ( 'NONE', *, *, #2280, .T. ) ;
#859 = DIRECTION ( 'NONE',  ( 0.000000000000000000, -0.9396926207859105373, 0.3420201433256629397 ) ) ;
#860 = EDGE_CURVE ( 'NONE', #1001, #3564, #167, .T. ) ;
#861 = EDGE_LOOP ( 'NONE', ( #259, #3580, #3028, #673 ) ) ;
#862 = ADVANCED_FACE ( 'NONE', ( #1868 ), #2814, .F. ) ;
#863 = VECTOR ( 'NONE', #3242, 1000.000000000000000 ) ;
#864 = DIRECTION ( 'NONE',  ( 0.000000000000000000, -5.870001876866951339E-15, -1.000000000000000000 ) ) ;
#865 = DIRECTION ( 'NONE',  ( 0.000000000000000000, -1.000000000000000000, 0.000000000000000000 ) ) ;
#866 = ORIENTED_EDGE ( 'NONE', *, *, #1901, .F. ) ;
#867 = PLANE ( 'NONE',  #2526 ) ;
#868 =( NAMED_UNIT ( * ) PLANE_ANGLE_UNIT ( ) SI_UNIT ( $, .RADIAN. ) );
#869 = VECTOR ( 'NONE', #158, 1000.000000000000000 ) ;
#870 = LINE ( 'NONE', #2917, #3718 ) ;
#871 = ORIENTED_EDGE ( 'NONE', *, *, #2680, .T. ) ;
#872 = DIRECTION ( 'NONE',  ( -1.000000000000000000, -0.000000000000000000, -0.000000000000000000 ) ) ;
#873 = ORIENTED_EDGE ( 'NONE', *, *, #1015, .F. ) ;
#874 = DIRECTION ( 'NONE',  ( -0.000000000000000000, -0.000000000000000000, 1.000000000000000000 ) ) ;
#875 = AXIS2_PLACEMENT_3D ( 'NONE', #3386, #1924, #3080 ) ;
#876 = DIRECTION ( 'NONE',  ( 0.000000000000000000, 0.000000000000000000, 1.000000000000000000 ) ) ;
#877 = LINE ( 'NONE', #3773, #689 ) ;
#878 = LINE ( 'NONE', #3209, #1350 ) ;
#879 = ORIENTED_EDGE ( 'NONE', *, *, #945, .F. ) ;
#880 = PLANE ( 'NONE',  #2411 ) ;
#881 = AXIS2_PLACEMENT_3D ( 'NONE', #2628, #2611, #1718 ) ;
#882 = EDGE_CURVE ( 'NONE', #17, #2642, #1614, .T. ) ;
#883 = VECTOR ( 'NONE', #1698, 1000.000000000000000 ) ;
#884 = EDGE_LOOP ( 'NONE', ( #1632, #1566, #3758, #1056, #3593, #1961, #1831, #1060 ) ) ;
#885 = SURFACE_SIDE_STYLE ('',( #2418 ) ) ;
#886 = EDGE_CURVE ( 'NONE', #440, #3190, #3099, .T. ) ;
#887 = CARTESIAN_POINT ( 'NONE',  ( 0.7000000000000031752, 0.5699999999999559863, 11.36999999999999922 ) ) ;
#888 = ORIENTED_EDGE ( 'NONE', *, *, #1523, .F. ) ;
#889 = DIRECTION ( 'NONE',  ( 0.000000000000000000, 0.3420201433256412349, -0.9396926207859185309 ) ) ;
#890 = FACE_OUTER_BOUND ( 'NONE', #2815, .T. ) ;
#891 = CARTESIAN_POINT ( 'NONE',  ( -0.2999999999999999889, 4.010000000000000675, -0.4999999999999996669 ) ) ;
#892 = DIRECTION ( 'NONE',  ( 1.000000000000000000, 0.000000000000000000, 0.000000000000000000 ) ) ;
#893 = DIRECTION ( 'NONE',  ( -0.000000000000000000, -0.000000000000000000, 1.000000000000000000 ) ) ;
#894 = LINE ( 'NONE', #2078, #2565 ) ;
#895 = VERTEX_POINT ( 'NONE', #687 ) ;
#896 = CARTESIAN_POINT ( 'NONE',  ( 1.270000000000000240, 0.3999999999999501732, 2.870000000000000107 ) ) ;
#897 = EDGE_LOOP ( 'NONE', ( #1122, #3424, #1531, #1930 ) ) ;
#898 = EDGE_CURVE ( 'NONE', #2642, #3278, #467, .T. ) ;
#899 = FACE_OUTER_BOUND ( 'NONE', #1963, .T. ) ;
#900 = ORIENTED_EDGE ( 'NONE', *, *, #1947, .T. ) ;
#901 = LINE ( 'NONE', #3239, #1373 ) ;
#902 =( NAMED_UNIT ( * ) SI_UNIT ( $, .STERADIAN. ) SOLID_ANGLE_UNIT ( ) );
#903 = EDGE_CURVE ( 'NONE', #1844, #1368, #2191, .T. ) ;
#904 = CARTESIAN_POINT ( 'NONE',  ( -0.2999999999999999889, 4.010000000000000675, -0.4999999999999996669 ) ) ;
#905 = LINE ( 'NONE', #2355, #3428 ) ;
#906 = ORIENTED_EDGE ( 'NONE', *, *, #2339, .T. ) ;
#907 = CARTESIAN_POINT ( 'NONE',  ( -0.2999999999999999889, 4.009999999999999787, 3.245000000000000551 ) ) ;
#908 = CARTESIAN_POINT ( 'NONE',  ( 0.3000000000000012101, 4.110000000000012754, 10.09999999999999964 ) ) ;
#909 = ADVANCED_FACE ( 'NONE', ( #2455 ), #2234, .T. ) ;
#910 = DIRECTION ( 'NONE',  ( -1.000000000000000000, 0.000000000000000000, 0.000000000000000000 ) ) ;
#911 = VERTEX_POINT ( 'NONE', #1312 ) ;
#912 = FACE_OUTER_BOUND ( 'NONE', #3024, .T. ) ;
#913 = AXIS2_PLACEMENT_3D ( 'NONE', #330, #2654, #49 ) ;
#914 = APPLICATION_PROTOCOL_DEFINITION ( 'draft international standard', 'automotive_design', 1998, #3551 ) ;
#915 = PRODUCT_DEFINITION_CONTEXT ( 'detailed design', #2193, 'design' ) ;
#916 = EDGE_LOOP ( 'NONE', ( #1453, #233, #609, #3574 ) ) ;
#917 = VERTEX_POINT ( 'NONE', #3609 ) ;
#918 = FILL_AREA_STYLE_COLOUR ( '', #2592 ) ;
#919 = LINE ( 'NONE', #939, #1094 ) ;
#920 = ORIENTED_EDGE ( 'NONE', *, *, #1570, .T. ) ;
#921 = DIRECTION ( 'NONE',  ( -0.3420201433256671031, 0.9396926207859089830, 1.116511540739375110E-16 ) ) ;
#922 = VECTOR ( 'NONE', #3376, 1000.000000000000000 ) ;
#923 = VERTEX_POINT ( 'NONE', #482 ) ;
#924 = CARTESIAN_POINT ( 'NONE',  ( -0.7000000000000039524, 4.510000000000014886, 11.36999999999999922 ) ) ;
#925 = CARTESIAN_POINT ( 'NONE',  ( 0.3000000000000012101, 3.510000000000013110, 10.09999999999999964 ) ) ;
#926 = VECTOR ( 'NONE', #1979, 1000.000000000000000 ) ;
#927 = FACE_OUTER_BOUND ( 'NONE', #447, .T. ) ;
#928 = ADVANCED_FACE ( 'NONE', ( #2794 ), #426, .F. ) ;
#929 = VECTOR ( 'NONE', #2499, 1000.000000000000000 ) ;
#930 = ORIENTED_EDGE ( 'NONE', *, *, #763, .F. ) ;
#931 = CARTESIAN_POINT ( 'NONE',  ( 1.270000000000000240, 5.079999999999999183, 11.36999999999999922 ) ) ;
#932 = VECTOR ( 'NONE', #333, 1000.000000000000000 ) ;
#933 =( GEOMETRIC_REPRESENTATION_CONTEXT ( 3 ) GLOBAL_UNCERTAINTY_ASSIGNED_CONTEXT ( ( #1650 ) ) GLOBAL_UNIT_ASSIGNED_CONTEXT ( ( #2052, #868, #288 ) ) REPRESENTATION_CONTEXT ( 'NONE', 'WORKASPACE' ) );
#934 = VECTOR ( 'NONE', #2767, 1000.000000000000000 ) ;
#935 = EDGE_LOOP ( 'NONE', ( #1328, #1442, #1191, #59 ) ) ;
#936 = LINE ( 'NONE', #666, #1652 ) ;
#937 = EDGE_LOOP ( 'NONE', ( #2089, #1773, #2590, #2713 ) ) ;
#938 = VECTOR ( 'NONE', #2412, 1000.000000000000114 ) ;
#939 = CARTESIAN_POINT ( 'NONE',  ( -0.3000000000000020983, 3.510000000000013110, 10.09999999999999964 ) ) ;
#940 = VERTEX_POINT ( 'NONE', #3346 ) ;
#941 = LINE ( 'NONE', #976, #1668 ) ;
#942 = ORIENTED_EDGE ( 'NONE', *, *, #463, .F. ) ;
#943 = CARTESIAN_POINT ( 'NONE',  ( -0.2999999999999999889, 3.609999999999999876, -0.4999999999999997780 ) ) ;
#944 = CARTESIAN_POINT ( 'NONE',  ( 4.060000000000000497, 0.000000000000000000, 11.36999999999999922 ) ) ;
#945 = EDGE_CURVE ( 'NONE', #952, #956, #723, .T. ) ;
#946 = DIRECTION ( 'NONE',  ( -0.000000000000000000, -0.000000000000000000, 1.000000000000000000 ) ) ;
#947 = ORIENTED_EDGE ( 'NONE', *, *, #2587, .F. ) ;
#948 = DIRECTION ( 'NONE',  ( -1.000000000000000000, 0.000000000000000000, 0.000000000000000000 ) ) ;
#949 = CARTESIAN_POINT ( 'NONE',  ( 2.539999999999997815, 0.000000000000000000, 0.000000000000000000 ) ) ;
#950 = EDGE_CURVE ( 'NONE', #2978, #2571, #1348, .T. ) ;
#951 = EDGE_CURVE ( 'NONE', #114, #137, #2510, .T. ) ;
#952 = VERTEX_POINT ( 'NONE', #762 ) ;
#953 = ADVANCED_FACE ( 'NONE', ( #150 ), #1651, .F. ) ;
#954 = VECTOR ( 'NONE', #3113, 1000.000000000000000 ) ;
#955 = CARTESIAN_POINT ( 'NONE',  ( 0.2999999999999999334, -2.849999999999998312, -1.069999999999999618 ) ) ;
#956 = VERTEX_POINT ( 'NONE', #2967 ) ;
#957 = CARTESIAN_POINT ( 'NONE',  ( -0.1908089297201392420, -3.149999999999999911, -1.069999999999999618 ) ) ;
#958 = FACE_OUTER_BOUND ( 'NONE', #2289, .T. ) ;
#959 = VERTEX_POINT ( 'NONE', #2907 ) ;
#960 = CARTESIAN_POINT ( 'NONE',  ( 0.2999999999999999889, -3.149999999999999911, -1.069999999999999618 ) ) ;
#961 = CARTESIAN_POINT ( 'NONE',  ( -2.440000000000000391, 3.910000000000011688, 10.77000000000000313 ) ) ;
#962 = CARTESIAN_POINT ( 'NONE',  ( 4.060000000000000497, 5.079999999999999183, 11.36999999999999922 ) ) ;
#963 = VECTOR ( 'NONE', #2253, 1000.000000000000000 ) ;
#964 = VECTOR ( 'NONE', #1480, 1000.000000000000000 ) ;
#965 = ORIENTED_EDGE ( 'NONE', *, *, #290, .F. ) ;
#966 = ADVANCED_FACE ( 'NONE', ( #3514 ), #3406, .F. ) ;
#967 = ORIENTED_EDGE ( 'NONE', *, *, #2973, .F. ) ;
#968 = DIRECTION ( 'NONE',  ( 0.000000000000000000, 5.870001876866951339E-15, 1.000000000000000000 ) ) ;
#969 = AXIS2_PLACEMENT_3D ( 'NONE', #2214, #3029, #3368 ) ;
#970 = ORIENTED_EDGE ( 'NONE', *, *, #3402, .F. ) ;
#971 = CARTESIAN_POINT ( 'NONE',  ( -1.269999999999999796, 5.079999999999999183, 2.870000000000000107 ) ) ;
#972 = FACE_OUTER_BOUND ( 'NONE', #68, .T. ) ;
#973 = EDGE_CURVE ( 'NONE', #1571, #3646, #2271, .T. ) ;
#974 = ORIENTED_EDGE ( 'NONE', *, *, #648, .T. ) ;
#975 = CARTESIAN_POINT ( 'NONE',  ( -2.840000000000002078, 0.9699999999999578959, 10.97000000000000242 ) ) ;
#976 = CARTESIAN_POINT ( 'NONE',  ( -0.1908089297201392420, -3.149999999999999911, -1.470000000000000639 ) ) ;
#977 = ORIENTED_EDGE ( 'NONE', *, *, #1237, .F. ) ;
#978 = CARTESIAN_POINT ( 'NONE',  ( 2.239999999999997993, 0.9699999999999578959, 10.97000000000000242 ) ) ;
#979 = CARTESIAN_POINT ( 'NONE',  ( -1.269999999999999796, 4.510000000000014886, 11.36999999999999922 ) ) ;
#980 = VECTOR ( 'NONE', #1897, 1000.000000000000000 ) ;
#981 = LINE ( 'NONE', #2162, #551 ) ;
#982 = ORIENTED_EDGE ( 'NONE', *, *, #171, .F. ) ;
#983 = CARTESIAN_POINT ( 'NONE',  ( 4.060000000000000497, 4.679999999999999716, 2.869999999999999662 ) ) ;
#984 = LINE ( 'NONE', #3341, #1055 ) ;
#985 = DIRECTION ( 'NONE',  ( 1.000000000000000000, 0.000000000000000000, 0.000000000000000000 ) ) ;
#986 = VECTOR ( 'NONE', #2822, 1000.000000000000000 ) ;
#987 = ORIENTED_EDGE ( 'NONE', *, *, #2803, .F. ) ;
#988 = ORIENTED_EDGE ( 'NONE', *, *, #1024, .T. ) ;
#989 = DIRECTION ( 'NONE',  ( 0.000000000000000000, 0.000000000000000000, -1.000000000000000000 ) ) ;
#990 = VECTOR ( 'NONE', #3118, 1000.000000000000000 ) ;
#991 = EDGE_CURVE ( 'NONE', #2737, #720, #1747, .T. ) ;
#992 = LINE ( 'NONE', #1372, #2810 ) ;
#993 = EDGE_LOOP ( 'NONE', ( #3037, #1966, #1835, #247 ) ) ;
#994 = VERTEX_POINT ( 'NONE', #3139 ) ;
#995 = COLOUR_RGB ( '',0.2509803921568627416, 0.2509803921568627416, 0.2509803921568627416 ) ;
#996 = ADVANCED_FACE ( 'NONE', ( #228 ), #522, .F. ) ;
#997 = DIRECTION ( 'NONE',  ( 0.000000000000000000, 0.9396926207859185309, 0.3420201433256412349 ) ) ;
#998 = CARTESIAN_POINT ( 'NONE',  ( -0.2999999999999999889, 1.470000000000000417, 3.245000000000000551 ) ) ;
#999 =( GEOMETRIC_REPRESENTATION_CONTEXT ( 3 ) GLOBAL_UNCERTAINTY_ASSIGNED_CONTEXT ( ( #53 ) ) GLOBAL_UNIT_ASSIGNED_CONTEXT ( ( #2429, #1233, #1253 ) ) REPRESENTATION_CONTEXT ( 'NONE', 'WORKASPACE' ) );
#1000 = VECTOR ( 'NONE', #1264, 1000.000000000000000 ) ;
#1001 = VERTEX_POINT ( 'NONE', #1804 ) ;
#1002 = CARTESIAN_POINT ( 'NONE',  ( 0.2999999999999999889, -2.849999999999998312, 0.000000000000000000 ) ) ;
#1003 = FACE_OUTER_BOUND ( 'NONE', #2028, .T. ) ;
#1004 = CARTESIAN_POINT ( 'NONE',  ( -4.060000000000000497, 5.079999999999999183, 11.36999999999999922 ) ) ;
#1005 = ORIENTED_EDGE ( 'NONE', *, *, #2619, .T. ) ;
#1006 = ORIENTED_EDGE ( 'NONE', *, *, #1459, .T. ) ;
#1007 = CARTESIAN_POINT ( 'NONE',  ( -4.060000000000000497, 4.543511162150186244, 3.245000000000000107 ) ) ;
#1008 = AXIS2_PLACEMENT_3D ( 'NONE', #3075, #461, #477 ) ;
#1009 = ORIENTED_EDGE ( 'NONE', *, *, #714, .F. ) ;
#1010 = VERTEX_POINT ( 'NONE', #2250 ) ;
#1011 = PLANE ( 'NONE',  #3013 ) ;
#1012 = CARTESIAN_POINT ( 'NONE',  ( -1.269999999999999796, 0.5364888378497735255, 3.245000000000000551 ) ) ;
#1013 = EDGE_LOOP ( 'NONE', ( #2934, #1425, #760, #1557 ) ) ;
#1014 = EDGE_LOOP ( 'NONE', ( #1722, #3506, #2980, #1137 ) ) ;
#1015 = EDGE_CURVE ( 'NONE', #3704, #3195, #10, .T. ) ;
#1016 = CARTESIAN_POINT ( 'NONE',  ( 5.080000000000000071, 0.000000000000000000, 10.09999999999999964 ) ) ;
#1017 = CARTESIAN_POINT ( 'NONE',  ( -2.840000000000002078, 0.9699999999999578959, 10.97000000000000242 ) ) ;
#1018 = VERTEX_POINT ( 'NONE', #2530 ) ;
#1019 = EDGE_CURVE ( 'NONE', #650, #2266, #1170, .T. ) ;
#1020 = CARTESIAN_POINT ( 'NONE',  ( -1.839999999999996971, 1.969999999999959561, 11.36999999999999922 ) ) ;
#1021 = LINE ( 'NONE', #2424, #3630 ) ;
#1022 = DIRECTION ( 'NONE',  ( 0.7071067811865436870, 0.000000000000000000, -0.7071067811865513475 ) ) ;
#1023 = CARTESIAN_POINT ( 'NONE',  ( 0.2999999999999999889, 0.5000000000000000000, 1.470000000000000195 ) ) ;
#1024 = EDGE_CURVE ( 'NONE', #2472, #1770, #779, .T. ) ;
#1025 = ORIENTED_EDGE ( 'NONE', *, *, #886, .F. ) ;
#1026 = LINE ( 'NONE', #2143, #1441 ) ;
#1027 = CONTEXT_DEPENDENT_SHAPE_REPRESENTATION ( #2458, #2605 ) ;
#1028 = VECTOR ( 'NONE', #115, 1000.000000000000000 ) ;
#1029 = VERTEX_POINT ( 'NONE', #2945 ) ;
#1030 = EDGE_LOOP ( 'NONE', ( #2787, #2255, #2656, #1082 ) ) ;
#1031 = CARTESIAN_POINT ( 'NONE',  ( -1.269999999999999796, 0.5364888378497735255, 3.245000000000000551 ) ) ;
#1032 = VECTOR ( 'NONE', #864, 1000.000000000000000 ) ;
#1033 = CARTESIAN_POINT ( 'NONE',  ( 3.810000000000000497, 0.5364888378497735255, 3.245000000000000551 ) ) ;
#1034 = ORIENTED_EDGE ( 'NONE', *, *, #903, .F. ) ;
#1035 = VECTOR ( 'NONE', #1519, 1000.000000000000000 ) ;
#1036 = PLANE ( 'NONE',  #2677 ) ;
#1037 = DIRECTION ( 'NONE',  ( 0.000000000000000000, -0.000000000000000000, 1.000000000000000000 ) ) ;
#1038 = ORIENTED_EDGE ( 'NONE', *, *, #1237, .T. ) ;
#1039 = LINE ( 'NONE', #2218, #1434 ) ;
#1040 = DIRECTION ( 'NONE',  ( -0.000000000000000000, -0.000000000000000000, 1.000000000000000000 ) ) ;
#1041 = PRESENTATION_STYLE_ASSIGNMENT (( #3702 ) ) ;
#1042 = EDGE_CURVE ( 'NONE', #1754, #2948, #3694, .T. ) ;
#1043 = CARTESIAN_POINT ( 'NONE',  ( 1.270000000000000240, 0.3999999999999501732, 2.870000000000000107 ) ) ;
#1044 = CARTESIAN_POINT ( 'NONE',  ( 1.270000000000000240, 3.110000000000010978, 11.36999999999999922 ) ) ;
#1045 = CARTESIAN_POINT ( 'NONE',  ( -0.1908089297201394641, -3.149999999999999911, 1.470000000000000639 ) ) ;
#1046 = FILL_AREA_STYLE_COLOUR ( '', #3384 ) ;
#1047 = AXIS2_PLACEMENT_3D ( 'NONE', #852, #1700, #1149 ) ;
#1048 = EDGE_CURVE ( 'NONE', #2427, #2927, #2636, .T. ) ;
#1049 = VECTOR ( 'NONE', #1992, 1000.000000000000000 ) ;
#1050 = ORIENTED_EDGE ( 'NONE', *, *, #1200, .T. ) ;
#1051 = ORIENTED_EDGE ( 'NONE', *, *, #1333, .T. ) ;
#1052 = CARTESIAN_POINT ( 'NONE',  ( -3.810000000000000053, 4.679999999999999716, 2.869999999999999662 ) ) ;
#1053 = VECTOR ( 'NONE', #3512, 1000.000000000000000 ) ;
#1054 = CARTESIAN_POINT ( 'NONE',  ( -0.2999999999999999889, 0.5000000000000000000, 1.070000000000000062 ) ) ;
#1055 = VECTOR ( 'NONE', #1572, 1000.000000000000000 ) ;
#1056 = ORIENTED_EDGE ( 'NONE', *, *, #2436, .T. ) ;
#1057 = AXIS2_PLACEMENT_3D ( 'NONE', #462, #773, #495 ) ;
#1058 = CARTESIAN_POINT ( 'NONE',  ( 1.270000000000000240, 5.079999999999999183, 11.36999999999999922 ) ) ;
#1059 = DIRECTION ( 'NONE',  ( 0.000000000000000000, -0.3420201433256628842, -0.9396926207859104263 ) ) ;
#1060 = ORIENTED_EDGE ( 'NONE', *, *, #3285, .T. ) ;
#1061 = CARTESIAN_POINT ( 'NONE',  ( 0.2999999999999999889, 4.010000000000000675, -0.4999999999999996669 ) ) ;
#1062 = AXIS2_PLACEMENT_3D ( 'NONE', #2145, #407, #1573 ) ;
#1063 = PLANE ( 'NONE',  #2353 ) ;
#1064 = CARTESIAN_POINT ( 'NONE',  ( -2.239999999999998881, 1.569999999999957652, 10.97000000000000242 ) ) ;
#1065 = CARTESIAN_POINT ( 'NONE',  ( 0.2999999999999999889, 0.5000000000000000000, -1.070000000000000062 ) ) ;
#1066 = DIRECTION ( 'NONE',  ( 0.000000000000000000, 0.000000000000000000, 1.000000000000000000 ) ) ;
#1067 = CARTESIAN_POINT ( 'NONE',  ( 3.810000000000000053, 4.543511162150186244, 3.245000000000000107 ) ) ;
#1068 = PRESENTATION_STYLE_ASSIGNMENT (( #2004 ) ) ;
#1069 = ADVANCED_FACE ( 'NONE', ( #2547 ), #1673, .F. ) ;
#1070 = VECTOR ( 'NONE', #829, 1000.000000000000000 ) ;
#1071 = ORIENTED_EDGE ( 'NONE', *, *, #2108, .T. ) ;
#1072 = ORIENTED_EDGE ( 'NONE', *, *, #2892, .F. ) ;
#1073 = LINE ( 'NONE', #2564, #990 ) ;
#1074 = EDGE_CURVE ( 'NONE', #3564, #3614, #878, .T. ) ;
#1075 = ADVANCED_FACE ( 'NONE', ( #1484 ), #591, .F. ) ;
#1076 = DIRECTION ( 'NONE',  ( 1.000000000000000000, 0.000000000000000000, 0.000000000000000000 ) ) ;
#1077 = VERTEX_POINT ( 'NONE', #1189 ) ;
#1078 = ORIENTED_EDGE ( 'NONE', *, *, #3387, .T. ) ;
#1079 = EDGE_CURVE ( 'NONE', #17, #251, #894, .T. ) ;
#1080 = CARTESIAN_POINT ( 'NONE',  ( -4.060000000000000497, 5.079999999999999183, 2.870000000000000107 ) ) ;
#1081 = PLANE ( 'NONE',  #2695 ) ;
#1082 = ORIENTED_EDGE ( 'NONE', *, *, #444, .F. ) ;
#1083 = PLANE ( 'NONE',  #2404 ) ;
#1084 = CARTESIAN_POINT ( 'NONE',  ( 0.1908089297201394641, -3.149999999999999911, 1.470000000000000639 ) ) ;
#1085 = FACE_BOUND ( 'NONE', #153, .T. ) ;
#1086 = EDGE_LOOP ( 'NONE', ( #3084, #3464, #2799, #630 ) ) ;
#1087 = DIRECTION ( 'NONE',  ( -0.000000000000000000, 1.000000000000000000, 0.000000000000000000 ) ) ;
#1088 = DIRECTION ( 'NONE',  ( -1.000000000000000000, -0.000000000000000000, -0.000000000000000000 ) ) ;
#1089 = SURFACE_SIDE_STYLE ('',( #550 ) ) ;
#1090 = PRODUCT_DEFINITION ( 'UNKNOWN', '', #692, #2675 ) ;
#1091 = ORIENTED_EDGE ( 'NONE', *, *, #2920, .F. ) ;
#1092 = VERTEX_POINT ( 'NONE', #3229 ) ;
#1093 = CARTESIAN_POINT ( 'NONE',  ( -0.7000000000000039524, 5.079999999999999183, 11.36999999999999922 ) ) ;
#1094 = VECTOR ( 'NONE', #2121, 1000.000000000000000 ) ;
#1095 = DIRECTION ( 'NONE',  ( 0.000000000000000000, -0.000000000000000000, -1.000000000000000000 ) ) ;
#1096 = ADVANCED_FACE ( 'NONE', ( #605 ), #1783, .F. ) ;
#1097 = VERTEX_POINT ( 'NONE', #2096 ) ;
#1098 = AXIS2_PLACEMENT_3D ( 'NONE', #1450, #2606, #3778 ) ;
#1099 = DIRECTION ( 'NONE',  ( 0.000000000000000000, -0.7071067811865436870, -0.7071067811865513475 ) ) ;
#1100 = EDGE_CURVE ( 'NONE', #1879, #3675, #3247, .T. ) ;
#1101 = FACE_OUTER_BOUND ( 'NONE', #2744, .T. ) ;
#1102 = ORIENTED_EDGE ( 'NONE', *, *, #2393, .F. ) ;
#1103 = VECTOR ( 'NONE', #1631, 1000.000000000000000 ) ;
#1104 = DIRECTION ( 'NONE',  ( 0.000000000000000000, -1.000000000000000000, 0.000000000000000000 ) ) ;
#1105 = LINE ( 'NONE', #3682, #397 ) ;
#1106 = DIRECTION ( 'NONE',  ( 0.000000000000000000, 1.000000000000000000, -5.870001876866952128E-15 ) ) ;
#1107 = CARTESIAN_POINT ( 'NONE',  ( 1.270000000000000240, 0.3999999999999501732, 2.870000000000000107 ) ) ;
#1108 = ORIENTED_EDGE ( 'NONE', *, *, #172, .F. ) ;
#1109 = PLANE ( 'NONE',  #2287 ) ;
#1110 = FACE_OUTER_BOUND ( 'NONE', #796, .T. ) ;
#1111 = PRESENTATION_STYLE_ASSIGNMENT (( #3419 ) ) ;
#1112 = VERTEX_POINT ( 'NONE', #121 ) ;
#1113 = ORIENTED_EDGE ( 'NONE', *, *, #3148, .F. ) ;
#1114 = CARTESIAN_POINT ( 'NONE',  ( -0.3000000000000020983, 4.110000000000012754, 10.97000000000000242 ) ) ;
#1115 = VECTOR ( 'NONE', #25, 1000.000000000000000 ) ;
#1116 = ORIENTED_EDGE ( 'NONE', *, *, #1307, .F. ) ;
#1117 = AXIS2_PLACEMENT_3D ( 'NONE', #3667, #794, #2244 ) ;
#1118 = EDGE_CURVE ( 'NONE', #2021, #243, #1878, .T. ) ;
#1119 = FACE_OUTER_BOUND ( 'NONE', #1290, .T. ) ;
#1120 = LINE ( 'NONE', #2570, #1731 ) ;
#1121 = VECTOR ( 'NONE', #2964, 1000.000000000000000 ) ;
#1122 = ORIENTED_EDGE ( 'NONE', *, *, #1428, .T. ) ;
#1123 = DIRECTION ( 'NONE',  ( 0.000000000000000000, -1.000000000000000000, 1.082302103395239312E-16 ) ) ;
#1124 = LINE ( 'NONE', #3068, #883 ) ;
#1125 = EDGE_CURVE ( 'NONE', #956, #3101, #1823, .T. ) ;
#1126 = EDGE_CURVE ( 'NONE', #441, #1354, #2394, .T. ) ;
#1127 = VECTOR ( 'NONE', #2008, 1000.000000000000000 ) ;
#1128 = DIRECTION ( 'NONE',  ( 1.000000000000000000, 0.000000000000000000, 0.000000000000000000 ) ) ;
#1129 = CARTESIAN_POINT ( 'NONE',  ( 1.270000000000000240, 5.079999999999999183, 2.870000000000000107 ) ) ;
#1130 = AXIS2_PLACEMENT_3D ( 'NONE', #1861, #1558, #948 ) ;
#1131 = ORIENTED_EDGE ( 'NONE', *, *, #579, .T. ) ;
#1132 = FACE_OUTER_BOUND ( 'NONE', #2372, .T. ) ;
#1133 = LINE ( 'NONE', #3772, #3283 ) ;
#1134 = SURFACE_STYLE_FILL_AREA ( #2129 ) ;
#1135 =( GEOMETRIC_REPRESENTATION_CONTEXT ( 3 ) GLOBAL_UNCERTAINTY_ASSIGNED_CONTEXT ( ( #2379 ) ) GLOBAL_UNIT_ASSIGNED_CONTEXT ( ( #3023, #1287, #3004 ) ) REPRESENTATION_CONTEXT ( 'NONE', 'WORKASPACE' ) );
#1136 = VECTOR ( 'NONE', #240, 1000.000000000000000 ) ;
#1137 = ORIENTED_EDGE ( 'NONE', *, *, #882, .T. ) ;
#1138 = EDGE_LOOP ( 'NONE', ( #2273, #3347, #2243, #1658, #3270, #552, #3316, #900 ) ) ;
#1139 = DIRECTION ( 'NONE',  ( 1.000000000000000000, -0.000000000000000000, -0.000000000000000000 ) ) ;
#1140 = ORIENTED_EDGE ( 'NONE', *, *, #1870, .F. ) ;
#1141 = PRESENTATION_STYLE_ASSIGNMENT (( #300 ) ) ;
#1142 = DIRECTION ( 'NONE',  ( 0.000000000000000000, -0.000000000000000000, -1.000000000000000000 ) ) ;
#1143 = EDGE_CURVE ( 'NONE', #3265, #2730, #3035, .T. ) ;
#1144 = ORIENTED_EDGE ( 'NONE', *, *, #3425, .F. ) ;
#1145 = FACE_OUTER_BOUND ( 'NONE', #3462, .T. ) ;
#1146 =( NAMED_UNIT ( * ) PLANE_ANGLE_UNIT ( ) SI_UNIT ( $, .RADIAN. ) );
#1147 = UNCERTAINTY_MEASURE_WITH_UNIT (LENGTH_MEASURE( 1.000000000000000082E-05 ), #41, 'distance_accuracy_value', 'NONE');
#1148 = DIRECTION ( 'NONE',  ( -1.000000000000000000, 0.000000000000000000, -0.000000000000000000 ) ) ;
#1149 = DIRECTION ( 'NONE',  ( -1.000000000000000000, 0.000000000000000000, -0.000000000000000000 ) ) ;
#1150 = EDGE_CURVE ( 'NONE', #107, #2571, #981, .T. ) ;
#1151 = EDGE_LOOP ( 'NONE', ( #592, #3032, #2128, #3274 ) ) ;
#1152 = CARTESIAN_POINT ( 'NONE',  ( -2.840000000000002078, 3.510000000000013110, 10.09999999999999964 ) ) ;
#1153 = DIRECTION ( 'NONE',  ( 0.000000000000000000, 0.000000000000000000, -1.000000000000000000 ) ) ;
#1154 = CARTESIAN_POINT ( 'NONE',  ( 4.060000000000000497, 5.079999999999999183, 2.870000000000000107 ) ) ;
#1155 = EDGE_CURVE ( 'NONE', #3710, #33, #3319, .T. ) ;
#1156 = ORIENTED_EDGE ( 'NONE', *, *, #951, .T. ) ;
#1157 = LINE ( 'NONE', #1093, #2646 ) ;
#1158 = ORIENTED_EDGE ( 'NONE', *, *, #1155, .F. ) ;
#1159 = CARTESIAN_POINT ( 'NONE',  ( -1.269999999999999796, 4.679999999999999716, 2.869999999999999662 ) ) ;
#1160 = ORIENTED_EDGE ( 'NONE', *, *, #667, .F. ) ;
#1161 = DIRECTION ( 'NONE',  ( 0.000000000000000000, 1.000000000000000000, 0.000000000000000000 ) ) ;
#1162 = DIRECTION ( 'NONE',  ( -1.000000000000000000, -0.000000000000000000, -0.000000000000000000 ) ) ;
#1163 = LINE ( 'NONE', #3725, #2984 ) ;
#1164 = ORIENTED_EDGE ( 'NONE', *, *, #2001, .F. ) ;
#1165 = PLANE ( 'NONE',  #1047 ) ;
#1166 = CARTESIAN_POINT ( 'NONE',  ( 2.840000000000001190, 1.569999999999957652, 10.09999999999999964 ) ) ;
#1167 = DIRECTION ( 'NONE',  ( 1.000000000000000000, 0.000000000000000000, 0.000000000000000000 ) ) ;
#1168 = LINE ( 'NONE', #1822, #1681 ) ;
#1169 = ADVANCED_FACE ( 'NONE', ( #2729 ), #418, .F. ) ;
#1170 = LINE ( 'NONE', #2340, #2029 ) ;
#1171 = EDGE_LOOP ( 'NONE', ( #1038, #3488, #879, #142 ) ) ;
#1172 = DIRECTION ( 'NONE',  ( 1.000000000000000000, 0.000000000000000000, -0.000000000000000000 ) ) ;
#1173 = ADVANCED_FACE ( 'NONE', ( #927 ), #3001, .F. ) ;
#1174 = ORIENTED_EDGE ( 'NONE', *, *, #3734, .T. ) ;
#1175 = VECTOR ( 'NONE', #2683, 1000.000000000000000 ) ;
#1176 = LINE ( 'NONE', #1752, #371 ) ;
#1177 = DIRECTION ( 'NONE',  ( 0.000000000000000000, 0.000000000000000000, -1.000000000000000000 ) ) ;
#1178 = EDGE_LOOP ( 'NONE', ( #3695, #51, #2562, #2097 ) ) ;
#1179 = LINE ( 'NONE', #3507, #1801 ) ;
#1180 = CARTESIAN_POINT ( 'NONE',  ( 0.1908089297201392420, -3.149999999999999911, -1.470000000000000639 ) ) ;
#1181 = VECTOR ( 'NONE', #599, 1000.000000000000000 ) ;
#1182 = DIRECTION ( 'NONE',  ( -0.000000000000000000, 1.000000000000000000, 0.000000000000000000 ) ) ;
#1183 = ORIENTED_EDGE ( 'NONE', *, *, #3659, .F. ) ;
#1184 = CARTESIAN_POINT ( 'NONE',  ( -4.060000000000000497, -4.989501595336908954E-14, 2.870000000000000107 ) ) ;
#1185 = CARTESIAN_POINT ( 'NONE',  ( -0.1908089297201394918, -3.149999999999999911, 1.069999999999999618 ) ) ;
#1186 = AXIS2_PLACEMENT_3D ( 'NONE', #3765, #3363, #410 ) ;
#1187 = DIRECTION ( 'NONE',  ( -1.000000000000000000, 0.000000000000000000, 0.000000000000000000 ) ) ;
#1188 = CARTESIAN_POINT ( 'NONE',  ( 3.810000000000000497, -4.989501595336908954E-14, 2.870000000000000107 ) ) ;
#1189 = CARTESIAN_POINT ( 'NONE',  ( 3.810000000000000053, 4.679999999999999716, 2.869999999999999662 ) ) ;
#1190 = EDGE_CURVE ( 'NONE', #3704, #3265, #1249, .T. ) ;
#1191 = ORIENTED_EDGE ( 'NONE', *, *, #2796, .F. ) ;
#1192 = FACE_OUTER_BOUND ( 'NONE', #1086, .T. ) ;
#1193 = PRODUCT_DEFINITION_CONTEXT ( 'detailed design', #2321, 'design' ) ;
#1194 = VECTOR ( 'NONE', #1585, 1000.000000000000000 ) ;
#1195 = EDGE_CURVE ( 'NONE', #2386, #2630, #3249, .T. ) ;
#1196 = ADVANCED_FACE ( 'NONE', ( #1555 ), #2466, .F. ) ;
#1197 = ORIENTED_EDGE ( 'NONE', *, *, #1527, .F. ) ;
#1198 = DIRECTION ( 'NONE',  ( -1.000000000000000000, 0.000000000000000000, 0.000000000000000000 ) ) ;
#1199 = LINE ( 'NONE', #611, #2461 ) ;
#1200 = EDGE_CURVE ( 'NONE', #736, #3598, #2413, .T. ) ;
#1201 = ORIENTED_EDGE ( 'NONE', *, *, #2146, .T. ) ;
#1202 = CARTESIAN_POINT ( 'NONE',  ( 4.060000000000000497, 4.543511162150186244, 3.245000000000000107 ) ) ;
#1203 = DIRECTION ( 'NONE',  ( 0.000000000000000000, -1.000000000000000000, 0.000000000000000000 ) ) ;
#1204 = LINE ( 'NONE', #2369, #1028 ) ;
#1205 = ORIENTED_EDGE ( 'NONE', *, *, #1920, .F. ) ;
#1206 = DIRECTION ( 'NONE',  ( -0.5773502691896278405, 0.5773502691896278405, 0.5773502691896216232 ) ) ;
#1207 = VERTEX_POINT ( 'NONE', #1266 ) ;
#1208 = CARTESIAN_POINT ( 'NONE',  ( 3.810000000000000497, -4.989501595336908954E-14, 2.870000000000000107 ) ) ;
#1209 = CARTESIAN_POINT ( 'NONE',  ( -3.810000000000000053, 0.3999999999999501732, 2.870000000000000107 ) ) ;
#1210 = DIRECTION ( 'NONE',  ( 1.000000000000000000, -0.000000000000000000, -0.000000000000000000 ) ) ;
#1211 = PRODUCT_DEFINITION_SHAPE ( 'NONE', 'NONE',  #1090 ) ;
#1212 = EDGE_LOOP ( 'NONE', ( #1309, #2777, #3542, #847 ) ) ;
#1213 = DIRECTION ( 'NONE',  ( 0.000000000000000000, 0.000000000000000000, -1.000000000000000000 ) ) ;
#1214 = DIRECTION ( 'NONE',  ( 0.000000000000000000, 0.000000000000000000, 1.000000000000000000 ) ) ;
#1215 = ORIENTED_EDGE ( 'NONE', *, *, #1483, .F. ) ;
#1216 = VECTOR ( 'NONE', #1720, 1000.000000000000000 ) ;
#1217 = EDGE_CURVE ( 'NONE', #2186, #1331, #3584, .T. ) ;
#1218 = CARTESIAN_POINT ( 'NONE',  ( 3.810000000000000053, 4.679999999999999716, 2.869999999999999662 ) ) ;
#1219 = VECTOR ( 'NONE', #2977, 1000.000000000000000 ) ;
#1220 = ORIENTED_EDGE ( 'NONE', *, *, #3153, .T. ) ;
#1221 =( NAMED_UNIT ( * ) PLANE_ANGLE_UNIT ( ) SI_UNIT ( $, .RADIAN. ) );
#1222 = ADVANCED_FACE ( 'NONE', ( #2114 ), #1229, .F. ) ;
#1223 = LINE ( 'NONE', #636, #1219 ) ;
#1224 = ORIENTED_EDGE ( 'NONE', *, *, #3355, .F. ) ;
#1225 = CARTESIAN_POINT ( 'NONE',  ( 1.270000000000000240, 0.5699999999999559863, 11.36999999999999922 ) ) ;
#1226 = VERTEX_POINT ( 'NONE', #1538 ) ;
#1227 = CARTESIAN_POINT ( 'NONE',  ( 2.239999999999997993, 0.9699999999999578959, 10.09999999999999964 ) ) ;
#1228 = CARTESIAN_POINT ( 'NONE',  ( 4.060000000000000497, 5.079999999999999183, 11.36999999999999922 ) ) ;
#1229 = PLANE ( 'NONE',  #439 ) ;
#1230 = ORIENTED_EDGE ( 'NONE', *, *, #2365, .T. ) ;
#1231 = DIRECTION ( 'NONE',  ( 0.000000000000000000, -0.000000000000000000, 1.000000000000000000 ) ) ;
#1232 = VECTOR ( 'NONE', #1858, 1000.000000000000000 ) ;
#1233 =( NAMED_UNIT ( * ) PLANE_ANGLE_UNIT ( ) SI_UNIT ( $, .RADIAN. ) );
#1234 = ORIENTED_EDGE ( 'NONE', *, *, #3743, .T. ) ;
#1235 = DIRECTION ( 'NONE',  ( 1.000000000000000000, -0.000000000000000000, -0.000000000000000000 ) ) ;
#1236 = VERTEX_POINT ( 'NONE', #2688 ) ;
#1237 = EDGE_CURVE ( 'NONE', #1018, #2978, #642, .T. ) ;
#1238 = AXIS2_PLACEMENT_3D ( 'NONE', #179, #3071, #1684 ) ;
#1239 = DIRECTION ( 'NONE',  ( 0.000000000000000000, -1.000000000000000000, 0.000000000000000000 ) ) ;
#1240 = ORIENTED_EDGE ( 'NONE', *, *, #1546, .T. ) ;
#1241 = CARTESIAN_POINT ( 'NONE',  ( 3.810000000000000053, 5.079999999999999183, 11.36999999999999922 ) ) ;
#1242 = AXIS2_PLACEMENT_3D ( 'NONE', #3504, #1415, #1142 ) ;
#1243 = ORIENTED_EDGE ( 'NONE', *, *, #1704, .T. ) ;
#1244 = EDGE_CURVE ( 'NONE', #390, #1001, #86, .T. ) ;
#1245 = CARTESIAN_POINT ( 'NONE',  ( -4.060000000000000497, -4.989501595336908954E-14, 2.870000000000000107 ) ) ;
#1246 = EDGE_CURVE ( 'NONE', #2252, #2438, #3300, .T. ) ;
#1247 = CARTESIAN_POINT ( 'NONE',  ( 0.2999999999999999889, 3.609999999999999876, 3.245000000000000551 ) ) ;
#1248 = VECTOR ( 'NONE', #735, 1000.000000000000000 ) ;
#1249 = LINE ( 'NONE', #67, #560 ) ;
#1250 = VECTOR ( 'NONE', #416, 1000.000000000000000 ) ;
#1251 = EDGE_LOOP ( 'NONE', ( #2910, #412, #307, #1637 ) ) ;
#1252 = DIRECTION ( 'NONE',  ( 0.3420201433256671031, -0.9396926207859089830, 1.116511540739375110E-16 ) ) ;
#1253 =( NAMED_UNIT ( * ) SI_UNIT ( $, .STERADIAN. ) SOLID_ANGLE_UNIT ( ) );
#1254 = AXIS2_PLACEMENT_3D ( 'NONE', #2325, #3478, #3733 ) ;
#1255 = VERTEX_POINT ( 'NONE', #435 ) ;
#1256 = AXIS2_PLACEMENT_3D ( 'NONE', #3114, #2832, #3170 ) ;
#1257 = FILL_AREA_STYLE ('',( #358 ) ) ;
#1258 = ORIENTED_EDGE ( 'NONE', *, *, #1454, .F. ) ;
#1259 = CARTESIAN_POINT ( 'NONE',  ( -4.060000000000000497, 5.079999999999999183, 11.36999999999999922 ) ) ;
#1260 = EDGE_CURVE ( 'NONE', #1374, #594, #2260, .T. ) ;
#1261 = CARTESIAN_POINT ( 'NONE',  ( 3.810000000000000497, 5.079999999999999183, 11.36999999999999922 ) ) ;
#1262 = EDGE_LOOP ( 'NONE', ( #1336, #3262, #3173, #3204 ) ) ;
#1263 = LINE ( 'NONE', #960, #2161 ) ;
#1264 = DIRECTION ( 'NONE',  ( 1.000000000000000000, -0.000000000000000000, -0.000000000000000000 ) ) ;
#1265 = ADVANCED_FACE ( 'NONE', ( #2223, #3129, #1914 ), #1938, .F. ) ;
#1266 = CARTESIAN_POINT ( 'NONE',  ( -1.269999999999999796, 5.079999999999999183, 11.36999999999999922 ) ) ;
#1267 = ORIENTED_EDGE ( 'NONE', *, *, #697, .F. ) ;
#1268 = VERTEX_POINT ( 'NONE', #733 ) ;
#1269 = DIRECTION ( 'NONE',  ( 0.000000000000000000, -1.084202172485506603E-15, 1.000000000000000000 ) ) ;
#1270 = EDGE_CURVE ( 'NONE', #710, #33, #3686, .T. ) ;
#1271 = ORIENTED_EDGE ( 'NONE', *, *, #3409, .T. ) ;
#1272 = CARTESIAN_POINT ( 'NONE',  ( 3.810000000000000497, 1.969999999999959561, 11.36999999999999922 ) ) ;
#1273 = PRODUCT_DEFINITION_SHAPE ( 'NONE', 'NONE',  #3783 ) ;
#1274 = FACE_OUTER_BOUND ( 'NONE', #861, .T. ) ;
#1275 = ORIENTED_EDGE ( 'NONE', *, *, #3221, .T. ) ;
#1276 = AXIS2_PLACEMENT_3D ( 'NONE', #2053, #270, #291 ) ;
#1277 = DIRECTION ( 'NONE',  ( 0.000000000000000000, 1.000000000000000000, -1.082302103395239435E-16 ) ) ;
#1278 = LINE ( 'NONE', #1532, #2637 ) ;
#1279 = VERTEX_POINT ( 'NONE', #2520 ) ;
#1280 = PLANE ( 'NONE',  #2643 ) ;
#1281 = LINE ( 'NONE', #979, #2717 ) ;
#1282 = AXIS2_PLACEMENT_3D ( 'NONE', #2599, #1980, #1687 ) ;
#1283 = DIRECTION ( 'NONE',  ( 1.000000000000000000, 0.000000000000000000, 0.000000000000000000 ) ) ;
#1284 = ORIENTED_EDGE ( 'NONE', *, *, #1459, .F. ) ;
#1285 = CARTESIAN_POINT ( 'NONE',  ( -1.269999999999999796, 4.679999999999999716, 2.869999999999999662 ) ) ;
#1286 = EDGE_CURVE ( 'NONE', #3357, #3395, #475, .T. ) ;
#1287 =( NAMED_UNIT ( * ) PLANE_ANGLE_UNIT ( ) SI_UNIT ( $, .RADIAN. ) );
#1288 = PRESENTATION_LAYER_ASSIGNMENT (  '', '', ( #2025 ) ) ;
#1289 = ORIENTED_EDGE ( 'NONE', *, *, #557, .F. ) ;
#1290 = EDGE_LOOP ( 'NONE', ( #1902, #2693, #1072, #3526 ) ) ;
#1291 = FACE_OUTER_BOUND ( 'NONE', #2210, .T. ) ;
#1292 = ADVANCED_FACE ( 'NONE', ( #237 ), #754, .F. ) ;
#1293 = CARTESIAN_POINT ( 'NONE',  ( 1.270000000000000240, 0.5364888378497735255, 3.245000000000000551 ) ) ;
#1294 = ORIENTED_EDGE ( 'NONE', *, *, #784, .F. ) ;
#1295 = CARTESIAN_POINT ( 'NONE',  ( -3.810000000000000053, 5.079999999999999183, 2.870000000000000107 ) ) ;
#1296 = PLANE ( 'NONE',  #2153 ) ;
#1297 = VERTEX_POINT ( 'NONE', #2847 ) ;
#1298 = LINE ( 'NONE', #1535, #2347 ) ;
#1299 = CARTESIAN_POINT ( 'NONE',  ( 1.270000000000000240, 4.510000000000014886, 11.36999999999999922 ) ) ;
#1300 = AXIS2_PLACEMENT_3D ( 'NONE', #3111, #493, #1999 ) ;
#1301 = DIRECTION ( 'NONE',  ( 0.000000000000000000, 0.000000000000000000, -1.000000000000000000 ) ) ;
#1302 = MECHANICAL_DESIGN_GEOMETRIC_PRESENTATION_REPRESENTATION (  '', ( #563 ), #1549 ) ;
#1303 = FACE_OUTER_BOUND ( 'NONE', #81, .T. ) ;
#1304 = CARTESIAN_POINT ( 'NONE',  ( 0.3000000000000012101, 3.510000000000013110, 10.09999999999999964 ) ) ;
#1305 = CONTEXT_DEPENDENT_SHAPE_REPRESENTATION ( #2770, #1760 ) ;
#1306 = AXIS2_PLACEMENT_3D ( 'NONE', #3621, #1894, #655 ) ;
#1307 = EDGE_CURVE ( 'NONE', #741, #286, #2763, .T. ) ;
#1308 = ORIENTED_EDGE ( 'NONE', *, *, #3643, .F. ) ;
#1309 = ORIENTED_EDGE ( 'NONE', *, *, #2452, .F. ) ;
#1310 = CARTESIAN_POINT ( 'NONE',  ( 3.810000000000000497, 0.000000000000000000, 0.000000000000000000 ) ) ;
#1311 = VECTOR ( 'NONE', #537, 1000.000000000000000 ) ;
#1312 = CARTESIAN_POINT ( 'NONE',  ( -3.810000000000000053, 0.3999999999999501732, 2.870000000000000107 ) ) ;
#1313 = ADVANCED_FACE ( 'NONE', ( #2785 ), #160, .F. ) ;
#1314 = ORIENTED_EDGE ( 'NONE', *, *, #2873, .T. ) ;
#1315 = VECTOR ( 'NONE', #3538, 1000.000000000000000 ) ;
#1316 = CARTESIAN_POINT ( 'NONE',  ( 4.060000000000000497, 0.3999999999999501732, 2.870000000000000107 ) ) ;
#1317 = EDGE_CURVE ( 'NONE', #3502, #2330, #2502, .T. ) ;
#1318 = DIRECTION ( 'NONE',  ( -1.000000000000000000, -0.000000000000000000, -0.000000000000000000 ) ) ;
#1319 = ORIENTED_EDGE ( 'NONE', *, *, #2566, .T. ) ;
#1320 = CARTESIAN_POINT ( 'NONE',  ( -0.2999999999999999889, 3.609999999999999876, 3.245000000000000551 ) ) ;
#1321 = CARTESIAN_POINT ( 'NONE',  ( -1.269999999999999796, 0.3999999999999501732, 2.870000000000000107 ) ) ;
#1322 =( NAMED_UNIT ( * ) SI_UNIT ( $, .STERADIAN. ) SOLID_ANGLE_UNIT ( ) );
#1323 = DIRECTION ( 'NONE',  ( 0.000000000000000000, 0.000000000000000000, -1.000000000000000000 ) ) ;
#1324 = CARTESIAN_POINT ( 'NONE',  ( 1.270000000000000240, 0.5364888378497735255, 3.245000000000000551 ) ) ;
#1325 = DIRECTION ( 'NONE',  ( 0.000000000000000000, -1.000000000000000000, 0.000000000000000000 ) ) ;
#1326 = CLOSED_SHELL ( 'NONE', ( #2779, #2704, #3312, #1408, #3500, #289, #3475, #1809, #2747, #11, #1075, #1292, #3693, #3177, #2085, #2991, #2247, #2712, #2092, #538, #1542, #3330, #645, #3666, #1808, #1586, #1849, #2275 ) ) ;
#1327 = VERTEX_POINT ( 'NONE', #793 ) ;
#1328 = ORIENTED_EDGE ( 'NONE', *, *, #1827, .T. ) ;
#1329 = DIRECTION ( 'NONE',  ( -1.000000000000000000, 0.000000000000000000, -0.000000000000000000 ) ) ;
#1330 = CARTESIAN_POINT ( 'NONE',  ( -2.840000000000002078, 1.569999999999957652, 10.97000000000000242 ) ) ;
#1331 = VERTEX_POINT ( 'NONE', #199 ) ;
#1332 = ORIENTED_EDGE ( 'NONE', *, *, #2346, .F. ) ;
#1333 = EDGE_CURVE ( 'NONE', #464, #2252, #1977, .T. ) ;
#1334 = FACE_OUTER_BOUND ( 'NONE', #1138, .T. ) ;
#1335 = DIRECTION ( 'NONE',  ( -0.000000000000000000, 0.9396926207859185309, 0.3420201433256411794 ) ) ;
#1336 = ORIENTED_EDGE ( 'NONE', *, *, #3496, .T. ) ;
#1337 = DIRECTION ( 'NONE',  ( 1.000000000000000000, 0.000000000000000000, 0.000000000000000000 ) ) ;
#1338 = LINE ( 'NONE', #2500, #283 ) ;
#1339 = EDGE_CURVE ( 'NONE', #3301, #2703, #3399, .T. ) ;
#1340 = FILL_AREA_STYLE_COLOUR ( '', #3676 ) ;
#1341 = CARTESIAN_POINT ( 'NONE',  ( 2.239999999999997993, 1.569999999999957652, 10.97000000000000242 ) ) ;
#1342 = DIRECTION ( 'NONE',  ( 1.000000000000000000, 0.000000000000000000, 0.000000000000000000 ) ) ;
#1343 = ORIENTED_EDGE ( 'NONE', *, *, #1359, .T. ) ;
#1344 = LINE ( 'NONE', #3587, #1737 ) ;
#1345 = EDGE_LOOP ( 'NONE', ( #3324, #2124, #2494, #1550 ) ) ;
#1346 = ORIENTED_EDGE ( 'NONE', *, *, #3289, .T. ) ;
#1347 = FACE_BOUND ( 'NONE', #821, .T. ) ;
#1348 = LINE ( 'NONE', #206, #2272 ) ;
#1349 = ORIENTED_EDGE ( 'NONE', *, *, #3591, .F. ) ;
#1350 = VECTOR ( 'NONE', #1988, 1000.000000000000000 ) ;
#1351 = CARTESIAN_POINT ( 'NONE',  ( -3.240000000000004210, 0.5699999999999559863, 11.36999999999999922 ) ) ;
#1352 = FACE_OUTER_BOUND ( 'NONE', #3006, .T. ) ;
#1353 = ADVANCED_FACE ( 'NONE', ( #770 ), #3356, .T. ) ;
#1354 = VERTEX_POINT ( 'NONE', #1403 ) ;
#1355 = DIRECTION ( 'NONE',  ( 0.000000000000000000, -1.000000000000000000, 0.000000000000000000 ) ) ;
#1356 = CARTESIAN_POINT ( 'NONE',  ( 2.840000000000001190, 1.569999999999957652, 10.09999999999999964 ) ) ;
#1357 = SURFACE_SIDE_STYLE ('',( #1662 ) ) ;
#1358 = DIRECTION ( 'NONE',  ( 0.000000000000000000, -1.000000000000000000, 1.188166764367676095E-16 ) ) ;
#1359 = EDGE_CURVE ( 'NONE', #3628, #3675, #457, .T. ) ;
#1360 = ADVANCED_FACE ( 'NONE', ( #1956 ), #3726, .F. ) ;
#1361 = ORIENTED_EDGE ( 'NONE', *, *, #3171, .F. ) ;
#1362 = FACE_OUTER_BOUND ( 'NONE', #2152, .T. ) ;
#1363 = ORIENTED_EDGE ( 'NONE', *, *, #2503, .F. ) ;
#1364 = FACE_OUTER_BOUND ( 'NONE', #145, .T. ) ;
#1365 = AXIS2_PLACEMENT_3D ( 'NONE', #2743, #657, #2127 ) ;
#1366 = EDGE_CURVE ( 'NONE', #3371, #1599, #2556, .T. ) ;
#1367 = AXIS2_PLACEMENT_3D ( 'NONE', #1064, #1022, #236 ) ;
#1368 = VERTEX_POINT ( 'NONE', #3703 ) ;
#1369 = ORIENTED_EDGE ( 'NONE', *, *, #3109, .T. ) ;
#1370 = CARTESIAN_POINT ( 'NONE',  ( 0.2999999999999999889, 1.069999999999999840, 2.040000000000000036 ) ) ;
#1371 = AXIS2_PLACEMENT_3D ( 'NONE', #3074, #3091, #3150 ) ;
#1372 = CARTESIAN_POINT ( 'NONE',  ( 1.270000000000000240, 4.543511162150186244, 3.245000000000000107 ) ) ;
#1373 = VECTOR ( 'NONE', #2610, 1000.000000000000000 ) ;
#1374 = VERTEX_POINT ( 'NONE', #1107 ) ;
#1375 = DIRECTION ( 'NONE',  ( -0.000000000000000000, -0.3420201433256628842, -0.9396926207859104263 ) ) ;
#1376 = DIRECTION ( 'NONE',  ( 0.000000000000000000, 1.000000000000000000, -1.188166764367676095E-16 ) ) ;
#1377 = EDGE_LOOP ( 'NONE', ( #1464, #2217, #1197, #2622 ) ) ;
#1378 = CARTESIAN_POINT ( 'NONE',  ( -0.1908089297201394641, -3.149999999999999911, 1.470000000000000639 ) ) ;
#1379 = LINE ( 'NONE', #3127, #37 ) ;
#1380 = CARTESIAN_POINT ( 'NONE',  ( -1.269999999999999796, 3.110000000000010978, 11.36999999999999922 ) ) ;
#1381 = VECTOR ( 'NONE', #3663, 1000.000000000000000 ) ;
#1382 = SHAPE_REPRESENTATION ( 'Pin - Tin', ( #881 ), #1559 ) ;
#1383 = ORIENTED_EDGE ( 'NONE', *, *, #3643, .T. ) ;
#1384 = DIRECTION ( 'NONE',  ( -0.000000000000000000, 1.000000000000000000, 0.000000000000000000 ) ) ;
#1385 = DIRECTION ( 'NONE',  ( 1.000000000000000000, 0.000000000000000000, 0.000000000000000000 ) ) ;
#1386 = CARTESIAN_POINT ( 'NONE',  ( -4.060000000000000497, 4.543511162150186244, 3.245000000000000107 ) ) ;
#1387 = ITEM_DEFINED_TRANSFORMATION ( 'NONE', 'NONE', #1062,  #881 ) ;
#1388 = ADVANCED_FACE ( 'NONE', ( #1085, #1458, #2033 ), #1165, .F. ) ;
#1389 = ORIENTED_EDGE ( 'NONE', *, *, #1553, .F. ) ;
#1390 = ORIENTED_EDGE ( 'NONE', *, *, #2365, .F. ) ;
#1391 = DIRECTION ( 'NONE',  ( 1.000000000000000000, 0.000000000000000000, 0.000000000000000000 ) ) ;
#1392 = ADVANCED_FACE ( 'NONE', ( #2055 ), #3205, .F. ) ;
#1393 = VECTOR ( 'NONE', #1643, 999.9999999999998863 ) ;
#1394 = DIRECTION ( 'NONE',  ( -0.000000000000000000, -0.3420201433256628842, -0.9396926207859104263 ) ) ;
#1395 = ORIENTED_EDGE ( 'NONE', *, *, #2892, .T. ) ;
#1396 = CARTESIAN_POINT ( 'NONE',  ( 0.2999999999999999889, 0.5000000000000000000, -1.470000000000000195 ) ) ;
#1397 = DIRECTION ( 'NONE',  ( -0.000000000000000000, 1.000000000000000000, 0.000000000000000000 ) ) ;
#1398 = ADVANCED_BREP_SHAPE_REPRESENTATION ( '', ( #1957, #1978, #3228, #1962, #3304, #881 ), #933 ) ;
#1399 = ORIENTED_EDGE ( 'NONE', *, *, #1190, .F. ) ;
#1400 = LINE ( 'NONE', #1621, #2891 ) ;
#1401 = CARTESIAN_POINT ( 'NONE',  ( 3.810000000000000497, 0.000000000000000000, 11.36999999999999922 ) ) ;
#1402 = CARTESIAN_POINT ( 'NONE',  ( -2.239999999999998881, 4.110000000000012754, 10.09999999999999964 ) ) ;
#1403 = CARTESIAN_POINT ( 'NONE',  ( -3.810000000000000053, -4.989501595336908954E-14, 2.870000000000000107 ) ) ;
#1404 = DIRECTION ( 'NONE',  ( 0.000000000000000000, -0.000000000000000000, 1.000000000000000000 ) ) ;
#1405 = DIRECTION ( 'NONE',  ( 0.000000000000000000, 0.000000000000000000, 1.000000000000000000 ) ) ;
#1406 = AXIS2_PLACEMENT_3D ( 'NONE', #2358, #1187, #876 ) ;
#1407 = ORIENTED_EDGE ( 'NONE', *, *, #3409, .F. ) ;
#1408 = ADVANCED_FACE ( 'NONE', ( #2862 ), #2317, .F. ) ;
#1409 = ORIENTED_EDGE ( 'NONE', *, *, #945, .T. ) ;
#1410 = DIRECTION ( 'NONE',  ( 0.000000000000000000, -1.000000000000000000, 0.000000000000000000 ) ) ;
#1411 = ADVANCED_FACE ( 'NONE', ( #546 ), #292, .F. ) ;
#1412 = EDGE_CURVE ( 'NONE', #2427, #519, #3365, .T. ) ;
#1413 = VERTEX_POINT ( 'NONE', #3184 ) ;
#1414 = CARTESIAN_POINT ( 'NONE',  ( -4.060000000000000497, 0.000000000000000000, 0.000000000000000000 ) ) ;
#1415 = DIRECTION ( 'NONE',  ( 0.000000000000000000, -1.000000000000000000, 0.000000000000000000 ) ) ;
#1416 = ORIENTED_EDGE ( 'NONE', *, *, #58, .T. ) ;
#1417 = FACE_OUTER_BOUND ( 'NONE', #1014, .T. ) ;
#1418 = CARTESIAN_POINT ( 'NONE',  ( -0.3000000000000020983, 0.9699999999999578959, 10.97000000000000242 ) ) ;
#1419 = DIRECTION ( 'NONE',  ( 0.000000000000000000, -5.870001876866951339E-15, -1.000000000000000000 ) ) ;
#1420 = CARTESIAN_POINT ( 'NONE',  ( -0.3000000000000020983, 4.110000000000012754, 10.09999999999999964 ) ) ;
#1421 = PLANE ( 'NONE',  #91 ) ;
#1422 = CARTESIAN_POINT ( 'NONE',  ( -0.3000000000000020983, 0.9699999999999578959, 10.97000000000000242 ) ) ;
#1423 =( LENGTH_UNIT ( ) NAMED_UNIT ( * ) SI_UNIT ( .MILLI., .METRE. ) );
#1424 = EDGE_LOOP ( 'NONE', ( #2361, #230, #1541, #3753, #2227, #2601, #967, #2970 ) ) ;
#1425 = ORIENTED_EDGE ( 'NONE', *, *, #668, .F. ) ;
#1426 = CARTESIAN_POINT ( 'NONE',  ( -0.2999999999999999889, 3.040000000000000036, -1.470000000000000195 ) ) ;
#1427 = SHAPE_REPRESENTATION ( 'PPPC022LJBN-RC_C03', ( #881 ), #933 ) ;
#1428 = EDGE_CURVE ( 'NONE', #480, #639, #271, .T. ) ;
#1429 = VECTOR ( 'NONE', #2242, 1000.000000000000000 ) ;
#1430 = ORIENTED_EDGE ( 'NONE', *, *, #2851, .F. ) ;
#1431 =( GEOMETRIC_REPRESENTATION_CONTEXT ( 3 ) GLOBAL_UNCERTAINTY_ASSIGNED_CONTEXT ( ( #2439 ) ) GLOBAL_UNIT_ASSIGNED_CONTEXT ( ( #2501, #3624, #3375 ) ) REPRESENTATION_CONTEXT ( 'NONE', 'WORKASPACE' ) );
#1432 = CARTESIAN_POINT ( 'NONE',  ( -3.810000000000000053, 0.5364888378497735255, 3.245000000000000551 ) ) ;
#1433 = CARTESIAN_POINT ( 'NONE',  ( 3.810000000000000497, 4.679999999999999716, 2.869999999999999662 ) ) ;
#1434 = VECTOR ( 'NONE', #3372, 1000.000000000000000 ) ;
#1435 = EDGE_LOOP ( 'NONE', ( #2841, #3073, #1863, #1144 ) ) ;
#1436 = LINE ( 'NONE', #3218, #2830 ) ;
#1437 = AXIS2_PLACEMENT_3D ( 'NONE', #521, #2870, #3692 ) ;
#1438 = EDGE_CURVE ( 'NONE', #2927, #741, #3739, .T. ) ;
#1439 = FACE_OUTER_BOUND ( 'NONE', #128, .T. ) ;
#1440 = LINE ( 'NONE', #1779, #2881 ) ;
#1441 = VECTOR ( 'NONE', #680, 1000.000000000000000 ) ;
#1442 = ORIENTED_EDGE ( 'NONE', *, *, #3764, .F. ) ;
#1443 = CARTESIAN_POINT ( 'NONE',  ( 3.810000000000000053, 0.3999999999999501732, 2.870000000000000107 ) ) ;
#1444 = LINE ( 'NONE', #494, #1451 ) ;
#1445 = LINE ( 'NONE', #1154, #3627 ) ;
#1446 = EDGE_LOOP ( 'NONE', ( #2620, #679, #740, #2012 ) ) ;
#1447 = EDGE_LOOP ( 'NONE', ( #203, #1346, #871, #1486 ) ) ;
#1448 = DIRECTION ( 'NONE',  ( 0.000000000000000000, -0.3420201433256628842, -0.9396926207859104263 ) ) ;
#1449 = ORIENTED_EDGE ( 'NONE', *, *, #3388, .T. ) ;
#1450 = CARTESIAN_POINT ( 'NONE',  ( 4.060000000000000497, 0.3999999999999501732, 2.870000000000000107 ) ) ;
#1451 = VECTOR ( 'NONE', #1724, 1000.000000000000114 ) ;
#1452 = DIRECTION ( 'NONE',  ( 1.000000000000000000, 0.000000000000000000, -0.000000000000000000 ) ) ;
#1453 = ORIENTED_EDGE ( 'NONE', *, *, #2452, .T. ) ;
#1454 = EDGE_CURVE ( 'NONE', #1297, #1514, #1742, .T. ) ;
#1455 = LINE ( 'NONE', #3181, #1857 ) ;
#1456 = DIRECTION ( 'NONE',  ( 0.000000000000000000, -0.7071067811865436870, -0.7071067811865513475 ) ) ;
#1457 = ORIENTED_EDGE ( 'NONE', *, *, #189, .T. ) ;
#1458 = FACE_BOUND ( 'NONE', #3775, .T. ) ;
#1459 = EDGE_CURVE ( 'NONE', #2277, #1354, #3489, .T. ) ;
#1460 = FACE_OUTER_BOUND ( 'NONE', #937, .T. ) ;
#1461 = CARTESIAN_POINT ( 'NONE',  ( 0.2999999999999999889, 0.5000000000000000000, -1.470000000000000195 ) ) ;
#1462 = PLANE ( 'NONE',  #3320 ) ;
#1463 = DIRECTION ( 'NONE',  ( 0.000000000000000000, -1.084202172485506406E-15, 1.000000000000000000 ) ) ;
#1464 = ORIENTED_EDGE ( 'NONE', *, *, #2827, .T. ) ;
#1465 = VERTEX_POINT ( 'NONE', #308 ) ;
#1466 = CARTESIAN_POINT ( 'NONE',  ( -2.840000000000002078, 4.110000000000012754, 10.97000000000000242 ) ) ;
#1467 = ORIENTED_EDGE ( 'NONE', *, *, #1708, .F. ) ;
#1468 = CARTESIAN_POINT ( 'NONE',  ( -1.269999999999999796, 5.079999999999999183, 11.36999999999999922 ) ) ;
#1469 = DIRECTION ( 'NONE',  ( -0.5773502691896278405, 0.5773502691896278405, 0.5773502691896216232 ) ) ;
#1470 = EDGE_LOOP ( 'NONE', ( #2835, #2079, #776, #3752 ) ) ;
#1471 = DIRECTION ( 'NONE',  ( 0.000000000000000000, -0.3420201433256412349, 0.9396926207859185309 ) ) ;
#1472 = CARTESIAN_POINT ( 'NONE',  ( 1.270000000000000240, 0.000000000000000000, 11.36999999999999922 ) ) ;
#1473 = VECTOR ( 'NONE', #2481, 1000.000000000000000 ) ;
#1474 = FACE_OUTER_BOUND ( 'NONE', #2135, .T. ) ;
#1475 = ORIENTED_EDGE ( 'NONE', *, *, #2430, .T. ) ;
#1476 = EDGE_CURVE ( 'NONE', #3675, #3461, #1477, .T. ) ;
#1477 = LINE ( 'NONE', #46, #263 ) ;
#1478 = COLOUR_RGB ( '',0.7921568627450980005, 0.8196078431372548767, 0.9333333333333333481 ) ;
#1479 = DIRECTION ( 'NONE',  ( 1.000000000000000000, 0.000000000000000000, 0.000000000000000000 ) ) ;
#1480 = DIRECTION ( 'NONE',  ( -1.000000000000000000, -0.000000000000000000, -0.000000000000000000 ) ) ;
#1481 = DIRECTION ( 'NONE',  ( -0.000000000000000000, -0.000000000000000000, 1.000000000000000000 ) ) ;
#1482 = AXIS2_PLACEMENT_3D ( 'NONE', #2925, #1463, #351 ) ;
#1483 = EDGE_CURVE ( 'NONE', #111, #3570, #2631, .T. ) ;
#1484 = FACE_OUTER_BOUND ( 'NONE', #3305, .T. ) ;
#1485 = EDGE_CURVE ( 'NONE', #2948, #390, #905, .T. ) ;
#1486 = ORIENTED_EDGE ( 'NONE', *, *, #2043, .T. ) ;
#1487 = CARTESIAN_POINT ( 'NONE',  ( -0.1908089297201392698, -3.149999999999999911, -1.069999999999999618 ) ) ;
#1488 = EDGE_CURVE ( 'NONE', #1255, #3217, #3511, .T. ) ;
#1489 = ORIENTED_EDGE ( 'NONE', *, *, #1925, .T. ) ;
#1490 = VECTOR ( 'NONE', #2421, 1000.000000000000000 ) ;
#1491 = CARTESIAN_POINT ( 'NONE',  ( -1.269999999999999796, 5.079999999999999183, 11.36999999999999922 ) ) ;
#1492 = VECTOR ( 'NONE', #846, 1000.000000000000000 ) ;
#1493 = VERTEX_POINT ( 'NONE', #2302 ) ;
#1494 = CARTESIAN_POINT ( 'NONE',  ( -2.239999999999998881, 1.569999999999957652, 10.09999999999999964 ) ) ;
#1495 = VECTOR ( 'NONE', #3485, 1000.000000000000000 ) ;
#1496 = LINE ( 'NONE', #2154, #483 ) ;
#1497 = ORIENTED_EDGE ( 'NONE', *, *, #903, .T. ) ;
#1498 = CARTESIAN_POINT ( 'NONE',  ( -2.239999999999998881, 3.510000000000013110, 10.09999999999999964 ) ) ;
#1499 = CARTESIAN_POINT ( 'NONE',  ( -2.840000000000002078, 4.110000000000012754, 10.09999999999999964 ) ) ;
#1500 = VECTOR ( 'NONE', #298, 1000.000000000000000 ) ;
#1501 = LINE ( 'NONE', #855, #3264 ) ;
#1502 = DIRECTION ( 'NONE',  ( 0.000000000000000000, -1.000000000000000000, 0.000000000000000000 ) ) ;
#1503 = VECTOR ( 'NONE', #700, 1000.000000000000000 ) ;
#1504 = EDGE_LOOP ( 'NONE', ( #543, #299, #3717, #1102, #2396, #1711, #2795, #2246 ) ) ;
#1505 = CARTESIAN_POINT ( 'NONE',  ( 2.840000000000001190, 3.510000000000013110, 10.97000000000000242 ) ) ;
#1506 = SHAPE_DEFINITION_REPRESENTATION ( #3578, #1427 ) ;
#1507 = VECTOR ( 'NONE', #641, 1000.000000000000000 ) ;
#1508 = ORIENTED_EDGE ( 'NONE', *, *, #3355, .T. ) ;
#1509 = ADVANCED_FACE ( 'NONE', ( #2575 ), #3746, .T. ) ;
#1510 = DIRECTION ( 'NONE',  ( 1.000000000000000000, 0.000000000000000000, -0.000000000000000000 ) ) ;
#1511 = EDGE_LOOP ( 'NONE', ( #92, #2918, #3612, #3515 ) ) ;
#1512 = PLANE ( 'NONE',  #2170 ) ;
#1513 = CARTESIAN_POINT ( 'NONE',  ( 0.2999999999999999889, 1.069999999999999840, 2.040000000000000036 ) ) ;
#1514 = VERTEX_POINT ( 'NONE', #3167 ) ;
#1515 = DIRECTION ( 'NONE',  ( 0.000000000000000000, 1.000000000000000000, 0.000000000000000000 ) ) ;
#1516 = ORIENTED_EDGE ( 'NONE', *, *, #40, .T. ) ;
#1517 = CARTESIAN_POINT ( 'NONE',  ( 3.810000000000000053, 0.3999999999999501732, 2.870000000000000107 ) ) ;
#1518 = CARTESIAN_POINT ( 'NONE',  ( 3.810000000000000497, 0.000000000000000000, 11.36999999999999922 ) ) ;
#1519 = DIRECTION ( 'NONE',  ( -0.000000000000000000, -0.000000000000000000, 1.000000000000000000 ) ) ;
#1520 = PRODUCT ( 'PPTC031LGBN-RC', 'PPTC031LGBN-RC', '', ( #3572 ) ) ;
#1521 = ORIENTED_EDGE ( 'NONE', *, *, #399, .T. ) ;
#1522 = LINE ( 'NONE', #2928, #3135 ) ;
#1523 = EDGE_CURVE ( 'NONE', #994, #2543, #1440, .T. ) ;
#1524 = ORIENTED_EDGE ( 'NONE', *, *, #334, .F. ) ;
#1525 = LINE ( 'NONE', #75, #427 ) ;
#1526 = ADVANCED_FACE ( 'NONE', ( #2597 ), #324, .F. ) ;
#1527 = EDGE_CURVE ( 'NONE', #2327, #1669, #3541, .T. ) ;
#1528 = AXIS2_PLACEMENT_3D ( 'NONE', #3473, #274, #1167 ) ;
#1529 = ORIENTED_EDGE ( 'NONE', *, *, #2855, .F. ) ;
#1530 = CARTESIAN_POINT ( 'NONE',  ( 2.840000000000001190, 3.510000000000013110, 10.09999999999999964 ) ) ;
#1531 = ORIENTED_EDGE ( 'NONE', *, *, #1824, .F. ) ;
#1532 = CARTESIAN_POINT ( 'NONE',  ( 1.270000000000000240, 4.679999999999999716, 2.869999999999999662 ) ) ;
#1533 = EDGE_LOOP ( 'NONE', ( #2853, #1922, #3484, #988 ) ) ;
#1534 = VECTOR ( 'NONE', #1734, 1000.000000000000000 ) ;
#1535 = CARTESIAN_POINT ( 'NONE',  ( 3.810000000000000497, -4.989501595336908954E-14, 2.870000000000000107 ) ) ;
#1536 = CARTESIAN_POINT ( 'NONE',  ( 3.810000000000000497, 0.5364888378497735255, 3.245000000000000551 ) ) ;
#1537 = AXIS2_PLACEMENT_3D ( 'NONE', #3082, #2212, #1888 ) ;
#1538 = CARTESIAN_POINT ( 'NONE',  ( -1.269999999999999796, 0.000000000000000000, 11.36999999999999922 ) ) ;
#1539 = VERTEX_POINT ( 'NONE', #1241 ) ;
#1540 = FACE_OUTER_BOUND ( 'NONE', #2409, .T. ) ;
#1541 = ORIENTED_EDGE ( 'NONE', *, *, #1640, .F. ) ;
#1542 = ADVANCED_FACE ( 'NONE', ( #691 ), #3030, .F. ) ;
#1543 = DIRECTION ( 'NONE',  ( 1.000000000000000000, 0.000000000000000000, 0.000000000000000000 ) ) ;
#1544 = ORIENTED_EDGE ( 'NONE', *, *, #3545, .T. ) ;
#1545 = VECTOR ( 'NONE', #568, 1000.000000000000000 ) ;
#1546 = EDGE_CURVE ( 'NONE', #2021, #895, #80, .T. ) ;
#1547 = DIRECTION ( 'NONE',  ( 1.000000000000000000, 0.000000000000000000, 0.000000000000000000 ) ) ;
#1548 = DIRECTION ( 'NONE',  ( 0.7071067811865436870, 0.000000000000000000, -0.7071067811865513475 ) ) ;
#1549 =( GEOMETRIC_REPRESENTATION_CONTEXT ( 3 ) GLOBAL_UNCERTAINTY_ASSIGNED_CONTEXT ( ( #2269 ) ) GLOBAL_UNIT_ASSIGNED_CONTEXT ( ( #3414, #3110, #197 ) ) REPRESENTATION_CONTEXT ( 'NONE', 'WORKASPACE' ) );
#1550 = ORIENTED_EDGE ( 'NONE', *, *, #2635, .F. ) ;
#1551 = CARTESIAN_POINT ( 'NONE',  ( 1.270000000000000240, 0.5364888378497735255, 3.245000000000000551 ) ) ;
#1552 = DIRECTION ( 'NONE',  ( 0.000000000000000000, -1.000000000000000000, -1.084202172485506603E-15 ) ) ;
#1553 = EDGE_CURVE ( 'NONE', #208, #3620, #347, .T. ) ;
#1554 = VECTOR ( 'NONE', #3033, 1000.000000000000000 ) ;
#1555 = FACE_OUTER_BOUND ( 'NONE', #823, .T. ) ;
#1556 = VECTOR ( 'NONE', #742, 1000.000000000000000 ) ;
#1557 = ORIENTED_EDGE ( 'NONE', *, *, #1594, .T. ) ;
#1558 = DIRECTION ( 'NONE',  ( 0.000000000000000000, 0.7071067811865436870, -0.7071067811865513475 ) ) ;
#1559 =( GEOMETRIC_REPRESENTATION_CONTEXT ( 3 ) GLOBAL_UNCERTAINTY_ASSIGNED_CONTEXT ( ( #2987 ) ) GLOBAL_UNIT_ASSIGNED_CONTEXT ( ( #344, #1221, #1815 ) ) REPRESENTATION_CONTEXT ( 'NONE', 'WORKASPACE' ) );
#1560 = ORIENTED_EDGE ( 'NONE', *, *, #1784, .T. ) ;
#1561 = DIRECTION ( 'NONE',  ( 1.000000000000000000, 0.000000000000000000, 0.000000000000000000 ) ) ;
#1562 = ORIENTED_EDGE ( 'NONE', *, *, #3716, .T. ) ;
#1563 = DIRECTION ( 'NONE',  ( 1.000000000000000000, 0.000000000000000000, 0.000000000000000000 ) ) ;
#1564 = DIRECTION ( 'NONE',  ( -0.000000000000000000, 0.000000000000000000, 1.000000000000000000 ) ) ;
#1565 = ADVANCED_FACE ( 'NONE', ( #2407 ), #414, .F. ) ;
#1566 = ORIENTED_EDGE ( 'NONE', *, *, #2270, .T. ) ;
#1567 = DIRECTION ( 'NONE',  ( -0.000000000000000000, -0.000000000000000000, 1.000000000000000000 ) ) ;
#1568 = CARTESIAN_POINT ( 'NONE',  ( 1.270000000000000240, 0.000000000000000000, 11.36999999999999922 ) ) ;
#1569 = CARTESIAN_POINT ( 'NONE',  ( -0.2999999999999999889, 4.009999999999999787, 3.245000000000000551 ) ) ;
#1570 = EDGE_CURVE ( 'NONE', #3025, #1255, #941, .T. ) ;
#1571 = VERTEX_POINT ( 'NONE', #3619 ) ;
#1572 = DIRECTION ( 'NONE',  ( 0.000000000000000000, 1.000000000000000000, 0.000000000000000000 ) ) ;
#1573 = DIRECTION ( 'NONE',  ( 1.000000000000000000, 0.000000000000000000, 0.000000000000000000 ) ) ;
#1574 = ORIENTED_EDGE ( 'NONE', *, *, #3285, .F. ) ;
#1575 = ORIENTED_EDGE ( 'NONE', *, *, #1553, .T. ) ;
#1576 = PLANE ( 'NONE',  #875 ) ;
#1577 = PLANE ( 'NONE',  #134 ) ;
#1578 = ORIENTED_EDGE ( 'NONE', *, *, #1476, .F. ) ;
#1579 = AXIS2_PLACEMENT_3D ( 'NONE', #3767, #1777, #2315 ) ;
#1580 = LINE ( 'NONE', #2817, #1709 ) ;
#1581 = AXIS2_PLACEMENT_3D ( 'NONE', #3745, #1456, #1128 ) ;
#1582 = DIRECTION ( 'NONE',  ( -0.7071067811865436870, -0.000000000000000000, -0.7071067811865513475 ) ) ;
#1583 = ORIENTED_EDGE ( 'NONE', *, *, #2680, .F. ) ;
#1584 = LINE ( 'NONE', #118, #1250 ) ;
#1585 = DIRECTION ( 'NONE',  ( 1.000000000000000000, -0.000000000000000000, -0.000000000000000000 ) ) ;
#1586 = ADVANCED_FACE ( 'NONE', ( #2979 ), #2667, .F. ) ;
#1587 = DIRECTION ( 'NONE',  ( 0.000000000000000000, 1.000000000000000000, 0.000000000000000000 ) ) ;
#1588 = LINE ( 'NONE', #436, #2972 ) ;
#1589 = CARTESIAN_POINT ( 'NONE',  ( 0.3000000000000012101, 1.569999999999957652, 10.09999999999999964 ) ) ;
#1590 = EDGE_CURVE ( 'NONE', #1854, #1236, #63, .T. ) ;
#1591 = ORIENTED_EDGE ( 'NONE', *, *, #3610, .T. ) ;
#1592 = VERTEX_POINT ( 'NONE', #3263 ) ;
#1593 = DIRECTION ( 'NONE',  ( 0.000000000000000000, -1.000000000000000000, 0.000000000000000000 ) ) ;
#1594 = EDGE_CURVE ( 'NONE', #959, #1374, #3296, .T. ) ;
#1595 = CARTESIAN_POINT ( 'NONE',  ( -0.3000000000000020983, 3.510000000000013110, 10.97000000000000242 ) ) ;
#1596 = ORIENTED_EDGE ( 'NONE', *, *, #2635, .T. ) ;
#1597 = CARTESIAN_POINT ( 'NONE',  ( 0.3000000000000012101, 3.510000000000013110, 10.09999999999999964 ) ) ;
#1598 = FACE_OUTER_BOUND ( 'NONE', #2419, .T. ) ;
#1599 = VERTEX_POINT ( 'NONE', #2123 ) ;
#1600 = CARTESIAN_POINT ( 'NONE',  ( 0.7000000000000031752, 5.079999999999999183, 11.36999999999999922 ) ) ;
#1601 = FACE_OUTER_BOUND ( 'NONE', #2189, .T. ) ;
#1602 = AXIS2_PLACEMENT_3D ( 'NONE', #3455, #833, #3471 ) ;
#1603 = DIRECTION ( 'NONE',  ( 1.000000000000000000, 0.000000000000000000, 0.000000000000000000 ) ) ;
#1604 = DIRECTION ( 'NONE',  ( 0.000000000000000000, 0.000000000000000000, -1.000000000000000000 ) ) ;
#1605 = VECTOR ( 'NONE', #1939, 1000.000000000000000 ) ;
#1606 = LINE ( 'NONE', #699, #525 ) ;
#1607 = CARTESIAN_POINT ( 'NONE',  ( -2.840000000000002078, 3.510000000000013110, 10.97000000000000242 ) ) ;
#1608 = ITEM_DEFINED_TRANSFORMATION ( 'NONE', 'NONE', #2301,  #881 ) ;
#1609 = VECTOR ( 'NONE', #1342, 1000.000000000000000 ) ;
#1610 = ORIENTED_EDGE ( 'NONE', *, *, #394, .F. ) ;
#1611 = ORIENTED_EDGE ( 'NONE', *, *, #1659, .T. ) ;
#1612 = FACE_BOUND ( 'NONE', #3735, .T. ) ;
#1613 = VECTOR ( 'NONE', #3672, 1000.000000000000000 ) ;
#1614 = LINE ( 'NONE', #1293, #1655 ) ;
#1615 = EDGE_CURVE ( 'NONE', #2543, #3774, #363, .T. ) ;
#1616 = VERTEX_POINT ( 'NONE', #672 ) ;
#1617 = PLANE ( 'NONE',  #1645 ) ;
#1618 = CARTESIAN_POINT ( 'NONE',  ( -0.3000000000000020983, 1.569999999999957652, 10.09999999999999964 ) ) ;
#1619 = VECTOR ( 'NONE', #3582, 1000.000000000000000 ) ;
#1620 = VERTEX_POINT ( 'NONE', #136 ) ;
#1621 = CARTESIAN_POINT ( 'NONE',  ( 1.270000000000000240, -4.989501595336908954E-14, 2.870000000000000107 ) ) ;
#1622 = CARTESIAN_POINT ( 'NONE',  ( -3.810000000000000053, 4.543511162150186244, 3.245000000000000107 ) ) ;
#1623 = DIRECTION ( 'NONE',  ( -1.000000000000000000, 0.000000000000000000, -0.000000000000000000 ) ) ;
#1624 = LINE ( 'NONE', #2788, #1609 ) ;
#1625 = ORIENTED_EDGE ( 'NONE', *, *, #3460, .T. ) ;
#1626 = FILL_AREA_STYLE_COLOUR ( '', #2959 ) ;
#1627 = ORIENTED_EDGE ( 'NONE', *, *, #2001, .T. ) ;
#1628 = ORIENTED_EDGE ( 'NONE', *, *, #2183, .F. ) ;
#1629 = CARTESIAN_POINT ( 'NONE',  ( -0.2999999999999999889, 1.470000000000000417, 3.245000000000000551 ) ) ;
#1630 = ADVANCED_FACE ( 'NONE', ( #3279 ), #1296, .T. ) ;
#1631 = DIRECTION ( 'NONE',  ( 0.000000000000000000, 1.000000000000000000, -1.082302103395239435E-16 ) ) ;
#1632 = ORIENTED_EDGE ( 'NONE', *, *, #1634, .T. ) ;
#1633 = EDGE_CURVE ( 'NONE', #1571, #76, #1278, .T. ) ;
#1634 = EDGE_CURVE ( 'NONE', #2961, #3721, #2702, .T. ) ;
#1635 = DIRECTION ( 'NONE',  ( -1.000000000000000000, -0.000000000000000000, -0.000000000000000000 ) ) ;
#1636 = PLANE ( 'NONE',  #3253 ) ;
#1637 = ORIENTED_EDGE ( 'NONE', *, *, #2384, .F. ) ;
#1638 = CARTESIAN_POINT ( 'NONE',  ( 0.2999999999999999889, 4.009999999999999787, 3.245000000000000551 ) ) ;
#1639 = FACE_OUTER_BOUND ( 'NONE', #1262, .T. ) ;
#1640 = EDGE_CURVE ( 'NONE', #1616, #3144, #3015, .T. ) ;
#1641 = CARTESIAN_POINT ( 'NONE',  ( -0.2999999999999999889, 0.5000000000000000000, 2.040000000000000036 ) ) ;
#1642 = FACE_OUTER_BOUND ( 'NONE', #2758, .T. ) ;
#1643 = DIRECTION ( 'NONE',  ( 0.000000000000000000, -0.3420201433256412349, 0.9396926207859185309 ) ) ;
#1644 = CARTESIAN_POINT ( 'NONE',  ( -4.060000000000000497, 5.079999999999999183, 2.870000000000000107 ) ) ;
#1645 = AXIS2_PLACEMENT_3D ( 'NONE', #191, #997, #135 ) ;
#1646 = VECTOR ( 'NONE', #1744, 1000.000000000000000 ) ;
#1647 = EDGE_LOOP ( 'NONE', ( #2239, #3457, #2676, #2236 ) ) ;
#1648 = EDGE_LOOP ( 'NONE', ( #314, #2115, #3671, #1009 ) ) ;
#1649 = LINE ( 'NONE', #498, #3313 ) ;
#1650 = UNCERTAINTY_MEASURE_WITH_UNIT (LENGTH_MEASURE( 1.000000000000000082E-05 ), #2052, 'distance_accuracy_value', 'NONE');
#1651 = PLANE ( 'NONE',  #2684 ) ;
#1652 = VECTOR ( 'NONE', #3215, 1000.000000000000000 ) ;
#1653 = ORIENTED_EDGE ( 'NONE', *, *, #353, .F. ) ;
#1654 = ADVANCED_FACE ( 'NONE', ( #958 ), #2137, .T. ) ;
#1655 = VECTOR ( 'NONE', #2149, 1000.000000000000000 ) ;
#1656 = DIRECTION ( 'NONE',  ( -1.000000000000000000, -0.000000000000000000, -0.000000000000000000 ) ) ;
#1657 = CARTESIAN_POINT ( 'NONE',  ( 3.810000000000000053, 0.5364888378497735255, 3.245000000000000551 ) ) ;
#1658 = ORIENTED_EDGE ( 'NONE', *, *, #763, .T. ) ;
#1659 = EDGE_CURVE ( 'NONE', #582, #3774, #2156, .T. ) ;
#1660 = CARTESIAN_POINT ( 'NONE',  ( -0.2999999999999999889, 1.069999999999999840, 2.040000000000000036 ) ) ;
#1661 = DIRECTION ( 'NONE',  ( 1.000000000000000000, 0.000000000000000000, 0.000000000000000000 ) ) ;
#1662 = SURFACE_STYLE_FILL_AREA ( #1913 ) ;
#1663 = CARTESIAN_POINT ( 'NONE',  ( -2.840000000000002078, 1.569999999999957652, 10.09999999999999964 ) ) ;
#1664 = ADVANCED_FACE ( 'NONE', ( #727 ), #1951, .F. ) ;
#1665 = CARTESIAN_POINT ( 'NONE',  ( -1.269999999999999796, -4.989501595336908954E-14, 2.870000000000000107 ) ) ;
#1666 = LINE ( 'NONE', #1422, #242 ) ;
#1667 = CYLINDRICAL_SURFACE ( 'NONE', #1256, 0.9700000000000004174 ) ;
#1668 = VECTOR ( 'NONE', #921, 1000.000000000000000 ) ;
#1669 = VERTEX_POINT ( 'NONE', #3394 ) ;
#1670 = ORIENTED_EDGE ( 'NONE', *, *, #1217, .F. ) ;
#1671 = LINE ( 'NONE', #3096, #2048 ) ;
#1672 = VECTOR ( 'NONE', #892, 1000.000000000000000 ) ;
#1673 = PLANE ( 'NONE',  #2997 ) ;
#1674 = EDGE_LOOP ( 'NONE', ( #2613, #465, #2749, #297 ) ) ;
#1675 = VECTOR ( 'NONE', #89, 999.9999999999998863 ) ;
#1676 = ORIENTED_EDGE ( 'NONE', *, *, #2950, .T. ) ;
#1677 = DIRECTION ( 'NONE',  ( -1.000000000000000000, 0.000000000000000000, 0.000000000000000000 ) ) ;
#1678 = ORIENTED_EDGE ( 'NONE', *, *, #3171, .T. ) ;
#1679 = FACE_OUTER_BOUND ( 'NONE', #1470, .T. ) ;
#1680 = VECTOR ( 'NONE', #614, 1000.000000000000114 ) ;
#1681 = VECTOR ( 'NONE', #1802, 1000.000000000000000 ) ;
#1682 = DIRECTION ( 'NONE',  ( 0.000000000000000000, -5.870001876866951339E-15, -1.000000000000000000 ) ) ;
#1683 = EDGE_CURVE ( 'NONE', #3521, #639, #766, .T. ) ;
#1684 = DIRECTION ( 'NONE',  ( 0.000000000000000000, 0.000000000000000000, -1.000000000000000000 ) ) ;
#1685 = AXIS2_PLACEMENT_3D ( 'NONE', #1536, #1895, #434 ) ;
#1686 = CARTESIAN_POINT ( 'NONE',  ( 0.2999999999999999889, 3.040000000000000036, -0.4999999999999997780 ) ) ;
#1687 = DIRECTION ( 'NONE',  ( -1.000000000000000000, 0.000000000000000000, -0.000000000000000000 ) ) ;
#1688 = ADVANCED_FACE ( 'NONE', ( #1598 ), #2550, .T. ) ;
#1689 = ORIENTED_EDGE ( 'NONE', *, *, #2566, .F. ) ;
#1690 = ORIENTED_EDGE ( 'NONE', *, *, #807, .T. ) ;
#1691 = DIRECTION ( 'NONE',  ( 0.000000000000000000, 0.7071067811865436870, -0.7071067811865513475 ) ) ;
#1692 = CLOSED_SHELL ( 'NONE', ( #1780, #1169, #84, #2640, #1942, #35, #2519, #1654, #1509, #401, #1896, #2274 ) ) ;
#1693 = ORIENTED_EDGE ( 'NONE', *, *, #3591, .T. ) ;
#1694 = FACE_OUTER_BOUND ( 'NONE', #484, .T. ) ;
#1695 = DIRECTION ( 'NONE',  ( -0.000000000000000000, 1.000000000000000000, 0.000000000000000000 ) ) ;
#1696 = ORIENTED_EDGE ( 'NONE', *, *, #991, .T. ) ;
#1697 = LINE ( 'NONE', #2484, #986 ) ;
#1698 = DIRECTION ( 'NONE',  ( 0.000000000000000000, 1.000000000000000000, 0.000000000000000000 ) ) ;
#1699 = CARTESIAN_POINT ( 'NONE',  ( 1.270000000000000240, 5.079999999999999183, 2.870000000000000107 ) ) ;
#1700 = DIRECTION ( 'NONE',  ( 0.000000000000000000, 0.000000000000000000, -1.000000000000000000 ) ) ;
#1701 = CARTESIAN_POINT ( 'NONE',  ( 2.239999999999997993, 4.110000000000012754, 10.09999999999999964 ) ) ;
#1702 = FACE_OUTER_BOUND ( 'NONE', #1446, .T. ) ;
#1703 = LINE ( 'NONE', #2809, #2171 ) ;
#1704 = EDGE_CURVE ( 'NONE', #1493, #111, #174, .T. ) ;
#1705 = ORIENTED_EDGE ( 'NONE', *, *, #120, .F. ) ;
#1706 = ORIENTED_EDGE ( 'NONE', *, *, #1412, .F. ) ;
#1707 = CARTESIAN_POINT ( 'NONE',  ( -1.839999999999996971, 5.079999999999999183, 11.36999999999999922 ) ) ;
#1708 = EDGE_CURVE ( 'NONE', #286, #440, #1892, .T. ) ;
#1709 = VECTOR ( 'NONE', #707, 1000.000000000000000 ) ;
#1710 = AXIS2_PLACEMENT_3D ( 'NONE', #3104, #3719, #2328 ) ;
#1711 = ORIENTED_EDGE ( 'NONE', *, *, #2768, .F. ) ;
#1712 = ADVANCED_FACE ( 'NONE', ( #3658 ), #1908, .F. ) ;
#1713 = FILL_AREA_STYLE ('',( #541 ) ) ;
#1714 = CARTESIAN_POINT ( 'NONE',  ( 1.270000000000000240, 0.000000000000000000, 11.36999999999999922 ) ) ;
#1715 = ORIENTED_EDGE ( 'NONE', *, *, #2431, .T. ) ;
#1716 = AXIS2_PLACEMENT_3D ( 'NONE', #1595, #2752, #3652 ) ;
#1717 = DIRECTION ( 'NONE',  ( -0.000000000000000000, 1.082302103395239312E-16, 1.000000000000000000 ) ) ;
#1718 = DIRECTION ( 'NONE',  ( 1.000000000000000000, 0.000000000000000000, 0.000000000000000000 ) ) ;
#1719 = UNCERTAINTY_MEASURE_WITH_UNIT (LENGTH_MEASURE( 1.000000000000000082E-05 ), #2348, 'distance_accuracy_value', 'NONE');
#1720 = DIRECTION ( 'NONE',  ( 0.000000000000000000, -1.000000000000000000, 0.000000000000000000 ) ) ;
#1721 = CARTESIAN_POINT ( 'NONE',  ( -0.2999999999999999889, 0.5000000000000000000, 2.040000000000000036 ) ) ;
#1722 = ORIENTED_EDGE ( 'NONE', *, *, #898, .T. ) ;
#1723 = CARTESIAN_POINT ( 'NONE',  ( -4.060000000000000497, 5.079999999999999183, 11.36999999999999922 ) ) ;
#1724 = DIRECTION ( 'NONE',  ( 0.000000000000000000, 0.3420201433256628842, 0.9396926207859104263 ) ) ;
#1725 = CARTESIAN_POINT ( 'NONE',  ( -4.060000000000000497, 4.679999999999999716, 2.869999999999999662 ) ) ;
#1726 = ORIENTED_EDGE ( 'NONE', *, *, #1950, .F. ) ;
#1727 = AXIS2_PLACEMENT_3D ( 'NONE', #3090, #1604, #1623 ) ;
#1728 = ORIENTED_EDGE ( 'NONE', *, *, #2133, .F. ) ;
#1729 = DIRECTION ( 'NONE',  ( -0.000000000000000000, -0.000000000000000000, 1.000000000000000000 ) ) ;
#1730 = UNCERTAINTY_MEASURE_WITH_UNIT (LENGTH_MEASURE( 1.000000000000000082E-05 ), #816, 'distance_accuracy_value', 'NONE');
#1731 = VECTOR ( 'NONE', #1469, 1000.000000000000000 ) ;
#1732 = ORIENTED_EDGE ( 'NONE', *, *, #1019, .F. ) ;
#1733 = AXIS2_PLACEMENT_3D ( 'NONE', #3168, #569, #3771 ) ;
#1734 = DIRECTION ( 'NONE',  ( 0.000000000000000000, 0.000000000000000000, -1.000000000000000000 ) ) ;
#1735 = EDGE_CURVE ( 'NONE', #1112, #3234, #2215, .T. ) ;
#1736 = CARTESIAN_POINT ( 'NONE',  ( 2.239999999999997993, 1.569999999999957652, 10.09999999999999964 ) ) ;
#1737 = VECTOR ( 'NONE', #387, 1000.000000000000000 ) ;
#1738 = ORIENTED_EDGE ( 'NONE', *, *, #3125, .F. ) ;
#1739 = DIRECTION ( 'NONE',  ( -0.000000000000000000, -1.000000000000000000, -0.000000000000000000 ) ) ;
#1740 = VECTOR ( 'NONE', #777, 1000.000000000000000 ) ;
#1741 = LINE ( 'NONE', #2629, #3345 ) ;
#1742 = LINE ( 'NONE', #5, #2754 ) ;
#1743 = CARTESIAN_POINT ( 'NONE',  ( -2.840000000000002078, 3.510000000000013110, 10.09999999999999964 ) ) ;
#1744 = DIRECTION ( 'NONE',  ( 0.000000000000000000, 1.000000000000000000, 0.000000000000000000 ) ) ;
#1745 = CARTESIAN_POINT ( 'NONE',  ( 2.840000000000001190, 0.9699999999999578959, 10.09999999999999964 ) ) ;
#1746 = STYLED_ITEM ( 'NONE', ( #1111 ), #3304 ) ;
#1747 = LINE ( 'NONE', #296, #16 ) ;
#1748 = VERTEX_POINT ( 'NONE', #2780 ) ;
#1749 = CARTESIAN_POINT ( 'NONE',  ( -0.2999999999999999889, -2.849999999999997424, 0.000000000000000000 ) ) ;
#1750 = ORIENTED_EDGE ( 'NONE', *, *, #3684, .F. ) ;
#1751 = EDGE_CURVE ( 'NONE', #440, #1279, #431, .T. ) ;
#1752 = CARTESIAN_POINT ( 'NONE',  ( 3.810000000000000497, 0.5364888378497735255, 3.245000000000000551 ) ) ;
#1753 = PLANE ( 'NONE',  #3367 ) ;
#1754 = VERTEX_POINT ( 'NONE', #1618 ) ;
#1755 = LINE ( 'NONE', #268, #1181 ) ;
#1756 = CARTESIAN_POINT ( 'NONE',  ( -4.060000000000000497, 4.543511162150186244, 3.245000000000000107 ) ) ;
#1757 = ADVANCED_FACE ( 'NONE', ( #1352 ), #211, .F. ) ;
#1758 = EDGE_CURVE ( 'NONE', #639, #2288, #3086, .T. ) ;
#1759 = CARTESIAN_POINT ( 'NONE',  ( -1.269999999999999796, 5.079999999999999183, 2.870000000000000107 ) ) ;
#1760 = PRODUCT_DEFINITION_SHAPE ( 'NONE', 'NONE',  #3782 ) ;
#1761 = EDGE_LOOP ( 'NONE', ( #2668, #1284, #405, #1560 ) ) ;
#1762 = CARTESIAN_POINT ( 'NONE',  ( -0.3000000000000020983, 0.9699999999999578959, 10.09999999999999964 ) ) ;
#1763 = PLANE ( 'NONE',  #1733 ) ;
#1764 = CARTESIAN_POINT ( 'NONE',  ( -3.810000000000000053, 4.679999999999999716, 2.869999999999999662 ) ) ;
#1765 = DIRECTION ( 'NONE',  ( 0.000000000000000000, 1.000000000000000000, 0.000000000000000000 ) ) ;
#1766 = EDGE_CURVE ( 'NONE', #2563, #582, #156, .T. ) ;
#1767 = CARTESIAN_POINT ( 'NONE',  ( 2.239999999999997993, 1.569999999999957652, 10.09999999999999964 ) ) ;
#1768 = ORIENTED_EDGE ( 'NONE', *, *, #3059, .T. ) ;
#1769 = CARTESIAN_POINT ( 'NONE',  ( -1.269999999999999796, 4.679999999999999716, 2.869999999999999662 ) ) ;
#1770 = VERTEX_POINT ( 'NONE', #1657 ) ;
#1771 = DIRECTION ( 'NONE',  ( 0.000000000000000000, 0.000000000000000000, 1.000000000000000000 ) ) ;
#1772 = CARTESIAN_POINT ( 'NONE',  ( -4.060000000000000497, 0.000000000000000000, 11.36999999999999922 ) ) ;
#1773 = ORIENTED_EDGE ( 'NONE', *, *, #1659, .F. ) ;
#1774 = CARTESIAN_POINT ( 'NONE',  ( 1.270000000000000240, 0.3999999999999501732, 2.870000000000000107 ) ) ;
#1775 = DIRECTION ( 'NONE',  ( 0.000000000000000000, 1.082302103395239435E-16, 1.000000000000000000 ) ) ;
#1776 = VECTOR ( 'NONE', #1829, 1000.000000000000000 ) ;
#1777 = DIRECTION ( 'NONE',  ( -0.000000000000000000, 0.9396926207859185309, 0.3420201433256411794 ) ) ;
#1778 = ORIENTED_EDGE ( 'NONE', *, *, #1317, .T. ) ;
#1779 = CARTESIAN_POINT ( 'NONE',  ( -2.840000000000002078, 1.569999999999957652, 10.09999999999999964 ) ) ;
#1780 = ADVANCED_FACE ( 'NONE', ( #3698 ), #1636, .F. ) ;
#1781 = DIRECTION ( 'NONE',  ( 0.000000000000000000, -1.000000000000000000, 0.000000000000000000 ) ) ;
#1782 = DIRECTION ( 'NONE',  ( 0.000000000000000000, 0.000000000000000000, 1.000000000000000000 ) ) ;
#1783 = PLANE ( 'NONE',  #913 ) ;
#1784 = EDGE_CURVE ( 'NONE', #1268, #441, #471, .T. ) ;
#1785 = ORIENTED_EDGE ( 'NONE', *, *, #832, .F. ) ;
#1786 = PLANE ( 'NONE',  #3377 ) ;
#1787 = EDGE_LOOP ( 'NONE', ( #643, #385, #2483, #1994 ) ) ;
#1788 = VECTOR ( 'NONE', #1358, 1000.000000000000000 ) ;
#1789 = DIRECTION ( 'NONE',  ( 0.000000000000000000, 5.870001876866951339E-15, 1.000000000000000000 ) ) ;
#1790 = DIRECTION ( 'NONE',  ( -0.000000000000000000, 0.000000000000000000, -1.000000000000000000 ) ) ;
#1791 = PRESENTATION_LAYER_ASSIGNMENT (  '', '', ( #2580 ) ) ;
#1792 = ORIENTED_EDGE ( 'NONE', *, *, #3175, .T. ) ;
#1793 = FACE_OUTER_BOUND ( 'NONE', #346, .T. ) ;
#1794 = CARTESIAN_POINT ( 'NONE',  ( 0.3000000000000000444, -2.849999999999997424, 1.470000000000000639 ) ) ;
#1795 = VECTOR ( 'NONE', #515, 1000.000000000000000 ) ;
#1796 = CARTESIAN_POINT ( 'NONE',  ( -0.3000000000000020983, 4.110000000000012754, 10.09999999999999964 ) ) ;
#1797 = ORIENTED_EDGE ( 'NONE', *, *, #2479, .F. ) ;
#1798 = DIRECTION ( 'NONE',  ( 0.000000000000000000, 1.000000000000000000, 0.000000000000000000 ) ) ;
#1799 = ORIENTED_EDGE ( 'NONE', *, *, #2066, .F. ) ;
#1800 = PLANE ( 'NONE',  #2697 ) ;
#1801 = VECTOR ( 'NONE', #2352, 1000.000000000000000 ) ;
#1802 = DIRECTION ( 'NONE',  ( -0.000000000000000000, -0.000000000000000000, 1.000000000000000000 ) ) ;
#1803 = ADVANCED_FACE ( 'NONE', ( #3678 ), #1081, .F. ) ;
#1804 = CARTESIAN_POINT ( 'NONE',  ( 0.3000000000000012101, 0.9699999999999578959, 10.97000000000000242 ) ) ;
#1805 = ORIENTED_EDGE ( 'NONE', *, *, #2768, .T. ) ;
#1806 = CARTESIAN_POINT ( 'NONE',  ( 2.540000000000000036, 0.000000000000000000, 10.09999999999999964 ) ) ;
#1807 = CONTEXT_DEPENDENT_SHAPE_REPRESENTATION ( #2389, #559 ) ;
#1808 = ADVANCED_FACE ( 'NONE', ( #3349 ), #3410, .F. ) ;
#1809 = ADVANCED_FACE ( 'NONE', ( #3216 ), #3483, .F. ) ;
#1810 = PRODUCT_DEFINITION_FORMATION_WITH_SPECIFIED_SOURCE ( 'ANY', '', #2694, .NOT_KNOWN. ) ;
#1811 = VECTOR ( 'NONE', #2126, 1000.000000000000000 ) ;
#1812 = ORIENTED_EDGE ( 'NONE', *, *, #2594, .F. ) ;
#1813 = CARTESIAN_POINT ( 'NONE',  ( 2.239999999999997993, 3.510000000000013110, 10.09999999999999964 ) ) ;
#1814 = ORIENTED_EDGE ( 'NONE', *, *, #671, .T. ) ;
#1815 =( NAMED_UNIT ( * ) SI_UNIT ( $, .STERADIAN. ) SOLID_ANGLE_UNIT ( ) );
#1816 = CLOSED_SHELL ( 'NONE', ( #1388, #3012, #3102, #3007, #2659, #1664, #2063, #295, #2525, #1874, #246, #1757, #100, #1411, #3031, #584, #623, #166, #1096, #2381, #1392, #2834, #3711, #928, #3154, #2751, #223, #313 ) ) ;
#1817 = DIRECTION ( 'NONE',  ( -0.000000000000000000, 1.082302103395239312E-16, 1.000000000000000000 ) ) ;
#1818 = ORIENTED_EDGE ( 'NONE', *, *, #2108, .F. ) ;
#1819 = DIRECTION ( 'NONE',  ( 0.000000000000000000, -0.000000000000000000, -1.000000000000000000 ) ) ;
#1820 = ORIENTED_EDGE ( 'NONE', *, *, #667, .T. ) ;
#1821 = DIRECTION ( 'NONE',  ( 0.000000000000000000, -0.3420201433256628842, -0.9396926207859104263 ) ) ;
#1822 = CARTESIAN_POINT ( 'NONE',  ( -2.239999999999998881, 0.9699999999999578959, 10.09999999999999964 ) ) ;
#1823 = LINE ( 'NONE', #3601, #3354 ) ;
#1824 = EDGE_CURVE ( 'NONE', #224, #1297, #2329, .T. ) ;
#1825 = ORIENTED_EDGE ( 'NONE', *, *, #2503, .T. ) ;
#1826 = FACE_OUTER_BOUND ( 'NONE', #751, .T. ) ;
#1827 = EDGE_CURVE ( 'NONE', #1207, #1226, #3143, .T. ) ;
#1828 = ORIENTED_EDGE ( 'NONE', *, *, #1333, .F. ) ;
#1829 = DIRECTION ( 'NONE',  ( -1.000000000000000000, 0.000000000000000000, 0.000000000000000000 ) ) ;
#1830 = EDGE_CURVE ( 'NONE', #895, #2876, #2589, .T. ) ;
#1831 = ORIENTED_EDGE ( 'NONE', *, *, #3227, .T. ) ;
#1832 = CARTESIAN_POINT ( 'NONE',  ( -0.2999999999999999889, 0.5000000000000000000, 2.040000000000000036 ) ) ;
#1833 = ORIENTED_EDGE ( 'NONE', *, *, #973, .F. ) ;
#1834 = CARTESIAN_POINT ( 'NONE',  ( 2.840000000000001190, 3.510000000000013110, 10.97000000000000242 ) ) ;
#1835 = ORIENTED_EDGE ( 'NONE', *, *, #513, .F. ) ;
#1836 = LINE ( 'NONE', #2859, #2465 ) ;
#1837 = DIRECTION ( 'NONE',  ( 1.000000000000000000, 0.000000000000000000, 0.000000000000000000 ) ) ;
#1838 = DIRECTION ( 'NONE',  ( 0.000000000000000000, -0.000000000000000000, 1.000000000000000000 ) ) ;
#1839 = VERTEX_POINT ( 'NONE', #2897 ) ;
#1840 = LINE ( 'NONE', #1304, #1503 ) ;
#1841 = AXIS2_PLACEMENT_3D ( 'NONE', #698, #1587, #1838 ) ;
#1842 = SHAPE_REPRESENTATION_RELATIONSHIP ( 'NONE' , 'NONE' ,  #1382, #77 ) ;
#1843 = UNCERTAINTY_MEASURE_WITH_UNIT (LENGTH_MEASURE( 1.000000000000000082E-05 ), #3469, 'distance_accuracy_value', 'NONE');
#1844 = VERTEX_POINT ( 'NONE', #301 ) ;
#1845 = EDGE_CURVE ( 'NONE', #3160, #424, #1120, .T. ) ;
#1846 = FACE_OUTER_BOUND ( 'NONE', #193, .T. ) ;
#1847 = ORIENTED_EDGE ( 'NONE', *, *, #2819, .F. ) ;
#1848 = AXIS2_PLACEMENT_3D ( 'NONE', #2996, #1548, #1515 ) ;
#1849 = ADVANCED_FACE ( 'NONE', ( #2295 ), #1753, .F. ) ;
#1850 = CARTESIAN_POINT ( 'NONE',  ( -0.2999999999999999889, 3.040000000000000036, -0.4999999999999997780 ) ) ;
#1851 = DIRECTION ( 'NONE',  ( 0.000000000000000000, -1.000000000000000000, 0.000000000000000000 ) ) ;
#1852 = VECTOR ( 'NONE', #1933, 1000.000000000000000 ) ;
#1853 = APPLICATION_CONTEXT ( 'automotive_design' ) ;
#1854 = VERTEX_POINT ( 'NONE', #887 ) ;
#1855 = DIRECTION ( 'NONE',  ( 0.000000000000000000, 0.000000000000000000, -1.000000000000000000 ) ) ;
#1856 = DIRECTION ( 'NONE',  ( 1.000000000000000000, 0.000000000000000000, 0.000000000000000000 ) ) ;
#1857 = VECTOR ( 'NONE', #889, 999.9999999999998863 ) ;
#1858 = DIRECTION ( 'NONE',  ( 0.000000000000000000, 1.000000000000000000, 0.000000000000000000 ) ) ;
#1859 = VECTOR ( 'NONE', #260, 1000.000000000000000 ) ;
#1860 = VERTEX_POINT ( 'NONE', #265 ) ;
#1861 = CARTESIAN_POINT ( 'NONE',  ( -0.3000000000000020983, 1.569999999999957652, 10.97000000000000242 ) ) ;
#1862 = CARTESIAN_POINT ( 'NONE',  ( 0.000000000000000000, 0.000000000000000000, 0.000000000000000000 ) ) ;
#1863 = ORIENTED_EDGE ( 'NONE', *, *, #290, .T. ) ;
#1864 = VERTEX_POINT ( 'NONE', #1433 ) ;
#1865 = LINE ( 'NONE', #2735, #95 ) ;
#1866 = DIRECTION ( 'NONE',  ( 1.000000000000000000, 0.000000000000000000, 0.000000000000000000 ) ) ;
#1867 = AXIS2_PLACEMENT_3D ( 'NONE', #1356, #177, #2517 ) ;
#1868 = FACE_OUTER_BOUND ( 'NONE', #1674, .T. ) ;
#1869 = ORIENTED_EDGE ( 'NONE', *, *, #1118, .T. ) ;
#1870 = EDGE_CURVE ( 'NONE', #3649, #1748, #3199, .T. ) ;
#1871 = DIRECTION ( 'NONE',  ( -0.000000000000000000, -1.000000000000000000, -1.084202172485506406E-15 ) ) ;
#1872 = DIRECTION ( 'NONE',  ( -0.5773502691896278405, 0.5773502691896278405, -0.5773502691896216232 ) ) ;
#1873 = ORIENTED_EDGE ( 'NONE', *, *, #1870, .T. ) ;
#1874 = ADVANCED_FACE ( 'NONE', ( #2912 ), #2624, .F. ) ;
#1875 = DIRECTION ( 'NONE',  ( 0.9396926207859089830, -0.3420201433256671031, -0.000000000000000000 ) ) ;
#1876 = EDGE_CURVE ( 'NONE', #3614, #278, #3762, .T. ) ;
#1877 = FACE_OUTER_BOUND ( 'NONE', #170, .T. ) ;
#1878 = LINE ( 'NONE', #3051, #1232 ) ;
#1879 = VERTEX_POINT ( 'NONE', #1736 ) ;
#1880 = ADVANCED_FACE ( 'NONE', ( #2068 ), #596, .F. ) ;
#1881 = CARTESIAN_POINT ( 'NONE',  ( 1.270000000000000240, 0.000000000000000000, 0.000000000000000000 ) ) ;
#1882 = DIRECTION ( 'NONE',  ( 0.000000000000000000, -1.000000000000000000, -1.084202172485506406E-15 ) ) ;
#1883 = CARTESIAN_POINT ( 'NONE',  ( 0.000000000000000000, 0.000000000000000000, 0.000000000000000000 ) ) ;
#1884 = VERTEX_POINT ( 'NONE', #542 ) ;
#1885 = VECTOR ( 'NONE', #1088, 1000.000000000000000 ) ;
#1886 = ORIENTED_EDGE ( 'NONE', *, *, #241, .T. ) ;
#1887 = CARTESIAN_POINT ( 'NONE',  ( -2.239999999999998881, 1.569999999999957652, 10.09999999999999964 ) ) ;
#1888 = DIRECTION ( 'NONE',  ( 0.000000000000000000, -0.3420201433256411239, 0.9396926207859184199 ) ) ;
#1889 = ORIENTED_EDGE ( 'NONE', *, *, #15, .F. ) ;
#1890 = DIRECTION ( 'NONE',  ( 0.000000000000000000, 0.000000000000000000, -1.000000000000000000 ) ) ;
#1891 = PRODUCT_RELATED_PRODUCT_CATEGORY ( 'part', '', ( #1520 ) ) ;
#1892 = LINE ( 'NONE', #192, #269 ) ;
#1893 = ORIENTED_EDGE ( 'NONE', *, *, #3334, .T. ) ;
#1894 = DIRECTION ( 'NONE',  ( 0.000000000000000000, 0.000000000000000000, -1.000000000000000000 ) ) ;
#1895 = DIRECTION ( 'NONE',  ( -0.000000000000000000, 1.082302103395239312E-16, 1.000000000000000000 ) ) ;
#1896 = ADVANCED_FACE ( 'NONE', ( #1101 ), #2933, .F. ) ;
#1897 = DIRECTION ( 'NONE',  ( -0.000000000000000000, -0.000000000000000000, 1.000000000000000000 ) ) ;
#1898 = ORIENTED_EDGE ( 'NONE', *, *, #2203, .T. ) ;
#1899 = DIRECTION ( 'NONE',  ( -1.000000000000000000, -0.000000000000000000, -0.000000000000000000 ) ) ;
#1900 = ITEM_DEFINED_TRANSFORMATION ( 'NONE', 'NONE', #3759,  #881 ) ;
#1901 = EDGE_CURVE ( 'NONE', #3660, #1327, #2276, .T. ) ;
#1902 = ORIENTED_EDGE ( 'NONE', *, *, #15, .T. ) ;
#1903 = ORIENTED_EDGE ( 'NONE', *, *, #58, .F. ) ;
#1904 = FACE_OUTER_BOUND ( 'NONE', #535, .T. ) ;
#1905 = DIRECTION ( 'NONE',  ( -1.000000000000000000, 0.000000000000000000, 0.000000000000000000 ) ) ;
#1906 = VERTEX_POINT ( 'NONE', #1714 ) ;
#1907 = DIRECTION ( 'NONE',  ( 0.000000000000000000, 0.000000000000000000, -1.000000000000000000 ) ) ;
#1908 = PLANE ( 'NONE',  #2887 ) ;
#1909 = EDGE_LOOP ( 'NONE', ( #1449, #2395, #3699, #619 ) ) ;
#1910 = DIRECTION ( 'NONE',  ( -1.000000000000000000, -0.000000000000000000, -0.000000000000000000 ) ) ;
#1911 = DIRECTION ( 'NONE',  ( 0.000000000000000000, 0.000000000000000000, 1.000000000000000000 ) ) ;
#1912 = VECTOR ( 'NONE', #3644, 1000.000000000000000 ) ;
#1913 = FILL_AREA_STYLE ('',( #3398 ) ) ;
#1914 = FACE_OUTER_BOUND ( 'NONE', #2867, .T. ) ;
#1915 = EDGE_LOOP ( 'NONE', ( #1785, #2711, #348, #3137 ) ) ;
#1916 = PLANE ( 'NONE',  #1117 ) ;
#1917 = VECTOR ( 'NONE', #219, 999.9999999999998863 ) ;
#1918 = ORIENTED_EDGE ( 'NONE', *, *, #973, .T. ) ;
#1919 = DIRECTION ( 'NONE',  ( 0.000000000000000000, 1.000000000000000000, 1.084202172485506406E-15 ) ) ;
#1920 = EDGE_CURVE ( 'NONE', #2978, #956, #804, .T. ) ;
#1921 = VECTOR ( 'NONE', #620, 1000.000000000000000 ) ;
#1922 = ORIENTED_EDGE ( 'NONE', *, *, #3604, .F. ) ;
#1923 = ORIENTED_EDGE ( 'NONE', *, *, #671, .F. ) ;
#1924 = DIRECTION ( 'NONE',  ( 0.000000000000000000, -0.9396926207859105373, 0.3420201433256629397 ) ) ;
#1925 = EDGE_CURVE ( 'NONE', #652, #107, #526, .T. ) ;
#1926 = ADVANCED_FACE ( 'NONE', ( #2027 ), #562, .T. ) ;
#1927 = VECTOR ( 'NONE', #848, 1000.000000000000000 ) ;
#1928 = CARTESIAN_POINT ( 'NONE',  ( 0.2999999999999999334, -2.849999999999997424, 1.069999999999999618 ) ) ;
#1929 = MECHANICAL_DESIGN_GEOMETRIC_PRESENTATION_REPRESENTATION (  '', ( #3558 ), #337 ) ;
#1930 = ORIENTED_EDGE ( 'NONE', *, *, #2872, .F. ) ;
#1931 = ORIENTED_EDGE ( 'NONE', *, *, #2303, .T. ) ;
#1932 = CARTESIAN_POINT ( 'NONE',  ( 1.270000000000000240, 0.5364888378497735255, 3.245000000000000551 ) ) ;
#1933 = DIRECTION ( 'NONE',  ( 0.000000000000000000, 0.000000000000000000, -1.000000000000000000 ) ) ;
#1934 = ORIENTED_EDGE ( 'NONE', *, *, #1019, .T. ) ;
#1935 = CARTESIAN_POINT ( 'NONE',  ( 4.060000000000000497, 0.5364888378497735255, 3.245000000000000551 ) ) ;
#1936 = PLANE ( 'NONE',  #3508 ) ;
#1937 = DIRECTION ( 'NONE',  ( -0.000000000000000000, 0.000000000000000000, 1.000000000000000000 ) ) ;
#1938 = PLANE ( 'NONE',  #1727 ) ;
#1939 = DIRECTION ( 'NONE',  ( -1.000000000000000000, 0.000000000000000000, 0.000000000000000000 ) ) ;
#1940 = EDGE_LOOP ( 'NONE', ( #3047, #1797, #1399, #3640 ) ) ;
#1941 = FACE_OUTER_BOUND ( 'NONE', #449, .T. ) ;
#1942 = ADVANCED_FACE ( 'NONE', ( #899 ), #2083, .F. ) ;
#1943 = EDGE_LOOP ( 'NONE', ( #360, #319, #3016, #497 ) ) ;
#1944 = EDGE_LOOP ( 'NONE', ( #2898, #2054, #1395, #1205 ) ) ;
#1945 = LINE ( 'NONE', #3443, #216 ) ;
#1946 = DIRECTION ( 'NONE',  ( 0.000000000000000000, 0.000000000000000000, -1.000000000000000000 ) ) ;
#1947 = EDGE_CURVE ( 'NONE', #1327, #1092, #1199, .T. ) ;
#1948 = ORIENTED_EDGE ( 'NONE', *, *, #2549, .F. ) ;
#1949 = PLANE ( 'NONE',  #1710 ) ;
#1950 = EDGE_CURVE ( 'NONE', #2142, #2427, #340, .T. ) ;
#1951 = PLANE ( 'NONE',  #1982 ) ;
#1952 = ORIENTED_EDGE ( 'NONE', *, *, #2339, .F. ) ;
#1953 = DIRECTION ( 'NONE',  ( 0.5773502691896278405, 0.5773502691896278405, 0.5773502691896216232 ) ) ;
#1954 = CARTESIAN_POINT ( 'NONE',  ( -0.3000000000000020983, 1.569999999999957652, 10.97000000000000242 ) ) ;
#1955 = PRESENTATION_STYLE_ASSIGNMENT (( #732 ) ) ;
#1956 = FACE_OUTER_BOUND ( 'NONE', #380, .T. ) ;
#1957 = MANIFOLD_SOLID_BREP ( 'Chamfer1', #3697 ) ;
#1958 = FACE_OUTER_BOUND ( 'NONE', #3176, .T. ) ;
#1959 = CARTESIAN_POINT ( 'NONE',  ( -2.840000000000002078, 0.9699999999999578959, 10.97000000000000242 ) ) ;
#1960 = PLANE ( 'NONE',  #3196 ) ;
#1961 = ORIENTED_EDGE ( 'NONE', *, *, #3055, .T. ) ;
#1962 = MANIFOLD_SOLID_BREP ( 'LPattern1[1]', #1816 ) ;
#1963 = EDGE_LOOP ( 'NONE', ( #2975, #3607, #2138, #2468, #3549, #1967, #1828, #1407 ) ) ;
#1964 = CARTESIAN_POINT ( 'NONE',  ( 2.239999999999997993, 4.110000000000012754, 10.97000000000000242 ) ) ;
#1965 = CARTESIAN_POINT ( 'NONE',  ( -0.3000000000000020983, 1.569999999999957652, 10.09999999999999964 ) ) ;
#1966 = ORIENTED_EDGE ( 'NONE', *, *, #813, .F. ) ;
#1967 = ORIENTED_EDGE ( 'NONE', *, *, #2042, .F. ) ;
#1968 = VECTOR ( 'NONE', #3715, 1000.000000000000000 ) ;
#1969 = ADVANCED_FACE ( 'NONE', ( #791 ), #178, .F. ) ;
#1970 = CARTESIAN_POINT ( 'NONE',  ( -2.840000000000002078, 4.110000000000012754, 10.09999999999999964 ) ) ;
#1971 = DIRECTION ( 'NONE',  ( -0.000000000000000000, 1.000000000000000000, 0.000000000000000000 ) ) ;
#1972 = EDGE_LOOP ( 'NONE', ( #2110, #1653, #2968, #2791 ) ) ;
#1973 = LINE ( 'NONE', #2240, #448 ) ;
#1974 = CARTESIAN_POINT ( 'NONE',  ( -0.2999999999999999889, -2.849999999999997424, 1.470000000000000639 ) ) ;
#1975 = ADVANCED_FACE ( 'NONE', ( #1976 ), #3128, .T. ) ;
#1976 = FACE_OUTER_BOUND ( 'NONE', #1447, .T. ) ;
#1977 = LINE ( 'NONE', #512, #85 ) ;
#1978 = MANIFOLD_SOLID_BREP ( 'Boss-Extrude2', #2065 ) ;
#1979 = DIRECTION ( 'NONE',  ( 0.000000000000000000, -1.000000000000000000, 0.000000000000000000 ) ) ;
#1980 = DIRECTION ( 'NONE',  ( 0.000000000000000000, 0.000000000000000000, -1.000000000000000000 ) ) ;
#1981 = LINE ( 'NONE', #1386, #2531 ) ;
#1982 = AXIS2_PLACEMENT_3D ( 'NONE', #2818, #1335, #2238 ) ;
#1983 = VECTOR ( 'NONE', #3738, 1000.000000000000000 ) ;
#1984 = ORIENTED_EDGE ( 'NONE', *, *, #2895, .T. ) ;
#1985 = ORIENTED_EDGE ( 'NONE', *, *, #3519, .F. ) ;
#1986 = PLANE ( 'NONE',  #1254 ) ;
#1987 = VECTOR ( 'NONE', #1739, 1000.000000000000000 ) ;
#1988 = DIRECTION ( 'NONE',  ( -1.000000000000000000, 0.000000000000000000, 0.000000000000000000 ) ) ;
#1989 = AXIS2_PLACEMENT_3D ( 'NONE', #2098, #627, #644 ) ;
#1990 = ORIENTED_EDGE ( 'NONE', *, *, #120, .T. ) ;
#1991 =( NAMED_UNIT ( * ) SI_UNIT ( $, .STERADIAN. ) SOLID_ANGLE_UNIT ( ) );
#1992 = DIRECTION ( 'NONE',  ( 0.000000000000000000, -1.000000000000000000, 0.000000000000000000 ) ) ;
#1993 = EDGE_CURVE ( 'NONE', #725, #3301, #802, .T. ) ;
#1994 = ORIENTED_EDGE ( 'NONE', *, *, #2251, .T. ) ;
#1995 = LINE ( 'NONE', #3107, #3069 ) ;
#1996 = PRESENTATION_LAYER_ASSIGNMENT (  '', '', ( #3558 ) ) ;
#1997 = CARTESIAN_POINT ( 'NONE',  ( -1.269999999999999796, 0.000000000000000000, 11.36999999999999922 ) ) ;
#1998 = PLANE ( 'NONE',  #1579 ) ;
#1999 = DIRECTION ( 'NONE',  ( 0.000000000000000000, -0.000000000000000000, 1.000000000000000000 ) ) ;
#2000 = AXIS2_PLACEMENT_3D ( 'NONE', #3049, #1911, #366 ) ;
#2001 = EDGE_CURVE ( 'NONE', #1839, #917, #238, .T. ) ;
#2002 = LINE ( 'NONE', #3112, #1917 ) ;
#2003 = PLANE ( 'NONE',  #646 ) ;
#2004 = SURFACE_STYLE_USAGE ( .BOTH. , #2850 ) ;
#2005 = ADVANCED_FACE ( 'NONE', ( #2848 ), #1109, .F. ) ;
#2006 = ORIENTED_EDGE ( 'NONE', *, *, #2587, .T. ) ;
#2007 = ORIENTED_EDGE ( 'NONE', *, *, #2920, .T. ) ;
#2008 = DIRECTION ( 'NONE',  ( 1.000000000000000000, 0.000000000000000000, 0.000000000000000000 ) ) ;
#2009 = ORIENTED_EDGE ( 'NONE', *, *, #2872, .T. ) ;
#2010 = DIRECTION ( 'NONE',  ( -0.000000000000000000, 1.000000000000000000, 1.188166764367676095E-16 ) ) ;
#2011 = DIRECTION ( 'NONE',  ( -0.000000000000000000, 0.000000000000000000, -1.000000000000000000 ) ) ;
#2012 = ORIENTED_EDGE ( 'NONE', *, *, #3308, .T. ) ;
#2013 = LINE ( 'NONE', #1774, #1495 ) ;
#2014 = DIRECTION ( 'NONE',  ( -0.000000000000000000, -0.000000000000000000, 1.000000000000000000 ) ) ;
#2015 = CARTESIAN_POINT ( 'NONE',  ( -0.2999999999999999889, -2.849999999999998312, -0.000000000000000000 ) ) ;
#2016 = ORIENTED_EDGE ( 'NONE', *, *, #2425, .F. ) ;
#2017 = DIRECTION ( 'NONE',  ( 1.000000000000000000, 0.000000000000000000, 0.000000000000000000 ) ) ;
#2018 = CARTESIAN_POINT ( 'NONE',  ( 0.2999999999999999889, 1.470000000000000417, 2.040000000000000036 ) ) ;
#2019 = CARTESIAN_POINT ( 'NONE',  ( 4.060000000000000497, 0.000000000000000000, 11.36999999999999922 ) ) ;
#2020 = ORIENTED_EDGE ( 'NONE', *, *, #3716, .F. ) ;
#2021 = VERTEX_POINT ( 'NONE', #3687 ) ;
#2022 = CARTESIAN_POINT ( 'NONE',  ( 2.840000000000001190, 3.510000000000013110, 10.09999999999999964 ) ) ;
#2023 = ADVANCED_FACE ( 'NONE', ( #1362 ), #1916, .F. ) ;
#2024 = ORIENTED_EDGE ( 'NONE', *, *, #790, .F. ) ;
#2025 = STYLED_ITEM ( 'NONE', ( #2932 ), #780 ) ;
#2026 = DIRECTION ( 'NONE',  ( 1.000000000000000000, 0.000000000000000000, 0.000000000000000000 ) ) ;
#2027 = FACE_OUTER_BOUND ( 'NONE', #2740, .T. ) ;
#2028 = EDGE_LOOP ( 'NONE', ( #930, #1294, #1516, #3157 ) ) ;
#2029 = VECTOR ( 'NONE', #499, 1000.000000000000000 ) ;
#2030 = DIRECTION ( 'NONE',  ( 0.000000000000000000, -1.000000000000000000, 1.082302103395239435E-16 ) ) ;
#2031 = SHAPE_REPRESENTATION_RELATIONSHIP ( 'NONE' , 'NONE' ,  #1427, #1398 ) ;
#2032 = DIRECTION ( 'NONE',  ( 0.5773502691896278405, 0.5773502691896278405, -0.5773502691896216232 ) ) ;
#2033 = FACE_OUTER_BOUND ( 'NONE', #935, .T. ) ;
#2034 = CARTESIAN_POINT ( 'NONE',  ( -0.2999999999999999889, 1.069999999999999840, 3.245000000000000551 ) ) ;
#2035 = LINE ( 'NONE', #549, #954 ) ;
#2036 = DIRECTION ( 'NONE',  ( 0.000000000000000000, -1.000000000000000000, 0.000000000000000000 ) ) ;
#2037 = EDGE_CURVE ( 'NONE', #1029, #840, #3400, .T. ) ;
#2038 = VECTOR ( 'NONE', #2109, 1000.000000000000000 ) ;
#2039 = ORIENTED_EDGE ( 'NONE', *, *, #629, .F. ) ;
#2040 = FACE_OUTER_BOUND ( 'NONE', #2296, .T. ) ;
#2041 = MECHANICAL_DESIGN_GEOMETRIC_PRESENTATION_REPRESENTATION (  '', ( #2580 ), #3552 ) ;
#2042 = EDGE_CURVE ( 'NONE', #2252, #2453, #2225, .T. ) ;
#2043 = EDGE_CURVE ( 'NONE', #3441, #994, #2262, .T. ) ;
#2044 = ORIENTED_EDGE ( 'NONE', *, *, #2251, .F. ) ;
#2045 = VECTOR ( 'NONE', #1567, 1000.000000000000000 ) ;
#2046 = LINE ( 'NONE', #18, #3661 ) ;
#2047 = DIRECTION ( 'NONE',  ( 0.7071067811865436870, 0.000000000000000000, -0.7071067811865513475 ) ) ;
#2048 = VECTOR ( 'NONE', #798, 1000.000000000000000 ) ;
#2049 = EDGE_CURVE ( 'NONE', #251, #1571, #2002, .T. ) ;
#2050 = EDGE_LOOP ( 'NONE', ( #2689, #947, #3040, #2535 ) ) ;
#2051 = CARTESIAN_POINT ( 'NONE',  ( 0.2999999999999999889, 0.000000000000000000, 0.000000000000000000 ) ) ;
#2052 =( LENGTH_UNIT ( ) NAMED_UNIT ( * ) SI_UNIT ( .MILLI., .METRE. ) );
#2053 = CARTESIAN_POINT ( 'NONE',  ( -1.269999999999999796, -4.989501595336908954E-14, 2.870000000000000107 ) ) ;
#2054 = ORIENTED_EDGE ( 'NONE', *, *, #1150, .F. ) ;
#2055 = FACE_OUTER_BOUND ( 'NONE', #2993, .T. ) ;
#2056 = VECTOR ( 'NONE', #2560, 1000.000000000000000 ) ;
#2057 = CARTESIAN_POINT ( 'NONE',  ( 0.3000000000000012101, 3.510000000000013110, 10.97000000000000242 ) ) ;
#2058 = LINE ( 'NONE', #310, #842 ) ;
#2059 = CARTESIAN_POINT ( 'NONE',  ( 3.240000000000003322, 1.969999999999959561, 11.36999999999999922 ) ) ;
#2060 = CARTESIAN_POINT ( 'NONE',  ( 4.060000000000000497, 0.5364888378497735255, 3.245000000000000551 ) ) ;
#2061 = ORIENTED_EDGE ( 'NONE', *, *, #422, .F. ) ;
#2062 = DIRECTION ( 'NONE',  ( 0.000000000000000000, -0.3420201433256628842, -0.9396926207859104263 ) ) ;
#2063 = ADVANCED_FACE ( 'NONE', ( #1132 ), #256, .F. ) ;
#2064 = ORIENTED_EDGE ( 'NONE', *, *, #3543, .T. ) ;
#2065 = CLOSED_SHELL ( 'NONE', ( #1880, #1196, #3193, #507, #3770, #2723, #3479, #2023, #715, #194 ) ) ;
#2066 = EDGE_CURVE ( 'NONE', #3614, #472, #460, .T. ) ;
#2067 = DIRECTION ( 'NONE',  ( 0.000000000000000000, -1.000000000000000000, 0.000000000000000000 ) ) ;
#2068 = FACE_OUTER_BOUND ( 'NONE', #2490, .T. ) ;
#2069 = ORIENTED_EDGE ( 'NONE', *, *, #3198, .T. ) ;
#2070 = LINE ( 'NONE', #544, #2764 ) ;
#2071 = EDGE_CURVE ( 'NONE', #1599, #3606, #3131, .T. ) ;
#2072 = PLANE ( 'NONE',  #1276 ) ;
#2073 = PRODUCT_DEFINITION_SHAPE ( 'NONE', 'NONE',  #3634 ) ;
#2074 = VERTEX_POINT ( 'NONE', #2304 ) ;
#2075 = DIRECTION ( 'NONE',  ( -0.000000000000000000, 1.000000000000000000, 2.316052704908954646E-16 ) ) ;
#2076 = DIRECTION ( 'NONE',  ( 0.000000000000000000, 1.000000000000000000, 0.000000000000000000 ) ) ;
#2077 = DIRECTION ( 'NONE',  ( 0.000000000000000000, 0.000000000000000000, -1.000000000000000000 ) ) ;
#2078 = CARTESIAN_POINT ( 'NONE',  ( 1.270000000000000240, 0.5364888378497735255, 3.245000000000000551 ) ) ;
#2079 = ORIENTED_EDGE ( 'NONE', *, *, #2663, .F. ) ;
#2080 = PLANE ( 'NONE',  #2585 ) ;
#2081 = ORIENTED_EDGE ( 'NONE', *, *, #3496, .F. ) ;
#2082 = PLANE ( 'NONE',  #3115 ) ;
#2083 = PLANE ( 'NONE',  #2344 ) ;
#2084 = ORIENTED_EDGE ( 'NONE', *, *, #1438, .F. ) ;
#2085 = ADVANCED_FACE ( 'NONE', ( #1958 ), #2521, .T. ) ;
#2086 = CARTESIAN_POINT ( 'NONE',  ( 0.2999999999999999889, -2.849999999999998312, -1.069999999999999618 ) ) ;
#2087 = LINE ( 'NONE', #1472, #1315 ) ;
#2088 = LINE ( 'NONE', #975, #845 ) ;
#2089 = ORIENTED_EDGE ( 'NONE', *, *, #1615, .T. ) ;
#2090 = CARTESIAN_POINT ( 'NONE',  ( -2.840000000000002078, 1.569999999999957652, 10.97000000000000242 ) ) ;
#2091 = ORIENTED_EDGE ( 'NONE', *, *, #2950, .F. ) ;
#2092 = ADVANCED_FACE ( 'NONE', ( #532 ), #2829, .F. ) ;
#2093 = LINE ( 'NONE', #1185, #3370 ) ;
#2094 = ADVANCED_FACE ( 'NONE', ( #1642 ), #1421, .F. ) ;
#2095 = LINE ( 'NONE', #1209, #458 ) ;
#2096 = CARTESIAN_POINT ( 'NONE',  ( -2.840000000000002078, 0.9699999999999578959, 10.09999999999999964 ) ) ;
#2097 = ORIENTED_EDGE ( 'NONE', *, *, #790, .T. ) ;
#2098 = CARTESIAN_POINT ( 'NONE',  ( -2.840000000000002078, 1.569999999999957652, 10.09999999999999964 ) ) ;
#2099 = CARTESIAN_POINT ( 'NONE',  ( 0.000000000000000000, 0.000000000000000000, 0.000000000000000000 ) ) ;
#2100 = ORIENTED_EDGE ( 'NONE', *, *, #1244, .F. ) ;
#2101 = VECTOR ( 'NONE', #3435, 1000.000000000000000 ) ;
#2102 = DIRECTION ( 'NONE',  ( 0.000000000000000000, -0.000000000000000000, -1.000000000000000000 ) ) ;
#2103 = VECTOR ( 'NONE', #2513, 1000.000000000000000 ) ;
#2104 = ORIENTED_EDGE ( 'NONE', *, *, #1270, .T. ) ;
#2105 = VECTOR ( 'NONE', #808, 1000.000000000000114 ) ;
#2106 = LINE ( 'NONE', #615, #3530 ) ;
#2107 = EDGE_LOOP ( 'NONE', ( #3311, #3378, #2009, #2769 ) ) ;
#2108 = EDGE_CURVE ( 'NONE', #3357, #3628, #2539, .T. ) ;
#2109 = DIRECTION ( 'NONE',  ( -1.000000000000000000, 0.000000000000000000, 0.000000000000000000 ) ) ;
#2110 = ORIENTED_EDGE ( 'NONE', *, *, #2699, .F. ) ;
#2111 = DIRECTION ( 'NONE',  ( -0.000000000000000000, 1.000000000000000000, -0.000000000000000000 ) ) ;
#2112 = VECTOR ( 'NONE', #3590, 1000.000000000000000 ) ;
#2113 = CARTESIAN_POINT ( 'NONE',  ( -2.239999999999998881, 4.110000000000012754, 10.09999999999999964 ) ) ;
#2114 = FACE_OUTER_BOUND ( 'NONE', #3163, .T. ) ;
#2115 = ORIENTED_EDGE ( 'NONE', *, *, #172, .T. ) ;
#2116 = DIRECTION ( 'NONE',  ( 0.000000000000000000, 1.000000000000000000, -5.870001876866950550E-15 ) ) ;
#2117 = EDGE_CURVE ( 'NONE', #2571, #834, #1624, .T. ) ;
#2118 = ORIENTED_EDGE ( 'NONE', *, *, #3450, .F. ) ;
#2119 = CARTESIAN_POINT ( 'NONE',  ( -3.810000000000000053, 0.5364888378497735255, 3.245000000000000551 ) ) ;
#2120 = ORIENTED_EDGE ( 'NONE', *, *, #2456, .F. ) ;
#2121 = DIRECTION ( 'NONE',  ( 1.000000000000000000, 0.000000000000000000, 0.000000000000000000 ) ) ;
#2122 = ORIENTED_EDGE ( 'NONE', *, *, #2042, .T. ) ;
#2123 = CARTESIAN_POINT ( 'NONE',  ( -3.240000000000004210, 3.110000000000010978, 11.36999999999999922 ) ) ;
#2124 = ORIENTED_EDGE ( 'NONE', *, *, #3214, .T. ) ;
#2125 = DIRECTION ( 'NONE',  ( 1.000000000000000000, 0.000000000000000000, 0.000000000000000000 ) ) ;
#2126 = DIRECTION ( 'NONE',  ( -0.000000000000000000, -0.000000000000000000, 1.000000000000000000 ) ) ;
#2127 = DIRECTION ( 'NONE',  ( 0.000000000000000000, 0.000000000000000000, -1.000000000000000000 ) ) ;
#2128 = ORIENTED_EDGE ( 'NONE', *, *, #950, .F. ) ;
#2129 = FILL_AREA_STYLE ('',( #1626 ) ) ;
#2130 = EDGE_CURVE ( 'NONE', #2267, #1327, #201, .T. ) ;
#2131 = APPLICATION_PROTOCOL_DEFINITION ( 'draft international standard', 'automotive_design', 1998, #2321 ) ;
#2132 = ORIENTED_EDGE ( 'NONE', *, *, #1784, .F. ) ;
#2133 = EDGE_CURVE ( 'NONE', #1884, #959, #272, .T. ) ;
#2134 = DIRECTION ( 'NONE',  ( 0.3420201433256671031, 0.9396926207859089830, -1.116511540739375110E-16 ) ) ;
#2135 = EDGE_LOOP ( 'NONE', ( #1521, #432, #702, #1886 ) ) ;
#2136 = DIRECTION ( 'NONE',  ( -1.000000000000000000, -0.000000000000000000, -0.000000000000000000 ) ) ;
#2137 = PLANE ( 'NONE',  #3005 ) ;
#2138 = ORIENTED_EDGE ( 'NONE', *, *, #2546, .F. ) ;
#2139 = CARTESIAN_POINT ( 'NONE',  ( 2.840000000000001190, 1.569999999999957652, 10.09999999999999964 ) ) ;
#2140 = CARTESIAN_POINT ( 'NONE',  ( 0.3000000000000012101, 1.569999999999957652, 10.97000000000000242 ) ) ;
#2141 = DIRECTION ( 'NONE',  ( 0.000000000000000000, 0.000000000000000000, -1.000000000000000000 ) ) ;
#2142 = VERTEX_POINT ( 'NONE', #2034 ) ;
#2143 = CARTESIAN_POINT ( 'NONE',  ( -0.7000000000000039524, 5.079999999999999183, 11.36999999999999922 ) ) ;
#2144 = VECTOR ( 'NONE', #2736, 1000.000000000000000 ) ;
#2145 = CARTESIAN_POINT ( 'NONE',  ( -2.540000000000002256, 0.000000000000000000, 0.000000000000000000 ) ) ;
#2146 = EDGE_CURVE ( 'NONE', #1331, #3446, #2632, .T. ) ;
#2147 = ORIENTED_EDGE ( 'NONE', *, *, #2569, .T. ) ;
#2148 = DIRECTION ( 'NONE',  ( 0.000000000000000000, 0.000000000000000000, -1.000000000000000000 ) ) ;
#2149 = DIRECTION ( 'NONE',  ( -1.000000000000000000, -0.000000000000000000, -0.000000000000000000 ) ) ;
#2150 = EDGE_CURVE ( 'NONE', #1268, #2277, #309, .T. ) ;
#2151 = ADVANCED_FACE ( 'NONE', ( #65 ), #1800, .F. ) ;
#2152 = EDGE_LOOP ( 'NONE', ( #2682, #262, #2507, #1006 ) ) ;
#2153 = AXIS2_PLACEMENT_3D ( 'NONE', #99, #653, #1819 ) ;
#2154 = CARTESIAN_POINT ( 'NONE',  ( 0.7000000000000031752, 5.079999999999999183, 11.36999999999999922 ) ) ;
#2155 = EDGE_CURVE ( 'NONE', #243, #654, #6, .T. ) ;
#2156 = LINE ( 'NONE', #617, #3605 ) ;
#2157 = AXIS2_PLACEMENT_3D ( 'NONE', #2222, #1937, #1603 ) ;
#2158 = ORIENTED_EDGE ( 'NONE', *, *, #1125, .T. ) ;
#2159 = DIRECTION ( 'NONE',  ( -1.000000000000000000, -0.000000000000000000, -0.000000000000000000 ) ) ;
#2160 = LINE ( 'NONE', #961, #2476 ) ;
#2161 = VECTOR ( 'NONE', #365, 1000.000000000000000 ) ;
#2162 = CARTESIAN_POINT ( 'NONE',  ( 1.839999999999996083, 5.079999999999999183, 11.36999999999999922 ) ) ;
#2163 = AXIS2_PLACEMENT_3D ( 'NONE', #2434, #2148, #1329 ) ;
#2164 = ORIENTED_EDGE ( 'NONE', *, *, #2130, .F. ) ;
#2165 = LINE ( 'NONE', #1067, #168 ) ;
#2166 = FACE_OUTER_BOUND ( 'NONE', #1972, .T. ) ;
#2167 = APPLICATION_PROTOCOL_DEFINITION ( 'draft international standard', 'automotive_design', 1998, #1853 ) ;
#2168 = VECTOR ( 'NONE', #2714, 1000.000000000000000 ) ;
#2169 = ORIENTED_EDGE ( 'NONE', *, *, #3734, .F. ) ;
#2170 = AXIS2_PLACEMENT_3D ( 'NONE', #1756, #1775, #2332 ) ;
#2171 = VECTOR ( 'NONE', #2285, 1000.000000000000000 ) ;
#2172 = ORIENTED_EDGE ( 'NONE', *, *, #2037, .F. ) ;
#2173 = FACE_OUTER_BOUND ( 'NONE', #884, .T. ) ;
#2174 = AXIS2_PLACEMENT_3D ( 'NONE', #3282, #712, #1552 ) ;
#2175 = CARTESIAN_POINT ( 'NONE',  ( 2.239999999999997993, 3.510000000000013110, 10.09999999999999964 ) ) ;
#2176 = ORIENTED_EDGE ( 'NONE', *, *, #1339, .T. ) ;
#2177 = ADVANCED_FACE ( 'NONE', ( #1460 ), #1763, .F. ) ;
#2178 = CARTESIAN_POINT ( 'NONE',  ( 2.239999999999997993, 0.9699999999999578959, 10.09999999999999964 ) ) ;
#2179 = CARTESIAN_POINT ( 'NONE',  ( 3.810000000000000497, 5.079999999999999183, 2.870000000000000107 ) ) ;
#2180 = ORIENTED_EDGE ( 'NONE', *, *, #1260, .F. ) ;
#2181 = FACE_OUTER_BOUND ( 'NONE', #2050, .T. ) ;
#2182 = FACE_OUTER_BOUND ( 'NONE', #916, .T. ) ;
#2183 = EDGE_CURVE ( 'NONE', #226, #1844, #2093, .T. ) ;
#2184 = DIRECTION ( 'NONE',  ( 0.000000000000000000, 0.000000000000000000, -1.000000000000000000 ) ) ;
#2185 = VERTEX_POINT ( 'NONE', #3472 ) ;
#2186 = VERTEX_POINT ( 'NONE', #1227 ) ;
#2187 = PLANE ( 'NONE',  #1130 ) ;
#2188 = ORIENTED_EDGE ( 'NONE', *, *, #629, .T. ) ;
#2189 = EDGE_LOOP ( 'NONE', ( #1931, #1389, #43, #3680 ) ) ;
#2190 = DIRECTION ( 'NONE',  ( -0.7071067811865436870, -0.000000000000000000, -0.7071067811865513475 ) ) ;
#2191 = LINE ( 'NONE', #1054, #373 ) ;
#2192 = ORIENTED_EDGE ( 'NONE', *, *, #3109, .F. ) ;
#2193 = APPLICATION_CONTEXT ( 'automotive_design' ) ;
#2194 = CARTESIAN_POINT ( 'NONE',  ( 2.239999999999997993, 0.9699999999999578959, 10.97000000000000242 ) ) ;
#2195 = DIRECTION ( 'NONE',  ( 0.000000000000000000, -0.000000000000000000, 1.000000000000000000 ) ) ;
#2196 = EDGE_CURVE ( 'NONE', #2511, #3628, #326, .T. ) ;
#2197 = ORIENTED_EDGE ( 'NONE', *, *, #394, .T. ) ;
#2198 = CARTESIAN_POINT ( 'NONE',  ( -0.2999999999999999889, 3.609999999999999876, 3.245000000000000551 ) ) ;
#2199 = CARTESIAN_POINT ( 'NONE',  ( 0.3000000000000012101, 4.110000000000012754, 10.97000000000000242 ) ) ;
#2200 = FILL_AREA_STYLE_COLOUR ( '', #2221 ) ;
#2201 = DIRECTION ( 'NONE',  ( 0.000000000000000000, -2.316052704908954646E-16, 1.000000000000000000 ) ) ;
#2202 = EDGE_CURVE ( 'NONE', #2261, #3606, #2357, .T. ) ;
#2203 = EDGE_CURVE ( 'NONE', #2748, #137, #835, .T. ) ;
#2204 = ORIENTED_EDGE ( 'NONE', *, *, #2430, .F. ) ;
#2205 = VERTEX_POINT ( 'NONE', #2904 ) ;
#2206 = DIRECTION ( 'NONE',  ( -1.000000000000000000, -0.000000000000000000, -0.000000000000000000 ) ) ;
#2207 = SHAPE_REPRESENTATION ( 'PPTC031LGBN-RC', ( #2716, #2709, #1062, #3759, #2301 ), #999 ) ;
#2208 = VECTOR ( 'NONE', #3626, 1000.000000000000114 ) ;
#2209 = ORIENTED_EDGE ( 'NONE', *, *, #598, .T. ) ;
#2210 = EDGE_LOOP ( 'NONE', ( #3383, #873, #3636, #1591 ) ) ;
#2211 = CARTESIAN_POINT ( 'NONE',  ( 1.270000000000000240, 5.079999999999999183, 11.36999999999999922 ) ) ;
#2212 = DIRECTION ( 'NONE',  ( -0.000000000000000000, 0.9396926207859185309, 0.3420201433256411794 ) ) ;
#2213 = VERTEX_POINT ( 'NONE', #2336 ) ;
#2214 = CARTESIAN_POINT ( 'NONE',  ( 3.810000000000000053, 0.000000000000000000, 0.000000000000000000 ) ) ;
#2215 = LINE ( 'NONE', #2798, #1852 ) ;
#2216 = VECTOR ( 'NONE', #2538, 1000.000000000000000 ) ;
#2217 = ORIENTED_EDGE ( 'NONE', *, *, #2992, .F. ) ;
#2218 = CARTESIAN_POINT ( 'NONE',  ( -1.269999999999999796, 4.679999999999999716, 2.869999999999999662 ) ) ;
#2219 = DIRECTION ( 'NONE',  ( 0.000000000000000000, 1.000000000000000000, 0.000000000000000000 ) ) ;
#2220 = EDGE_CURVE ( 'NONE', #1748, #2666, #3206, .T. ) ;
#2221 = COLOUR_RGB ( '',0.2509803921568627416, 0.2509803921568627416, 0.2509803921568627416 ) ;
#2222 = CARTESIAN_POINT ( 'NONE',  ( 0.000000000000000000, 0.000000000000000000, 10.09999999999999964 ) ) ;
#2223 = FACE_BOUND ( 'NONE', #316, .T. ) ;
#2224 = ORIENTED_EDGE ( 'NONE', *, *, #3637, .F. ) ;
#2225 = LINE ( 'NONE', #2863, #926 ) ;
#2226 = AXIS2_PLACEMENT_3D ( 'NONE', #3379, #771, #476 ) ;
#2227 = ORIENTED_EDGE ( 'NONE', *, *, #648, .F. ) ;
#2228 = EDGE_CURVE ( 'NONE', #3441, #3172, #2652, .T. ) ;
#2229 = VECTOR ( 'NONE', #1899, 1000.000000000000000 ) ;
#2230 = EDGE_LOOP ( 'NONE', ( #3632, #1201, #2081, #3294 ) ) ;
#2231 = EDGE_LOOP ( 'NONE', ( #775, #597, #977, #1430 ) ) ;
#2232 = DIRECTION ( 'NONE',  ( -1.000000000000000000, -0.000000000000000000, -0.000000000000000000 ) ) ;
#2233 = EDGE_CURVE ( 'NONE', #1514, #3521, #47, .T. ) ;
#2234 = PLANE ( 'NONE',  #2935 ) ;
#2235 = AXIS2_PLACEMENT_3D ( 'NONE', #1862, #2674, #70 ) ;
#2236 = ORIENTED_EDGE ( 'NONE', *, *, #2479, .T. ) ;
#2237 = CARTESIAN_POINT ( 'NONE',  ( 3.810000000000000053, 0.5364888378497735255, 3.245000000000000551 ) ) ;
#2238 = DIRECTION ( 'NONE',  ( 0.000000000000000000, -0.3420201433256411239, 0.9396926207859184199 ) ) ;
#2239 = ORIENTED_EDGE ( 'NONE', *, *, #3432, .T. ) ;
#2240 = CARTESIAN_POINT ( 'NONE',  ( -2.440000000000001279, 3.710000000000015952, 10.77000000000000135 ) ) ;
#2241 = CARTESIAN_POINT ( 'NONE',  ( -0.3000000000000020983, 3.510000000000013110, 10.97000000000000242 ) ) ;
#2242 = DIRECTION ( 'NONE',  ( 0.000000000000000000, -1.000000000000000000, 1.188166764367676095E-16 ) ) ;
#2243 = ORIENTED_EDGE ( 'NONE', *, *, #2946, .T. ) ;
#2244 = DIRECTION ( 'NONE',  ( 0.000000000000000000, 5.870001876866952128E-15, 1.000000000000000000 ) ) ;
#2245 = ORIENTED_EDGE ( 'NONE', *, *, #602, .T. ) ;
#2246 = ORIENTED_EDGE ( 'NONE', *, *, #663, .F. ) ;
#2247 = ADVANCED_FACE ( 'NONE', ( #3225 ), #588, .F. ) ;
#2248 = ORIENTED_EDGE ( 'NONE', *, *, #1412, .T. ) ;
#2249 = LINE ( 'NONE', #2603, #391 ) ;
#2250 = CARTESIAN_POINT ( 'NONE',  ( 1.270000000000000240, 0.3999999999999501732, 2.870000000000000107 ) ) ;
#2251 = EDGE_CURVE ( 'NONE', #2185, #3301, #2373, .T. ) ;
#2252 = VERTEX_POINT ( 'NONE', #907 ) ;
#2253 = DIRECTION ( 'NONE',  ( 0.000000000000000000, -1.000000000000000000, -1.084202172485506406E-15 ) ) ;
#2254 = DIRECTION ( 'NONE',  ( 0.000000000000000000, -0.9396926207859105373, 0.3420201433256629397 ) ) ;
#2255 = ORIENTED_EDGE ( 'NONE', *, *, #438, .F. ) ;
#2256 = LINE ( 'NONE', #3351, #3495 ) ;
#2257 = LINE ( 'NONE', #474, #104 ) ;
#2258 = ORIENTED_EDGE ( 'NONE', *, *, #2322, .F. ) ;
#2259 = SURFACE_SIDE_STYLE ('',( #2518 ) ) ;
#2260 = LINE ( 'NONE', #1043, #2398 ) ;
#2261 = VERTEX_POINT ( 'NONE', #2942 ) ;
#2262 = LINE ( 'NONE', #755, #3065 ) ;
#2263 = DIRECTION ( 'NONE',  ( -1.000000000000000000, 0.000000000000000000, 0.000000000000000000 ) ) ;
#2264 =( NAMED_UNIT ( * ) SI_UNIT ( $, .STERADIAN. ) SOLID_ANGLE_UNIT ( ) );
#2265 = CONTEXT_DEPENDENT_SHAPE_REPRESENTATION ( #3625, #1273 ) ;
#2266 = VERTEX_POINT ( 'NONE', #1723 ) ;
#2267 = VERTEX_POINT ( 'NONE', #1517 ) ;
#2268 = CARTESIAN_POINT ( 'NONE',  ( -0.2999999999999999889, 4.010000000000000675, -0.4999999999999996669 ) ) ;
#2269 = UNCERTAINTY_MEASURE_WITH_UNIT (LENGTH_MEASURE( 1.000000000000000082E-05 ), #3414, 'distance_accuracy_value', 'NONE');
#2270 = EDGE_CURVE ( 'NONE', #3721, #1884, #2883, .T. ) ;
#2271 = LINE ( 'NONE', #3423, #608 ) ;
#2272 = VECTOR ( 'NONE', #3327, 1000.000000000000000 ) ;
#2273 = ORIENTED_EDGE ( 'NONE', *, *, #3618, .T. ) ;
#2274 = ADVANCED_FACE ( 'NONE', ( #674 ), #1280, .T. ) ;
#2275 = ADVANCED_FACE ( 'NONE', ( #2181 ), #3266, .F. ) ;
#2276 = LINE ( 'NONE', #3427, #622 ) ;
#2277 = VERTEX_POINT ( 'NONE', #1245 ) ;
#2278 = CARTESIAN_POINT ( 'NONE',  ( 0.09999999999999896472, 3.710000000000015952, 10.77000000000000135 ) ) ;
#2279 = CARTESIAN_POINT ( 'NONE',  ( 2.840000000000001190, 4.110000000000012754, 10.09999999999999964 ) ) ;
#2280 = EDGE_CURVE ( 'NONE', #33, #226, #2423, .T. ) ;
#2281 = DIRECTION ( 'NONE',  ( 0.000000000000000000, 0.3420201433256412349, -0.9396926207859185309 ) ) ;
#2282 = CARTESIAN_POINT ( 'NONE',  ( 3.240000000000003322, 5.079999999999999183, 11.36999999999999922 ) ) ;
#2283 = CARTESIAN_POINT ( 'NONE',  ( -0.3000000000000020983, 1.569999999999957652, 10.97000000000000242 ) ) ;
#2284 = FACE_OUTER_BOUND ( 'NONE', #1030, .T. ) ;
#2285 = DIRECTION ( 'NONE',  ( 1.000000000000000000, 0.000000000000000000, 0.000000000000000000 ) ) ;
#2286 = AXIS2_PLACEMENT_3D ( 'NONE', #998, #232, #2195 ) ;
#2287 = AXIS2_PLACEMENT_3D ( 'NONE', #181, #1087, #1404 ) ;
#2288 = VERTEX_POINT ( 'NONE', #924 ) ;
#2289 = EDGE_LOOP ( 'NONE', ( #2433, #3321, #2122, #3211 ) ) ;
#2290 = DIRECTION ( 'NONE',  ( -1.000000000000000000, 0.000000000000000000, 0.000000000000000000 ) ) ;
#2291 = VECTOR ( 'NONE', #2076, 1000.000000000000000 ) ;
#2292 = AXIS2_PLACEMENT_3D ( 'NONE', #1202, #3468, #2030 ) ;
#2293 = ORIENTED_EDGE ( 'NONE', *, *, #486, .F. ) ;
#2294 = DIRECTION ( 'NONE',  ( 0.000000000000000000, -1.000000000000000000, 0.000000000000000000 ) ) ;
#2295 = FACE_OUTER_BOUND ( 'NONE', #362, .T. ) ;
#2296 = EDGE_LOOP ( 'NONE', ( #2188, #1361, #3041, #577 ) ) ;
#2297 = CARTESIAN_POINT ( 'NONE',  ( -1.269999999999999796, 5.079999999999999183, 11.36999999999999922 ) ) ;
#2298 = AXIS2_PLACEMENT_3D ( 'NONE', #2320, #2617, #2077 ) ;
#2299 = CARTESIAN_POINT ( 'NONE',  ( 4.060000000000000497, 0.3999999999999501732, 2.870000000000000107 ) ) ;
#2300 = LINE ( 'NONE', #545, #1216 ) ;
#2301 = AXIS2_PLACEMENT_3D ( 'NONE', #949, #1214, #985 ) ;
#2302 = CARTESIAN_POINT ( 'NONE',  ( 3.810000000000000497, 5.079999999999999183, 2.870000000000000107 ) ) ;
#2303 = EDGE_CURVE ( 'NONE', #594, #3620, #3581, .T. ) ;
#2304 = CARTESIAN_POINT ( 'NONE',  ( -3.810000000000000053, 5.079999999999999183, 11.36999999999999922 ) ) ;
#2305 = EDGE_CURVE ( 'NONE', #1854, #1001, #102, .T. ) ;
#2306 = DIRECTION ( 'NONE',  ( 0.000000000000000000, -0.000000000000000000, 1.000000000000000000 ) ) ;
#2307 = ORIENTED_EDGE ( 'NONE', *, *, #3339, .F. ) ;
#2308 = ORIENTED_EDGE ( 'NONE', *, *, #3078, .T. ) ;
#2309 = CARTESIAN_POINT ( 'NONE',  ( 3.810000000000000497, 5.079999999999999183, 11.36999999999999922 ) ) ;
#2310 = EDGE_LOOP ( 'NONE', ( #1805, #2091, #3280, #772 ) ) ;
#2311 = FACE_OUTER_BOUND ( 'NONE', #3407, .T. ) ;
#2312 = CARTESIAN_POINT ( 'NONE',  ( -0.3000000000000020983, 1.569999999999957652, 10.97000000000000242 ) ) ;
#2313 = ORIENTED_EDGE ( 'NONE', *, *, #513, .T. ) ;
#2314 = DIRECTION ( 'NONE',  ( -0.000000000000000000, 0.000000000000000000, -1.000000000000000000 ) ) ;
#2315 = DIRECTION ( 'NONE',  ( 0.000000000000000000, -0.3420201433256411239, 0.9396926207859184199 ) ) ;
#2316 = EDGE_CURVE ( 'NONE', #3598, #3195, #1584, .T. ) ;
#2317 = PLANE ( 'NONE',  #1602 ) ;
#2318 = DIRECTION ( 'NONE',  ( -0.3420201433256657153, 0.9396926207859095381, 1.116511540739375850E-16 ) ) ;
#2319 = LINE ( 'NONE', #571, #1646 ) ;
#2320 = CARTESIAN_POINT ( 'NONE',  ( -0.2999999999999999889, 3.040000000000000036, -0.4999999999999997780 ) ) ;
#2321 = APPLICATION_CONTEXT ( 'automotive_design' ) ;
#2322 = EDGE_CURVE ( 'NONE', #3691, #409, #1263, .T. ) ;
#2323 = EDGE_CURVE ( 'NONE', #3404, #2511, #2999, .T. ) ;
#2324 = VERTEX_POINT ( 'NONE', #138 ) ;
#2325 = CARTESIAN_POINT ( 'NONE',  ( 0.2999999999999999889, 0.5000000000000000000, 1.470000000000000195 ) ) ;
#2326 = VECTOR ( 'NONE', #1907, 1000.000000000000000 ) ;
#2327 = VERTEX_POINT ( 'NONE', #711 ) ;
#2328 = DIRECTION ( 'NONE',  ( 0.000000000000000000, -0.000000000000000000, -1.000000000000000000 ) ) ;
#2329 = LINE ( 'NONE', #2349, #3008 ) ;
#2330 = VERTEX_POINT ( 'NONE', #2981 ) ;
#2331 = LINE ( 'NONE', #2627, #3440 ) ;
#2332 = DIRECTION ( 'NONE',  ( 0.000000000000000000, -1.000000000000000000, 1.082302103395239435E-16 ) ) ;
#2333 = LINE ( 'NONE', #600, #774 ) ;
#2334 = ORIENTED_EDGE ( 'NONE', *, *, #2549, .T. ) ;
#2335 = CARTESIAN_POINT ( 'NONE',  ( 0.3000000000000012101, 3.510000000000013110, 10.97000000000000242 ) ) ;
#2336 = CARTESIAN_POINT ( 'NONE',  ( -3.810000000000000053, 5.079999999999999183, 2.870000000000000107 ) ) ;
#2337 = CARTESIAN_POINT ( 'NONE',  ( 0.2999999999999999889, -2.849999999999997424, 0.000000000000000000 ) ) ;
#2338 = LINE ( 'NONE', #3474, #2356 ) ;
#2339 = EDGE_CURVE ( 'NONE', #3570, #1906, #3298, .T. ) ;
#2340 = CARTESIAN_POINT ( 'NONE',  ( -4.060000000000000497, 0.000000000000000000, 11.36999999999999922 ) ) ;
#2341 = VECTOR ( 'NONE', #105, 1000.000000000000000 ) ;
#2342 = VERTEX_POINT ( 'NONE', #400 ) ;
#2343 = FACE_OUTER_BOUND ( 'NONE', #2447, .T. ) ;
#2344 = AXIS2_PLACEMENT_3D ( 'NONE', #2645, #3237, #1790 ) ;
#2345 = ORIENTED_EDGE ( 'NONE', *, *, #1751, .T. ) ;
#2346 = EDGE_CURVE ( 'NONE', #1884, #501, #1298, .T. ) ;
#2347 = VECTOR ( 'NONE', #2159, 1000.000000000000000 ) ;
#2348 =( LENGTH_UNIT ( ) NAMED_UNIT ( * ) SI_UNIT ( .MILLI., .METRE. ) );
#2349 = CARTESIAN_POINT ( 'NONE',  ( -0.3000000000000020983, 3.510000000000013110, 10.09999999999999964 ) ) ;
#2350 = VECTOR ( 'NONE', #1139, 1000.000000000000000 ) ;
#2351 = VERTEX_POINT ( 'NONE', #381 ) ;
#2352 = DIRECTION ( 'NONE',  ( 1.000000000000000000, 0.000000000000000000, 0.000000000000000000 ) ) ;
#2353 = AXIS2_PLACEMENT_3D ( 'NONE', #2241, #491, #1661 ) ;
#2354 = CARTESIAN_POINT ( 'NONE',  ( -0.3000000000000020983, 1.569999999999957652, 10.09999999999999964 ) ) ;
#2355 = CARTESIAN_POINT ( 'NONE',  ( -0.3000000000000020983, 0.9699999999999578959, 10.09999999999999964 ) ) ;
#2356 = VECTOR ( 'NONE', #2923, 1000.000000000000000 ) ;
#2357 = LINE ( 'NONE', #1743, #1053 ) ;
#2358 = CARTESIAN_POINT ( 'NONE',  ( -3.810000000000000053, 0.000000000000000000, 0.000000000000000000 ) ) ;
#2359 = CARTESIAN_POINT ( 'NONE',  ( 3.240000000000003322, 0.5699999999999559863, 11.36999999999999922 ) ) ;
#2360 = CARTESIAN_POINT ( 'NONE',  ( -2.840000000000002078, 3.510000000000013110, 10.09999999999999964 ) ) ;
#2361 = ORIENTED_EDGE ( 'NONE', *, *, #1200, .F. ) ;
#2362 = DIRECTION ( 'NONE',  ( 0.000000000000000000, 1.000000000000000000, 0.000000000000000000 ) ) ;
#2363 = EDGE_CURVE ( 'NONE', #2748, #2142, #2463, .T. ) ;
#2364 = ORIENTED_EDGE ( 'NONE', *, *, #1246, .T. ) ;
#2365 = EDGE_CURVE ( 'NONE', #1754, #3614, #3317, .T. ) ;
#2366 = DIRECTION ( 'NONE',  ( -0.000000000000000000, -0.000000000000000000, -1.000000000000000000 ) ) ;
#2367 = EDGE_LOOP ( 'NONE', ( #906, #2118, #202, #694 ) ) ;
#2368 = CARTESIAN_POINT ( 'NONE',  ( -2.239999999999998881, 0.9699999999999578959, 10.09999999999999964 ) ) ;
#2369 = CARTESIAN_POINT ( 'NONE',  ( 0.2999999999999999889, 0.5000000000000000000, 1.470000000000000195 ) ) ;
#2370 = EDGE_LOOP ( 'NONE', ( #479, #2776, #2345, #1990, #1156, #398, #2197, #2725 ) ) ;
#2371 = DIRECTION ( 'NONE',  ( 0.000000000000000000, -0.000000000000000000, -1.000000000000000000 ) ) ;
#2372 = EDGE_LOOP ( 'NONE', ( #1475, #2582, #2858, #1918 ) ) ;
#2373 = LINE ( 'NONE', #3527, #3189 ) ;
#2374 = CARTESIAN_POINT ( 'NONE',  ( 2.840000000000001190, 0.9699999999999578959, 10.97000000000000242 ) ) ;
#2375 = CARTESIAN_POINT ( 'NONE',  ( -0.2999999999999999889, 1.069999999999999840, 2.040000000000000036 ) ) ;
#2376 = ORIENTED_EDGE ( 'NONE', *, *, #1751, .F. ) ;
#2377 = LINE ( 'NONE', #3251, #686 ) ;
#2378 = AXIS2_PLACEMENT_3D ( 'NONE', #345, #1817, #3261 ) ;
#2379 = UNCERTAINTY_MEASURE_WITH_UNIT (LENGTH_MEASURE( 1.000000000000000082E-05 ), #3023, 'distance_accuracy_value', 'NONE');
#2380 = ORIENTED_EDGE ( 'NONE', *, *, #3360, .F. ) ;
#2381 = ADVANCED_FACE ( 'NONE', ( #3565 ), #2686, .F. ) ;
#2382 = EDGE_LOOP ( 'NONE', ( #1984, #496, #1611, #1005 ) ) ;
#2383 = AXIS2_PLACEMENT_3D ( 'NONE', #1414, #1198, #1771 ) ;
#2384 = EDGE_CURVE ( 'NONE', #940, #1854, #3048, .T. ) ;
#2385 = DIRECTION ( 'NONE',  ( 1.000000000000000000, 0.000000000000000000, 0.000000000000000000 ) ) ;
#2386 = VERTEX_POINT ( 'NONE', #3544 ) ;
#2387 = DIRECTION ( 'NONE',  ( -0.000000000000000000, -0.000000000000000000, 1.000000000000000000 ) ) ;
#2388 = VECTOR ( 'NONE', #187, 1000.000000000000000 ) ;
#2389 =( REPRESENTATION_RELATIONSHIP ('NONE','NONE', #2207, #1427 ) REPRESENTATION_RELATIONSHIP_WITH_TRANSFORMATION ( #2658 )SHAPE_REPRESENTATION_RELATIONSHIP( ) );
#2390 = ORIENTED_EDGE ( 'NONE', *, *, #3293, .T. ) ;
#2391 = CARTESIAN_POINT ( 'NONE',  ( -3.810000000000000053, 0.5364888378497735255, 3.245000000000000551 ) ) ;
#2392 = DIRECTION ( 'NONE',  ( -0.000000000000000000, -0.000000000000000000, 1.000000000000000000 ) ) ;
#2393 = EDGE_CURVE ( 'NONE', #720, #441, #3281, .T. ) ;
#2394 = LINE ( 'NONE', #677, #74 ) ;
#2395 = ORIENTED_EDGE ( 'NONE', *, *, #1683, .T. ) ;
#2396 = ORIENTED_EDGE ( 'NONE', *, *, #2569, .F. ) ;
#2397 = LINE ( 'NONE', #1749, #335 ) ;
#2398 = VECTOR ( 'NONE', #812, 1000.000000000000114 ) ;
#2399 = ORIENTED_EDGE ( 'NONE', *, *, #860, .T. ) ;
#2400 = VECTOR ( 'NONE', #3664, 1000.000000000000000 ) ;
#2401 = LINE ( 'NONE', #3236, #14 ) ;
#2402 = VECTOR ( 'NONE', #488, 1000.000000000000000 ) ;
#2403 = ORIENTED_EDGE ( 'NONE', *, *, #2393, .T. ) ;
#2404 = AXIS2_PLACEMENT_3D ( 'NONE', #2516, #3641, #454 ) ;
#2405 = FACE_OUTER_BOUND ( 'NONE', #2548, .T. ) ;
#2406 = ORIENTED_EDGE ( 'NONE', *, *, #1830, .T. ) ;
#2407 = FACE_OUTER_BOUND ( 'NONE', #1212, .T. ) ;
#2408 = EDGE_CURVE ( 'NONE', #364, #725, #82, .T. ) ;
#2409 = EDGE_LOOP ( 'NONE', ( #1627, #1812, #1689, #1678 ) ) ;
#2410 = CARTESIAN_POINT ( 'NONE',  ( -0.1908089297201394641, -3.149999999999999911, 1.470000000000000639 ) ) ;
#2411 = AXIS2_PLACEMENT_3D ( 'NONE', #1769, #1269, #2731 ) ;
#2412 = DIRECTION ( 'NONE',  ( 0.000000000000000000, 0.3420201433256628842, 0.9396926207859104263 ) ) ;
#2413 = LINE ( 'NONE', #2710, #2341 ) ;
#2414 = EDGE_CURVE ( 'NONE', #3606, #895, #1836, .T. ) ;
#2415 = ORIENTED_EDGE ( 'NONE', *, *, #3360, .T. ) ;
#2416 = DIRECTION ( 'NONE',  ( 1.000000000000000000, 0.000000000000000000, 0.000000000000000000 ) ) ;
#2417 = VERTEX_POINT ( 'NONE', #768 ) ;
#2418 = SURFACE_STYLE_FILL_AREA ( #1257 ) ;
#2419 = EDGE_LOOP ( 'NONE', ( #3631, #1363, #612, #1898 ) ) ;
#2420 = DIRECTION ( 'NONE',  ( 1.000000000000000000, 0.000000000000000000, 0.000000000000000000 ) ) ;
#2421 = DIRECTION ( 'NONE',  ( 0.000000000000000000, -1.000000000000000000, 0.000000000000000000 ) ) ;
#2422 = ORIENTED_EDGE ( 'NONE', *, *, #356, .F. ) ;
#2423 = LINE ( 'NONE', #2410, #3310 ) ;
#2424 = CARTESIAN_POINT ( 'NONE',  ( -2.840000000000002078, 1.569999999999957652, 10.97000000000000242 ) ) ;
#2425 = EDGE_CURVE ( 'NONE', #1860, #834, #2782, .T. ) ;
#2426 = CARTESIAN_POINT ( 'NONE',  ( -0.1908089297201394641, -3.149999999999999911, 1.470000000000000639 ) ) ;
#2427 = VERTEX_POINT ( 'NONE', #1660 ) ;
#2428 = LINE ( 'NONE', #1607, #934 ) ;
#2429 =( LENGTH_UNIT ( ) NAMED_UNIT ( * ) SI_UNIT ( .MILLI., .METRE. ) );
#2430 = EDGE_CURVE ( 'NONE', #3646, #2765, #1039, .T. ) ;
#2431 = EDGE_CURVE ( 'NONE', #2630, #2438, #214, .T. ) ;
#2432 = AXIS2_PLACEMENT_3D ( 'NONE', #2, #1106, #3203 ) ;
#2433 = ORIENTED_EDGE ( 'NONE', *, *, #602, .F. ) ;
#2434 = CARTESIAN_POINT ( 'NONE',  ( 3.810000000000000497, 5.079999999999999183, 11.36999999999999922 ) ) ;
#2435 = AXIS2_PLACEMENT_3D ( 'NONE', #1699, #254, #567 ) ;
#2436 = EDGE_CURVE ( 'NONE', #959, #843, #473, .T. ) ;
#2437 = DIRECTION ( 'NONE',  ( 0.000000000000000000, 0.000000000000000000, 1.000000000000000000 ) ) ;
#2438 = VERTEX_POINT ( 'NONE', #1638 ) ;
#2439 = UNCERTAINTY_MEASURE_WITH_UNIT (LENGTH_MEASURE( 1.000000000000000082E-05 ), #2501, 'distance_accuracy_value', 'NONE');
#2440 = DIRECTION ( 'NONE',  ( 0.000000000000000000, 0.000000000000000000, -1.000000000000000000 ) ) ;
#2441 = DIRECTION ( 'NONE',  ( 0.000000000000000000, 1.000000000000000000, 1.084202172485506406E-15 ) ) ;
#2442 = ORIENTED_EDGE ( 'NONE', *, *, #2655, .T. ) ;
#2443 =( GEOMETRIC_REPRESENTATION_CONTEXT ( 3 ) GLOBAL_UNCERTAINTY_ASSIGNED_CONTEXT ( ( #1719 ) ) GLOBAL_UNIT_ASSIGNED_CONTEXT ( ( #2348, #803, #1991 ) ) REPRESENTATION_CONTEXT ( 'NONE', 'WORKASPACE' ) );
#2444 = DIRECTION ( 'NONE',  ( 0.000000000000000000, -5.870001876866951339E-15, -1.000000000000000000 ) ) ;
#2445 = LINE ( 'NONE', #83, #1000 ) ;
#2446 = DIRECTION ( 'NONE',  ( 0.000000000000000000, 1.000000000000000000, 0.000000000000000000 ) ) ;
#2447 = EDGE_LOOP ( 'NONE', ( #586, #3497, #1140, #1369 ) ) ;
#2448 = DIRECTION ( 'NONE',  ( -0.5773502691896278405, 0.5773502691896278405, -0.5773502691896216232 ) ) ;
#2449 = CARTESIAN_POINT ( 'NONE',  ( -3.810000000000000053, 5.079999999999999183, 2.870000000000000107 ) ) ;
#2450 = CARTESIAN_POINT ( 'NONE',  ( 0.000000000000000000, 0.000000000000000000, 0.000000000000000000 ) ) ;
#2451 = ORIENTED_EDGE ( 'NONE', *, *, #1488, .F. ) ;
#2452 = EDGE_CURVE ( 'NONE', #3371, #895, #1973, .T. ) ;
#2453 = VERTEX_POINT ( 'NONE', #2198 ) ;
#2454 = PLANE ( 'NONE',  #1437 ) ;
#2455 = FACE_OUTER_BOUND ( 'NONE', #3338, .T. ) ;
#2456 = EDGE_CURVE ( 'NONE', #1029, #1514, #3430, .T. ) ;
#2457 = EDGE_LOOP ( 'NONE', ( #1952, #1215, #3094, #3325, #2498, #2180, #20, #2020 ) ) ;
#2458 =( REPRESENTATION_RELATIONSHIP ('NONE','NONE', #2207, #1382 ) REPRESENTATION_RELATIONSHIP_WITH_TRANSFORMATION ( #1387 )SHAPE_REPRESENTATION_RELATIONSHIP( ) );
#2459 = LINE ( 'NONE', #3617, #2806 ) ;
#2460 = DIRECTION ( 'NONE',  ( 1.000000000000000000, 0.000000000000000000, 0.000000000000000000 ) ) ;
#2461 = VECTOR ( 'NONE', #2955, 1000.000000000000000 ) ;
#2462 = ORIENTED_EDGE ( 'NONE', *, *, #1079, .T. ) ;
#2463 = LINE ( 'NONE', #2726, #506 ) ;
#2464 = LINE ( 'NONE', #3018, #3202 ) ;
#2465 = VECTOR ( 'NONE', #1337, 1000.000000000000000 ) ;
#2466 = PLANE ( 'NONE',  #3062 ) ;
#2467 = AXIS2_PLACEMENT_3D ( 'NONE', #2621, #13, #1172 ) ;
#2468 = ORIENTED_EDGE ( 'NONE', *, *, #3243, .F. ) ;
#2469 = PLANE ( 'NONE',  #2661 ) ;
#2470 = FACE_OUTER_BOUND ( 'NONE', #993, .T. ) ;
#2471 = VECTOR ( 'NONE', #1919, 1000.000000000000000 ) ;
#2472 = VERTEX_POINT ( 'NONE', #1935 ) ;
#2473 = ORIENTED_EDGE ( 'NONE', *, *, #3221, .F. ) ;
#2474 = DIRECTION ( 'NONE',  ( 1.000000000000000000, 0.000000000000000000, 0.000000000000000000 ) ) ;
#2475 = EDGE_CURVE ( 'NONE', #2417, #111, #1995, .T. ) ;
#2476 = VECTOR ( 'NONE', #656, 1000.000000000000000 ) ;
#2477 = DIRECTION ( 'NONE',  ( -1.000000000000000000, -0.000000000000000000, -0.000000000000000000 ) ) ;
#2478 = ORIENTED_EDGE ( 'NONE', *, *, #3456, .T. ) ;
#2479 = EDGE_CURVE ( 'NONE', #3265, #911, #490, .T. ) ;
#2480 = EDGE_CURVE ( 'NONE', #1879, #2186, #3145, .T. ) ;
#2481 = DIRECTION ( 'NONE',  ( 0.000000000000000000, -1.000000000000000000, 0.000000000000000000 ) ) ;
#2482 = DIRECTION ( 'NONE',  ( 0.000000000000000000, 1.000000000000000000, 0.000000000000000000 ) ) ;
#2483 = ORIENTED_EDGE ( 'NONE', *, *, #3243, .T. ) ;
#2484 = CARTESIAN_POINT ( 'NONE',  ( -0.2999999999999999889, 1.470000000000000417, 2.040000000000000036 ) ) ;
#2485 = CARTESIAN_POINT ( 'NONE',  ( 2.239999999999997993, 4.110000000000012754, 10.97000000000000242 ) ) ;
#2486 = AXIS2_PLACEMENT_3D ( 'NONE', #1881, #3668, #2523 ) ;
#2487 = CARTESIAN_POINT ( 'NONE',  ( 1.270000000000000240, 0.000000000000000000, 11.36999999999999922 ) ) ;
#2488 = CYLINDRICAL_SURFACE ( 'NONE', #1008, 0.5699999999999999512 ) ;
#2489 = CARTESIAN_POINT ( 'NONE',  ( -0.3000000000000020983, 4.110000000000012754, 10.09999999999999964 ) ) ;
#2490 = EDGE_LOOP ( 'NONE', ( #1220, #1985, #1732, #1625 ) ) ;
#2491 = EDGE_LOOP ( 'NONE', ( #386, #185, #2204, #1948, #3481, #175, #1164, #2039 ) ) ;
#2492 = LINE ( 'NONE', #2211, #1613 ) ;
#2493 = DIRECTION ( 'NONE',  ( -1.000000000000000000, 0.000000000000000000, 0.000000000000000000 ) ) ;
#2494 = ORIENTED_EDGE ( 'NONE', *, *, #2202, .F. ) ;
#2495 = EDGE_CURVE ( 'NONE', #2142, #1465, #2800, .T. ) ;
#2496 = CARTESIAN_POINT ( 'NONE',  ( -1.839999999999996971, 4.510000000000014886, 11.36999999999999922 ) ) ;
#2497 = CARTESIAN_POINT ( 'NONE',  ( -0.1000000000000006994, 3.910000000000011688, 10.77000000000000313 ) ) ;
#2498 = ORIENTED_EDGE ( 'NONE', *, *, #2303, .F. ) ;
#2499 = DIRECTION ( 'NONE',  ( -0.5773502691896278405, 0.5773502691896278405, -0.5773502691896216232 ) ) ;
#2500 = CARTESIAN_POINT ( 'NONE',  ( 2.239999999999997993, 3.510000000000013110, 10.09999999999999964 ) ) ;
#2501 =( LENGTH_UNIT ( ) NAMED_UNIT ( * ) SI_UNIT ( .MILLI., .METRE. ) );
#2502 = LINE ( 'NONE', #2487, #1912 ) ;
#2503 = EDGE_CURVE ( 'NONE', #3066, #114, #1697, .T. ) ;
#2504 = DIRECTION ( 'NONE',  ( 0.000000000000000000, -1.000000000000000000, 0.000000000000000000 ) ) ;
#2505 = PLANE ( 'NONE',  #2486 ) ;
#2506 = FACE_OUTER_BOUND ( 'NONE', #420, .T. ) ;
#2507 = ORIENTED_EDGE ( 'NONE', *, *, #783, .F. ) ;
#2508 = ORIENTED_EDGE ( 'NONE', *, *, #1100, .T. ) ;
#2509 = FACE_OUTER_BOUND ( 'NONE', #2367, .T. ) ;
#2510 = LINE ( 'NONE', #3673, #857 ) ;
#2511 = VERTEX_POINT ( 'NONE', #509 ) ;
#2512 = DIRECTION ( 'NONE',  ( 0.000000000000000000, 0.000000000000000000, -1.000000000000000000 ) ) ;
#2513 = DIRECTION ( 'NONE',  ( 1.000000000000000000, -0.000000000000000000, -0.000000000000000000 ) ) ;
#2514 = VECTOR ( 'NONE', #638, 1000.000000000000000 ) ;
#2515 = ORIENTED_EDGE ( 'NONE', *, *, #131, .F. ) ;
#2516 = CARTESIAN_POINT ( 'NONE',  ( 1.270000000000000240, 0.000000000000000000, 0.000000000000000000 ) ) ;
#2517 = DIRECTION ( 'NONE',  ( 0.000000000000000000, 0.000000000000000000, -1.000000000000000000 ) ) ;
#2518 = SURFACE_STYLE_FILL_AREA ( #3353 ) ;
#2519 = ADVANCED_FACE ( 'NONE', ( #1679 ), #3412, .T. ) ;
#2520 = CARTESIAN_POINT ( 'NONE',  ( 0.2999999999999999889, 0.5000000000000000000, 1.070000000000000062 ) ) ;
#2521 = PLANE ( 'NONE',  #1371 ) ;
#2522 = AXIS2_PLACEMENT_3D ( 'NONE', #1701, #1384, #3706 ) ;
#2523 = DIRECTION ( 'NONE',  ( 0.000000000000000000, 0.000000000000000000, -1.000000000000000000 ) ) ;
#2524 =( NAMED_UNIT ( * ) PLANE_ANGLE_UNIT ( ) SI_UNIT ( $, .RADIAN. ) );
#2525 = ADVANCED_FACE ( 'NONE', ( #2844 ), #1083, .T. ) ;
#2526 = AXIS2_PLACEMENT_3D ( 'NONE', #2051, #3741, #2314 ) ;
#2527 = VERTEX_POINT ( 'NONE', #1020 ) ;
#2528 = ORIENTED_EDGE ( 'NONE', *, *, #3198, .F. ) ;
#2529 = LINE ( 'NONE', #1426, #3257 ) ;
#2530 = CARTESIAN_POINT ( 'NONE',  ( 2.239999999999997993, 4.110000000000012754, 10.09999999999999964 ) ) ;
#2531 = VECTOR ( 'NONE', #757, 1000.000000000000000 ) ;
#2532 = ORIENTED_EDGE ( 'NONE', *, *, #783, .T. ) ;
#2533 = CARTESIAN_POINT ( 'NONE',  ( 1.270000000000000240, -4.989501595336908954E-14, 2.870000000000000107 ) ) ;
#2534 = CARTESIAN_POINT ( 'NONE',  ( -4.060000000000000497, 0.3999999999999501732, 2.870000000000000107 ) ) ;
#2535 = ORIENTED_EDGE ( 'NONE', *, *, #2146, .F. ) ;
#2536 = CARTESIAN_POINT ( 'NONE',  ( -1.269999999999999796, 0.3999999999999501732, 2.870000000000000107 ) ) ;
#2537 = PLANE ( 'NONE',  #1867 ) ;
#2538 = DIRECTION ( 'NONE',  ( -1.000000000000000000, 0.000000000000000000, 0.000000000000000000 ) ) ;
#2539 = LINE ( 'NONE', #3417, #1248 ) ;
#2540 = DIRECTION ( 'NONE',  ( 0.000000000000000000, -1.188166764367676095E-16, 1.000000000000000000 ) ) ;
#2541 = ADVANCED_FACE ( 'NONE', ( #3662 ), #3700, .F. ) ;
#2542 = ORIENTED_EDGE ( 'NONE', *, *, #2971, .F. ) ;
#2543 = VERTEX_POINT ( 'NONE', #3681 ) ;
#2544 = FACE_OUTER_BOUND ( 'NONE', #706, .T. ) ;
#2545 = EDGE_CURVE ( 'NONE', #501, #1374, #1400, .T. ) ;
#2546 = EDGE_CURVE ( 'NONE', #2185, #3217, #2256, .T. ) ;
#2547 = FACE_OUTER_BOUND ( 'NONE', #1511, .T. ) ;
#2548 = EDGE_LOOP ( 'NONE', ( #3557, #728, #1271, #3053 ) ) ;
#2549 = EDGE_CURVE ( 'NONE', #3278, #3646, #1455, .T. ) ;
#2550 = PLANE ( 'NONE',  #2286 ) ;
#2551 = ORIENTED_EDGE ( 'NONE', *, *, #2233, .F. ) ;
#2552 = DIRECTION ( 'NONE',  ( 0.000000000000000000, -1.000000000000000000, 1.188166764367676095E-16 ) ) ;
#2553 = LINE ( 'NONE', #1622, #3389 ) ;
#2554 = AXIS2_PLACEMENT_3D ( 'NONE', #1832, #690, #3539 ) ;
#2555 = CARTESIAN_POINT ( 'NONE',  ( 1.270000000000000240, 4.543511162150186244, 3.245000000000000107 ) ) ;
#2556 = LINE ( 'NONE', #1380, #2216 ) ;
#2557 = AXIS2_PLACEMENT_3D ( 'NONE', #378, #2385, #45 ) ;
#2558 = DIRECTION ( 'NONE',  ( -1.000000000000000000, -0.000000000000000000, 0.000000000000000000 ) ) ;
#2559 = CARTESIAN_POINT ( 'NONE',  ( -2.840000000000002078, 1.569999999999957652, 10.97000000000000242 ) ) ;
#2560 = DIRECTION ( 'NONE',  ( 0.000000000000000000, 0.000000000000000000, 1.000000000000000000 ) ) ;
#2561 = AXIS2_PLACEMENT_3D ( 'NONE', #3121, #1099, #2026 ) ;
#2562 = ORIENTED_EDGE ( 'NONE', *, *, #3665, .T. ) ;
#2563 = VERTEX_POINT ( 'NONE', #2648 ) ;
#2564 = CARTESIAN_POINT ( 'NONE',  ( 2.239999999999997993, 3.510000000000013110, 10.97000000000000242 ) ) ;
#2565 = VECTOR ( 'NONE', #3529, 1000.000000000000000 ) ;
#2566 = EDGE_CURVE ( 'NONE', #2330, #1010, #252, .T. ) ;
#2567 = ORIENTED_EDGE ( 'NONE', *, *, #3083, .F. ) ;
#2568 = PLANE ( 'NONE',  #2561 ) ;
#2569 = EDGE_CURVE ( 'NONE', #2342, #720, #1436, .T. ) ;
#2570 = CARTESIAN_POINT ( 'NONE',  ( -2.640000000000001013, 3.910000000000011688, 10.77000000000000313 ) ) ;
#2571 = VERTEX_POINT ( 'NONE', #287 ) ;
#2572 = CARTESIAN_POINT ( 'NONE',  ( 0.2999999999999999889, 4.010000000000000675, -0.4999999999999996669 ) ) ;
#2573 = CARTESIAN_POINT ( 'NONE',  ( 1.839999999999996083, 5.079999999999999183, 11.36999999999999922 ) ) ;
#2574 = FACE_OUTER_BOUND ( 'NONE', #39, .T. ) ;
#2575 = FACE_OUTER_BOUND ( 'NONE', #3429, .T. ) ;
#2576 = CARTESIAN_POINT ( 'NONE',  ( -2.840000000000002078, 3.510000000000013110, 10.97000000000000242 ) ) ;
#2577 = FACE_OUTER_BOUND ( 'NONE', #897, .T. ) ;
#2578 = AXIS2_PLACEMENT_3D ( 'NONE', #2335, #3149, #587 ) ;
#2579 = APPLICATION_CONTEXT ( 'automotive_design' ) ;
#2580 = STYLED_ITEM ( 'NONE', ( #1041 ), #1962 ) ;
#2581 = ORIENTED_EDGE ( 'NONE', *, *, #3610, .F. ) ;
#2582 = ORIENTED_EDGE ( 'NONE', *, *, #241, .F. ) ;
#2583 = DIRECTION ( 'NONE',  ( -0.000000000000000000, -1.000000000000000000, -1.084202172485506406E-15 ) ) ;
#2584 = VECTOR ( 'NONE', #2921, 1000.000000000000000 ) ;
#2585 = AXIS2_PLACEMENT_3D ( 'NONE', #3532, #2116, #3271 ) ;
#2586 = ORIENTED_EDGE ( 'NONE', *, *, #1735, .F. ) ;
#2587 = EDGE_CURVE ( 'NONE', #3395, #1592, #1755, .T. ) ;
#2588 = AXIS2_PLACEMENT_3D ( 'NONE', #3076, #437, #1882 ) ;
#2589 = LINE ( 'NONE', #3720, #1983 ) ;
#2590 = ORIENTED_EDGE ( 'NONE', *, *, #1766, .F. ) ;
#2591 = PLANE ( 'NONE',  #1186 ) ;
#2592 = COLOUR_RGB ( '',0.7921568627450980005, 0.8196078431372548767, 0.9333333333333333481 ) ;
#2593 = LINE ( 'NONE', #2878, #3622 ) ;
#2594 = EDGE_CURVE ( 'NONE', #1010, #917, #2013, .T. ) ;
#2595 = EDGE_CURVE ( 'NONE', #137, #1465, #565, .T. ) ;
#2596 = PLANE ( 'NONE',  #3081 ) ;
#2597 = FACE_OUTER_BOUND ( 'NONE', #719, .T. ) ;
#2598 = CARTESIAN_POINT ( 'NONE',  ( -4.060000000000000497, 0.3999999999999501732, 2.870000000000000107 ) ) ;
#2599 = CARTESIAN_POINT ( 'NONE',  ( 0.000000000000000000, 0.000000000000000000, 10.09999999999999964 ) ) ;
#2600 = LINE ( 'NONE', #1228, #3445 ) ;
#2601 = ORIENTED_EDGE ( 'NONE', *, *, #3432, .F. ) ;
#2602 = ORIENTED_EDGE ( 'NONE', *, *, #3220, .F. ) ;
#2603 = CARTESIAN_POINT ( 'NONE',  ( 3.810000000000000053, 5.079999999999999183, 2.870000000000000107 ) ) ;
#2604 = ORIENTED_EDGE ( 'NONE', *, *, #3523, .T. ) ;
#2605 = PRODUCT_DEFINITION_SHAPE ( 'NONE', 'NONE',  #3781 ) ;
#2606 = DIRECTION ( 'NONE',  ( 0.000000000000000000, 0.000000000000000000, 1.000000000000000000 ) ) ;
#2607 = CARTESIAN_POINT ( 'NONE',  ( 3.810000000000000497, 3.110000000000010978, 11.36999999999999922 ) ) ;
#2608 = EDGE_CURVE ( 'NONE', #3238, #3106, #3164, .T. ) ;
#2609 = ORIENTED_EDGE ( 'NONE', *, *, #377, .T. ) ;
#2610 = DIRECTION ( 'NONE',  ( -0.5773502691896278405, -0.5773502691896278405, -0.5773502691896216232 ) ) ;
#2611 = DIRECTION ( 'NONE',  ( 0.000000000000000000, 0.000000000000000000, 1.000000000000000000 ) ) ;
#2612 = CARTESIAN_POINT ( 'NONE',  ( -0.3000000000000020983, 3.510000000000013110, 10.09999999999999964 ) ) ;
#2613 = ORIENTED_EDGE ( 'NONE', *, *, #3561, .T. ) ;
#2614 = DIRECTION ( 'NONE',  ( -1.000000000000000000, -0.000000000000000000, -0.000000000000000000 ) ) ;
#2615 = CARTESIAN_POINT ( 'NONE',  ( 2.239999999999997993, 0.9699999999999578959, 10.97000000000000242 ) ) ;
#2616 = DIRECTION ( 'NONE',  ( 1.000000000000000000, 0.000000000000000000, 0.000000000000000000 ) ) ;
#2617 = DIRECTION ( 'NONE',  ( 1.000000000000000000, 0.000000000000000000, 0.000000000000000000 ) ) ;
#2618 = CARTESIAN_POINT ( 'NONE',  ( 4.060000000000000497, 0.5364888378497735255, 3.245000000000000551 ) ) ;
#2619 = EDGE_CURVE ( 'NONE', #3774, #2527, #2331, .T. ) ;
#2620 = ORIENTED_EDGE ( 'NONE', *, *, #3618, .F. ) ;
#2621 = CARTESIAN_POINT ( 'NONE',  ( 1.270000000000000240, -4.989501595336908954E-14, 2.870000000000000107 ) ) ;
#2622 = ORIENTED_EDGE ( 'NONE', *, *, #2895, .F. ) ;
#2623 = CARTESIAN_POINT ( 'NONE',  ( -3.810000000000000053, 4.543511162150186244, 3.245000000000000107 ) ) ;
#2624 = PLANE ( 'NONE',  #328 ) ;
#2625 = ORIENTED_EDGE ( 'NONE', *, *, #3059, .F. ) ;
#2626 = AXIS2_PLACEMENT_3D ( 'NONE', #2618, #2839, #1394 ) ;
#2627 = CARTESIAN_POINT ( 'NONE',  ( -1.269999999999999796, 1.969999999999959561, 11.36999999999999922 ) ) ;
#2628 = CARTESIAN_POINT ( 'NONE',  ( 0.000000000000000000, 0.000000000000000000, 0.000000000000000000 ) ) ;
#2629 = CARTESIAN_POINT ( 'NONE',  ( -1.269999999999999796, 0.000000000000000000, 11.36999999999999922 ) ) ;
#2630 = VERTEX_POINT ( 'NONE', #2572 ) ;
#2631 = LINE ( 'NONE', #1129, #1115 ) ;
#2632 = LINE ( 'NONE', #2615, #273 ) ;
#2633 = FACE_OUTER_BOUND ( 'NONE', #1504, .T. ) ;
#2634 = DIRECTION ( 'NONE',  ( -1.000000000000000000, 0.000000000000000000, 0.000000000000000000 ) ) ;
#2635 = EDGE_CURVE ( 'NONE', #654, #2261, #2070, .T. ) ;
#2636 = LINE ( 'NONE', #2375, #3235 ) ;
#2637 = VECTOR ( 'NONE', #2441, 1000.000000000000000 ) ;
#2638 = ORIENTED_EDGE ( 'NONE', *, *, #3684, .T. ) ;
#2639 = FACE_OUTER_BOUND ( 'NONE', #1648, .T. ) ;
#2640 = ADVANCED_FACE ( 'NONE', ( #1145 ), #867, .T. ) ;
#2641 = MECHANICAL_DESIGN_GEOMETRIC_PRESENTATION_REPRESENTATION (  '', ( #2757 ), #1431 ) ;
#2642 = VERTEX_POINT ( 'NONE', #2936 ) ;
#2643 = AXIS2_PLACEMENT_3D ( 'NONE', #1002, #1875, #3599 ) ;
#2644 = CARTESIAN_POINT ( 'NONE',  ( -2.840000000000002078, 0.9699999999999578959, 10.09999999999999964 ) ) ;
#2645 = CARTESIAN_POINT ( 'NONE',  ( -0.2999999999999999889, 0.000000000000000000, 0.000000000000000000 ) ) ;
#2646 = VECTOR ( 'NONE', #2854, 1000.000000000000000 ) ;
#2647 = EDGE_LOOP ( 'NONE', ( #1610, #3740, #647, #229 ) ) ;
#2648 = CARTESIAN_POINT ( 'NONE',  ( -2.840000000000002078, 0.9699999999999578959, 10.97000000000000242 ) ) ;
#2649 = FACE_OUTER_BOUND ( 'NONE', #1424, .T. ) ;
#2650 = DIRECTION ( 'NONE',  ( 1.000000000000000000, -0.000000000000000000, -0.000000000000000000 ) ) ;
#2651 = VECTOR ( 'NONE', #2392, 1000.000000000000000 ) ;
#2652 = LINE ( 'NONE', #349, #3255 ) ;
#2653 = CARTESIAN_POINT ( 'NONE',  ( 4.060000000000000497, 0.5364888378497735255, 3.245000000000000551 ) ) ;
#2654 = DIRECTION ( 'NONE',  ( -0.000000000000000000, 1.000000000000000000, 0.000000000000000000 ) ) ;
#2655 = EDGE_CURVE ( 'NONE', #3589, #2267, #320, .T. ) ;
#2656 = ORIENTED_EDGE ( 'NONE', *, *, #1527, .T. ) ;
#2657 = DIRECTION ( 'NONE',  ( 0.000000000000000000, 1.000000000000000000, 0.000000000000000000 ) ) ;
#2658 = ITEM_DEFINED_TRANSFORMATION ( 'NONE', 'NONE', #2709,  #881 ) ;
#2659 = ADVANCED_FACE ( 'NONE', ( #1417 ), #583, .F. ) ;
#2660 = ORIENTED_EDGE ( 'NONE', *, *, #518, .T. ) ;
#2661 = AXIS2_PLACEMENT_3D ( 'NONE', #2337, #815, #2306 ) ;
#2662 =( NAMED_UNIT ( * ) SI_UNIT ( $, .STERADIAN. ) SOLID_ANGLE_UNIT ( ) );
#2663 = EDGE_CURVE ( 'NONE', #2453, #3002, #1179, .T. ) ;
#2664 = EDGE_LOOP ( 'NONE', ( #974, #1289, #2874, #634 ) ) ;
#2665 = DIRECTION ( 'NONE',  ( -1.000000000000000000, 0.000000000000000000, 0.000000000000000000 ) ) ;
#2666 = VERTEX_POINT ( 'NONE', #2297 ) ;
#2667 = PLANE ( 'NONE',  #500 ) ;
#2668 = ORIENTED_EDGE ( 'NONE', *, *, #1126, .T. ) ;
#2669 = CARTESIAN_POINT ( 'NONE',  ( 3.810000000000000497, 0.000000000000000000, 11.36999999999999922 ) ) ;
#2670 = LINE ( 'NONE', #29, #3757 ) ;
#2671 = DIRECTION ( 'NONE',  ( 1.000000000000000000, 0.000000000000000000, 0.000000000000000000 ) ) ;
#2672 = ORIENTED_EDGE ( 'NONE', *, *, #444, .T. ) ;
#2673 = CARTESIAN_POINT ( 'NONE',  ( 3.810000000000000497, 4.543511162150186244, 3.245000000000000107 ) ) ;
#2674 = DIRECTION ( 'NONE',  ( 0.000000000000000000, 0.000000000000000000, 1.000000000000000000 ) ) ;
#2675 = PRODUCT_DEFINITION_CONTEXT ( 'detailed design', #665, 'design' ) ;
#2676 = ORIENTED_EDGE ( 'NONE', *, *, #1143, .F. ) ;
#2677 = AXIS2_PLACEMENT_3D ( 'NONE', #1016, #1890, #2738 ) ;
#2678 = ADVANCED_FACE ( 'NONE', ( #3452 ), #3522, .F. ) ;
#2679 = ORIENTED_EDGE ( 'NONE', *, *, #2608, .T. ) ;
#2680 = EDGE_CURVE ( 'NONE', #2698, #3441, #2899, .T. ) ;
#2681 = CARTESIAN_POINT ( 'NONE',  ( -1.269999999999999796, 5.079999999999999183, 2.870000000000000107 ) ) ;
#2682 = ORIENTED_EDGE ( 'NONE', *, *, #3248, .T. ) ;
#2683 = DIRECTION ( 'NONE',  ( -1.000000000000000000, -0.000000000000000000, -0.000000000000000000 ) ) ;
#2684 = AXIS2_PLACEMENT_3D ( 'NONE', #3060, #446, #2774 ) ;
#2685 = ORIENTED_EDGE ( 'NONE', *, *, #2322, .T. ) ;
#2686 = PLANE ( 'NONE',  #1306 ) ;
#2687 = DIRECTION ( 'NONE',  ( -1.000000000000000000, 0.000000000000000000, 0.000000000000000000 ) ) ;
#2688 = CARTESIAN_POINT ( 'NONE',  ( -0.7000000000000039524, 0.5699999999999559863, 11.36999999999999922 ) ) ;
#2689 = ORIENTED_EDGE ( 'NONE', *, *, #492, .T. ) ;
#2690 = PLANE ( 'NONE',  #2467 ) ;
#2691 = DIRECTION ( 'NONE',  ( 0.000000000000000000, 0.000000000000000000, 1.000000000000000000 ) ) ;
#2692 = AXIS2_PLACEMENT_3D ( 'NONE', #1498, #3768, #2962 ) ;
#2693 = ORIENTED_EDGE ( 'NONE', *, *, #1125, .F. ) ;
#2694 = PRODUCT ( 'PPPC022LJBN-RC_C03', 'PPPC022LJBN-RC_C03', '', ( #3323 ) ) ;
#2695 = AXIS2_PLACEMENT_3D ( 'NONE', #505, #2254, #1059 ) ;
#2696 = CARTESIAN_POINT ( 'NONE',  ( 0.3000000000000012101, 1.569999999999957652, 10.09999999999999964 ) ) ;
#2697 = AXIS2_PLACEMENT_3D ( 'NONE', #1152, #3491, #3186 ) ;
#2698 = VERTEX_POINT ( 'NONE', #2368 ) ;
#2699 = EDGE_CURVE ( 'NONE', #940, #3564, #901, .T. ) ;
#2700 = VECTOR ( 'NONE', #968, 1000.000000000000000 ) ;
#2701 = LINE ( 'NONE', #651, #540 ) ;
#2702 = LINE ( 'NONE', #1261, #1490 ) ;
#2703 = VERTEX_POINT ( 'NONE', #2086 ) ;
#2704 = ADVANCED_FACE ( 'NONE', ( #1793 ), #2591, .F. ) ;
#2705 = CARTESIAN_POINT ( 'NONE',  ( 0.09999999999999896472, 1.169999999999960405, 10.77000000000000135 ) ) ;
#2706 = EDGE_CURVE ( 'NONE', #2961, #3570, #3326, .T. ) ;
#2707 = VECTOR ( 'NONE', #3629, 1000.000000000000000 ) ;
#2708 = PLANE ( 'NONE',  #1685 ) ;
#2709 = AXIS2_PLACEMENT_3D ( 'NONE', #2099, #2715, #681 ) ;
#2710 = CARTESIAN_POINT ( 'NONE',  ( -3.810000000000000053, 5.079999999999999183, 11.36999999999999922 ) ) ;
#2711 = ORIENTED_EDGE ( 'NONE', *, *, #2868, .F. ) ;
#2712 = ADVANCED_FACE ( 'NONE', ( #704 ), #2958, .F. ) ;
#2713 = ORIENTED_EDGE ( 'NONE', *, *, #3523, .F. ) ;
#2714 = DIRECTION ( 'NONE',  ( -1.000000000000000000, -0.000000000000000000, -0.000000000000000000 ) ) ;
#2715 = DIRECTION ( 'NONE',  ( 0.000000000000000000, 0.000000000000000000, 1.000000000000000000 ) ) ;
#2716 = AXIS2_PLACEMENT_3D ( 'NONE', #1883, #2691, #90 ) ;
#2717 = VECTOR ( 'NONE', #3034, 1000.000000000000000 ) ;
#2718 = ORIENTED_EDGE ( 'NONE', *, *, #3387, .F. ) ;
#2719 = CARTESIAN_POINT ( 'NONE',  ( 0.2999999999999999889, -3.149999999999999911, 1.069999999999999618 ) ) ;
#2720 = LINE ( 'NONE', #1218, #71 ) ;
#2721 = ORIENTED_EDGE ( 'NONE', *, *, #838, .T. ) ;
#2722 = PLANE ( 'NONE',  #2378 ) ;
#2723 = ADVANCED_FACE ( 'NONE', ( #466 ), #1576, .F. ) ;
#2724 = CARTESIAN_POINT ( 'NONE',  ( -2.239999999999998881, 3.510000000000013110, 10.09999999999999964 ) ) ;
#2725 = ORIENTED_EDGE ( 'NONE', *, *, #1438, .T. ) ;
#2726 = CARTESIAN_POINT ( 'NONE',  ( -0.2999999999999999889, 1.069999999999999840, 3.245000000000000551 ) ) ;
#2727 = LINE ( 'NONE', #944, #1619 ) ;
#2728 = ADVANCED_FACE ( 'NONE', ( #1904 ), #1011, .F. ) ;
#2729 = FACE_OUTER_BOUND ( 'NONE', #2808, .T. ) ;
#2730 = VERTEX_POINT ( 'NONE', #1031 ) ;
#2731 = DIRECTION ( 'NONE',  ( 0.000000000000000000, -1.000000000000000000, -1.084202172485506603E-15 ) ) ;
#2732 = EDGE_CURVE ( 'NONE', #843, #208, #2750, .T. ) ;
#2733 = ORIENTED_EDGE ( 'NONE', *, *, #616, .F. ) ;
#2734 = ORIENTED_EDGE ( 'NONE', *, *, #1476, .T. ) ;
#2735 = CARTESIAN_POINT ( 'NONE',  ( -2.440000000000001279, 1.369999999999955254, 10.77000000000000135 ) ) ;
#2736 = DIRECTION ( 'NONE',  ( 0.000000000000000000, 1.000000000000000000, 0.000000000000000000 ) ) ;
#2737 = VERTEX_POINT ( 'NONE', #2773 ) ;
#2738 = DIRECTION ( 'NONE',  ( -1.000000000000000000, 0.000000000000000000, -0.000000000000000000 ) ) ;
#2739 = DIRECTION ( 'NONE',  ( -0.5773502691896278405, 0.5773502691896278405, 0.5773502691896216232 ) ) ;
#2740 = EDGE_LOOP ( 'NONE', ( #2567, #1113, #2733, #767, #2908, #2772, #1524, #2586 ) ) ;
#2741 = DIRECTION ( 'NONE',  ( 1.000000000000000000, 0.000000000000000000, 0.000000000000000000 ) ) ;
#2742 = PLANE ( 'NONE',  #2174 ) ;
#2743 = CARTESIAN_POINT ( 'NONE',  ( -0.2999999999999999889, 0.000000000000000000, 0.000000000000000000 ) ) ;
#2744 = EDGE_LOOP ( 'NONE', ( #354, #2451, #3467, #2625 ) ) ;
#2745 = DIRECTION ( 'NONE',  ( 0.000000000000000000, -1.000000000000000000, 1.082302103395239435E-16 ) ) ;
#2746 = CARTESIAN_POINT ( 'NONE',  ( -2.840000000000002078, 1.569999999999957652, 10.09999999999999964 ) ) ;
#2747 = ADVANCED_FACE ( 'NONE', ( #2173 ), #685, .T. ) ;
#2748 = VERTEX_POINT ( 'NONE', #1629 ) ;
#2749 = ORIENTED_EDGE ( 'NONE', *, *, #1845, .F. ) ;
#2750 = LINE ( 'NONE', #342, #36 ) ;
#2751 = ADVANCED_FACE ( 'NONE', ( #3042 ), #2793, .F. ) ;
#2752 = DIRECTION ( 'NONE',  ( -0.7071067811865436870, -0.000000000000000000, -0.7071067811865513475 ) ) ;
#2753 = EDGE_LOOP ( 'NONE', ( #2734, #2224, #806, #332 ) ) ;
#2754 = VECTOR ( 'NONE', #2903, 1000.000000000000000 ) ;
#2755 = DIRECTION ( 'NONE',  ( 0.000000000000000000, -1.000000000000000000, 0.000000000000000000 ) ) ;
#2756 = DIRECTION ( 'NONE',  ( -1.000000000000000000, 0.000000000000000000, 0.000000000000000000 ) ) ;
#2757 = STYLED_ITEM ( 'NONE', ( #2846 ), #1978 ) ;
#2758 = EDGE_LOOP ( 'NONE', ( #459, #970, #3420, #2811 ) ) ;
#2759 = DIRECTION ( 'NONE',  ( 0.000000000000000000, -1.000000000000000000, 0.000000000000000000 ) ) ;
#2760 = CARTESIAN_POINT ( 'NONE',  ( -4.060000000000000497, 0.000000000000000000, 11.36999999999999922 ) ) ;
#2761 = VECTOR ( 'NONE', #293, 1000.000000000000000 ) ;
#2762 = PRESENTATION_STYLE_ASSIGNMENT (( #635 ) ) ;
#2763 = LINE ( 'NONE', #1023, #1788 ) ;
#2764 = VECTOR ( 'NONE', #2915, 1000.000000000000000 ) ;
#2765 = VERTEX_POINT ( 'NONE', #971 ) ;
#2766 = DIRECTION ( 'NONE',  ( 0.000000000000000000, 0.000000000000000000, 1.000000000000000000 ) ) ;
#2767 = DIRECTION ( 'NONE',  ( 0.000000000000000000, -1.000000000000000000, 0.000000000000000000 ) ) ;
#2768 = EDGE_CURVE ( 'NONE', #204, #2342, #761, .T. ) ;
#2769 = ORIENTED_EDGE ( 'NONE', *, *, #443, .T. ) ;
#2770 =( REPRESENTATION_RELATIONSHIP ('NONE','NONE', #2207, #1382 ) REPRESENTATION_RELATIONSHIP_WITH_TRANSFORMATION ( #1900 )SHAPE_REPRESENTATION_RELATIONSHIP( ) );
#2771 = MECHANICAL_DESIGN_GEOMETRIC_PRESENTATION_REPRESENTATION (  '', ( #817 ), #1135 ) ;
#2772 = ORIENTED_EDGE ( 'NONE', *, *, #40, .F. ) ;
#2773 = CARTESIAN_POINT ( 'NONE',  ( -4.060000000000000497, 0.5364888378497735255, 3.245000000000000551 ) ) ;
#2774 = DIRECTION ( 'NONE',  ( 0.000000000000000000, -1.000000000000000000, -1.188166764367676095E-16 ) ) ;
#2775 = EDGE_CURVE ( 'NONE', #2261, #2021, #186, .T. ) ;
#2776 = ORIENTED_EDGE ( 'NONE', *, *, #1708, .T. ) ;
#2777 = ORIENTED_EDGE ( 'NONE', *, *, #217, .F. ) ;
#2778 = LINE ( 'NONE', #2237, #722 ) ;
#2779 = ADVANCED_FACE ( 'NONE', ( #1347, #1612, #2509 ), #165, .F. ) ;
#2780 = CARTESIAN_POINT ( 'NONE',  ( -1.269999999999999796, 5.079999999999999183, 2.870000000000000107 ) ) ;
#2781 = EDGE_LOOP ( 'NONE', ( #453, #3057, #1893, #2442 ) ) ;
#2782 = LINE ( 'NONE', #729, #682 ) ;
#2783 = CARTESIAN_POINT ( 'NONE',  ( 2.840000000000001190, 1.569999999999957652, 10.97000000000000242 ) ) ;
#2784 = SURFACE_SIDE_STYLE ('',( #2804 ) ) ;
#2785 = FACE_OUTER_BOUND ( 'NONE', #3531, .T. ) ;
#2786 = AXIS2_PLACEMENT_3D ( 'NONE', #1959, #516, #1385 ) ;
#2787 = ORIENTED_EDGE ( 'NONE', *, *, #1766, .T. ) ;
#2788 = CARTESIAN_POINT ( 'NONE',  ( 3.810000000000000497, 4.510000000000014886, 11.36999999999999922 ) ) ;
#2789 = ORIENTED_EDGE ( 'NONE', *, *, #2706, .F. ) ;
#2790 = CARTESIAN_POINT ( 'NONE',  ( 4.060000000000000497, -4.989501595336908954E-14, 2.870000000000000107 ) ) ;
#2791 = ORIENTED_EDGE ( 'NONE', *, *, #1074, .F. ) ;
#2792 = ORIENTED_EDGE ( 'NONE', *, *, #991, .F. ) ;
#2793 = PLANE ( 'NONE',  #628 ) ;
#2794 = FACE_OUTER_BOUND ( 'NONE', #1435, .T. ) ;
#2795 = ORIENTED_EDGE ( 'NONE', *, *, #3050, .F. ) ;
#2796 = EDGE_CURVE ( 'NONE', #606, #3502, #2492, .T. ) ;
#2797 = FACE_OUTER_BOUND ( 'NONE', #1178, .T. ) ;
#2798 = CARTESIAN_POINT ( 'NONE',  ( 4.060000000000000497, 5.079999999999999183, 11.36999999999999922 ) ) ;
#2799 = ORIENTED_EDGE ( 'NONE', *, *, #73, .F. ) ;
#2800 = LINE ( 'NONE', #176, #389 ) ;
#2801 = CARTESIAN_POINT ( 'NONE',  ( 4.060000000000000497, -4.989501595336908954E-14, 2.870000000000000107 ) ) ;
#2802 = VECTOR ( 'NONE', #469, 1000.000000000000000 ) ;
#2803 = EDGE_CURVE ( 'NONE', #3190, #226, #3650, .T. ) ;
#2804 = SURFACE_STYLE_FILL_AREA ( #3685 ) ;
#2805 = DIRECTION ( 'NONE',  ( 1.000000000000000000, 0.000000000000000000, 0.000000000000000000 ) ) ;
#2806 = VECTOR ( 'NONE', #2755, 1000.000000000000000 ) ;
#2807 = DIRECTION ( 'NONE',  ( 0.000000000000000000, 1.000000000000000000, 0.000000000000000000 ) ) ;
#2808 = EDGE_LOOP ( 'NONE', ( #2685, #1768, #2718, #117 ) ) ;
#2809 = CARTESIAN_POINT ( 'NONE',  ( -2.840000000000002078, 0.9699999999999578959, 10.09999999999999964 ) ) ;
#2810 = VECTOR ( 'NONE', #2477, 1000.000000000000000 ) ;
#2811 = ORIENTED_EDGE ( 'NONE', *, *, #3214, .F. ) ;
#2812 = ORIENTED_EDGE ( 'NONE', *, *, #1615, .F. ) ;
#2813 = FACE_OUTER_BOUND ( 'NONE', #188, .T. ) ;
#2814 = PLANE ( 'NONE',  #3597 ) ;
#2815 = EDGE_LOOP ( 'NONE', ( #1230, #182, #2380, #3540 ) ) ;
#2816 = ORIENTED_EDGE ( 'NONE', *, *, #2944, .T. ) ;
#2817 = CARTESIAN_POINT ( 'NONE',  ( -0.2999999999999999889, 0.5000000000000000000, -1.470000000000000195 ) ) ;
#2818 = CARTESIAN_POINT ( 'NONE',  ( 1.270000000000000240, 4.543511162150186244, 3.245000000000000107 ) ) ;
#2819 = EDGE_CURVE ( 'NONE', #3461, #3357, #112, .T. ) ;
#2820 = VECTOR ( 'NONE', #255, 1000.000000000000000 ) ;
#2821 = ORIENTED_EDGE ( 'NONE', *, *, #3736, .F. ) ;
#2822 = DIRECTION ( 'NONE',  ( 1.000000000000000000, 0.000000000000000000, 0.000000000000000000 ) ) ;
#2823 = FACE_OUTER_BOUND ( 'NONE', #1944, .T. ) ;
#2824 = PRESENTATION_LAYER_ASSIGNMENT (  '', '', ( #563 ) ) ;
#2825 =( LENGTH_UNIT ( ) NAMED_UNIT ( * ) SI_UNIT ( .MILLI., .METRE. ) );
#2826 = DIRECTION ( 'NONE',  ( -1.000000000000000000, 0.000000000000000000, -0.000000000000000000 ) ) ;
#2827 = EDGE_CURVE ( 'NONE', #2527, #3172, #1865, .T. ) ;
#2828 = ADVANCED_FACE ( 'NONE', ( #1291 ), #2454, .F. ) ;
#2829 = PLANE ( 'NONE',  #2522 ) ;
#2830 = VECTOR ( 'NONE', #613, 1000.000000000000000 ) ;
#2831 = PLANE ( 'NONE',  #830 ) ;
#2832 = DIRECTION ( 'NONE',  ( 1.000000000000000000, 0.000000000000000000, 0.000000000000000000 ) ) ;
#2833 = AXIS2_PLACEMENT_3D ( 'NONE', #21, #1717, #1123 ) ;
#2834 = ADVANCED_FACE ( 'NONE', ( #2544 ), #245, .F. ) ;
#2835 = ORIENTED_EDGE ( 'NONE', *, *, #3543, .F. ) ;
#2836 = ORIENTED_EDGE ( 'NONE', *, *, #1590, .T. ) ;
#2837 = CARTESIAN_POINT ( 'NONE',  ( 0.2999999999999999889, -2.849999999999998312, -1.470000000000000639 ) ) ;
#2838 = VECTOR ( 'NONE', #3647, 1000.000000000000000 ) ;
#2839 = DIRECTION ( 'NONE',  ( 0.000000000000000000, -0.9396926207859105373, 0.3420201433256629397 ) ) ;
#2840 = PRESENTATION_LAYER_ASSIGNMENT (  '', '', ( #1746 ) ) ;
#2841 = ORIENTED_EDGE ( 'NONE', *, *, #1758, .T. ) ;
#2842 = CARTESIAN_POINT ( 'NONE',  ( -2.840000000000002078, 4.110000000000012754, 10.09999999999999964 ) ) ;
#2843 = ORIENTED_EDGE ( 'NONE', *, *, #1190, .T. ) ;
#2844 = FACE_OUTER_BOUND ( 'NONE', #2894, .T. ) ;
#2845 = DIRECTION ( 'NONE',  ( 0.000000000000000000, 0.3420201433256412349, -0.9396926207859185309 ) ) ;
#2846 = PRESENTATION_STYLE_ASSIGNMENT (( #456 ) ) ;
#2847 = CARTESIAN_POINT ( 'NONE',  ( -0.3000000000000020983, 3.510000000000013110, 10.97000000000000242 ) ) ;
#2848 = FACE_OUTER_BOUND ( 'NONE', #88, .T. ) ;
#2849 = CARTESIAN_POINT ( 'NONE',  ( -0.3000000000000020983, 3.510000000000013110, 10.09999999999999964 ) ) ;
#2850 = SURFACE_SIDE_STYLE ('',( #1134 ) ) ;
#2851 = EDGE_CURVE ( 'NONE', #3732, #1018, #1945, .T. ) ;
#2852 = ORIENTED_EDGE ( 'NONE', *, *, #2796, .T. ) ;
#2853 = ORIENTED_EDGE ( 'NONE', *, *, #54, .F. ) ;
#2854 = DIRECTION ( 'NONE',  ( 0.000000000000000000, 1.000000000000000000, 0.000000000000000000 ) ) ;
#2855 = EDGE_CURVE ( 'NONE', #3362, #2324, #1671, .T. ) ;
#2856 = ORIENTED_EDGE ( 'NONE', *, *, #1155, .T. ) ;
#2857 = DIRECTION ( 'NONE',  ( 0.000000000000000000, 1.000000000000000000, 1.084202172485506406E-15 ) ) ;
#2858 = ORIENTED_EDGE ( 'NONE', *, *, #1633, .F. ) ;
#2859 = CARTESIAN_POINT ( 'NONE',  ( -2.840000000000002078, 3.510000000000013110, 10.97000000000000242 ) ) ;
#2860 = LINE ( 'NONE', #1084, #1381 ) ;
#2861 = DIRECTION ( 'NONE',  ( -1.000000000000000000, -0.000000000000000000, -0.000000000000000000 ) ) ;
#2862 = FACE_OUTER_BOUND ( 'NONE', #1013, .T. ) ;
#2863 = CARTESIAN_POINT ( 'NONE',  ( -0.2999999999999999889, 4.009999999999999787, 3.245000000000000551 ) ) ;
#2864 = PLANE ( 'NONE',  #1282 ) ;
#2865 = DIRECTION ( 'NONE',  ( 0.000000000000000000, -1.000000000000000000, 0.000000000000000000 ) ) ;
#2866 = VECTOR ( 'NONE', #1656, 1000.000000000000000 ) ;
#2867 = EDGE_LOOP ( 'NONE', ( #1050, #2581, #1160, #1457 ) ) ;
#2868 = EDGE_CURVE ( 'NONE', #3777, #3691, #3463, .T. ) ;
#2869 = ORIENTED_EDGE ( 'NONE', *, *, #2384, .T. ) ;
#2870 = DIRECTION ( 'NONE',  ( 0.000000000000000000, 1.000000000000000000, -5.870001876866950550E-15 ) ) ;
#2871 = VECTOR ( 'NONE', #910, 1000.000000000000000 ) ;
#2872 = EDGE_CURVE ( 'NONE', #480, #224, #3713, .T. ) ;
#2873 = EDGE_CURVE ( 'NONE', #840, #2288, #1157, .T. ) ;
#2874 = ORIENTED_EDGE ( 'NONE', *, *, #470, .F. ) ;
#2875 = DIRECTION ( 'NONE',  ( -0.000000000000000000, -0.000000000000000000, 1.000000000000000000 ) ) ;
#2876 = VERTEX_POINT ( 'NONE', #227 ) ;
#2877 = DIRECTION ( 'NONE',  ( -0.000000000000000000, 1.000000000000000000, -0.000000000000000000 ) ) ;
#2878 = CARTESIAN_POINT ( 'NONE',  ( 3.240000000000003322, 5.079999999999999183, 11.36999999999999922 ) ) ;
#2879 = PLANE ( 'NONE',  #2432 ) ;
#2880 = DIRECTION ( 'NONE',  ( 1.000000000000000000, 0.000000000000000000, 0.000000000000000000 ) ) ;
#2881 = VECTOR ( 'NONE', #2941, 1000.000000000000000 ) ;
#2882 = ORIENTED_EDGE ( 'NONE', *, *, #2992, .T. ) ;
#2883 = LINE ( 'NONE', #2669, #32 ) ;
#2884 = DIRECTION ( 'NONE',  ( 1.000000000000000000, 0.000000000000000000, 0.000000000000000000 ) ) ;
#2885 = LINE ( 'NONE', #1644, #1136 ) ;
#2886 = VECTOR ( 'NONE', #2857, 1000.000000000000000 ) ;
#2887 = AXIS2_PLACEMENT_3D ( 'NONE', #2842, #1971, #750 ) ;
#2888 = EDGE_LOOP ( 'NONE', ( #1889, #2169, #2016, #1108 ) ) ;
#2889 = ORIENTED_EDGE ( 'NONE', *, *, #1901, .T. ) ;
#2890 = LINE ( 'NONE', #3405, #1740 ) ;
#2891 = VECTOR ( 'NONE', #3396, 1000.000000000000000 ) ;
#2892 = EDGE_CURVE ( 'NONE', #107, #956, #1073, .T. ) ;
#2893 = VECTOR ( 'NONE', #2206, 1000.000000000000000 ) ;
#2894 = EDGE_LOOP ( 'NONE', ( #2852, #1778, #1319, #3044, #2462, #267, #3655, #96 ) ) ;
#2895 = EDGE_CURVE ( 'NONE', #2527, #2327, #3138, .T. ) ;
#2896 = DIRECTION ( 'NONE',  ( -1.000000000000000000, -0.000000000000000000, -0.000000000000000000 ) ) ;
#2897 = CARTESIAN_POINT ( 'NONE',  ( -1.269999999999999796, -4.989501595336908954E-14, 2.870000000000000107 ) ) ;
#2898 = ORIENTED_EDGE ( 'NONE', *, *, #950, .T. ) ;
#2899 = LINE ( 'NONE', #1494, #3616 ) ;
#2900 = CARTESIAN_POINT ( 'NONE',  ( 0.2999999999999999889, 0.5000000000000000000, 1.070000000000000062 ) ) ;
#2901 = ADVANCED_FACE ( 'NONE', ( #2813 ), #1986, .F. ) ;
#2902 = PLANE ( 'NONE',  #1581 ) ;
#2903 = DIRECTION ( 'NONE',  ( 1.000000000000000000, 0.000000000000000000, 0.000000000000000000 ) ) ;
#2904 = CARTESIAN_POINT ( 'NONE',  ( -1.269999999999999796, 0.000000000000000000, 11.36999999999999922 ) ) ;
#2905 = LINE ( 'NONE', #3207, #964 ) ;
#2906 = LINE ( 'NONE', #3513, #338 ) ;
#2907 = CARTESIAN_POINT ( 'NONE',  ( 3.810000000000000497, 0.3999999999999501732, 2.870000000000000107 ) ) ;
#2908 = ORIENTED_EDGE ( 'NONE', *, *, #127, .F. ) ;
#2909 = LINE ( 'NONE', #931, #1500 ) ;
#2910 = ORIENTED_EDGE ( 'NONE', *, *, #2699, .T. ) ;
#2911 = LINE ( 'NONE', #824, #850 ) ;
#2912 = FACE_OUTER_BOUND ( 'NONE', #2491, .T. ) ;
#2913 = ORIENTED_EDGE ( 'NONE', *, *, #1758, .F. ) ;
#2914 = EDGE_CURVE ( 'NONE', #464, #2630, #481, .T. ) ;
#2915 = DIRECTION ( 'NONE',  ( -0.000000000000000000, -1.000000000000000000, -0.000000000000000000 ) ) ;
#2916 = FILL_AREA_STYLE_COLOUR ( '', #995 ) ;
#2917 = CARTESIAN_POINT ( 'NONE',  ( 4.060000000000000497, 5.079999999999999183, 2.870000000000000107 ) ) ;
#2918 = ORIENTED_EDGE ( 'NONE', *, *, #2414, .T. ) ;
#2919 = DIRECTION ( 'NONE',  ( 0.000000000000000000, 0.000000000000000000, -1.000000000000000000 ) ) ;
#2920 = EDGE_CURVE ( 'NONE', #2737, #1268, #1649, .T. ) ;
#2921 = DIRECTION ( 'NONE',  ( 0.000000000000000000, 1.000000000000000000, 0.000000000000000000 ) ) ;
#2922 = CARTESIAN_POINT ( 'NONE',  ( 3.810000000000000497, 4.543511162150186244, 3.245000000000000107 ) ) ;
#2923 = DIRECTION ( 'NONE',  ( 0.5773502691896278405, 0.5773502691896278405, 0.5773502691896216232 ) ) ;
#2924 = VECTOR ( 'NONE', #2420, 1000.000000000000000 ) ;
#2925 = CARTESIAN_POINT ( 'NONE',  ( 4.060000000000000497, 5.079999999999999183, 2.870000000000000107 ) ) ;
#2926 = AXIS2_PLACEMENT_3D ( 'NONE', #1850, #1547, #2440 ) ;
#2927 = VERTEX_POINT ( 'NONE', #1370 ) ;
#2928 = CARTESIAN_POINT ( 'NONE',  ( -0.1908089297201392420, -3.149999999999999911, -1.470000000000000639 ) ) ;
#2929 = PRESENTATION_LAYER_ASSIGNMENT (  '', '', ( #3292 ) ) ;
#2930 = AXIS2_PLACEMENT_3D ( 'NONE', #2644, #2067, #2102 ) ;
#2931 = ORIENTED_EDGE ( 'NONE', *, *, #374, .F. ) ;
#2932 = PRESENTATION_STYLE_ASSIGNMENT (( #317 ) ) ;
#2933 = PLANE ( 'NONE',  #87 ) ;
#2934 = ORIENTED_EDGE ( 'NONE', *, *, #1260, .T. ) ;
#2935 = AXIS2_PLACEMENT_3D ( 'NONE', #3027, #411, #1946 ) ;
#2936 = CARTESIAN_POINT ( 'NONE',  ( -1.269999999999999796, 0.5364888378497735255, 3.245000000000000551 ) ) ;
#2937 = CARTESIAN_POINT ( 'NONE',  ( -3.240000000000004210, 1.969999999999959561, 11.36999999999999922 ) ) ;
#2938 = CARTESIAN_POINT ( 'NONE',  ( -0.1908089297201394641, -3.149999999999999911, 1.069999999999999618 ) ) ;
#2939 = ORIENTED_EDGE ( 'NONE', *, *, #486, .T. ) ;
#2940 = EDGE_CURVE ( 'NONE', #2703, #703, #3158, .T. ) ;
#2941 = DIRECTION ( 'NONE',  ( -0.000000000000000000, -0.000000000000000000, 1.000000000000000000 ) ) ;
#2942 = CARTESIAN_POINT ( 'NONE',  ( -2.840000000000002078, 3.510000000000013110, 10.09999999999999964 ) ) ;
#2943 = CARTESIAN_POINT ( 'NONE',  ( -1.839999999999996971, 3.110000000000010978, 11.36999999999999922 ) ) ;
#2944 = EDGE_CURVE ( 'NONE', #1413, #2386, #2529, .T. ) ;
#2945 = CARTESIAN_POINT ( 'NONE',  ( 0.7000000000000031752, 3.110000000000010978, 11.36999999999999922 ) ) ;
#2946 = EDGE_CURVE ( 'NONE', #3763, #1077, #2249, .T. ) ;
#2947 = AXIS2_PLACEMENT_3D ( 'NONE', #1721, #872, #3525 ) ;
#2948 = VERTEX_POINT ( 'NONE', #3422 ) ;
#2949 = PLANE ( 'NONE',  #450 ) ;
#2950 = EDGE_CURVE ( 'NONE', #3106, #2342, #3754, .T. ) ;
#2951 = VECTOR ( 'NONE', #318, 1000.000000000000000 ) ;
#2952 = ORIENTED_EDGE ( 'NONE', *, *, #356, .T. ) ;
#2953 = VECTOR ( 'NONE', #3335, 1000.000000000000000 ) ;
#2954 = PLANE ( 'NONE',  #2930 ) ;
#2955 = DIRECTION ( 'NONE',  ( 0.000000000000000000, 5.870001876866951339E-15, 1.000000000000000000 ) ) ;
#2956 = AXIS2_PLACEMENT_3D ( 'NONE', #3026, #425, #3344 ) ;
#2957 = ORIENTED_EDGE ( 'NONE', *, *, #557, .T. ) ;
#2958 = PLANE ( 'NONE',  #2956 ) ;
#2959 = COLOUR_RGB ( '',0.2509803921568627416, 0.2509803921568627416, 0.2509803921568627416 ) ;
#2960 = CARTESIAN_POINT ( 'NONE',  ( -0.2999999999999999889, 3.609999999999999876, -0.4999999999999997780 ) ) ;
#2961 = VERTEX_POINT ( 'NONE', #2309 ) ;
#2962 = DIRECTION ( 'NONE',  ( 0.000000000000000000, 0.000000000000000000, -1.000000000000000000 ) ) ;
#2963 = EDGE_LOOP ( 'NONE', ( #3411, #64, #2258, #669, #573, #2044 ) ) ;
#2964 = DIRECTION ( 'NONE',  ( -1.000000000000000000, -0.000000000000000000, -0.000000000000000000 ) ) ;
#2965 = LINE ( 'NONE', #327, #1507 ) ;
#2966 = AXIS2_PLACEMENT_3D ( 'NONE', #3336, #382, #253 ) ;
#2967 = CARTESIAN_POINT ( 'NONE',  ( 2.239999999999997993, 3.510000000000013110, 10.97000000000000242 ) ) ;
#2968 = ORIENTED_EDGE ( 'NONE', *, *, #1876, .F. ) ;
#2969 = LINE ( 'NONE', #2673, #1675 ) ;
#2970 = ORIENTED_EDGE ( 'NONE', *, *, #2316, .F. ) ;
#2971 = EDGE_CURVE ( 'NONE', #376, #3101, #841, .T. ) ;
#2972 = VECTOR ( 'NONE', #3358, 1000.000000000000000 ) ;
#2973 = EDGE_CURVE ( 'NONE', #3195, #911, #2890, .T. ) ;
#2974 = DIRECTION ( 'NONE',  ( -0.000000000000000000, 1.000000000000000000, -0.000000000000000000 ) ) ;
#2975 = ORIENTED_EDGE ( 'NONE', *, *, #518, .F. ) ;
#2976 = SURFACE_STYLE_FILL_AREA ( #78 ) ;
#2977 = DIRECTION ( 'NONE',  ( -1.000000000000000000, -0.000000000000000000, -0.000000000000000000 ) ) ;
#2978 = VERTEX_POINT ( 'NONE', #1964 ) ;
#2979 = FACE_OUTER_BOUND ( 'NONE', #2753, .T. ) ;
#2980 = ORIENTED_EDGE ( 'NONE', *, *, #1079, .F. ) ;
#2981 = CARTESIAN_POINT ( 'NONE',  ( 1.270000000000000240, -4.989501595336908954E-14, 2.870000000000000107 ) ) ;
#2982 = CARTESIAN_POINT ( 'NONE',  ( 2.239999999999997993, 4.110000000000012754, 10.97000000000000242 ) ) ;
#2983 = DIRECTION ( 'NONE',  ( -0.000000000000000000, -0.000000000000000000, 1.000000000000000000 ) ) ;
#2984 = VECTOR ( 'NONE', #2861, 1000.000000000000000 ) ;
#2985 = ORIENTED_EDGE ( 'NONE', *, *, #1150, .T. ) ;
#2986 = CARTESIAN_POINT ( 'NONE',  ( 0.2999999999999999889, 3.609999999999999876, 3.245000000000000551 ) ) ;
#2987 = UNCERTAINTY_MEASURE_WITH_UNIT (LENGTH_MEASURE( 1.000000000000000082E-05 ), #344, 'distance_accuracy_value', 'NONE');
#2988 = EDGE_CURVE ( 'NONE', #3217, #409, #279, .T. ) ;
#2989 = ORIENTED_EDGE ( 'NONE', *, *, #2827, .F. ) ;
#2990 = VECTOR ( 'NONE', #726, 1000.000000000000000 ) ;
#2991 = ADVANCED_FACE ( 'NONE', ( #2639 ), #2949, .F. ) ;
#2992 = EDGE_CURVE ( 'NONE', #1669, #3172, #2377, .T. ) ;
#2993 = EDGE_LOOP ( 'NONE', ( #2120, #2061, #1224, #2551 ) ) ;
#2994 = LINE ( 'NONE', #1513, #3651 ) ;
#2995 = ORIENTED_EDGE ( 'NONE', *, *, #2196, .T. ) ;
#2996 = CARTESIAN_POINT ( 'NONE',  ( -2.239999999999998881, 3.510000000000013110, 10.97000000000000242 ) ) ;
#2997 = AXIS2_PLACEMENT_3D ( 'NONE', #2360, #3494, #1095 ) ;
#2998 = ORIENTED_EDGE ( 'NONE', *, *, #3175, .F. ) ;
#2999 = LINE ( 'NONE', #2139, #3132 ) ;
#3000 = PLANE ( 'NONE',  #2966 ) ;
#3001 = PLANE ( 'NONE',  #1365 ) ;
#3002 = VERTEX_POINT ( 'NONE', #2986 ) ;
#3003 = CARTESIAN_POINT ( 'NONE',  ( 2.239999999999997993, 0.9699999999999578959, 10.09999999999999964 ) ) ;
#3004 =( NAMED_UNIT ( * ) SI_UNIT ( $, .STERADIAN. ) SOLID_ANGLE_UNIT ( ) );
#3005 = AXIS2_PLACEMENT_3D ( 'NONE', #396, #1564, #2460 ) ;
#3006 = EDGE_LOOP ( 'NONE', ( #2069, #683, #1390, #2422 ) ) ;
#3007 = ADVANCED_FACE ( 'NONE', ( #1192 ), #3516, .F. ) ;
#3008 = VECTOR ( 'NONE', #2875, 1000.000000000000000 ) ;
#3009 = PLANE ( 'NONE',  #1537 ) ;
#3010 = AXIS2_PLACEMENT_3D ( 'NONE', #1320, #1355, #3067 ) ;
#3011 = ORIENTED_EDGE ( 'NONE', *, *, #2150, .T. ) ;
#3012 = ADVANCED_FACE ( 'NONE', ( #2040 ), #2080, .F. ) ;
#3013 = AXIS2_PLACEMENT_3D ( 'NONE', #1887, #1561, #989 ) ;
#3014 = CARTESIAN_POINT ( 'NONE',  ( 1.270000000000000240, 1.969999999999959561, 11.36999999999999922 ) ) ;
#3015 = LINE ( 'NONE', #3596, #863 ) ;
#3016 = ORIENTED_EDGE ( 'NONE', *, *, #334, .T. ) ;
#3017 = CARTESIAN_POINT ( 'NONE',  ( 1.270000000000000240, 5.079999999999999183, 11.36999999999999922 ) ) ;
#3018 = CARTESIAN_POINT ( 'NONE',  ( 2.840000000000001190, 0.9699999999999578959, 10.09999999999999964 ) ) ;
#3019 = ADVANCED_FACE ( 'NONE', ( #912 ), #3231, .F. ) ;
#3020 = CARTESIAN_POINT ( 'NONE',  ( 0.3000000000000012101, 0.9699999999999578959, 10.09999999999999964 ) ) ;
#3021 = ORIENTED_EDGE ( 'NONE', *, *, #1683, .F. ) ;
#3022 = LINE ( 'NONE', #737, #2471 ) ;
#3023 =( LENGTH_UNIT ( ) NAMED_UNIT ( * ) SI_UNIT ( .MILLI., .METRE. ) );
#3024 = EDGE_LOOP ( 'NONE', ( #3342, #1416, #888, #3712 ) ) ;
#3025 = VERTEX_POINT ( 'NONE', #593 ) ;
#3026 = CARTESIAN_POINT ( 'NONE',  ( 2.239999999999997993, 3.510000000000013110, 10.09999999999999964 ) ) ;
#3027 = CARTESIAN_POINT ( 'NONE',  ( -1.269999999999999796, 0.000000000000000000, 0.000000000000000000 ) ) ;
#3028 = ORIENTED_EDGE ( 'NONE', *, *, #2363, .T. ) ;
#3029 = DIRECTION ( 'NONE',  ( 1.000000000000000000, 0.000000000000000000, -0.000000000000000000 ) ) ;
#3030 = PLANE ( 'NONE',  #3490 ) ;
#3031 = ADVANCED_FACE ( 'NONE', ( #1826 ), #1786, .T. ) ;
#3032 = ORIENTED_EDGE ( 'NONE', *, *, #2117, .F. ) ;
#3033 = DIRECTION ( 'NONE',  ( 0.000000000000000000, 1.000000000000000000, -1.082302103395239435E-16 ) ) ;
#3034 = DIRECTION ( 'NONE',  ( 1.000000000000000000, 0.000000000000000000, 0.000000000000000000 ) ) ;
#3035 = LINE ( 'NONE', #713, #2208 ) ;
#3036 = EDGE_CURVE ( 'NONE', #2876, #3160, #3191, .T. ) ;
#3037 = ORIENTED_EDGE ( 'NONE', *, *, #3050, .T. ) ;
#3038 = CARTESIAN_POINT ( 'NONE',  ( -3.810000000000000053, -4.989501595336908954E-14, 2.870000000000000107 ) ) ;
#3039 = SHAPE_DEFINITION_REPRESENTATION ( #1211, #1382 ) ;
#3040 = ORIENTED_EDGE ( 'NONE', *, *, #4, .T. ) ;
#3041 = ORIENTED_EDGE ( 'NONE', *, *, #1317, .F. ) ;
#3042 = FACE_OUTER_BOUND ( 'NONE', #393, .T. ) ;
#3043 = DIRECTION ( 'NONE',  ( -0.3420201433256657153, -0.9396926207859095381, -1.116511540739375850E-16 ) ) ;
#3044 = ORIENTED_EDGE ( 'NONE', *, *, #73, .T. ) ;
#3045 = CARTESIAN_POINT ( 'NONE',  ( 0.3000000000000012101, 1.569999999999957652, 10.09999999999999964 ) ) ;
#3046 = DIRECTION ( 'NONE',  ( 0.000000000000000000, 0.000000000000000000, -1.000000000000000000 ) ) ;
#3047 = ORIENTED_EDGE ( 'NONE', *, *, #2973, .T. ) ;
#3048 = LINE ( 'NONE', #1600, #869 ) ;
#3049 = CARTESIAN_POINT ( 'NONE',  ( -4.060000000000000497, 0.3999999999999501732, 2.870000000000000107 ) ) ;
#3050 = EDGE_CURVE ( 'NONE', #2213, #204, #355, .T. ) ;
#3051 = CARTESIAN_POINT ( 'NONE',  ( -2.239999999999998881, 3.510000000000013110, 10.09999999999999964 ) ) ;
#3052 = ORIENTED_EDGE ( 'NONE', *, *, #2431, .F. ) ;
#3053 = ORIENTED_EDGE ( 'NONE', *, *, #2914, .T. ) ;
#3054 = PLANE ( 'NONE',  #97 ) ;
#3055 = EDGE_CURVE ( 'NONE', #208, #1864, #2969, .T. ) ;
#3056 = ORIENTED_EDGE ( 'NONE', *, *, #217, .T. ) ;
#3057 = ORIENTED_EDGE ( 'NONE', *, *, #1024, .F. ) ;
#3058 = DIRECTION ( 'NONE',  ( 1.000000000000000000, 0.000000000000000000, 0.000000000000000000 ) ) ;
#3059 = EDGE_CURVE ( 'NONE', #409, #3025, #1522, .T. ) ;
#3060 = CARTESIAN_POINT ( 'NONE',  ( 0.2999999999999999889, 0.5000000000000000000, 1.070000000000000062 ) ) ;
#3061 = ORIENTED_EDGE ( 'NONE', *, *, #329, .F. ) ;
#3062 = AXIS2_PLACEMENT_3D ( 'NONE', #1004, #3269, #2184 ) ;
#3063 = FACE_OUTER_BOUND ( 'NONE', #2310, .T. ) ;
#3064 = CARTESIAN_POINT ( 'NONE',  ( -0.3000000000000020983, 1.569999999999957652, 10.09999999999999964 ) ) ;
#3065 = VECTOR ( 'NONE', #3728, 1000.000000000000000 ) ;
#3066 = VERTEX_POINT ( 'NONE', #69 ) ;
#3067 = DIRECTION ( 'NONE',  ( 0.000000000000000000, -0.000000000000000000, -1.000000000000000000 ) ) ;
#3068 = CARTESIAN_POINT ( 'NONE',  ( 3.810000000000000053, 0.000000000000000000, 11.36999999999999922 ) ) ;
#3069 = VECTOR ( 'NONE', #195, 1000.000000000000000 ) ;
#3070 =( NAMED_UNIT ( * ) PLANE_ANGLE_UNIT ( ) SI_UNIT ( $, .RADIAN. ) );
#3071 = DIRECTION ( 'NONE',  ( 1.000000000000000000, 0.000000000000000000, 0.000000000000000000 ) ) ;
#3072 = VECTOR ( 'NONE', #370, 1000.000000000000000 ) ;
#3073 = ORIENTED_EDGE ( 'NONE', *, *, #2873, .F. ) ;
#3074 = CARTESIAN_POINT ( 'NONE',  ( 5.080000000000000071, 0.000000000000000000, 10.09999999999999964 ) ) ;
#3075 = CARTESIAN_POINT ( 'NONE',  ( -0.2999999999999999889, 3.040000000000000036, -0.4999999999999997780 ) ) ;
#3076 = CARTESIAN_POINT ( 'NONE',  ( -4.060000000000000497, 5.079999999999999183, 2.870000000000000107 ) ) ;
#3077 = VERTEX_POINT ( 'NONE', #315 ) ;
#3078 = EDGE_CURVE ( 'NONE', #1844, #3710, #2397, .T. ) ;
#3079 = ORIENTED_EDGE ( 'NONE', *, *, #1485, .T. ) ;
#3080 = DIRECTION ( 'NONE',  ( 0.000000000000000000, -0.3420201433256628842, -0.9396926207859104263 ) ) ;
#3081 = AXIS2_PLACEMENT_3D ( 'NONE', #2354, #1148, #851 ) ;
#3082 = CARTESIAN_POINT ( 'NONE',  ( -1.269999999999999796, 4.543511162150186244, 3.245000000000000107 ) ) ;
#3083 = EDGE_CURVE ( 'NONE', #3230, #1112, #3550, .T. ) ;
#3084 = ORIENTED_EDGE ( 'NONE', *, *, #3568, .T. ) ;
#3085 = CARTESIAN_POINT ( 'NONE',  ( -1.269999999999999796, 4.543511162150186244, 3.245000000000000107 ) ) ;
#3086 = LINE ( 'NONE', #2497, #678 ) ;
#3087 = ORIENTED_EDGE ( 'NONE', *, *, #697, .T. ) ;
#3088 = CARTESIAN_POINT ( 'NONE',  ( 2.239999999999997993, 1.569999999999957652, 10.09999999999999964 ) ) ;
#3089 = CARTESIAN_POINT ( 'NONE',  ( -3.810000000000000053, 0.000000000000000000, 11.36999999999999922 ) ) ;
#3090 = CARTESIAN_POINT ( 'NONE',  ( -1.269999999999999796, 5.079999999999999183, 11.36999999999999922 ) ) ;
#3091 = DIRECTION ( 'NONE',  ( -0.000000000000000000, 0.000000000000000000, 1.000000000000000000 ) ) ;
#3092 = FACE_OUTER_BOUND ( 'NONE', #1787, .T. ) ;
#3093 = LINE ( 'NONE', #221, #2056 ) ;
#3094 = ORIENTED_EDGE ( 'NONE', *, *, #2475, .F. ) ;
#3095 = ORIENTED_EDGE ( 'NONE', *, *, #2183, .T. ) ;
#3096 = CARTESIAN_POINT ( 'NONE',  ( 0.3000000000000012101, 3.510000000000013110, 10.09999999999999964 ) ) ;
#3097 = VECTOR ( 'NONE', #3166, 1000.000000000000000 ) ;
#3098 = EDGE_CURVE ( 'NONE', #606, #1207, #2909, .T. ) ;
#3099 = LINE ( 'NONE', #1928, #792 ) ;
#3100 = ORIENTED_EDGE ( 'NONE', *, *, #3388, .F. ) ;
#3101 = VERTEX_POINT ( 'NONE', #1505 ) ;
#3102 = ADVANCED_FACE ( 'NONE', ( #1540 ), #2690, .F. ) ;
#3103 = ADVANCED_FACE ( 'NONE', ( #2343 ), #880, .F. ) ;
#3104 = CARTESIAN_POINT ( 'NONE',  ( -0.3000000000000020983, 3.510000000000013110, 10.09999999999999964 ) ) ;
#3105 = CARTESIAN_POINT ( 'NONE',  ( -0.3000000000000020983, 4.110000000000012754, 10.97000000000000242 ) ) ;
#3106 = VERTEX_POINT ( 'NONE', #1007 ) ;
#3107 = CARTESIAN_POINT ( 'NONE',  ( 1.270000000000000240, 4.679999999999999716, 2.869999999999999662 ) ) ;
#3108 = CARTESIAN_POINT ( 'NONE',  ( 2.239999999999997993, 1.569999999999957652, 10.97000000000000242 ) ) ;
#3109 = EDGE_CURVE ( 'NONE', #3649, #1616, #124, .T. ) ;
#3110 =( NAMED_UNIT ( * ) PLANE_ANGLE_UNIT ( ) SI_UNIT ( $, .RADIAN. ) );
#3111 = CARTESIAN_POINT ( 'NONE',  ( 2.239999999999997993, 1.569999999999957652, 10.09999999999999964 ) ) ;
#3112 = CARTESIAN_POINT ( 'NONE',  ( 1.270000000000000240, 4.543511162150186244, 3.245000000000000107 ) ) ;
#3113 = DIRECTION ( 'NONE',  ( 0.000000000000000000, -1.000000000000000000, 1.082302103395239435E-16 ) ) ;
#3114 = CARTESIAN_POINT ( 'NONE',  ( -0.2999999999999999889, 0.5000000000000000000, 2.040000000000000036 ) ) ;
#3115 = AXIS2_PLACEMENT_3D ( 'NONE', #3555, #2437, #1510 ) ;
#3116 = ORIENTED_EDGE ( 'NONE', *, *, #1523, .T. ) ;
#3117 = ORIENTED_EDGE ( 'NONE', *, *, #126, .T. ) ;
#3118 = DIRECTION ( 'NONE',  ( 0.5773502691896278405, 0.5773502691896278405, -0.5773502691896216232 ) ) ;
#3119 = CARTESIAN_POINT ( 'NONE',  ( -1.269999999999999796, -4.989501595336908954E-14, 2.870000000000000107 ) ) ;
#3120 = VERTEX_POINT ( 'NONE', #406 ) ;
#3121 = CARTESIAN_POINT ( 'NONE',  ( 2.239999999999997993, 3.510000000000013110, 10.97000000000000242 ) ) ;
#3122 = DIRECTION ( 'NONE',  ( -0.5773502691896278405, -0.5773502691896278405, 0.5773502691896216232 ) ) ;
#3123 = AXIS2_PLACEMENT_3D ( 'NONE', #1663, #2826, #218 ) ;
#3124 = ORIENTED_EDGE ( 'NONE', *, *, #3308, .F. ) ;
#3125 = EDGE_CURVE ( 'NONE', #3446, #3628, #1344, .T. ) ;
#3126 = CARTESIAN_POINT ( 'NONE',  ( 3.810000000000000497, 0.3999999999999501732, 2.870000000000000107 ) ) ;
#3127 = CARTESIAN_POINT ( 'NONE',  ( 1.270000000000000240, 0.000000000000000000, 11.36999999999999922 ) ) ;
#3128 = PLANE ( 'NONE',  #2157 ) ;
#3129 = FACE_BOUND ( 'NONE', #2382, .T. ) ;
#3130 = EDGE_CURVE ( 'NONE', #2324, #480, #3603, .T. ) ;
#3131 = LINE ( 'NONE', #814, #1795 ) ;
#3132 = VECTOR ( 'NONE', #2111, 1000.000000000000000 ) ;
#3133 = DIRECTION ( 'NONE',  ( 1.000000000000000000, 0.000000000000000000, 0.000000000000000000 ) ) ;
#3134 = CARTESIAN_POINT ( 'NONE',  ( -3.810000000000000053, -4.989501595336908954E-14, 2.870000000000000107 ) ) ;
#3135 = VECTOR ( 'NONE', #574, 1000.000000000000000 ) ;
#3136 = ORIENTED_EDGE ( 'NONE', *, *, #3456, .F. ) ;
#3137 = ORIENTED_EDGE ( 'NONE', *, *, #2940, .F. ) ;
#3138 = LINE ( 'NONE', #1707, #570 ) ;
#3139 = CARTESIAN_POINT ( 'NONE',  ( -2.840000000000002078, 1.569999999999957652, 10.09999999999999964 ) ) ;
#3140 = ORIENTED_EDGE ( 'NONE', *, *, #131, .T. ) ;
#3141 = DIRECTION ( 'NONE',  ( -1.000000000000000000, 0.000000000000000000, -0.000000000000000000 ) ) ;
#3142 = CARTESIAN_POINT ( 'NONE',  ( 0.2999999999999999889, -2.849999999999998312, -1.470000000000000639 ) ) ;
#3143 = LINE ( 'NONE', #1491, #744 ) ;
#3144 = VERTEX_POINT ( 'NONE', #2449 ) ;
#3145 = LINE ( 'NONE', #3088, #3554 ) ;
#3146 = DIRECTION ( 'NONE',  ( -0.7071067811865436870, -0.000000000000000000, -0.7071067811865513475 ) ) ;
#3147 = FACE_OUTER_BOUND ( 'NONE', #3, .T. ) ;
#3148 = EDGE_CURVE ( 'NONE', #3660, #3230, #3359, .T. ) ;
#3149 = DIRECTION ( 'NONE',  ( 0.7071067811865436870, 0.000000000000000000, -0.7071067811865513475 ) ) ;
#3150 = DIRECTION ( 'NONE',  ( 1.000000000000000000, 0.000000000000000000, 0.000000000000000000 ) ) ;
#3151 = LINE ( 'NONE', #294, #1885 ) ;
#3152 = CARTESIAN_POINT ( 'NONE',  ( -1.269999999999999796, 5.079999999999999183, 2.870000000000000107 ) ) ;
#3153 = EDGE_CURVE ( 'NONE', #1620, #2074, #984, .T. ) ;
#3154 = ADVANCED_FACE ( 'NONE', ( #2166 ), #2187, .F. ) ;
#3155 = ORIENTED_EDGE ( 'NONE', *, *, #1286, .F. ) ;
#3156 = ORIENTED_EDGE ( 'NONE', *, *, #3402, .T. ) ;
#3157 = ORIENTED_EDGE ( 'NONE', *, *, #3604, .T. ) ;
#3158 = LINE ( 'NONE', #2837, #1859 ) ;
#3159 = CIRCLE ( 'NONE', #3709, 0.9700000000000004174 ) ;
#3160 = VERTEX_POINT ( 'NONE', #718 ) ;
#3161 = DIRECTION ( 'NONE',  ( 0.000000000000000000, -1.000000000000000000, 1.188166764367676095E-16 ) ) ;
#3162 = CARTESIAN_POINT ( 'NONE',  ( 2.239999999999997993, 3.510000000000013110, 10.97000000000000242 ) ) ;
#3163 = EDGE_LOOP ( 'NONE', ( #982, #3124, #3586, #141 ) ) ;
#3164 = LINE ( 'NONE', #304, #810 ) ;
#3165 = LINE ( 'NONE', #1794, #1680 ) ;
#3166 = DIRECTION ( 'NONE',  ( -1.000000000000000000, -0.000000000000000000, -0.000000000000000000 ) ) ;
#3167 = CARTESIAN_POINT ( 'NONE',  ( 0.3000000000000012101, 3.510000000000013110, 10.97000000000000242 ) ) ;
#3168 = CARTESIAN_POINT ( 'NONE',  ( -2.840000000000002078, 1.569999999999957652, 10.97000000000000242 ) ) ;
#3169 = FACE_OUTER_BOUND ( 'NONE', #163, .T. ) ;
#3170 = DIRECTION ( 'NONE',  ( 0.000000000000000000, 0.000000000000000000, -1.000000000000000000 ) ) ;
#3171 = EDGE_CURVE ( 'NONE', #2330, #1839, #162, .T. ) ;
#3172 = VERTEX_POINT ( 'NONE', #183 ) ;
#3173 = ORIENTED_EDGE ( 'NONE', *, *, #2196, .F. ) ;
#3174 = CARTESIAN_POINT ( 'NONE',  ( -0.3000000000000020983, 3.510000000000013110, 10.09999999999999964 ) ) ;
#3175 = EDGE_CURVE ( 'NONE', #3362, #1514, #1840, .T. ) ;
#3176 = EDGE_LOOP ( 'NONE', ( #3391, #1131, #72, #244 ) ) ;
#3177 = ADVANCED_FACE ( 'NONE', ( #143 ), #3054, .F. ) ;
#3178 = CARTESIAN_POINT ( 'NONE',  ( 3.240000000000003322, 3.110000000000010978, 11.36999999999999922 ) ) ;
#3179 = DIRECTION ( 'NONE',  ( 0.000000000000000000, 0.000000000000000000, -1.000000000000000000 ) ) ;
#3180 = EDGE_LOOP ( 'NONE', ( #2478, #101, #3061, #758 ) ) ;
#3181 = CARTESIAN_POINT ( 'NONE',  ( -1.269999999999999796, 4.543511162150186244, 3.245000000000000107 ) ) ;
#3182 = FACE_OUTER_BOUND ( 'NONE', #108, .T. ) ;
#3183 = PLANE ( 'NONE',  #2435 ) ;
#3184 = CARTESIAN_POINT ( 'NONE',  ( -0.2999999999999999889, 3.040000000000000036, -1.470000000000000195 ) ) ;
#3185 = VECTOR ( 'NONE', #1872, 1000.000000000000000 ) ;
#3186 = DIRECTION ( 'NONE',  ( 0.000000000000000000, 0.000000000000000000, 1.000000000000000000 ) ) ;
#3187 = FACE_OUTER_BOUND ( 'NONE', #523, .T. ) ;
#3188 =( NAMED_UNIT ( * ) SI_UNIT ( $, .STERADIAN. ) SOLID_ANGLE_UNIT ( ) );
#3189 = VECTOR ( 'NONE', #2017, 1000.000000000000000 ) ;
#3190 = VERTEX_POINT ( 'NONE', #660 ) ;
#3191 = LINE ( 'NONE', #1466, #932 ) ;
#3192 = AXIS2_PLACEMENT_3D ( 'NONE', #1310, #2474, #3306 ) ;
#3193 = ADVANCED_FACE ( 'NONE', ( #2470 ), #109, .F. ) ;
#3194 = VECTOR ( 'NONE', #3689, 1000.000000000000000 ) ;
#3195 = VERTEX_POINT ( 'NONE', #3038 ) ;
#3196 = AXIS2_PLACEMENT_3D ( 'NONE', #3152, #2865, #534 ) ;
#3197 = DIRECTION ( 'NONE',  ( 0.000000000000000000, 1.000000000000000000, 0.000000000000000000 ) ) ;
#3198 = EDGE_CURVE ( 'NONE', #558, #3564, #421, .T. ) ;
#3199 = LINE ( 'NONE', #1159, #2886 ) ;
#3200 = ORIENTED_EDGE ( 'NONE', *, *, #2049, .F. ) ;
#3201 = CARTESIAN_POINT ( 'NONE',  ( 4.060000000000000497, 0.3999999999999501732, 2.870000000000000107 ) ) ;
#3202 = VECTOR ( 'NONE', #696, 1000.000000000000000 ) ;
#3203 = DIRECTION ( 'NONE',  ( 0.000000000000000000, 5.870001876866952128E-15, 1.000000000000000000 ) ) ;
#3204 = ORIENTED_EDGE ( 'NONE', *, *, #2323, .F. ) ;
#3205 = PLANE ( 'NONE',  #2578 ) ;
#3206 = LINE ( 'NONE', #3245, #2761 ) ;
#3207 = CARTESIAN_POINT ( 'NONE',  ( -1.269999999999999796, 5.079999999999999183, 11.36999999999999922 ) ) ;
#3208 = LINE ( 'NONE', #908, #2651 ) ;
#3209 = CARTESIAN_POINT ( 'NONE',  ( -0.3000000000000020983, 1.569999999999957652, 10.97000000000000242 ) ) ;
#3210 = EDGE_LOOP ( 'NONE', ( #1158, #369, #1628, #485 ) ) ;
#3211 = ORIENTED_EDGE ( 'NONE', *, *, #2663, .T. ) ;
#3212 = CARTESIAN_POINT ( 'NONE',  ( -3.810000000000000053, 5.079999999999999183, 2.870000000000000107 ) ) ;
#3213 = ORIENTED_EDGE ( 'NONE', *, *, #2037, .T. ) ;
#3214 = EDGE_CURVE ( 'NONE', #3160, #3606, #2428, .T. ) ;
#3215 = DIRECTION ( 'NONE',  ( 0.000000000000000000, 0.000000000000000000, -1.000000000000000000 ) ) ;
#3216 = FACE_OUTER_BOUND ( 'NONE', #3654, .T. ) ;
#3217 = VERTEX_POINT ( 'NONE', #3571 ) ;
#3218 = CARTESIAN_POINT ( 'NONE',  ( -3.810000000000000053, 4.543511162150186244, 3.245000000000000107 ) ) ;
#3219 = PRESENTATION_STYLE_ASSIGNMENT (( #3766 ) ) ;
#3220 = EDGE_CURVE ( 'NONE', #994, #1097, #3302, .T. ) ;
#3221 = EDGE_CURVE ( 'NONE', #1236, #278, #1026, .T. ) ;
#3222 = CARTESIAN_POINT ( 'NONE',  ( 0.3000000000000012101, 1.569999999999957652, 10.97000000000000242 ) ) ;
#3223 = ORIENTED_EDGE ( 'NONE', *, *, #2233, .T. ) ;
#3224 = DIRECTION ( 'NONE',  ( 0.000000000000000000, -2.316052704908954646E-16, 1.000000000000000000 ) ) ;
#3225 = FACE_OUTER_BOUND ( 'NONE', #3510, .T. ) ;
#3226 = FACE_OUTER_BOUND ( 'NONE', #1151, .T. ) ;
#3227 = EDGE_CURVE ( 'NONE', #1864, #1493, #3022, .T. ) ;
#3228 = MANIFOLD_SOLID_BREP ( 'Mirror1', #3328 ) ;
#3229 = CARTESIAN_POINT ( 'NONE',  ( 3.810000000000000053, 0.000000000000000000, 11.36999999999999922 ) ) ;
#3230 = VERTEX_POINT ( 'NONE', #2019 ) ;
#3231 = PLANE ( 'NONE',  #1989 ) ;
#3232 = VECTOR ( 'NONE', #3503, 1000.000000000000000 ) ;
#3233 = VECTOR ( 'NONE', #1543, 1000.000000000000000 ) ;
#3234 = VERTEX_POINT ( 'NONE', #3439 ) ;
#3235 = VECTOR ( 'NONE', #1076, 1000.000000000000000 ) ;
#3236 = CARTESIAN_POINT ( 'NONE',  ( 2.840000000000001190, 4.110000000000012754, 10.09999999999999964 ) ) ;
#3237 = DIRECTION ( 'NONE',  ( 1.000000000000000000, 0.000000000000000000, -0.000000000000000000 ) ) ;
#3238 = VERTEX_POINT ( 'NONE', #1725 ) ;
#3239 = CARTESIAN_POINT ( 'NONE',  ( 0.09999999999999896472, 1.369999999999955254, 10.77000000000000135 ) ) ;
#3240 = FILL_AREA_STYLE ('',( #2916 ) ) ;
#3241 = LINE ( 'NONE', #2681, #367 ) ;
#3242 = DIRECTION ( 'NONE',  ( 0.000000000000000000, 1.000000000000000000, 1.084202172485506406E-15 ) ) ;
#3243 = EDGE_CURVE ( 'NONE', #364, #2185, #3382, .T. ) ;
#3244 = ORIENTED_EDGE ( 'NONE', *, *, #189, .F. ) ;
#3245 = CARTESIAN_POINT ( 'NONE',  ( -1.269999999999999796, 5.079999999999999183, 2.870000000000000107 ) ) ;
#3246 = DIRECTION ( 'NONE',  ( 0.000000000000000000, 0.3420201433256628842, 0.9396926207859104263 ) ) ;
#3247 = LINE ( 'NONE', #624, #1035 ) ;
#3248 = EDGE_CURVE ( 'NONE', #1354, #1620, #478, .T. ) ;
#3249 = CIRCLE ( 'NONE', #676, 0.9700000000000004174 ) ;
#3250 = ORIENTED_EDGE ( 'NONE', *, *, #3659, .T. ) ;
#3251 = CARTESIAN_POINT ( 'NONE',  ( -2.239999999999998881, 1.569999999999957652, 10.97000000000000242 ) ) ;
#3252 = DIRECTION ( 'NONE',  ( 1.000000000000000000, 0.000000000000000000, 0.000000000000000000 ) ) ;
#3253 = AXIS2_PLACEMENT_3D ( 'NONE', #3369, #708, #1376 ) ;
#3254 = ORIENTED_EDGE ( 'NONE', *, *, #1100, .F. ) ;
#3255 = VECTOR ( 'NONE', #874, 1000.000000000000000 ) ;
#3256 = LINE ( 'NONE', #1813, #3233 ) ;
#3257 = VECTOR ( 'NONE', #1391, 1000.000000000000000 ) ;
#3258 = ORIENTED_EDGE ( 'NONE', *, *, #1118, .F. ) ;
#3259 = SURFACE_SIDE_STYLE ('',( #2976 ) ) ;
#3260 = STYLED_ITEM ( 'NONE', ( #1068 ), #3228 ) ;
#3261 = DIRECTION ( 'NONE',  ( 0.000000000000000000, -1.000000000000000000, 1.082302103395239312E-16 ) ) ;
#3262 = ORIENTED_EDGE ( 'NONE', *, *, #3125, .T. ) ;
#3263 = CARTESIAN_POINT ( 'NONE',  ( 1.839999999999996083, 0.5699999999999559863, 11.36999999999999922 ) ) ;
#3264 = VECTOR ( 'NONE', #2036, 1000.000000000000000 ) ;
#3265 = VERTEX_POINT ( 'NONE', #275 ) ;
#3266 = PLANE ( 'NONE',  #331 ) ;
#3267 = ADVANCED_FACE ( 'NONE', ( #2506 ), #1667, .T. ) ;
#3268 = VECTOR ( 'NONE', #1040, 1000.000000000000000 ) ;
#3269 = DIRECTION ( 'NONE',  ( 0.000000000000000000, -1.000000000000000000, -0.000000000000000000 ) ) ;
#3270 = ORIENTED_EDGE ( 'NONE', *, *, #54, .T. ) ;
#3271 = DIRECTION ( 'NONE',  ( 0.000000000000000000, 5.870001876866950550E-15, 1.000000000000000000 ) ) ;
#3272 = EDGE_CURVE ( 'NONE', #122, #2213, #2885, .T. ) ;
#3273 = ADVANCED_FACE ( 'NONE', ( #1941 ), #1960, .F. ) ;
#3274 = ORIENTED_EDGE ( 'NONE', *, *, #3501, .F. ) ;
#3275 =( NAMED_UNIT ( * ) PLANE_ANGLE_UNIT ( ) SI_UNIT ( $, .RADIAN. ) );
#3276 = ORIENTED_EDGE ( 'NONE', *, *, #2775, .T. ) ;
#3277 = LINE ( 'NONE', #1259, #2326 ) ;
#3278 = VERTEX_POINT ( 'NONE', #3669 ) ;
#3279 = FACE_OUTER_BOUND ( 'NONE', #2647, .T. ) ;
#3280 = ORIENTED_EDGE ( 'NONE', *, *, #2608, .F. ) ;
#3281 = LINE ( 'NONE', #2391, #3613 ) ;
#3282 = CARTESIAN_POINT ( 'NONE',  ( 3.810000000000000497, 4.679999999999999716, 2.869999999999999662 ) ) ;
#3283 = VECTOR ( 'NONE', #1153, 1000.000000000000000 ) ;
#3284 = CARTESIAN_POINT ( 'NONE',  ( 2.239999999999997993, 0.9699999999999578959, 10.09999999999999964 ) ) ;
#3285 = EDGE_CURVE ( 'NONE', #1493, #2961, #3093, .T. ) ;
#3286 = EDGE_LOOP ( 'NONE', ( #1792, #3223, #3100, #1529 ) ) ;
#3287 = DIRECTION ( 'NONE',  ( 0.000000000000000000, -0.000000000000000000, -1.000000000000000000 ) ) ;
#3288 = SHAPE_DEFINITION_REPRESENTATION ( #2073, #2207 ) ;
#3289 = EDGE_CURVE ( 'NONE', #1097, #2698, #1703, .T. ) ;
#3290 = ORIENTED_EDGE ( 'NONE', *, *, #3611, .T. ) ;
#3291 = CARTESIAN_POINT ( 'NONE',  ( 3.240000000000003322, 4.510000000000014886, 11.36999999999999922 ) ) ;
#3292 = STYLED_ITEM ( 'NONE', ( #1141 ), #693 ) ;
#3293 = EDGE_CURVE ( 'NONE', #3106, #2737, #1981, .T. ) ;
#3294 = ORIENTED_EDGE ( 'NONE', *, *, #579, .F. ) ;
#3295 = DIRECTION ( 'NONE',  ( -0.000000000000000000, -0.000000000000000000, -1.000000000000000000 ) ) ;
#3296 = LINE ( 'NONE', #3315, #2514 ) ;
#3297 = ORIENTED_EDGE ( 'NONE', *, *, #1590, .F. ) ;
#3298 = LINE ( 'NONE', #3017, #3437 ) ;
#3299 = PLANE ( 'NONE',  #2000 ) ;
#3300 = LINE ( 'NONE', #1569, #383 ) ;
#3301 = VERTEX_POINT ( 'NONE', #3730 ) ;
#3302 = LINE ( 'NONE', #2746, #2838 ) ;
#3303 = AXIS2_PLACEMENT_3D ( 'NONE', #601, #2614, #2919 ) ;
#3304 = MANIFOLD_SOLID_BREP ( 'LPattern1[2]', #1326 ) ;
#3305 = EDGE_LOOP ( 'NONE', ( #2508, #3361, #1670, #801 ) ) ;
#3306 = DIRECTION ( 'NONE',  ( 0.000000000000000000, 0.000000000000000000, -1.000000000000000000 ) ) ;
#3307 = VECTOR ( 'NONE', #3122, 1000.000000000000000 ) ;
#3308 = EDGE_CURVE ( 'NONE', #1112, #1539, #2600, .T. ) ;
#3309 = CARTESIAN_POINT ( 'NONE',  ( 0.3000000000000012101, 1.569999999999957652, 10.97000000000000242 ) ) ;
#3310 = VECTOR ( 'NONE', #1855, 1000.000000000000000 ) ;
#3311 = ORIENTED_EDGE ( 'NONE', *, *, #2855, .T. ) ;
#3312 = ADVANCED_FACE ( 'NONE', ( #1364 ), #604, .F. ) ;
#3313 = VECTOR ( 'NONE', #1448, 1000.000000000000114 ) ;
#3314 = CARTESIAN_POINT ( 'NONE',  ( -3.240000000000004210, 4.510000000000014886, 11.36999999999999922 ) ) ;
#3315 = CARTESIAN_POINT ( 'NONE',  ( 3.810000000000000497, 0.3999999999999501732, 2.870000000000000107 ) ) ;
#3316 = ORIENTED_EDGE ( 'NONE', *, *, #2130, .T. ) ;
#3317 = LINE ( 'NONE', #695, #2045 ) ;
#3318 = CARTESIAN_POINT ( 'NONE',  ( 1.270000000000000240, 5.079999999999999183, 11.36999999999999922 ) ) ;
#3319 = LINE ( 'NONE', #2426, #3480 ) ;
#3320 = AXIS2_PLACEMENT_3D ( 'NONE', #2982, #590, #311 ) ;
#3321 = ORIENTED_EDGE ( 'NONE', *, *, #1246, .F. ) ;
#3322 = CARTESIAN_POINT ( 'NONE',  ( 1.270000000000000240, -4.989501595336908954E-14, 2.870000000000000107 ) ) ;
#3323 = PRODUCT_CONTEXT ( 'NONE', #1853, 'mechanical' ) ;
#3324 = ORIENTED_EDGE ( 'NONE', *, *, #329, .T. ) ;
#3325 = ORIENTED_EDGE ( 'NONE', *, *, #264, .F. ) ;
#3326 = LINE ( 'NONE', #442, #1556 ) ;
#3327 = DIRECTION ( 'NONE',  ( -0.5773502691896278405, 0.5773502691896278405, 0.5773502691896216232 ) ) ;
#3328 = CLOSED_SHELL ( 'NONE', ( #146, #1222, #966, #3588, #2678, #996, #709, #261, #1926, #575 ) ) ;
#3329 = ORIENTED_EDGE ( 'NONE', *, *, #2270, .F. ) ;
#3330 = ADVANCED_FACE ( 'NONE', ( #3226 ), #1462, .F. ) ;
#3331 = LINE ( 'NONE', #3348, #2990 ) ;
#3332 = CARTESIAN_POINT ( 'NONE',  ( 0.2999999999999999889, 0.5000000000000000000, 1.070000000000000062 ) ) ;
#3333 = ORIENTED_EDGE ( 'NONE', *, *, #3537, .T. ) ;
#3334 = EDGE_CURVE ( 'NONE', #2472, #3589, #48, .T. ) ;
#3335 = DIRECTION ( 'NONE',  ( -0.5773502691896278405, 0.5773502691896278405, -0.5773502691896216232 ) ) ;
#3336 = CARTESIAN_POINT ( 'NONE',  ( 4.060000000000000497, 4.679999999999999716, 2.869999999999999662 ) ) ;
#3337 = CARTESIAN_POINT ( 'NONE',  ( 0.2999999999999999889, 3.040000000000000036, -0.4999999999999997780 ) ) ;
#3338 = EDGE_LOOP ( 'NONE', ( #1820, #258, #2843, #336, #489, #2638, #1873, #3769 ) ) ;
#3339 = EDGE_CURVE ( 'NONE', #2698, #1669, #1168, .T. ) ;
#3340 = ORIENTED_EDGE ( 'NONE', *, *, #2475, .T. ) ;
#3341 = CARTESIAN_POINT ( 'NONE',  ( -3.810000000000000053, 0.000000000000000000, 11.36999999999999922 ) ) ;
#3342 = ORIENTED_EDGE ( 'NONE', *, *, #2228, .T. ) ;
#3343 = ORIENTED_EDGE ( 'NONE', *, *, #2220, .F. ) ;
#3344 = DIRECTION ( 'NONE',  ( 0.000000000000000000, 0.000000000000000000, 1.000000000000000000 ) ) ;
#3345 = VECTOR ( 'NONE', #1419, 1000.000000000000000 ) ;
#3346 = CARTESIAN_POINT ( 'NONE',  ( 0.7000000000000031752, 1.969999999999959561, 11.36999999999999922 ) ) ;
#3347 = ORIENTED_EDGE ( 'NONE', *, *, #171, .T. ) ;
#3348 = CARTESIAN_POINT ( 'NONE',  ( 2.239999999999997993, 1.569999999999957652, 10.97000000000000242 ) ) ;
#3349 = FACE_OUTER_BOUND ( 'NONE', #341, .T. ) ;
#3350 = ORIENTED_EDGE ( 'NONE', *, *, #3519, .T. ) ;
#3351 = CARTESIAN_POINT ( 'NONE',  ( -0.2999999999999999889, 0.5000000000000000000, -1.070000000000000062 ) ) ;
#3352 = LINE ( 'NONE', #2760, #1194 ) ;
#3353 = FILL_AREA_STYLE ('',( #2200 ) ) ;
#3354 = VECTOR ( 'NONE', #2671, 1000.000000000000000 ) ;
#3355 = EDGE_CURVE ( 'NONE', #3521, #839, #2338, .T. ) ;
#3356 = PLANE ( 'NONE',  #1238 ) ;
#3357 = VERTEX_POINT ( 'NONE', #2059 ) ;
#3358 = DIRECTION ( 'NONE',  ( -0.5773502691896278405, 0.5773502691896278405, -0.5773502691896216232 ) ) ;
#3359 = LINE ( 'NONE', #2790, #2700 ) ;
#3360 = EDGE_CURVE ( 'NONE', #2948, #472, #2670, .T. ) ;
#3361 = ORIENTED_EDGE ( 'NONE', *, *, #553, .T. ) ;
#3362 = VERTEX_POINT ( 'NONE', #925 ) ;
#3363 = DIRECTION ( 'NONE',  ( 0.000000000000000000, 1.000000000000000000, -5.870001876866950550E-15 ) ) ;
#3364 = DIRECTION ( 'NONE',  ( 0.000000000000000000, 0.7071067811865436870, -0.7071067811865513475 ) ) ;
#3365 = CIRCLE ( 'NONE', #2947, 0.5699999999999997291 ) ;
#3366 = ORIENTED_EDGE ( 'NONE', *, *, #2363, .F. ) ;
#3367 = AXIS2_PLACEMENT_3D ( 'NONE', #581, #2047, #1695 ) ;
#3368 = DIRECTION ( 'NONE',  ( 0.000000000000000000, 0.000000000000000000, 1.000000000000000000 ) ) ;
#3369 = CARTESIAN_POINT ( 'NONE',  ( 0.2999999999999999889, 0.5000000000000000000, -1.070000000000000062 ) ) ;
#3370 = VECTOR ( 'NONE', #2318, 1000.000000000000114 ) ;
#3371 = VERTEX_POINT ( 'NONE', #2943 ) ;
#3372 = DIRECTION ( 'NONE',  ( 0.000000000000000000, 1.000000000000000000, 1.084202172485506406E-15 ) ) ;
#3373 = LINE ( 'NONE', #1418, #3760 ) ;
#3374 = AXIS2_PLACEMENT_3D ( 'NONE', #603, #1781, #548 ) ;
#3375 =( NAMED_UNIT ( * ) SI_UNIT ( $, .STERADIAN. ) SOLID_ANGLE_UNIT ( ) );
#3376 = DIRECTION ( 'NONE',  ( -1.000000000000000000, -0.000000000000000000, -0.000000000000000000 ) ) ;
#3377 = AXIS2_PLACEMENT_3D ( 'NONE', #1806, #3498, #2416 ) ;
#3378 = ORIENTED_EDGE ( 'NONE', *, *, #3130, .T. ) ;
#3379 = CARTESIAN_POINT ( 'NONE',  ( 1.270000000000000240, 4.679999999999999716, 2.869999999999999662 ) ) ;
#3380 = FACE_OUTER_BOUND ( 'NONE', #2457, .T. ) ;
#3381 = EDGE_CURVE ( 'NONE', #3066, #2748, #877, .T. ) ;
#3382 = CIRCLE ( 'NONE', #1057, 0.5699999999999998401 ) ;
#3383 = ORIENTED_EDGE ( 'NONE', *, *, #2316, .T. ) ;
#3384 = COLOUR_RGB ( '',0.2509803921568627416, 0.2509803921568627416, 0.2509803921568627416 ) ;
#3385 = ORIENTED_EDGE ( 'NONE', *, *, #3573, .F. ) ;
#3386 = CARTESIAN_POINT ( 'NONE',  ( -4.060000000000000497, 0.5364888378497735255, 3.245000000000000551 ) ) ;
#3387 = EDGE_CURVE ( 'NONE', #3777, #3025, #2965, .T. ) ;
#3388 = EDGE_CURVE ( 'NONE', #2324, #3521, #3208, .T. ) ;
#3389 = VECTOR ( 'NONE', #2845, 999.9999999999998863 ) ;
#3390 = DIRECTION ( 'NONE',  ( -0.000000000000000000, -0.000000000000000000, 1.000000000000000000 ) ) ;
#3391 = ORIENTED_EDGE ( 'NONE', *, *, #2480, .T. ) ;
#3392 = EDGE_CURVE ( 'NONE', #3234, #3763, #1445, .T. ) ;
#3393 = FACE_OUTER_BOUND ( 'NONE', #3286, .T. ) ;
#3394 = CARTESIAN_POINT ( 'NONE',  ( -2.239999999999998881, 0.9699999999999578959, 10.97000000000000242 ) ) ;
#3395 = VERTEX_POINT ( 'NONE', #2359 ) ;
#3396 = DIRECTION ( 'NONE',  ( 0.000000000000000000, 1.000000000000000000, 0.000000000000000000 ) ) ;
#3397 = LINE ( 'NONE', #769, #3268 ) ;
#3398 = FILL_AREA_STYLE_COLOUR ( '', #503 ) ;
#3399 = LINE ( 'NONE', #1065, #1429 ) ;
#3400 = LINE ( 'NONE', #1044, #1605 ) ;
#3401 = ORIENTED_EDGE ( 'NONE', *, *, #663, .T. ) ;
#3402 = EDGE_CURVE ( 'NONE', #1599, #424, #2906, .T. ) ;
#3403 = ORIENTED_EDGE ( 'NONE', *, *, #2456, .T. ) ;
#3404 = VERTEX_POINT ( 'NONE', #1745 ) ;
#3405 = CARTESIAN_POINT ( 'NONE',  ( -3.810000000000000053, -4.989501595336908954E-14, 2.870000000000000107 ) ) ;
#3406 = PLANE ( 'NONE',  #1482 ) ;
#3407 = EDGE_LOOP ( 'NONE', ( #2164, #3553, #129, #2889 ) ) ;
#3408 = PLANE ( 'NONE',  #3476 ) ;
#3409 = EDGE_CURVE ( 'NONE', #1413, #464, #818, .T. ) ;
#3410 = PLANE ( 'NONE',  #3744 ) ;
#3411 = ORIENTED_EDGE ( 'NONE', *, *, #2546, .T. ) ;
#3412 = PLANE ( 'NONE',  #3010 ) ;
#3413 = LINE ( 'NONE', #1997, #1070 ) ;
#3414 =( LENGTH_UNIT ( ) NAMED_UNIT ( * ) SI_UNIT ( .MILLI., .METRE. ) );
#3415 = CARTESIAN_POINT ( 'NONE',  ( 0.2999999999999999889, -3.149999999999999911, 1.470000000000000639 ) ) ;
#3416 = VECTOR ( 'NONE', #1789, 1000.000000000000000 ) ;
#3417 = CARTESIAN_POINT ( 'NONE',  ( 2.639999999999999236, 1.369999999999955254, 10.77000000000000135 ) ) ;
#3418 = CARTESIAN_POINT ( 'NONE',  ( 1.270000000000000240, 5.079999999999999183, 2.870000000000000107 ) ) ;
#3419 = SURFACE_STYLE_USAGE ( .BOTH. , #1089 ) ;
#3420 = ORIENTED_EDGE ( 'NONE', *, *, #2071, .T. ) ;
#3421 = ORIENTED_EDGE ( 'NONE', *, *, #1244, .T. ) ;
#3422 = CARTESIAN_POINT ( 'NONE',  ( -0.3000000000000020983, 0.9699999999999578959, 10.09999999999999964 ) ) ;
#3423 = CARTESIAN_POINT ( 'NONE',  ( 1.270000000000000240, 4.679999999999999716, 2.869999999999999662 ) ) ;
#3424 = ORIENTED_EDGE ( 'NONE', *, *, #3425, .T. ) ;
#3425 = EDGE_CURVE ( 'NONE', #639, #1297, #1501, .T. ) ;
#3426 = LINE ( 'NONE', #3482, #1032 ) ;
#3427 = CARTESIAN_POINT ( 'NONE',  ( 4.060000000000000497, -4.989501595336908954E-14, 2.870000000000000107 ) ) ;
#3428 = VECTOR ( 'NONE', #2880, 1000.000000000000000 ) ;
#3429 = EDGE_LOOP ( 'NONE', ( #3052, #415, #1051, #2364 ) ) ;
#3430 = LINE ( 'NONE', #2278, #929 ) ;
#3431 = CARTESIAN_POINT ( 'NONE',  ( -1.269999999999999796, 4.679999999999999716, 2.869999999999999662 ) ) ;
#3432 = EDGE_CURVE ( 'NONE', #911, #3120, #2095, .T. ) ;
#3433 = AXIS2_PLACEMENT_3D ( 'NONE', #1686, #2558, #1066 ) ;
#3434 = CARTESIAN_POINT ( 'NONE',  ( -0.7000000000000039524, 1.969999999999959561, 11.36999999999999922 ) ) ;
#3435 = DIRECTION ( 'NONE',  ( 0.000000000000000000, -1.000000000000000000, 0.000000000000000000 ) ) ;
#3436 = DIRECTION ( 'NONE',  ( 0.000000000000000000, -1.000000000000000000, 0.000000000000000000 ) ) ;
#3437 = VECTOR ( 'NONE', #2759, 1000.000000000000000 ) ;
#3438 = PLANE ( 'NONE',  #2786 ) ;
#3439 = CARTESIAN_POINT ( 'NONE',  ( 4.060000000000000497, 5.079999999999999183, 2.870000000000000107 ) ) ;
#3440 = VECTOR ( 'NONE', #1866, 1000.000000000000000 ) ;
#3441 = VERTEX_POINT ( 'NONE', #350 ) ;
#3442 = ORIENTED_EDGE ( 'NONE', *, *, #463, .T. ) ;
#3443 = CARTESIAN_POINT ( 'NONE',  ( 2.239999999999997993, 4.110000000000012754, 10.09999999999999964 ) ) ;
#3444 =( GEOMETRIC_REPRESENTATION_CONTEXT ( 3 ) GLOBAL_UNCERTAINTY_ASSIGNED_CONTEXT ( ( #3615 ) ) GLOBAL_UNIT_ASSIGNED_CONTEXT ( ( #1423, #2524, #2264 ) ) REPRESENTATION_CONTEXT ( 'NONE', 'WORKASPACE' ) );
#3445 = VECTOR ( 'NONE', #66, 1000.000000000000000 ) ;
#3446 = VERTEX_POINT ( 'NONE', #2374 ) ;
#3447 = PRODUCT_DEFINITION_FORMATION_WITH_SPECIFIED_SOURCE ( 'ANY', '', #1520, .NOT_KNOWN. ) ;
#3448 = CARTESIAN_POINT ( 'NONE',  ( -0.3000000000000020983, 4.110000000000012754, 10.97000000000000242 ) ) ;
#3449 = CARTESIAN_POINT ( 'NONE',  ( -1.269999999999999796, 0.000000000000000000, 0.000000000000000000 ) ) ;
#3450 = EDGE_CURVE ( 'NONE', #3721, #1906, #3528, .T. ) ;
#3451 = ORIENTED_EDGE ( 'NONE', *, *, #3272, .F. ) ;
#3452 = FACE_OUTER_BOUND ( 'NONE', #1533, .T. ) ;
#3453 = DIRECTION ( 'NONE',  ( -1.000000000000000000, 0.000000000000000000, 0.000000000000000000 ) ) ;
#3454 = CARTESIAN_POINT ( 'NONE',  ( -2.840000000000002078, 4.110000000000012754, 10.09999999999999964 ) ) ;
#3455 = CARTESIAN_POINT ( 'NONE',  ( 3.810000000000000497, 0.3999999999999501732, 2.870000000000000107 ) ) ;
#3456 = EDGE_CURVE ( 'NONE', #243, #2876, #3546, .T. ) ;
#3457 = ORIENTED_EDGE ( 'NONE', *, *, #514, .F. ) ;
#3458 = CARTESIAN_POINT ( 'NONE',  ( -0.2999999999999999889, 1.470000000000000417, 3.245000000000000551 ) ) ;
#3459 = DIRECTION ( 'NONE',  ( 0.000000000000000000, 0.000000000000000000, -1.000000000000000000 ) ) ;
#3460 = EDGE_CURVE ( 'NONE', #650, #1620, #3352, .T. ) ;
#3461 = VERTEX_POINT ( 'NONE', #103 ) ;
#3462 = EDGE_LOOP ( 'NONE', ( #2176, #827, #3087, #787, #1715, #2245, #2064, #468 ) ) ;
#3463 = LINE ( 'NONE', #822, #511 ) ;
#3464 = ORIENTED_EDGE ( 'NONE', *, *, #882, .F. ) ;
#3465 = PLANE ( 'NONE',  #1098 ) ;
#3466 = DIRECTION ( 'NONE',  ( 0.9396926207859089830, 0.3420201433256671031, 0.000000000000000000 ) ) ;
#3467 = ORIENTED_EDGE ( 'NONE', *, *, #1570, .F. ) ;
#3468 = DIRECTION ( 'NONE',  ( 0.000000000000000000, 1.082302103395239435E-16, 1.000000000000000000 ) ) ;
#3469 =( LENGTH_UNIT ( ) NAMED_UNIT ( * ) SI_UNIT ( .MILLI., .METRE. ) );
#3470 = FACE_OUTER_BOUND ( 'NONE', #1251, .T. ) ;
#3471 = DIRECTION ( 'NONE',  ( 0.000000000000000000, -0.3420201433256628842, -0.9396926207859104263 ) ) ;
#3472 = CARTESIAN_POINT ( 'NONE',  ( -0.2999999999999999889, 3.040000000000000036, -1.069999999999999840 ) ) ;
#3473 = CARTESIAN_POINT ( 'NONE',  ( 4.060000000000000497, 0.000000000000000000, 11.36999999999999922 ) ) ;
#3474 = CARTESIAN_POINT ( 'NONE',  ( 0.09999999999999982514, 3.910000000000011688, 10.77000000000000313 ) ) ;
#3475 = ADVANCED_FACE ( 'NONE', ( #1877 ), #2742, .F. ) ;
#3476 = AXIS2_PLACEMENT_3D ( 'NONE', #1597, #749, #2512 ) ;
#3477 = EDGE_LOOP ( 'NONE', ( #2403, #2132, #1091, #1696 ) ) ;
#3478 = DIRECTION ( 'NONE',  ( 0.000000000000000000, -1.188166764367676095E-16, -1.000000000000000000 ) ) ;
#3479 = ADVANCED_FACE ( 'NONE', ( #730 ), #3299, .F. ) ;
#3480 = VECTOR ( 'NONE', #3569, 1000.000000000000114 ) ;
#3481 = ORIENTED_EDGE ( 'NONE', *, *, #898, .F. ) ;
#3482 = CARTESIAN_POINT ( 'NONE',  ( -1.269999999999999796, 0.000000000000000000, 11.36999999999999922 ) ) ;
#3483 = PLANE ( 'NONE',  #1242 ) ;
#3484 = ORIENTED_EDGE ( 'NONE', *, *, #127, .T. ) ;
#3485 = DIRECTION ( 'NONE',  ( -1.000000000000000000, -0.000000000000000000, -0.000000000000000000 ) ) ;
#3486 = LINE ( 'NONE', #3454, #1 ) ;
#3487 = PRODUCT ( 'Pin - Tin', 'Pin - Tin', '', ( #661 ) ) ;
#3488 = ORIENTED_EDGE ( 'NONE', *, *, #1920, .T. ) ;
#3489 = LINE ( 'NONE', #1184, #144 ) ;
#3490 = AXIS2_PLACEMENT_3D ( 'NONE', #1834, #379, #1798 ) ;
#3491 = DIRECTION ( 'NONE',  ( -1.000000000000000000, 0.000000000000000000, 0.000000000000000000 ) ) ;
#3492 = DIRECTION ( 'NONE',  ( 0.000000000000000000, -1.000000000000000000, -1.188166764367676095E-16 ) ) ;
#3493 = PRESENTATION_LAYER_ASSIGNMENT (  '', '', ( #2757 ) ) ;
#3494 = DIRECTION ( 'NONE',  ( 0.000000000000000000, -1.000000000000000000, 0.000000000000000000 ) ) ;
#3495 = VECTOR ( 'NONE', #2552, 1000.000000000000000 ) ;
#3496 = EDGE_CURVE ( 'NONE', #3404, #3446, #2464, .T. ) ;
#3497 = ORIENTED_EDGE ( 'NONE', *, *, #248, .F. ) ;
#3498 = DIRECTION ( 'NONE',  ( -0.000000000000000000, 0.000000000000000000, 1.000000000000000000 ) ) ;
#3499 = VECTOR ( 'NONE', #3058, 1000.000000000000000 ) ;
#3500 = ADVANCED_FACE ( 'NONE', ( #1601 ), #2708, .F. ) ;
#3501 = EDGE_CURVE ( 'NONE', #1860, #2978, #159, .T. ) ;
#3502 = VERTEX_POINT ( 'NONE', #1568 ) ;
#3503 = DIRECTION ( 'NONE',  ( 0.000000000000000000, 1.000000000000000000, -1.082302103395239435E-16 ) ) ;
#3504 = CARTESIAN_POINT ( 'NONE',  ( 3.810000000000000497, 5.079999999999999183, 2.870000000000000107 ) ) ;
#3505 = ADVANCED_FACE ( 'NONE', ( #2182 ), #675, .F. ) ;
#3506 = ORIENTED_EDGE ( 'NONE', *, *, #838, .F. ) ;
#3507 = CARTESIAN_POINT ( 'NONE',  ( -0.2999999999999999889, 3.609999999999999876, 3.245000000000000551 ) ) ;
#3508 = AXIS2_PLACEMENT_3D ( 'NONE', #809, #3146, #529 ) ;
#3509 = FACE_OUTER_BOUND ( 'NONE', #1940, .T. ) ;
#3510 = EDGE_LOOP ( 'NONE', ( #1409, #2158, #2542, #2024 ) ) ;
#3511 = LINE ( 'NONE', #2015, #2820 ) ;
#3512 = DIRECTION ( 'NONE',  ( -0.000000000000000000, -0.000000000000000000, 1.000000000000000000 ) ) ;
#3513 = CARTESIAN_POINT ( 'NONE',  ( -3.240000000000004210, 5.079999999999999183, 11.36999999999999922 ) ) ;
#3514 = FACE_OUTER_BOUND ( 'NONE', #1943, .T. ) ;
#3515 = ORIENTED_EDGE ( 'NONE', *, *, #2775, .F. ) ;
#3516 = PLANE ( 'NONE',  #3683 ) ;
#3517 = PRODUCT_RELATED_PRODUCT_CATEGORY ( 'part', '', ( #2694 ) ) ;
#3518 = ORIENTED_EDGE ( 'NONE', *, *, #1947, .F. ) ;
#3519 = EDGE_CURVE ( 'NONE', #2266, #2074, #2445, .T. ) ;
#3520 = DIRECTION ( 'NONE',  ( 0.000000000000000000, 0.000000000000000000, 1.000000000000000000 ) ) ;
#3521 = VERTEX_POINT ( 'NONE', #2199 ) ;
#3522 = PLANE ( 'NONE',  #2292 ) ;
#3523 = EDGE_CURVE ( 'NONE', #2543, #2563, #1021, .T. ) ;
#3524 = FACE_OUTER_BOUND ( 'NONE', #2664, .T. ) ;
#3525 = DIRECTION ( 'NONE',  ( 0.000000000000000000, 0.000000000000000000, -1.000000000000000000 ) ) ;
#3526 = ORIENTED_EDGE ( 'NONE', *, *, #1925, .F. ) ;
#3527 = CARTESIAN_POINT ( 'NONE',  ( -0.2999999999999999889, 3.040000000000000036, -1.069999999999999840 ) ) ;
#3528 = LINE ( 'NONE', #1518, #3563 ) ;
#3529 = DIRECTION ( 'NONE',  ( 0.000000000000000000, 1.000000000000000000, -1.082302103395239435E-16 ) ) ;
#3530 = VECTOR ( 'NONE', #1277, 1000.000000000000000 ) ;
#3531 = EDGE_LOOP ( 'NONE', ( #2084, #717, #2248, #942 ) ) ;
#3532 = CARTESIAN_POINT ( 'NONE',  ( 1.270000000000000240, 0.000000000000000000, 11.36999999999999922 ) ) ;
#3533 = VECTOR ( 'NONE', #2974, 1000.000000000000000 ) ;
#3534 = VERTEX_POINT ( 'NONE', #3600 ) ;
#3535 = FACE_OUTER_BOUND ( 'NONE', #323, .T. ) ;
#3536 = ORIENTED_EDGE ( 'NONE', *, *, #2803, .T. ) ;
#3537 = EDGE_CURVE ( 'NONE', #3230, #1092, #2727, .T. ) ;
#3538 = DIRECTION ( 'NONE',  ( -1.000000000000000000, -0.000000000000000000, -0.000000000000000000 ) ) ;
#3539 = DIRECTION ( 'NONE',  ( 0.000000000000000000, 0.000000000000000000, -1.000000000000000000 ) ) ;
#3540 = ORIENTED_EDGE ( 'NONE', *, *, #1042, .F. ) ;
#3541 = LINE ( 'NONE', #3562, #3185 ) ;
#3542 = ORIENTED_EDGE ( 'NONE', *, *, #3561, .F. ) ;
#3543 = EDGE_CURVE ( 'NONE', #3002, #725, #3623, .T. ) ;
#3544 = CARTESIAN_POINT ( 'NONE',  ( 0.2999999999999999889, 3.040000000000000036, -1.470000000000000195 ) ) ;
#3545 = EDGE_CURVE ( 'NONE', #424, #508, #1281, .T. ) ;
#3546 = LINE ( 'NONE', #2113, #1811 ) ;
#3547 = DIRECTION ( 'NONE',  ( 0.000000000000000000, -1.000000000000000000, 0.000000000000000000 ) ) ;
#3548 = AXIS2_PLACEMENT_3D ( 'NONE', #1641, #2805, #1323 ) ;
#3549 = ORIENTED_EDGE ( 'NONE', *, *, #731, .F. ) ;
#3550 = LINE ( 'NONE', #34, #748 ) ;
#3551 = APPLICATION_CONTEXT ( 'automotive_design' ) ;
#3552 =( GEOMETRIC_REPRESENTATION_CONTEXT ( 3 ) GLOBAL_UNCERTAINTY_ASSIGNED_CONTEXT ( ( #3755 ) ) GLOBAL_UNIT_ASSIGNED_CONTEXT ( ( #2825, #3070, #1322 ) ) REPRESENTATION_CONTEXT ( 'NONE', 'WORKASPACE' ) );
#3553 = ORIENTED_EDGE ( 'NONE', *, *, #2655, .F. ) ;
#3554 = VECTOR ( 'NONE', #1104, 1000.000000000000000 ) ;
#3555 = CARTESIAN_POINT ( 'NONE',  ( -0.2999999999999999889, 1.069999999999999840, 3.245000000000000551 ) ) ;
#3556 = VECTOR ( 'NONE', #2232, 1000.000000000000000 ) ;
#3557 = ORIENTED_EDGE ( 'NONE', *, *, #1195, .F. ) ;
#3558 = STYLED_ITEM ( 'NONE', ( #3219 ), #1398 ) ;
#3559 = CARTESIAN_POINT ( 'NONE',  ( -1.269999999999999796, 0.5699999999999559863, 11.36999999999999922 ) ) ;
#3560 = EDGE_LOOP ( 'NONE', ( #3536, #3095, #1497, #2821, #2376, #55 ) ) ;
#3561 = EDGE_CURVE ( 'NONE', #2876, #508, #2160, .T. ) ;
#3562 = CARTESIAN_POINT ( 'NONE',  ( -2.440000000000001279, 1.169999999999960405, 10.77000000000000135 ) ) ;
#3563 = VECTOR ( 'NONE', #621, 1000.000000000000000 ) ;
#3564 = VERTEX_POINT ( 'NONE', #2140 ) ;
#3565 = FACE_OUTER_BOUND ( 'NONE', #2107, .T. ) ;
#3566 = LINE ( 'NONE', #1299, #820 ) ;
#3567 = VECTOR ( 'NONE', #2219, 1000.000000000000000 ) ;
#3568 = EDGE_CURVE ( 'NONE', #917, #2642, #417, .T. ) ;
#3569 = DIRECTION ( 'NONE',  ( 0.3420201433256657153, -0.9396926207859095381, 1.116511540739375850E-16 ) ) ;
#3570 = VERTEX_POINT ( 'NONE', #3318 ) ;
#3571 = CARTESIAN_POINT ( 'NONE',  ( -0.2999999999999999889, -2.849999999999998312, -1.069999999999999618 ) ) ;
#3572 = PRODUCT_CONTEXT ( 'NONE', #2579, 'mechanical' ) ;
#3573 = EDGE_CURVE ( 'NONE', #2288, #839, #3566, .T. ) ;
#3574 = ORIENTED_EDGE ( 'NONE', *, *, #1366, .F. ) ;
#3575 = CARTESIAN_POINT ( 'NONE',  ( 4.060000000000000497, 4.679999999999999716, 2.869999999999999662 ) ) ;
#3576 = ORIENTED_EDGE ( 'NONE', *, *, #1704, .F. ) ;
#3577 = CARTESIAN_POINT ( 'NONE',  ( -0.3000000000000020983, 0.9699999999999578959, 10.97000000000000242 ) ) ;
#3578 = PRODUCT_DEFINITION_SHAPE ( 'NONE', 'NONE',  #3583 ) ;
#3579 = CARTESIAN_POINT ( 'NONE',  ( 3.810000000000000497, 4.543511162150186244, 3.245000000000000107 ) ) ;
#3580 = ORIENTED_EDGE ( 'NONE', *, *, #2203, .F. ) ;
#3581 = LINE ( 'NONE', #1551, #1554 ) ;
#3582 = DIRECTION ( 'NONE',  ( -1.000000000000000000, 0.000000000000000000, 0.000000000000000000 ) ) ;
#3583 = PRODUCT_DEFINITION ( 'UNKNOWN', '', #1810, #915 ) ;
#3584 = LINE ( 'NONE', #3284, #207 ) ;
#3585 = ORIENTED_EDGE ( 'NONE', *, *, #2117, .T. ) ;
#3586 = ORIENTED_EDGE ( 'NONE', *, *, #1735, .T. ) ;
#3587 = CARTESIAN_POINT ( 'NONE',  ( 2.840000000000001190, 1.569999999999957652, 10.97000000000000242 ) ) ;
#3588 = ADVANCED_FACE ( 'NONE', ( #1003 ), #3000, .F. ) ;
#3589 = VERTEX_POINT ( 'NONE', #2299 ) ;
#3590 = DIRECTION ( 'NONE',  ( 1.000000000000000000, 0.000000000000000000, 0.000000000000000000 ) ) ;
#3591 = EDGE_CURVE ( 'NONE', #1097, #2563, #3397, .T. ) ;
#3592 = CARTESIAN_POINT ( 'NONE',  ( 0.7000000000000031752, 4.510000000000014886, 11.36999999999999922 ) ) ;
#3593 = ORIENTED_EDGE ( 'NONE', *, *, #2732, .T. ) ;
#3594 =( GEOMETRIC_REPRESENTATION_CONTEXT ( 3 ) GLOBAL_UNCERTAINTY_ASSIGNED_CONTEXT ( ( #1147 ) ) GLOBAL_UNIT_ASSIGNED_CONTEXT ( ( #41, #3275, #2662 ) ) REPRESENTATION_CONTEXT ( 'NONE', 'WORKASPACE' ) );
#3595 = CYLINDRICAL_SURFACE ( 'NONE', #2926, 0.9700000000000004174 ) ;
#3596 = CARTESIAN_POINT ( 'NONE',  ( -3.810000000000000053, 4.679999999999999716, 2.869999999999999662 ) ) ;
#3597 = AXIS2_PLACEMENT_3D ( 'NONE', #3635, #3364, #1905 ) ;
#3598 = VERTEX_POINT ( 'NONE', #3089 ) ;
#3599 = DIRECTION ( 'NONE',  ( 0.000000000000000000, -0.000000000000000000, 1.000000000000000000 ) ) ;
#3600 = CARTESIAN_POINT ( 'NONE',  ( 4.060000000000000497, 4.679999999999999716, 2.869999999999999662 ) ) ;
#3601 = CARTESIAN_POINT ( 'NONE',  ( 2.239999999999997993, 3.510000000000013110, 10.97000000000000242 ) ) ;
#3602 = LINE ( 'NONE', #983, #1393 ) ;
#3603 = LINE ( 'NONE', #2489, #2229 ) ;
#3604 = EDGE_CURVE ( 'NONE', #923, #3077, #1105, .T. ) ;
#3605 = VECTOR ( 'NONE', #2482, 1000.000000000000000 ) ;
#3606 = VERTEX_POINT ( 'NONE', #753 ) ;
#3607 = ORIENTED_EDGE ( 'NONE', *, *, #1488, .T. ) ;
#3608 = DIRECTION ( 'NONE',  ( 0.000000000000000000, 1.000000000000000000, -1.082302103395239435E-16 ) ) ;
#3609 = CARTESIAN_POINT ( 'NONE',  ( -1.269999999999999796, 0.3999999999999501732, 2.870000000000000107 ) ) ;
#3610 = EDGE_CURVE ( 'NONE', #2205, #3598, #3413, .T. ) ;
#3611 = EDGE_CURVE ( 'NONE', #684, #1616, #2553, .T. ) ;
#3612 = ORIENTED_EDGE ( 'NONE', *, *, #1546, .F. ) ;
#3613 = VECTOR ( 'NONE', #1821, 1000.000000000000114 ) ;
#3614 = VERTEX_POINT ( 'NONE', #1954 ) ;
#3615 = UNCERTAINTY_MEASURE_WITH_UNIT (LENGTH_MEASURE( 1.000000000000000082E-05 ), #1423, 'distance_accuracy_value', 'NONE');
#3616 = VECTOR ( 'NONE', #2877, 1000.000000000000000 ) ;
#3617 = CARTESIAN_POINT ( 'NONE',  ( 0.2999999999999999889, 4.009999999999999787, 3.245000000000000551 ) ) ;
#3618 = EDGE_CURVE ( 'NONE', #1092, #1539, #1124, .T. ) ;
#3619 = CARTESIAN_POINT ( 'NONE',  ( 1.270000000000000240, 4.679999999999999716, 2.869999999999999662 ) ) ;
#3620 = VERTEX_POINT ( 'NONE', #196 ) ;
#3621 = CARTESIAN_POINT ( 'NONE',  ( 2.540000000000000036, 0.000000000000000000, 10.09999999999999964 ) ) ;
#3622 = VECTOR ( 'NONE', #1203, 1000.000000000000000 ) ;
#3623 = LINE ( 'NONE', #1247, #343 ) ;
#3624 =( NAMED_UNIT ( * ) PLANE_ANGLE_UNIT ( ) SI_UNIT ( $, .RADIAN. ) );
#3625 =( REPRESENTATION_RELATIONSHIP ('NONE','NONE', #2207, #1382 ) REPRESENTATION_RELATIONSHIP_WITH_TRANSFORMATION ( #1608 )SHAPE_REPRESENTATION_RELATIONSHIP( ) );
#3626 = DIRECTION ( 'NONE',  ( 0.000000000000000000, 0.3420201433256628842, 0.9396926207859104263 ) ) ;
#3627 = VECTOR ( 'NONE', #2634, 1000.000000000000000 ) ;
#3628 = VERTEX_POINT ( 'NONE', #2783 ) ;
#3629 = DIRECTION ( 'NONE',  ( -0.000000000000000000, -0.000000000000000000, 1.000000000000000000 ) ) ;
#3630 = VECTOR ( 'NONE', #402, 1000.000000000000000 ) ;
#3631 = ORIENTED_EDGE ( 'NONE', *, *, #951, .F. ) ;
#3632 = ORIENTED_EDGE ( 'NONE', *, *, #1217, .T. ) ;
#3633 = CARTESIAN_POINT ( 'NONE',  ( -2.840000000000002078, 3.510000000000013110, 10.09999999999999964 ) ) ;
#3634 = PRODUCT_DEFINITION ( 'UNKNOWN', '', #3447, #1193 ) ;
#3635 = CARTESIAN_POINT ( 'NONE',  ( -2.840000000000002078, 4.110000000000012754, 10.97000000000000242 ) ) ;
#3636 = ORIENTED_EDGE ( 'NONE', *, *, #302, .F. ) ;
#3637 = EDGE_CURVE ( 'NONE', #1592, #3461, #3723, .T. ) ;
#3638 = LINE ( 'NONE', #487, #3653 ) ;
#3639 = DIRECTION ( 'NONE',  ( -0.5773502691896278405, 0.5773502691896278405, 0.5773502691896216232 ) ) ;
#3640 = ORIENTED_EDGE ( 'NONE', *, *, #1015, .T. ) ;
#3641 = DIRECTION ( 'NONE',  ( 1.000000000000000000, 0.000000000000000000, 0.000000000000000000 ) ) ;
#3642 = DIRECTION ( 'NONE',  ( 0.000000000000000000, -0.7071067811865436870, -0.7071067811865513475 ) ) ;
#3643 = EDGE_CURVE ( 'NONE', #3190, #710, #2860, .T. ) ;
#3644 = DIRECTION ( 'NONE',  ( 0.000000000000000000, -5.870001876866951339E-15, -1.000000000000000000 ) ) ;
#3645 = ORIENTED_EDGE ( 'NONE', *, *, #200, .T. ) ;
#3646 = VERTEX_POINT ( 'NONE', #3431 ) ;
#3647 = DIRECTION ( 'NONE',  ( 0.000000000000000000, -1.000000000000000000, 0.000000000000000000 ) ) ;
#3648 = EDGE_LOOP ( 'NONE', ( #2995, #1343, #3254, #2931 ) ) ;
#3649 = VERTEX_POINT ( 'NONE', #235 ) ;
#3650 = LINE ( 'NONE', #2719, #3556 ) ;
#3651 = VECTOR ( 'NONE', #3295, 1000.000000000000000 ) ;
#3652 = DIRECTION ( 'NONE',  ( 0.000000000000000000, -1.000000000000000000, 0.000000000000000000 ) ) ;
#3653 = VECTOR ( 'NONE', #1635, 1000.000000000000000 ) ;
#3654 = EDGE_LOOP ( 'NONE', ( #539, #2789, #1574, #1243 ) ) ;
#3655 = ORIENTED_EDGE ( 'NONE', *, *, #1633, .T. ) ;
#3656 = VECTOR ( 'NONE', #2294, 1000.000000000000000 ) ;
#3657 = PLANE ( 'NONE',  #969 ) ;
#3658 = FACE_OUTER_BOUND ( 'NONE', #3180, .T. ) ;
#3659 = EDGE_CURVE ( 'NONE', #472, #1236, #3373, .T. ) ;
#3660 = VERTEX_POINT ( 'NONE', #2801 ) ;
#3661 = VECTOR ( 'NONE', #3197, 1000.000000000000000 ) ;
#3662 = FACE_OUTER_BOUND ( 'NONE', #3210, .T. ) ;
#3663 = DIRECTION ( 'NONE',  ( 0.000000000000000000, 0.000000000000000000, 1.000000000000000000 ) ) ;
#3664 = DIRECTION ( 'NONE',  ( -1.000000000000000000, 0.000000000000000000, 0.000000000000000000 ) ) ;
#3665 = EDGE_CURVE ( 'NONE', #1018, #952, #1338, .T. ) ;
#3666 = ADVANCED_FACE ( 'NONE', ( #2823 ), #1936, .F. ) ;
#3667 = CARTESIAN_POINT ( 'NONE',  ( -4.060000000000000497, -4.989501595336908954E-14, 2.870000000000000107 ) ) ;
#3668 = DIRECTION ( 'NONE',  ( 1.000000000000000000, 0.000000000000000000, 0.000000000000000000 ) ) ;
#3669 = CARTESIAN_POINT ( 'NONE',  ( -1.269999999999999796, 4.543511162150186244, 3.245000000000000107 ) ) ;
#3670 = ORIENTED_EDGE ( 'NONE', *, *, #1824, .T. ) ;
#3671 = ORIENTED_EDGE ( 'NONE', *, *, #759, .F. ) ;
#3672 = DIRECTION ( 'NONE',  ( 0.000000000000000000, -1.000000000000000000, 0.000000000000000000 ) ) ;
#3673 = CARTESIAN_POINT ( 'NONE',  ( 0.2999999999999999889, 1.470000000000000417, 3.245000000000000551 ) ) ;
#3674 = VECTOR ( 'NONE', #2387, 1000.000000000000000 ) ;
#3675 = VERTEX_POINT ( 'NONE', #3108 ) ;
#3676 = COLOUR_RGB ( '',0.2509803921568627416, 0.2509803921568627416, 0.2509803921568627416 ) ;
#3677 = DIRECTION ( 'NONE',  ( 0.000000000000000000, 0.000000000000000000, 1.000000000000000000 ) ) ;
#3678 = FACE_OUTER_BOUND ( 'NONE', #1647, .T. ) ;
#3679 = VECTOR ( 'NONE', #1910, 1000.000000000000000 ) ;
#3680 = ORIENTED_EDGE ( 'NONE', *, *, #668, .T. ) ;
#3681 = CARTESIAN_POINT ( 'NONE',  ( -2.840000000000002078, 1.569999999999957652, 10.97000000000000242 ) ) ;
#3682 = CARTESIAN_POINT ( 'NONE',  ( 4.060000000000000497, 4.543511162150186244, 3.245000000000000107 ) ) ;
#3683 = AXIS2_PLACEMENT_3D ( 'NONE', #896, #859, #2062 ) ;
#3684 = EDGE_CURVE ( 'NONE', #2351, #3649, #2257, .T. ) ;
#3685 = FILL_AREA_STYLE ('',( #1340 ) ) ;
#3686 = LINE ( 'NONE', #3415, #922 ) ;
#3687 = CARTESIAN_POINT ( 'NONE',  ( -2.239999999999998881, 3.510000000000013110, 10.09999999999999964 ) ) ;
#3688 = CARTESIAN_POINT ( 'NONE',  ( 2.639999999999999236, 3.710000000000015952, 10.77000000000000135 ) ) ;
#3689 = DIRECTION ( 'NONE',  ( 0.000000000000000000, 5.870001876866951339E-15, 1.000000000000000000 ) ) ;
#3690 = ORIENTED_EDGE ( 'NONE', *, *, #3573, .T. ) ;
#3691 = VERTEX_POINT ( 'NONE', #455 ) ;
#3692 = DIRECTION ( 'NONE',  ( 0.000000000000000000, 5.870001876866950550E-15, 1.000000000000000000 ) ) ;
#3693 = ADVANCED_FACE ( 'NONE', ( #1639 ), #2537, .F. ) ;
#3694 = LINE ( 'NONE', #1965, #198 ) ;
#3695 = ORIENTED_EDGE ( 'NONE', *, *, #714, .T. ) ;
#3696 = DIRECTION ( 'NONE',  ( 1.000000000000000000, 0.000000000000000000, 0.000000000000000000 ) ) ;
#3697 = CLOSED_SHELL ( 'NONE', ( #1265, #2828, #282, #1803, #359, #837, #3103, #3273, #909, #404, #1360, #3019, #2728, #743, #1975, #1526, #1069, #2151, #1712, #151, #1565, #862, #3505, #2094, #856, #2177, #1969, #106 ) ) ;
#3698 = FACE_OUTER_BOUND ( 'NONE', #2963, .T. ) ;
#3699 = ORIENTED_EDGE ( 'NONE', *, *, #1428, .F. ) ;
#3700 = PLANE ( 'NONE',  #746 ) ;
#3701 = DIRECTION ( 'NONE',  ( -0.000000000000000000, -1.000000000000000000, -0.000000000000000000 ) ) ;
#3702 = SURFACE_STYLE_USAGE ( .BOTH. , #2784 ) ;
#3703 = CARTESIAN_POINT ( 'NONE',  ( -0.2999999999999999889, 0.5000000000000000000, 1.070000000000000062 ) ) ;
#3704 = VERTEX_POINT ( 'NONE', #215 ) ;
#3705 = PRODUCT_RELATED_PRODUCT_CATEGORY ( 'part', '', ( #3487 ) ) ;
#3706 = DIRECTION ( 'NONE',  ( 0.000000000000000000, -0.000000000000000000, 1.000000000000000000 ) ) ;
#3707 = DIRECTION ( 'NONE',  ( 0.000000000000000000, 0.000000000000000000, -1.000000000000000000 ) ) ;
#3708 = FILL_AREA_STYLE ('',( #1046 ) ) ;
#3709 = AXIS2_PLACEMENT_3D ( 'NONE', #533, #2884, #3707 ) ;
#3710 = VERTEX_POINT ( 'NONE', #1974 ) ;
#3711 = ADVANCED_FACE ( 'NONE', ( #3742 ), #1063, .F. ) ;
#3712 = ORIENTED_EDGE ( 'NONE', *, *, #2043, .F. ) ;
#3713 = LINE ( 'NONE', #3174, #1311 ) ;
#3714 = VECTOR ( 'NONE', #2032, 1000.000000000000000 ) ;
#3715 = DIRECTION ( 'NONE',  ( -1.000000000000000000, -0.000000000000000000, -0.000000000000000000 ) ) ;
#3716 = EDGE_CURVE ( 'NONE', #1906, #501, #1379, .T. ) ;
#3717 = ORIENTED_EDGE ( 'NONE', *, *, #1126, .F. ) ;
#3718 = VECTOR ( 'NONE', #1871, 1000.000000000000000 ) ;
#3719 = DIRECTION ( 'NONE',  ( 0.000000000000000000, -1.000000000000000000, 0.000000000000000000 ) ) ;
#3720 = CARTESIAN_POINT ( 'NONE',  ( -2.239999999999998881, 3.510000000000013110, 10.97000000000000242 ) ) ;
#3721 = VERTEX_POINT ( 'NONE', #1401 ) ;
#3722 = DIRECTION ( 'NONE',  ( 0.9396926207859095381, 0.3420201433256657153, 0.000000000000000000 ) ) ;
#3723 = LINE ( 'NONE', #2573, #3567 ) ;
#3724 = VECTOR ( 'NONE', #3677, 1000.000000000000000 ) ;
#3725 = CARTESIAN_POINT ( 'NONE',  ( 1.270000000000000240, 5.079999999999999183, 2.870000000000000107 ) ) ;
#3726 = PLANE ( 'NONE',  #3123 ) ;
#3727 = VECTOR ( 'NONE', #2134, 1000.000000000000000 ) ;
#3728 = DIRECTION ( 'NONE',  ( -1.000000000000000000, -0.000000000000000000, -0.000000000000000000 ) ) ;
#3729 = CARTESIAN_POINT ( 'NONE',  ( 0.2999999999999999889, 1.470000000000000417, 3.245000000000000551 ) ) ;
#3730 = CARTESIAN_POINT ( 'NONE',  ( 0.2999999999999999889, 3.040000000000000036, -1.069999999999999840 ) ) ;
#3731 = ORIENTED_EDGE ( 'NONE', *, *, #3148, .T. ) ;
#3732 = VERTEX_POINT ( 'NONE', #2279 ) ;
#3733 = DIRECTION ( 'NONE',  ( 0.000000000000000000, 1.000000000000000000, -1.188166764367676095E-16 ) ) ;
#3734 = EDGE_CURVE ( 'NONE', #834, #652, #2593, .T. ) ;
#3735 = EDGE_LOOP ( 'NONE', ( #536, #2006, #157, #123 ) ) ;
#3736 = EDGE_CURVE ( 'NONE', #1279, #1368, #849, .T. ) ;
#3737 = LINE ( 'NONE', #1432, #3232 ) ;
#3738 = DIRECTION ( 'NONE',  ( 0.000000000000000000, 1.000000000000000000, 0.000000000000000000 ) ) ;
#3739 = CIRCLE ( 'NONE', #3303, 0.5699999999999997291 ) ;
#3740 = ORIENTED_EDGE ( 'NONE', *, *, #2495, .F. ) ;
#3741 = DIRECTION ( 'NONE',  ( 1.000000000000000000, 0.000000000000000000, -0.000000000000000000 ) ) ;
#3742 = FACE_OUTER_BOUND ( 'NONE', #756, .T. ) ;
#3743 = EDGE_CURVE ( 'NONE', #710, #286, #3165, .T. ) ;
#3744 = AXIS2_PLACEMENT_3D ( 'NONE', #786, #452, #1677 ) ;
#3745 = CARTESIAN_POINT ( 'NONE',  ( -0.3000000000000020983, 0.9699999999999578959, 10.97000000000000242 ) ) ;
#3746 = PLANE ( 'NONE',  #738 ) ;
#3747 = DIRECTION ( 'NONE',  ( -0.7071067811865436870, -0.000000000000000000, -0.7071067811865513475 ) ) ;
#3748 = VECTOR ( 'NONE', #788, 1000.000000000000000 ) ;
#3749 = PLANE ( 'NONE',  #658 ) ;
#3750 =( NAMED_UNIT ( * ) PLANE_ANGLE_UNIT ( ) SI_UNIT ( $, .RADIAN. ) );
#3751 = VECTOR ( 'NONE', #1729, 1000.000000000000000 ) ;
#3752 = ORIENTED_EDGE ( 'NONE', *, *, #2408, .T. ) ;
#3753 = ORIENTED_EDGE ( 'NONE', *, *, #3611, .F. ) ;
#3754 = LINE ( 'NONE', #555, #2350 ) ;
#3755 = UNCERTAINTY_MEASURE_WITH_UNIT (LENGTH_MEASURE( 1.000000000000000082E-05 ), #2825, 'distance_accuracy_value', 'NONE');
#3756 = VECTOR ( 'NONE', #1162, 1000.000000000000000 ) ;
#3757 = VECTOR ( 'NONE', #893, 1000.000000000000000 ) ;
#3758 = ORIENTED_EDGE ( 'NONE', *, *, #2133, .T. ) ;
#3759 = AXIS2_PLACEMENT_3D ( 'NONE', #2450, #110, #3252 ) ;
#3760 = VECTOR ( 'NONE', #510, 1000.000000000000000 ) ;
#3761 = CARTESIAN_POINT ( 'NONE',  ( -3.810000000000000053, 5.079999999999999183, 11.36999999999999922 ) ) ;
#3762 = LINE ( 'NONE', #2312, #2951 ) ;
#3763 = VERTEX_POINT ( 'NONE', #3779 ) ;
#3764 = EDGE_CURVE ( 'NONE', #3502, #1226, #2087, .T. ) ;
#3765 = CARTESIAN_POINT ( 'NONE',  ( 3.810000000000000497, 0.000000000000000000, 11.36999999999999922 ) ) ;
#3766 = SURFACE_STYLE_USAGE ( .BOTH. , #22 ) ;
#3767 = CARTESIAN_POINT ( 'NONE',  ( 3.810000000000000497, 4.543511162150186244, 3.245000000000000107 ) ) ;
#3768 = DIRECTION ( 'NONE',  ( 1.000000000000000000, -0.000000000000000000, 0.000000000000000000 ) ) ;
#3769 = ORIENTED_EDGE ( 'NONE', *, *, #2220, .T. ) ;
#3770 = ADVANCED_FACE ( 'NONE', ( #3182 ), #1512, .F. ) ;
#3771 = DIRECTION ( 'NONE',  ( 0.000000000000000000, -1.000000000000000000, 0.000000000000000000 ) ) ;
#3772 = CARTESIAN_POINT ( 'NONE',  ( 3.810000000000000053, 5.079999999999999183, 11.36999999999999922 ) ) ;
#3773 = CARTESIAN_POINT ( 'NONE',  ( -0.2999999999999999889, 1.470000000000000417, 3.245000000000000551 ) ) ;
#3774 = VERTEX_POINT ( 'NONE', #2937 ) ;
#3775 = EDGE_LOOP ( 'NONE', ( #2869, #2836, #1275, #626 ) ) ;
#3776 = DIRECTION ( 'NONE',  ( 0.000000000000000000, 0.000000000000000000, 1.000000000000000000 ) ) ;
#3777 = VERTEX_POINT ( 'NONE', #1180 ) ;
#3778 = DIRECTION ( 'NONE',  ( -1.000000000000000000, 0.000000000000000000, 0.000000000000000000 ) ) ;
#3779 = CARTESIAN_POINT ( 'NONE',  ( 3.810000000000000053, 5.079999999999999183, 2.870000000000000107 ) ) ;
#3780 = NEXT_ASSEMBLY_USAGE_OCCURRENCE ( 'NAUO1', ' ', ' ', #3634, #3583, $ ) ;
#3781 = NEXT_ASSEMBLY_USAGE_OCCURRENCE ( 'NAUO2', ' ', ' ', #3634, #1090, $ ) ;
#3782 = NEXT_ASSEMBLY_USAGE_OCCURRENCE ( 'NAUO3', ' ', ' ', #3634, #1090, $ ) ;
#3783 = NEXT_ASSEMBLY_USAGE_OCCURRENCE ( 'NAUO4', ' ', ' ', #3634, #1090, $ ) ;
ENDSEC;
END-ISO-10303-21;
