ISO-10303-21;
HEADER;
FILE_DESCRIPTION((''),'2;1');
FILE_NAME('RBG0026A_ASM','2024-03-18T08:13:50',('a0412086'),(''),
'CREO PARAMETRIC BY PTC INC, 2018500','CREO PARAMETRIC BY PTC INC, 2018500','');
FILE_SCHEMA(('CONFIG_CONTROL_DESIGN','SHAPE_APPEARANCE_LAYERS_GROUPS'));
ENDSEC;
DATA;
#41=CARTESIAN_POINT('',(-1.447E0,0.E0,-8.E-1));
#42=DIRECTION('',(0.E0,1.E0,0.E0));
#43=DIRECTION('',(0.E0,0.E0,1.E0));
#44=AXIS2_PLACEMENT_3D('',#41,#42,#43);
#46=DRAUGHTING_PRE_DEFINED_CURVE_FONT('continuous');
#47=CURVE_STYLE('',#46,POSITIVE_LENGTH_MEASURE(2.E-2),#37);
#48=PRESENTATION_STYLE_ASSIGNMENT((#47));
#49=STYLED_ITEM('',(#48),#45);
#50=DIRECTION('',(0.E0,0.E0,-1.E0));
#51=VECTOR('',#50,2.E-1);
#52=CARTESIAN_POINT('',(-2.E0,0.E0,-7.E-1));
#53=LINE('',#52,#51);
#54=CURVE_STYLE('',#46,POSITIVE_LENGTH_MEASURE(2.E-2),#37);
#55=PRESENTATION_STYLE_ASSIGNMENT((#54));
#56=STYLED_ITEM('',(#55),#53);
#57=DIRECTION('',(-1.E0,0.E0,0.E0));
#58=VECTOR('',#57,5.53E-1);
#59=CARTESIAN_POINT('',(-1.447E0,0.E0,-7.E-1));
#60=LINE('',#59,#58);
#61=CURVE_STYLE('',#46,POSITIVE_LENGTH_MEASURE(2.E-2),#37);
#62=PRESENTATION_STYLE_ASSIGNMENT((#61));
#63=STYLED_ITEM('',(#62),#60);
#64=DIRECTION('',(0.E0,1.E0,0.E0));
#65=VECTOR('',#64,2.E-1);
#66=CARTESIAN_POINT('',(-2.E0,0.E0,-7.E-1));
#67=LINE('',#66,#65);
#68=CURVE_STYLE('',#46,POSITIVE_LENGTH_MEASURE(2.E-2),#37);
#69=PRESENTATION_STYLE_ASSIGNMENT((#68));
#70=STYLED_ITEM('',(#69),#67);
#71=DIRECTION('',(1.E0,0.E0,0.E0));
#72=VECTOR('',#71,5.53E-1);
#73=CARTESIAN_POINT('',(-2.E0,2.E-1,-9.E-1));
#74=LINE('',#73,#72);
#75=CURVE_STYLE('',#46,POSITIVE_LENGTH_MEASURE(2.E-2),#37);
#76=PRESENTATION_STYLE_ASSIGNMENT((#75));
#77=STYLED_ITEM('',(#76),#74);
#78=CARTESIAN_POINT('',(-1.447E0,2.E-1,-8.E-1));
#79=DIRECTION('',(0.E0,1.E0,0.E0));
#80=DIRECTION('',(0.E0,0.E0,1.E0));
#81=AXIS2_PLACEMENT_3D('',#78,#79,#80);
#83=CURVE_STYLE('',#46,POSITIVE_LENGTH_MEASURE(2.E-2),#37);
#84=PRESENTATION_STYLE_ASSIGNMENT((#83));
#85=STYLED_ITEM('',(#84),#82);
#86=DIRECTION('',(-1.E0,0.E0,0.E0));
#87=VECTOR('',#86,5.53E-1);
#88=CARTESIAN_POINT('',(-1.447E0,2.E-1,-7.E-1));
#89=LINE('',#88,#87);
#90=CURVE_STYLE('',#46,POSITIVE_LENGTH_MEASURE(2.E-2),#37);
#91=PRESENTATION_STYLE_ASSIGNMENT((#90));
#92=STYLED_ITEM('',(#91),#89);
#93=DIRECTION('',(0.E0,0.E0,-1.E0));
#94=VECTOR('',#93,2.E-1);
#95=CARTESIAN_POINT('',(-2.E0,2.E-1,-7.E-1));
#96=LINE('',#95,#94);
#97=CURVE_STYLE('',#46,POSITIVE_LENGTH_MEASURE(2.E-2),#37);
#98=PRESENTATION_STYLE_ASSIGNMENT((#97));
#99=STYLED_ITEM('',(#98),#96);
#100=DIRECTION('',(1.E0,0.E0,0.E0));
#101=VECTOR('',#100,5.53E-1);
#102=CARTESIAN_POINT('',(-2.E0,0.E0,-9.E-1));
#103=LINE('',#102,#101);
#104=CURVE_STYLE('',#46,POSITIVE_LENGTH_MEASURE(2.E-2),#37);
#105=PRESENTATION_STYLE_ASSIGNMENT((#104));
#106=STYLED_ITEM('',(#105),#103);
#107=DIRECTION('',(0.E0,1.E0,0.E0));
#108=VECTOR('',#107,2.E-1);
#109=CARTESIAN_POINT('',(-1.447E0,0.E0,-9.E-1));
#110=LINE('',#109,#108);
#111=CURVE_STYLE('',#46,POSITIVE_LENGTH_MEASURE(2.E-2),#37);
#112=PRESENTATION_STYLE_ASSIGNMENT((#111));
#113=STYLED_ITEM('',(#112),#110);
#114=DIRECTION('',(0.E0,1.E0,0.E0));
#115=VECTOR('',#114,2.E-1);
#116=CARTESIAN_POINT('',(-2.E0,0.E0,-9.E-1));
#117=LINE('',#116,#115);
#118=CURVE_STYLE('',#46,POSITIVE_LENGTH_MEASURE(2.E-2),#37);
#119=PRESENTATION_STYLE_ASSIGNMENT((#118));
#120=STYLED_ITEM('',(#119),#117);
#121=DIRECTION('',(0.E0,1.E0,0.E0));
#122=VECTOR('',#121,2.E-1);
#123=CARTESIAN_POINT('',(-1.447E0,0.E0,-7.E-1));
#124=LINE('',#123,#122);
#125=CURVE_STYLE('',#46,POSITIVE_LENGTH_MEASURE(2.E-2),#37);
#126=PRESENTATION_STYLE_ASSIGNMENT((#125));
#127=STYLED_ITEM('',(#126),#124);
#128=CARTESIAN_POINT('',(-2.E0,0.E0,-7.E-1));
#129=CARTESIAN_POINT('',(-2.E0,0.E0,-9.E-1));
#130=VERTEX_POINT('',#128);
#131=VERTEX_POINT('',#129);
#132=CARTESIAN_POINT('',(-2.E0,2.E-1,-7.E-1));
#133=CARTESIAN_POINT('',(-2.E0,2.E-1,-9.E-1));
#134=VERTEX_POINT('',#132);
#135=VERTEX_POINT('',#133);
#136=CARTESIAN_POINT('',(-1.447E0,0.E0,-7.E-1));
#137=CARTESIAN_POINT('',(-1.447E0,0.E0,-9.E-1));
#138=VERTEX_POINT('',#136);
#139=VERTEX_POINT('',#137);
#140=CARTESIAN_POINT('',(-1.447E0,2.E-1,-7.E-1));
#141=CARTESIAN_POINT('',(-1.447E0,2.E-1,-9.E-1));
#142=VERTEX_POINT('',#140);
#143=VERTEX_POINT('',#141);
#144=CARTESIAN_POINT('',(0.E0,0.E0,0.E0));
#145=DIRECTION('',(0.E0,1.E0,0.E0));
#146=DIRECTION('',(1.E0,0.E0,0.E0));
#147=AXIS2_PLACEMENT_3D('',#144,#145,#146);
#148=PLANE('',#147);
#150=ORIENTED_EDGE('',*,*,#149,.F.);
#152=ORIENTED_EDGE('',*,*,#151,.T.);
#154=ORIENTED_EDGE('',*,*,#153,.F.);
#156=ORIENTED_EDGE('',*,*,#155,.F.);
#157=EDGE_LOOP('',(#150,#152,#154,#156));
#158=FACE_OUTER_BOUND('',#157,.F.);
#159=ADVANCED_FACE('',(#158),#148,.F.);
#160=CARTESIAN_POINT('',(-2.1E0,0.E0,-7.E-1));
#161=DIRECTION('',(0.E0,0.E0,1.E0));
#162=DIRECTION('',(1.E0,0.E0,0.E0));
#163=AXIS2_PLACEMENT_3D('',#160,#161,#162);
#164=PLANE('',#163);
#166=ORIENTED_EDGE('',*,*,#165,.F.);
#168=ORIENTED_EDGE('',*,*,#167,.F.);
#169=ORIENTED_EDGE('',*,*,#149,.T.);
#171=ORIENTED_EDGE('',*,*,#170,.T.);
#172=EDGE_LOOP('',(#166,#168,#169,#171));
#173=FACE_OUTER_BOUND('',#172,.F.);
#174=ADVANCED_FACE('',(#173),#164,.T.);
#175=CARTESIAN_POINT('',(0.E0,2.E-1,0.E0));
#176=DIRECTION('',(0.E0,1.E0,0.E0));
#177=DIRECTION('',(1.E0,0.E0,0.E0));
#178=AXIS2_PLACEMENT_3D('',#175,#176,#177);
#179=PLANE('',#178);
#181=ORIENTED_EDGE('',*,*,#180,.T.);
#183=ORIENTED_EDGE('',*,*,#182,.F.);
#184=ORIENTED_EDGE('',*,*,#165,.T.);
#186=ORIENTED_EDGE('',*,*,#185,.T.);
#187=EDGE_LOOP('',(#181,#183,#184,#186));
#188=FACE_OUTER_BOUND('',#187,.F.);
#189=ADVANCED_FACE('',(#188),#179,.T.);
#190=CARTESIAN_POINT('',(-1.699E0,0.E0,-9.E-1));
#191=DIRECTION('',(0.E0,0.E0,-1.E0));
#192=DIRECTION('',(-1.E0,0.E0,0.E0));
#193=AXIS2_PLACEMENT_3D('',#190,#191,#192);
#194=PLANE('',#193);
#195=ORIENTED_EDGE('',*,*,#153,.T.);
#197=ORIENTED_EDGE('',*,*,#196,.T.);
#198=ORIENTED_EDGE('',*,*,#180,.F.);
#200=ORIENTED_EDGE('',*,*,#199,.F.);
#201=EDGE_LOOP('',(#195,#197,#198,#200));
#202=FACE_OUTER_BOUND('',#201,.F.);
#203=ADVANCED_FACE('',(#202),#194,.T.);
#204=CARTESIAN_POINT('',(-1.447E0,0.E0,-8.E-1));
#205=DIRECTION('',(0.E0,1.E0,0.E0));
#206=DIRECTION('',(1.E0,0.E0,0.E0));
#207=AXIS2_PLACEMENT_3D('',#204,#205,#206);
#208=CYLINDRICAL_SURFACE('',#207,1.E-1);
#209=ORIENTED_EDGE('',*,*,#151,.F.);
#210=ORIENTED_EDGE('',*,*,#167,.T.);
#211=ORIENTED_EDGE('',*,*,#182,.T.);
#212=ORIENTED_EDGE('',*,*,#196,.F.);
#213=EDGE_LOOP('',(#209,#210,#211,#212));
#214=FACE_OUTER_BOUND('',#213,.F.);
#215=ADVANCED_FACE('',(#214),#208,.T.);
#216=CARTESIAN_POINT('',(-2.E0,0.E0,1.75E0));
#217=DIRECTION('',(1.E0,0.E0,0.E0));
#218=DIRECTION('',(0.E0,0.E0,-1.E0));
#219=AXIS2_PLACEMENT_3D('',#216,#217,#218);
#220=PLANE('',#219);
#221=ORIENTED_EDGE('',*,*,#155,.T.);
#222=ORIENTED_EDGE('',*,*,#199,.T.);
#223=ORIENTED_EDGE('',*,*,#185,.F.);
#224=ORIENTED_EDGE('',*,*,#170,.F.);
#225=EDGE_LOOP('',(#221,#222,#223,#224));
#226=FACE_OUTER_BOUND('',#225,.F.);
#227=ADVANCED_FACE('',(#226),#220,.F.);
#228=FILL_AREA_STYLE_COLOUR('',#39);
#229=FILL_AREA_STYLE('',(#228));
#230=SURFACE_STYLE_FILL_AREA(#229);
#231=SURFACE_SIDE_STYLE('',(#230));
#232=SURFACE_STYLE_USAGE(.POSITIVE.,#231);
#233=FILL_AREA_STYLE_COLOUR('',#37);
#234=FILL_AREA_STYLE('',(#233));
#235=SURFACE_STYLE_FILL_AREA(#234);
#236=SURFACE_SIDE_STYLE('',(#235));
#237=SURFACE_STYLE_USAGE(.NEGATIVE.,#236);
#238=PRESENTATION_STYLE_ASSIGNMENT((#232,#237));
#239=OVER_RIDING_STYLED_ITEM('',(#238),#227,#40);
#240=CLOSED_SHELL('',(#159,#174,#189,#203,#215,#227));
#241=MANIFOLD_SOLID_BREP('',#240);
#242=FILL_AREA_STYLE_COLOUR('',#37);
#243=FILL_AREA_STYLE('',(#242));
#244=SURFACE_STYLE_FILL_AREA(#243);
#245=SURFACE_SIDE_STYLE('',(#244));
#246=SURFACE_STYLE_USAGE(.BOTH.,#245);
#247=PRESENTATION_STYLE_ASSIGNMENT((#246));
#40=STYLED_ITEM('',(#247),#241);
#249=CARTESIAN_POINT('',(-1.5E0,0.E0,-4.E-1));
#250=DIRECTION('',(0.E0,1.E0,0.E0));
#251=DIRECTION('',(0.E0,0.E0,1.E0));
#252=AXIS2_PLACEMENT_3D('',#249,#250,#251);
#254=CURVE_STYLE('',#46,POSITIVE_LENGTH_MEASURE(2.E-2),#37);
#255=PRESENTATION_STYLE_ASSIGNMENT((#254));
#256=STYLED_ITEM('',(#255),#253);
#257=DIRECTION('',(0.E0,0.E0,-1.E0));
#258=VECTOR('',#257,2.E-1);
#259=CARTESIAN_POINT('',(-2.E0,0.E0,-3.E-1));
#260=LINE('',#259,#258);
#261=CURVE_STYLE('',#46,POSITIVE_LENGTH_MEASURE(2.E-2),#37);
#262=PRESENTATION_STYLE_ASSIGNMENT((#261));
#263=STYLED_ITEM('',(#262),#260);
#264=DIRECTION('',(1.E0,0.E0,0.E0));
#265=VECTOR('',#264,5.E-1);
#266=CARTESIAN_POINT('',(-2.E0,2.E-1,-3.E-1));
#267=LINE('',#266,#265);
#268=CURVE_STYLE('',#46,POSITIVE_LENGTH_MEASURE(2.E-2),#37);
#269=PRESENTATION_STYLE_ASSIGNMENT((#268));
#270=STYLED_ITEM('',(#269),#267);
#271=DIRECTION('',(-1.E0,0.E0,0.E0));
#272=VECTOR('',#271,5.E-1);
#273=CARTESIAN_POINT('',(-1.5E0,0.E0,-3.E-1));
#274=LINE('',#273,#272);
#275=CURVE_STYLE('',#46,POSITIVE_LENGTH_MEASURE(2.E-2),#37);
#276=PRESENTATION_STYLE_ASSIGNMENT((#275));
#277=STYLED_ITEM('',(#276),#274);
#278=DIRECTION('',(0.E0,1.E0,0.E0));
#279=VECTOR('',#278,2.E-1);
#280=CARTESIAN_POINT('',(-2.E0,0.E0,-3.E-1));
#281=LINE('',#280,#279);
#282=CURVE_STYLE('',#46,POSITIVE_LENGTH_MEASURE(2.E-2),#37);
#283=PRESENTATION_STYLE_ASSIGNMENT((#282));
#284=STYLED_ITEM('',(#283),#281);
#285=CARTESIAN_POINT('',(-1.5E0,2.E-1,-4.E-1));
#286=DIRECTION('',(0.E0,1.E0,0.E0));
#287=DIRECTION('',(0.E0,0.E0,1.E0));
#288=AXIS2_PLACEMENT_3D('',#285,#286,#287);
#290=CURVE_STYLE('',#46,POSITIVE_LENGTH_MEASURE(2.E-2),#37);
#291=PRESENTATION_STYLE_ASSIGNMENT((#290));
#292=STYLED_ITEM('',(#291),#289);
#293=DIRECTION('',(0.E0,0.E0,-1.E0));
#294=VECTOR('',#293,2.E-1);
#295=CARTESIAN_POINT('',(-2.E0,2.E-1,-3.E-1));
#296=LINE('',#295,#294);
#297=CURVE_STYLE('',#46,POSITIVE_LENGTH_MEASURE(2.E-2),#37);
#298=PRESENTATION_STYLE_ASSIGNMENT((#297));
#299=STYLED_ITEM('',(#298),#296);
#300=DIRECTION('',(1.E0,0.E0,0.E0));
#301=VECTOR('',#300,5.E-1);
#302=CARTESIAN_POINT('',(-2.E0,0.E0,-5.E-1));
#303=LINE('',#302,#301);
#304=CURVE_STYLE('',#46,POSITIVE_LENGTH_MEASURE(2.E-2),#37);
#305=PRESENTATION_STYLE_ASSIGNMENT((#304));
#306=STYLED_ITEM('',(#305),#303);
#307=DIRECTION('',(0.E0,1.E0,0.E0));
#308=VECTOR('',#307,2.E-1);
#309=CARTESIAN_POINT('',(-1.5E0,0.E0,-5.E-1));
#310=LINE('',#309,#308);
#311=CURVE_STYLE('',#46,POSITIVE_LENGTH_MEASURE(2.E-2),#37);
#312=PRESENTATION_STYLE_ASSIGNMENT((#311));
#313=STYLED_ITEM('',(#312),#310);
#314=DIRECTION('',(-1.E0,0.E0,0.E0));
#315=VECTOR('',#314,5.E-1);
#316=CARTESIAN_POINT('',(-1.5E0,2.E-1,-5.E-1));
#317=LINE('',#316,#315);
#318=CURVE_STYLE('',#46,POSITIVE_LENGTH_MEASURE(2.E-2),#37);
#319=PRESENTATION_STYLE_ASSIGNMENT((#318));
#320=STYLED_ITEM('',(#319),#317);
#321=DIRECTION('',(0.E0,1.E0,0.E0));
#322=VECTOR('',#321,2.E-1);
#323=CARTESIAN_POINT('',(-2.E0,0.E0,-5.E-1));
#324=LINE('',#323,#322);
#325=CURVE_STYLE('',#46,POSITIVE_LENGTH_MEASURE(2.E-2),#37);
#326=PRESENTATION_STYLE_ASSIGNMENT((#325));
#327=STYLED_ITEM('',(#326),#324);
#328=DIRECTION('',(0.E0,1.E0,0.E0));
#329=VECTOR('',#328,2.E-1);
#330=CARTESIAN_POINT('',(-1.5E0,0.E0,-3.E-1));
#331=LINE('',#330,#329);
#332=CURVE_STYLE('',#46,POSITIVE_LENGTH_MEASURE(2.E-2),#37);
#333=PRESENTATION_STYLE_ASSIGNMENT((#332));
#334=STYLED_ITEM('',(#333),#331);
#335=CARTESIAN_POINT('',(-2.E0,0.E0,-3.E-1));
#336=CARTESIAN_POINT('',(-2.E0,0.E0,-5.E-1));
#337=VERTEX_POINT('',#335);
#338=VERTEX_POINT('',#336);
#339=CARTESIAN_POINT('',(-2.E0,2.E-1,-3.E-1));
#340=CARTESIAN_POINT('',(-2.E0,2.E-1,-5.E-1));
#341=VERTEX_POINT('',#339);
#342=VERTEX_POINT('',#340);
#343=CARTESIAN_POINT('',(-1.5E0,0.E0,-3.E-1));
#344=CARTESIAN_POINT('',(-1.5E0,0.E0,-5.E-1));
#345=VERTEX_POINT('',#343);
#346=VERTEX_POINT('',#344);
#347=CARTESIAN_POINT('',(-1.5E0,2.E-1,-3.E-1));
#348=CARTESIAN_POINT('',(-1.5E0,2.E-1,-5.E-1));
#349=VERTEX_POINT('',#347);
#350=VERTEX_POINT('',#348);
#351=CARTESIAN_POINT('',(0.E0,0.E0,0.E0));
#352=DIRECTION('',(0.E0,1.E0,0.E0));
#353=DIRECTION('',(1.E0,0.E0,0.E0));
#354=AXIS2_PLACEMENT_3D('',#351,#352,#353);
#355=PLANE('',#354);
#357=ORIENTED_EDGE('',*,*,#356,.F.);
#359=ORIENTED_EDGE('',*,*,#358,.T.);
#361=ORIENTED_EDGE('',*,*,#360,.F.);
#363=ORIENTED_EDGE('',*,*,#362,.F.);
#364=EDGE_LOOP('',(#357,#359,#361,#363));
#365=FACE_OUTER_BOUND('',#364,.F.);
#366=ADVANCED_FACE('',(#365),#355,.F.);
#367=CARTESIAN_POINT('',(-2.1E0,0.E0,-3.E-1));
#368=DIRECTION('',(0.E0,0.E0,1.E0));
#369=DIRECTION('',(1.E0,0.E0,0.E0));
#370=AXIS2_PLACEMENT_3D('',#367,#368,#369);
#371=PLANE('',#370);
#373=ORIENTED_EDGE('',*,*,#372,.T.);
#375=ORIENTED_EDGE('',*,*,#374,.F.);
#376=ORIENTED_EDGE('',*,*,#356,.T.);
#378=ORIENTED_EDGE('',*,*,#377,.T.);
#379=EDGE_LOOP('',(#373,#375,#376,#378));
#380=FACE_OUTER_BOUND('',#379,.F.);
#381=ADVANCED_FACE('',(#380),#371,.T.);
#382=CARTESIAN_POINT('',(0.E0,2.E-1,0.E0));
#383=DIRECTION('',(0.E0,1.E0,0.E0));
#384=DIRECTION('',(1.E0,0.E0,0.E0));
#385=AXIS2_PLACEMENT_3D('',#382,#383,#384);
#386=PLANE('',#385);
#388=ORIENTED_EDGE('',*,*,#387,.F.);
#390=ORIENTED_EDGE('',*,*,#389,.F.);
#391=ORIENTED_EDGE('',*,*,#372,.F.);
#393=ORIENTED_EDGE('',*,*,#392,.T.);
#394=EDGE_LOOP('',(#388,#390,#391,#393));
#395=FACE_OUTER_BOUND('',#394,.F.);
#396=ADVANCED_FACE('',(#395),#386,.T.);
#397=CARTESIAN_POINT('',(-1.699E0,0.E0,-5.E-1));
#398=DIRECTION('',(0.E0,0.E0,-1.E0));
#399=DIRECTION('',(-1.E0,0.E0,0.E0));
#400=AXIS2_PLACEMENT_3D('',#397,#398,#399);
#401=PLANE('',#400);
#402=ORIENTED_EDGE('',*,*,#360,.T.);
#404=ORIENTED_EDGE('',*,*,#403,.T.);
#405=ORIENTED_EDGE('',*,*,#387,.T.);
#407=ORIENTED_EDGE('',*,*,#406,.F.);
#408=EDGE_LOOP('',(#402,#404,#405,#407));
#409=FACE_OUTER_BOUND('',#408,.F.);
#410=ADVANCED_FACE('',(#409),#401,.T.);
#411=CARTESIAN_POINT('',(-1.5E0,0.E0,-4.E-1));
#412=DIRECTION('',(0.E0,1.E0,0.E0));
#413=DIRECTION('',(1.E0,0.E0,0.E0));
#414=AXIS2_PLACEMENT_3D('',#411,#412,#413);
#415=CYLINDRICAL_SURFACE('',#414,1.E-1);
#416=ORIENTED_EDGE('',*,*,#358,.F.);
#417=ORIENTED_EDGE('',*,*,#374,.T.);
#418=ORIENTED_EDGE('',*,*,#389,.T.);
#419=ORIENTED_EDGE('',*,*,#403,.F.);
#420=EDGE_LOOP('',(#416,#417,#418,#419));
#421=FACE_OUTER_BOUND('',#420,.F.);
#422=ADVANCED_FACE('',(#421),#415,.T.);
#423=CARTESIAN_POINT('',(-2.E0,0.E0,1.75E0));
#424=DIRECTION('',(1.E0,0.E0,0.E0));
#425=DIRECTION('',(0.E0,0.E0,-1.E0));
#426=AXIS2_PLACEMENT_3D('',#423,#424,#425);
#427=PLANE('',#426);
#428=ORIENTED_EDGE('',*,*,#362,.T.);
#429=ORIENTED_EDGE('',*,*,#406,.T.);
#430=ORIENTED_EDGE('',*,*,#392,.F.);
#431=ORIENTED_EDGE('',*,*,#377,.F.);
#432=EDGE_LOOP('',(#428,#429,#430,#431));
#433=FACE_OUTER_BOUND('',#432,.F.);
#434=ADVANCED_FACE('',(#433),#427,.F.);
#435=FILL_AREA_STYLE_COLOUR('',#39);
#436=FILL_AREA_STYLE('',(#435));
#437=SURFACE_STYLE_FILL_AREA(#436);
#438=SURFACE_SIDE_STYLE('',(#437));
#439=SURFACE_STYLE_USAGE(.POSITIVE.,#438);
#440=PRESENTATION_STYLE_ASSIGNMENT((#439));
#441=OVER_RIDING_STYLED_ITEM('',(#440),#434,#248);
#442=CLOSED_SHELL('',(#366,#381,#396,#410,#422,#434));
#443=MANIFOLD_SOLID_BREP('',#442);
#444=FILL_AREA_STYLE_COLOUR('',#37);
#445=FILL_AREA_STYLE('',(#444));
#446=SURFACE_STYLE_FILL_AREA(#445);
#447=SURFACE_SIDE_STYLE('',(#446));
#448=SURFACE_STYLE_USAGE(.POSITIVE.,#447);
#449=PRESENTATION_STYLE_ASSIGNMENT((#448));
#248=STYLED_ITEM('',(#449),#443);
#451=DIRECTION('',(0.E0,0.E0,-1.E0));
#452=VECTOR('',#451,2.E-1);
#453=CARTESIAN_POINT('',(-2.E0,0.E0,1.E-1));
#454=LINE('',#453,#452);
#455=CURVE_STYLE('',#46,POSITIVE_LENGTH_MEASURE(2.E-2),#37);
#456=PRESENTATION_STYLE_ASSIGNMENT((#455));
#457=STYLED_ITEM('',(#456),#454);
#458=CARTESIAN_POINT('',(-1.55E0,0.E0,0.E0));
#459=DIRECTION('',(0.E0,1.E0,0.E0));
#460=DIRECTION('',(0.E0,0.E0,1.E0));
#461=AXIS2_PLACEMENT_3D('',#458,#459,#460);
#463=CURVE_STYLE('',#46,POSITIVE_LENGTH_MEASURE(2.E-2),#37);
#464=PRESENTATION_STYLE_ASSIGNMENT((#463));
#465=STYLED_ITEM('',(#464),#462);
#466=DIRECTION('',(1.E0,0.E0,0.E0));
#467=VECTOR('',#466,4.5E-1);
#468=CARTESIAN_POINT('',(-2.E0,0.E0,-1.E-1));
#469=LINE('',#468,#467);
#470=CURVE_STYLE('',#46,POSITIVE_LENGTH_MEASURE(2.E-2),#37);
#471=PRESENTATION_STYLE_ASSIGNMENT((#470));
#472=STYLED_ITEM('',(#471),#469);
#473=DIRECTION('',(0.E0,1.E0,0.E0));
#474=VECTOR('',#473,2.E-1);
#475=CARTESIAN_POINT('',(-1.55E0,0.E0,-1.E-1));
#476=LINE('',#475,#474);
#477=CURVE_STYLE('',#46,POSITIVE_LENGTH_MEASURE(2.E-2),#37);
#478=PRESENTATION_STYLE_ASSIGNMENT((#477));
#479=STYLED_ITEM('',(#478),#476);
#480=DIRECTION('',(0.E0,1.E0,0.E0));
#481=VECTOR('',#480,2.E-1);
#482=CARTESIAN_POINT('',(-2.E0,0.E0,-1.E-1));
#483=LINE('',#482,#481);
#484=CURVE_STYLE('',#46,POSITIVE_LENGTH_MEASURE(2.E-2),#37);
#485=PRESENTATION_STYLE_ASSIGNMENT((#484));
#486=STYLED_ITEM('',(#485),#483);
#487=DIRECTION('',(0.E0,1.E0,0.E0));
#488=VECTOR('',#487,2.E-1);
#489=CARTESIAN_POINT('',(-1.55E0,0.E0,1.E-1));
#490=LINE('',#489,#488);
#491=CURVE_STYLE('',#46,POSITIVE_LENGTH_MEASURE(2.E-2),#37);
#492=PRESENTATION_STYLE_ASSIGNMENT((#491));
#493=STYLED_ITEM('',(#492),#490);
#494=DIRECTION('',(-1.E0,0.E0,0.E0));
#495=VECTOR('',#494,4.5E-1);
#496=CARTESIAN_POINT('',(-1.55E0,0.E0,1.E-1));
#497=LINE('',#496,#495);
#498=CURVE_STYLE('',#46,POSITIVE_LENGTH_MEASURE(2.E-2),#37);
#499=PRESENTATION_STYLE_ASSIGNMENT((#498));
#500=STYLED_ITEM('',(#499),#497);
#501=DIRECTION('',(0.E0,1.E0,0.E0));
#502=VECTOR('',#501,2.E-1);
#503=CARTESIAN_POINT('',(-2.E0,0.E0,1.E-1));
#504=LINE('',#503,#502);
#505=CURVE_STYLE('',#46,POSITIVE_LENGTH_MEASURE(2.E-2),#37);
#506=PRESENTATION_STYLE_ASSIGNMENT((#505));
#507=STYLED_ITEM('',(#506),#504);
#508=DIRECTION('',(-1.E0,0.E0,0.E0));
#509=VECTOR('',#508,4.5E-1);
#510=CARTESIAN_POINT('',(-1.55E0,2.E-1,1.E-1));
#511=LINE('',#510,#509);
#512=CURVE_STYLE('',#46,POSITIVE_LENGTH_MEASURE(2.E-2),#37);
#513=PRESENTATION_STYLE_ASSIGNMENT((#512));
#514=STYLED_ITEM('',(#513),#511);
#515=DIRECTION('',(0.E0,0.E0,-1.E0));
#516=VECTOR('',#515,2.E-1);
#517=CARTESIAN_POINT('',(-2.E0,2.E-1,1.E-1));
#518=LINE('',#517,#516);
#519=CURVE_STYLE('',#46,POSITIVE_LENGTH_MEASURE(2.E-2),#37);
#520=PRESENTATION_STYLE_ASSIGNMENT((#519));
#521=STYLED_ITEM('',(#520),#518);
#522=DIRECTION('',(1.E0,0.E0,0.E0));
#523=VECTOR('',#522,4.5E-1);
#524=CARTESIAN_POINT('',(-2.E0,2.E-1,-1.E-1));
#525=LINE('',#524,#523);
#526=CURVE_STYLE('',#46,POSITIVE_LENGTH_MEASURE(2.E-2),#37);
#527=PRESENTATION_STYLE_ASSIGNMENT((#526));
#528=STYLED_ITEM('',(#527),#525);
#529=CARTESIAN_POINT('',(-1.55E0,2.E-1,0.E0));
#530=DIRECTION('',(0.E0,1.E0,0.E0));
#531=DIRECTION('',(0.E0,0.E0,1.E0));
#532=AXIS2_PLACEMENT_3D('',#529,#530,#531);
#534=CURVE_STYLE('',#46,POSITIVE_LENGTH_MEASURE(2.E-2),#37);
#535=PRESENTATION_STYLE_ASSIGNMENT((#534));
#536=STYLED_ITEM('',(#535),#533);
#537=CARTESIAN_POINT('',(-2.E0,0.E0,1.E-1));
#538=CARTESIAN_POINT('',(-2.E0,0.E0,-1.E-1));
#539=VERTEX_POINT('',#537);
#540=VERTEX_POINT('',#538);
#541=CARTESIAN_POINT('',(-2.E0,2.E-1,1.E-1));
#542=CARTESIAN_POINT('',(-2.E0,2.E-1,-1.E-1));
#543=VERTEX_POINT('',#541);
#544=VERTEX_POINT('',#542);
#545=CARTESIAN_POINT('',(-1.55E0,0.E0,1.E-1));
#546=CARTESIAN_POINT('',(-1.55E0,0.E0,-1.E-1));
#547=VERTEX_POINT('',#545);
#548=VERTEX_POINT('',#546);
#549=CARTESIAN_POINT('',(-1.55E0,2.E-1,1.E-1));
#550=CARTESIAN_POINT('',(-1.55E0,2.E-1,-1.E-1));
#551=VERTEX_POINT('',#549);
#552=VERTEX_POINT('',#550);
#553=CARTESIAN_POINT('',(0.E0,0.E0,0.E0));
#554=DIRECTION('',(0.E0,1.E0,0.E0));
#555=DIRECTION('',(1.E0,0.E0,0.E0));
#556=AXIS2_PLACEMENT_3D('',#553,#554,#555);
#557=PLANE('',#556);
#559=ORIENTED_EDGE('',*,*,#558,.F.);
#561=ORIENTED_EDGE('',*,*,#560,.F.);
#563=ORIENTED_EDGE('',*,*,#562,.F.);
#565=ORIENTED_EDGE('',*,*,#564,.T.);
#566=EDGE_LOOP('',(#559,#561,#563,#565));
#567=FACE_OUTER_BOUND('',#566,.F.);
#568=ADVANCED_FACE('',(#567),#557,.F.);
#569=CARTESIAN_POINT('',(-1.699E0,0.E0,-1.E-1));
#570=DIRECTION('',(0.E0,0.E0,-1.E0));
#571=DIRECTION('',(-1.E0,0.E0,0.E0));
#572=AXIS2_PLACEMENT_3D('',#569,#570,#571);
#573=PLANE('',#572);
#574=ORIENTED_EDGE('',*,*,#558,.T.);
#576=ORIENTED_EDGE('',*,*,#575,.T.);
#578=ORIENTED_EDGE('',*,*,#577,.F.);
#580=ORIENTED_EDGE('',*,*,#579,.F.);
#581=EDGE_LOOP('',(#574,#576,#578,#580));
#582=FACE_OUTER_BOUND('',#581,.F.);
#583=ADVANCED_FACE('',(#582),#573,.T.);
#584=CARTESIAN_POINT('',(-1.55E0,0.E0,0.E0));
#585=DIRECTION('',(0.E0,1.E0,0.E0));
#586=DIRECTION('',(1.E0,0.E0,0.E0));
#587=AXIS2_PLACEMENT_3D('',#584,#585,#586);
#588=CYLINDRICAL_SURFACE('',#587,1.E-1);
#589=ORIENTED_EDGE('',*,*,#564,.F.);
#591=ORIENTED_EDGE('',*,*,#590,.T.);
#593=ORIENTED_EDGE('',*,*,#592,.T.);
#594=ORIENTED_EDGE('',*,*,#575,.F.);
#595=EDGE_LOOP('',(#589,#591,#593,#594));
#596=FACE_OUTER_BOUND('',#595,.F.);
#597=ADVANCED_FACE('',(#596),#588,.T.);
#598=CARTESIAN_POINT('',(-2.1E0,0.E0,1.E-1));
#599=DIRECTION('',(0.E0,0.E0,1.E0));
#600=DIRECTION('',(1.E0,0.E0,0.E0));
#601=AXIS2_PLACEMENT_3D('',#598,#599,#600);
#602=PLANE('',#601);
#604=ORIENTED_EDGE('',*,*,#603,.F.);
#605=ORIENTED_EDGE('',*,*,#590,.F.);
#606=ORIENTED_EDGE('',*,*,#562,.T.);
#608=ORIENTED_EDGE('',*,*,#607,.T.);
#609=EDGE_LOOP('',(#604,#605,#606,#608));
#610=FACE_OUTER_BOUND('',#609,.F.);
#611=ADVANCED_FACE('',(#610),#602,.T.);
#612=CARTESIAN_POINT('',(0.E0,2.E-1,0.E0));
#613=DIRECTION('',(0.E0,1.E0,0.E0));
#614=DIRECTION('',(1.E0,0.E0,0.E0));
#615=AXIS2_PLACEMENT_3D('',#612,#613,#614);
#616=PLANE('',#615);
#617=ORIENTED_EDGE('',*,*,#603,.T.);
#619=ORIENTED_EDGE('',*,*,#618,.T.);
#620=ORIENTED_EDGE('',*,*,#577,.T.);
#621=ORIENTED_EDGE('',*,*,#592,.F.);
#622=EDGE_LOOP('',(#617,#619,#620,#621));
#623=FACE_OUTER_BOUND('',#622,.F.);
#624=ADVANCED_FACE('',(#623),#616,.T.);
#625=CARTESIAN_POINT('',(-2.E0,0.E0,1.75E0));
#626=DIRECTION('',(1.E0,0.E0,0.E0));
#627=DIRECTION('',(0.E0,0.E0,-1.E0));
#628=AXIS2_PLACEMENT_3D('',#625,#626,#627);
#629=PLANE('',#628);
#630=ORIENTED_EDGE('',*,*,#560,.T.);
#631=ORIENTED_EDGE('',*,*,#579,.T.);
#632=ORIENTED_EDGE('',*,*,#618,.F.);
#633=ORIENTED_EDGE('',*,*,#607,.F.);
#634=EDGE_LOOP('',(#630,#631,#632,#633));
#635=FACE_OUTER_BOUND('',#634,.F.);
#636=ADVANCED_FACE('',(#635),#629,.F.);
#637=FILL_AREA_STYLE_COLOUR('',#39);
#638=FILL_AREA_STYLE('',(#637));
#639=SURFACE_STYLE_FILL_AREA(#638);
#640=SURFACE_SIDE_STYLE('',(#639));
#641=SURFACE_STYLE_USAGE(.POSITIVE.,#640);
#642=PRESENTATION_STYLE_ASSIGNMENT((#641));
#643=OVER_RIDING_STYLED_ITEM('',(#642),#636,#450);
#644=CLOSED_SHELL('',(#568,#583,#597,#611,#624,#636));
#645=MANIFOLD_SOLID_BREP('',#644);
#646=FILL_AREA_STYLE_COLOUR('',#37);
#647=FILL_AREA_STYLE('',(#646));
#648=SURFACE_STYLE_FILL_AREA(#647);
#649=SURFACE_SIDE_STYLE('',(#648));
#650=SURFACE_STYLE_USAGE(.POSITIVE.,#649);
#651=PRESENTATION_STYLE_ASSIGNMENT((#650));
#450=STYLED_ITEM('',(#651),#645);
#653=CARTESIAN_POINT('',(-1.447E0,0.E0,4.E-1));
#654=DIRECTION('',(0.E0,1.E0,0.E0));
#655=DIRECTION('',(0.E0,0.E0,1.E0));
#656=AXIS2_PLACEMENT_3D('',#653,#654,#655);
#658=CURVE_STYLE('',#46,POSITIVE_LENGTH_MEASURE(2.E-2),#37);
#659=PRESENTATION_STYLE_ASSIGNMENT((#658));
#660=STYLED_ITEM('',(#659),#657);
#661=DIRECTION('',(0.E0,0.E0,-1.E0));
#662=VECTOR('',#661,2.E-1);
#663=CARTESIAN_POINT('',(-2.E0,0.E0,5.E-1));
#664=LINE('',#663,#662);
#665=CURVE_STYLE('',#46,POSITIVE_LENGTH_MEASURE(2.E-2),#37);
#666=PRESENTATION_STYLE_ASSIGNMENT((#665));
#667=STYLED_ITEM('',(#666),#664);
#668=DIRECTION('',(-1.E0,0.E0,0.E0));
#669=VECTOR('',#668,5.53E-1);
#670=CARTESIAN_POINT('',(-1.447E0,0.E0,5.E-1));
#671=LINE('',#670,#669);
#672=CURVE_STYLE('',#46,POSITIVE_LENGTH_MEASURE(2.E-2),#37);
#673=PRESENTATION_STYLE_ASSIGNMENT((#672));
#674=STYLED_ITEM('',(#673),#671);
#675=DIRECTION('',(0.E0,1.E0,0.E0));
#676=VECTOR('',#675,2.E-1);
#677=CARTESIAN_POINT('',(-2.E0,0.E0,5.E-1));
#678=LINE('',#677,#676);
#679=CURVE_STYLE('',#46,POSITIVE_LENGTH_MEASURE(2.E-2),#37);
#680=PRESENTATION_STYLE_ASSIGNMENT((#679));
#681=STYLED_ITEM('',(#680),#678);
#682=DIRECTION('',(1.E0,0.E0,0.E0));
#683=VECTOR('',#682,5.53E-1);
#684=CARTESIAN_POINT('',(-2.E0,2.E-1,3.E-1));
#685=LINE('',#684,#683);
#686=CURVE_STYLE('',#46,POSITIVE_LENGTH_MEASURE(2.E-2),#37);
#687=PRESENTATION_STYLE_ASSIGNMENT((#686));
#688=STYLED_ITEM('',(#687),#685);
#689=CARTESIAN_POINT('',(-1.447E0,2.E-1,4.E-1));
#690=DIRECTION('',(0.E0,1.E0,0.E0));
#691=DIRECTION('',(0.E0,0.E0,1.E0));
#692=AXIS2_PLACEMENT_3D('',#689,#690,#691);
#694=CURVE_STYLE('',#46,POSITIVE_LENGTH_MEASURE(2.E-2),#37);
#695=PRESENTATION_STYLE_ASSIGNMENT((#694));
#696=STYLED_ITEM('',(#695),#693);
#697=DIRECTION('',(-1.E0,0.E0,0.E0));
#698=VECTOR('',#697,5.53E-1);
#699=CARTESIAN_POINT('',(-1.447E0,2.E-1,5.E-1));
#700=LINE('',#699,#698);
#701=CURVE_STYLE('',#46,POSITIVE_LENGTH_MEASURE(2.E-2),#37);
#702=PRESENTATION_STYLE_ASSIGNMENT((#701));
#703=STYLED_ITEM('',(#702),#700);
#704=DIRECTION('',(0.E0,0.E0,-1.E0));
#705=VECTOR('',#704,2.E-1);
#706=CARTESIAN_POINT('',(-2.E0,2.E-1,5.E-1));
#707=LINE('',#706,#705);
#708=CURVE_STYLE('',#46,POSITIVE_LENGTH_MEASURE(2.E-2),#37);
#709=PRESENTATION_STYLE_ASSIGNMENT((#708));
#710=STYLED_ITEM('',(#709),#707);
#711=DIRECTION('',(1.E0,0.E0,0.E0));
#712=VECTOR('',#711,5.53E-1);
#713=CARTESIAN_POINT('',(-2.E0,0.E0,3.E-1));
#714=LINE('',#713,#712);
#715=CURVE_STYLE('',#46,POSITIVE_LENGTH_MEASURE(2.E-2),#37);
#716=PRESENTATION_STYLE_ASSIGNMENT((#715));
#717=STYLED_ITEM('',(#716),#714);
#718=DIRECTION('',(0.E0,1.E0,0.E0));
#719=VECTOR('',#718,2.E-1);
#720=CARTESIAN_POINT('',(-1.447E0,0.E0,3.E-1));
#721=LINE('',#720,#719);
#722=CURVE_STYLE('',#46,POSITIVE_LENGTH_MEASURE(2.E-2),#37);
#723=PRESENTATION_STYLE_ASSIGNMENT((#722));
#724=STYLED_ITEM('',(#723),#721);
#725=DIRECTION('',(0.E0,1.E0,0.E0));
#726=VECTOR('',#725,2.E-1);
#727=CARTESIAN_POINT('',(-2.E0,0.E0,3.E-1));
#728=LINE('',#727,#726);
#729=CURVE_STYLE('',#46,POSITIVE_LENGTH_MEASURE(2.E-2),#37);
#730=PRESENTATION_STYLE_ASSIGNMENT((#729));
#731=STYLED_ITEM('',(#730),#728);
#732=DIRECTION('',(0.E0,1.E0,0.E0));
#733=VECTOR('',#732,2.E-1);
#734=CARTESIAN_POINT('',(-1.447E0,0.E0,5.E-1));
#735=LINE('',#734,#733);
#736=CURVE_STYLE('',#46,POSITIVE_LENGTH_MEASURE(2.E-2),#37);
#737=PRESENTATION_STYLE_ASSIGNMENT((#736));
#738=STYLED_ITEM('',(#737),#735);
#739=CARTESIAN_POINT('',(-2.E0,0.E0,5.E-1));
#740=CARTESIAN_POINT('',(-2.E0,0.E0,3.E-1));
#741=VERTEX_POINT('',#739);
#742=VERTEX_POINT('',#740);
#743=CARTESIAN_POINT('',(-2.E0,2.E-1,5.E-1));
#744=CARTESIAN_POINT('',(-2.E0,2.E-1,3.E-1));
#745=VERTEX_POINT('',#743);
#746=VERTEX_POINT('',#744);
#747=CARTESIAN_POINT('',(-1.447E0,0.E0,5.E-1));
#748=CARTESIAN_POINT('',(-1.447E0,0.E0,3.E-1));
#749=VERTEX_POINT('',#747);
#750=VERTEX_POINT('',#748);
#751=CARTESIAN_POINT('',(-1.447E0,2.E-1,5.E-1));
#752=CARTESIAN_POINT('',(-1.447E0,2.E-1,3.E-1));
#753=VERTEX_POINT('',#751);
#754=VERTEX_POINT('',#752);
#755=CARTESIAN_POINT('',(0.E0,0.E0,0.E0));
#756=DIRECTION('',(0.E0,1.E0,0.E0));
#757=DIRECTION('',(1.E0,0.E0,0.E0));
#758=AXIS2_PLACEMENT_3D('',#755,#756,#757);
#759=PLANE('',#758);
#761=ORIENTED_EDGE('',*,*,#760,.F.);
#763=ORIENTED_EDGE('',*,*,#762,.T.);
#765=ORIENTED_EDGE('',*,*,#764,.F.);
#767=ORIENTED_EDGE('',*,*,#766,.F.);
#768=EDGE_LOOP('',(#761,#763,#765,#767));
#769=FACE_OUTER_BOUND('',#768,.F.);
#770=ADVANCED_FACE('',(#769),#759,.F.);
#771=CARTESIAN_POINT('',(-2.1E0,0.E0,5.E-1));
#772=DIRECTION('',(0.E0,0.E0,1.E0));
#773=DIRECTION('',(1.E0,0.E0,0.E0));
#774=AXIS2_PLACEMENT_3D('',#771,#772,#773);
#775=PLANE('',#774);
#777=ORIENTED_EDGE('',*,*,#776,.F.);
#779=ORIENTED_EDGE('',*,*,#778,.F.);
#780=ORIENTED_EDGE('',*,*,#760,.T.);
#782=ORIENTED_EDGE('',*,*,#781,.T.);
#783=EDGE_LOOP('',(#777,#779,#780,#782));
#784=FACE_OUTER_BOUND('',#783,.F.);
#785=ADVANCED_FACE('',(#784),#775,.T.);
#786=CARTESIAN_POINT('',(0.E0,2.E-1,0.E0));
#787=DIRECTION('',(0.E0,1.E0,0.E0));
#788=DIRECTION('',(1.E0,0.E0,0.E0));
#789=AXIS2_PLACEMENT_3D('',#786,#787,#788);
#790=PLANE('',#789);
#792=ORIENTED_EDGE('',*,*,#791,.T.);
#794=ORIENTED_EDGE('',*,*,#793,.F.);
#795=ORIENTED_EDGE('',*,*,#776,.T.);
#797=ORIENTED_EDGE('',*,*,#796,.T.);
#798=EDGE_LOOP('',(#792,#794,#795,#797));
#799=FACE_OUTER_BOUND('',#798,.F.);
#800=ADVANCED_FACE('',(#799),#790,.T.);
#801=CARTESIAN_POINT('',(-1.699E0,0.E0,3.E-1));
#802=DIRECTION('',(0.E0,0.E0,-1.E0));
#803=DIRECTION('',(-1.E0,0.E0,0.E0));
#804=AXIS2_PLACEMENT_3D('',#801,#802,#803);
#805=PLANE('',#804);
#806=ORIENTED_EDGE('',*,*,#764,.T.);
#808=ORIENTED_EDGE('',*,*,#807,.T.);
#809=ORIENTED_EDGE('',*,*,#791,.F.);
#811=ORIENTED_EDGE('',*,*,#810,.F.);
#812=EDGE_LOOP('',(#806,#808,#809,#811));
#813=FACE_OUTER_BOUND('',#812,.F.);
#814=ADVANCED_FACE('',(#813),#805,.T.);
#815=CARTESIAN_POINT('',(-1.447E0,0.E0,4.E-1));
#816=DIRECTION('',(0.E0,1.E0,0.E0));
#817=DIRECTION('',(1.E0,0.E0,0.E0));
#818=AXIS2_PLACEMENT_3D('',#815,#816,#817);
#819=CYLINDRICAL_SURFACE('',#818,1.E-1);
#820=ORIENTED_EDGE('',*,*,#762,.F.);
#821=ORIENTED_EDGE('',*,*,#778,.T.);
#822=ORIENTED_EDGE('',*,*,#793,.T.);
#823=ORIENTED_EDGE('',*,*,#807,.F.);
#824=EDGE_LOOP('',(#820,#821,#822,#823));
#825=FACE_OUTER_BOUND('',#824,.F.);
#826=ADVANCED_FACE('',(#825),#819,.T.);
#827=CARTESIAN_POINT('',(-2.E0,0.E0,1.75E0));
#828=DIRECTION('',(1.E0,0.E0,0.E0));
#829=DIRECTION('',(0.E0,0.E0,-1.E0));
#830=AXIS2_PLACEMENT_3D('',#827,#828,#829);
#831=PLANE('',#830);
#832=ORIENTED_EDGE('',*,*,#766,.T.);
#833=ORIENTED_EDGE('',*,*,#810,.T.);
#834=ORIENTED_EDGE('',*,*,#796,.F.);
#835=ORIENTED_EDGE('',*,*,#781,.F.);
#836=EDGE_LOOP('',(#832,#833,#834,#835));
#837=FACE_OUTER_BOUND('',#836,.F.);
#838=ADVANCED_FACE('',(#837),#831,.F.);
#839=FILL_AREA_STYLE_COLOUR('',#39);
#840=FILL_AREA_STYLE('',(#839));
#841=SURFACE_STYLE_FILL_AREA(#840);
#842=SURFACE_SIDE_STYLE('',(#841));
#843=SURFACE_STYLE_USAGE(.POSITIVE.,#842);
#844=PRESENTATION_STYLE_ASSIGNMENT((#843));
#845=OVER_RIDING_STYLED_ITEM('',(#844),#838,#652);
#846=CLOSED_SHELL('',(#770,#785,#800,#814,#826,#838));
#847=MANIFOLD_SOLID_BREP('',#846);
#848=FILL_AREA_STYLE_COLOUR('',#37);
#849=FILL_AREA_STYLE('',(#848));
#850=SURFACE_STYLE_FILL_AREA(#849);
#851=SURFACE_SIDE_STYLE('',(#850));
#852=SURFACE_STYLE_USAGE(.POSITIVE.,#851);
#853=PRESENTATION_STYLE_ASSIGNMENT((#852));
#652=STYLED_ITEM('',(#853),#847);
#855=CARTESIAN_POINT('',(-1.447E0,0.E0,8.E-1));
#856=DIRECTION('',(0.E0,1.E0,0.E0));
#857=DIRECTION('',(0.E0,0.E0,1.E0));
#858=AXIS2_PLACEMENT_3D('',#855,#856,#857);
#860=CURVE_STYLE('',#46,POSITIVE_LENGTH_MEASURE(2.E-2),#37);
#861=PRESENTATION_STYLE_ASSIGNMENT((#860));
#862=STYLED_ITEM('',(#861),#859);
#863=DIRECTION('',(0.E0,0.E0,-1.E0));
#864=VECTOR('',#863,2.E-1);
#865=CARTESIAN_POINT('',(-2.E0,0.E0,9.E-1));
#866=LINE('',#865,#864);
#867=CURVE_STYLE('',#46,POSITIVE_LENGTH_MEASURE(2.E-2),#37);
#868=PRESENTATION_STYLE_ASSIGNMENT((#867));
#869=STYLED_ITEM('',(#868),#866);
#870=DIRECTION('',(-1.E0,0.E0,0.E0));
#871=VECTOR('',#870,5.53E-1);
#872=CARTESIAN_POINT('',(-1.447E0,0.E0,9.E-1));
#873=LINE('',#872,#871);
#874=CURVE_STYLE('',#46,POSITIVE_LENGTH_MEASURE(2.E-2),#37);
#875=PRESENTATION_STYLE_ASSIGNMENT((#874));
#876=STYLED_ITEM('',(#875),#873);
#877=DIRECTION('',(0.E0,1.E0,0.E0));
#878=VECTOR('',#877,2.E-1);
#879=CARTESIAN_POINT('',(-2.E0,0.E0,9.E-1));
#880=LINE('',#879,#878);
#881=CURVE_STYLE('',#46,POSITIVE_LENGTH_MEASURE(2.E-2),#37);
#882=PRESENTATION_STYLE_ASSIGNMENT((#881));
#883=STYLED_ITEM('',(#882),#880);
#884=DIRECTION('',(1.E0,0.E0,0.E0));
#885=VECTOR('',#884,5.53E-1);
#886=CARTESIAN_POINT('',(-2.E0,2.E-1,7.E-1));
#887=LINE('',#886,#885);
#888=CURVE_STYLE('',#46,POSITIVE_LENGTH_MEASURE(2.E-2),#37);
#889=PRESENTATION_STYLE_ASSIGNMENT((#888));
#890=STYLED_ITEM('',(#889),#887);
#891=CARTESIAN_POINT('',(-1.447E0,2.E-1,8.E-1));
#892=DIRECTION('',(0.E0,1.E0,0.E0));
#893=DIRECTION('',(0.E0,0.E0,1.E0));
#894=AXIS2_PLACEMENT_3D('',#891,#892,#893);
#896=CURVE_STYLE('',#46,POSITIVE_LENGTH_MEASURE(2.E-2),#37);
#897=PRESENTATION_STYLE_ASSIGNMENT((#896));
#898=STYLED_ITEM('',(#897),#895);
#899=DIRECTION('',(-1.E0,0.E0,0.E0));
#900=VECTOR('',#899,5.53E-1);
#901=CARTESIAN_POINT('',(-1.447E0,2.E-1,9.E-1));
#902=LINE('',#901,#900);
#903=CURVE_STYLE('',#46,POSITIVE_LENGTH_MEASURE(2.E-2),#37);
#904=PRESENTATION_STYLE_ASSIGNMENT((#903));
#905=STYLED_ITEM('',(#904),#902);
#906=DIRECTION('',(0.E0,0.E0,-1.E0));
#907=VECTOR('',#906,2.E-1);
#908=CARTESIAN_POINT('',(-2.E0,2.E-1,9.E-1));
#909=LINE('',#908,#907);
#910=CURVE_STYLE('',#46,POSITIVE_LENGTH_MEASURE(2.E-2),#37);
#911=PRESENTATION_STYLE_ASSIGNMENT((#910));
#912=STYLED_ITEM('',(#911),#909);
#913=DIRECTION('',(1.E0,0.E0,0.E0));
#914=VECTOR('',#913,5.53E-1);
#915=CARTESIAN_POINT('',(-2.E0,0.E0,7.E-1));
#916=LINE('',#915,#914);
#917=CURVE_STYLE('',#46,POSITIVE_LENGTH_MEASURE(2.E-2),#37);
#918=PRESENTATION_STYLE_ASSIGNMENT((#917));
#919=STYLED_ITEM('',(#918),#916);
#920=DIRECTION('',(0.E0,1.E0,0.E0));
#921=VECTOR('',#920,2.E-1);
#922=CARTESIAN_POINT('',(-1.447E0,0.E0,7.E-1));
#923=LINE('',#922,#921);
#924=CURVE_STYLE('',#46,POSITIVE_LENGTH_MEASURE(2.E-2),#37);
#925=PRESENTATION_STYLE_ASSIGNMENT((#924));
#926=STYLED_ITEM('',(#925),#923);
#927=DIRECTION('',(0.E0,1.E0,0.E0));
#928=VECTOR('',#927,2.E-1);
#929=CARTESIAN_POINT('',(-2.E0,0.E0,7.E-1));
#930=LINE('',#929,#928);
#931=CURVE_STYLE('',#46,POSITIVE_LENGTH_MEASURE(2.E-2),#37);
#932=PRESENTATION_STYLE_ASSIGNMENT((#931));
#933=STYLED_ITEM('',(#932),#930);
#934=DIRECTION('',(0.E0,1.E0,0.E0));
#935=VECTOR('',#934,2.E-1);
#936=CARTESIAN_POINT('',(-1.447E0,0.E0,9.E-1));
#937=LINE('',#936,#935);
#938=CURVE_STYLE('',#46,POSITIVE_LENGTH_MEASURE(2.E-2),#37);
#939=PRESENTATION_STYLE_ASSIGNMENT((#938));
#940=STYLED_ITEM('',(#939),#937);
#941=CARTESIAN_POINT('',(-2.E0,0.E0,9.E-1));
#942=CARTESIAN_POINT('',(-2.E0,0.E0,7.E-1));
#943=VERTEX_POINT('',#941);
#944=VERTEX_POINT('',#942);
#945=CARTESIAN_POINT('',(-2.E0,2.E-1,9.E-1));
#946=CARTESIAN_POINT('',(-2.E0,2.E-1,7.E-1));
#947=VERTEX_POINT('',#945);
#948=VERTEX_POINT('',#946);
#949=CARTESIAN_POINT('',(-1.447E0,0.E0,9.E-1));
#950=CARTESIAN_POINT('',(-1.447E0,0.E0,7.E-1));
#951=VERTEX_POINT('',#949);
#952=VERTEX_POINT('',#950);
#953=CARTESIAN_POINT('',(-1.447E0,2.E-1,9.E-1));
#954=CARTESIAN_POINT('',(-1.447E0,2.E-1,7.E-1));
#955=VERTEX_POINT('',#953);
#956=VERTEX_POINT('',#954);
#957=CARTESIAN_POINT('',(0.E0,0.E0,0.E0));
#958=DIRECTION('',(0.E0,1.E0,0.E0));
#959=DIRECTION('',(1.E0,0.E0,0.E0));
#960=AXIS2_PLACEMENT_3D('',#957,#958,#959);
#961=PLANE('',#960);
#963=ORIENTED_EDGE('',*,*,#962,.F.);
#965=ORIENTED_EDGE('',*,*,#964,.T.);
#967=ORIENTED_EDGE('',*,*,#966,.F.);
#969=ORIENTED_EDGE('',*,*,#968,.F.);
#970=EDGE_LOOP('',(#963,#965,#967,#969));
#971=FACE_OUTER_BOUND('',#970,.F.);
#972=ADVANCED_FACE('',(#971),#961,.F.);
#973=CARTESIAN_POINT('',(-2.1E0,0.E0,9.E-1));
#974=DIRECTION('',(0.E0,0.E0,1.E0));
#975=DIRECTION('',(1.E0,0.E0,0.E0));
#976=AXIS2_PLACEMENT_3D('',#973,#974,#975);
#977=PLANE('',#976);
#979=ORIENTED_EDGE('',*,*,#978,.F.);
#981=ORIENTED_EDGE('',*,*,#980,.F.);
#982=ORIENTED_EDGE('',*,*,#962,.T.);
#984=ORIENTED_EDGE('',*,*,#983,.T.);
#985=EDGE_LOOP('',(#979,#981,#982,#984));
#986=FACE_OUTER_BOUND('',#985,.F.);
#987=ADVANCED_FACE('',(#986),#977,.T.);
#988=CARTESIAN_POINT('',(0.E0,2.E-1,0.E0));
#989=DIRECTION('',(0.E0,1.E0,0.E0));
#990=DIRECTION('',(1.E0,0.E0,0.E0));
#991=AXIS2_PLACEMENT_3D('',#988,#989,#990);
#992=PLANE('',#991);
#994=ORIENTED_EDGE('',*,*,#993,.T.);
#996=ORIENTED_EDGE('',*,*,#995,.F.);
#997=ORIENTED_EDGE('',*,*,#978,.T.);
#999=ORIENTED_EDGE('',*,*,#998,.T.);
#1000=EDGE_LOOP('',(#994,#996,#997,#999));
#1001=FACE_OUTER_BOUND('',#1000,.F.);
#1002=ADVANCED_FACE('',(#1001),#992,.T.);
#1003=CARTESIAN_POINT('',(-1.699E0,0.E0,7.E-1));
#1004=DIRECTION('',(0.E0,0.E0,-1.E0));
#1005=DIRECTION('',(-1.E0,0.E0,0.E0));
#1006=AXIS2_PLACEMENT_3D('',#1003,#1004,#1005);
#1007=PLANE('',#1006);
#1008=ORIENTED_EDGE('',*,*,#966,.T.);
#1010=ORIENTED_EDGE('',*,*,#1009,.T.);
#1011=ORIENTED_EDGE('',*,*,#993,.F.);
#1013=ORIENTED_EDGE('',*,*,#1012,.F.);
#1014=EDGE_LOOP('',(#1008,#1010,#1011,#1013));
#1015=FACE_OUTER_BOUND('',#1014,.F.);
#1016=ADVANCED_FACE('',(#1015),#1007,.T.);
#1017=CARTESIAN_POINT('',(-1.447E0,0.E0,8.E-1));
#1018=DIRECTION('',(0.E0,1.E0,0.E0));
#1019=DIRECTION('',(1.E0,0.E0,0.E0));
#1020=AXIS2_PLACEMENT_3D('',#1017,#1018,#1019);
#1021=CYLINDRICAL_SURFACE('',#1020,1.E-1);
#1022=ORIENTED_EDGE('',*,*,#964,.F.);
#1023=ORIENTED_EDGE('',*,*,#980,.T.);
#1024=ORIENTED_EDGE('',*,*,#995,.T.);
#1025=ORIENTED_EDGE('',*,*,#1009,.F.);
#1026=EDGE_LOOP('',(#1022,#1023,#1024,#1025));
#1027=FACE_OUTER_BOUND('',#1026,.F.);
#1028=ADVANCED_FACE('',(#1027),#1021,.T.);
#1029=CARTESIAN_POINT('',(-2.E0,0.E0,1.75E0));
#1030=DIRECTION('',(1.E0,0.E0,0.E0));
#1031=DIRECTION('',(0.E0,0.E0,-1.E0));
#1032=AXIS2_PLACEMENT_3D('',#1029,#1030,#1031);
#1033=PLANE('',#1032);
#1034=ORIENTED_EDGE('',*,*,#968,.T.);
#1035=ORIENTED_EDGE('',*,*,#1012,.T.);
#1036=ORIENTED_EDGE('',*,*,#998,.F.);
#1037=ORIENTED_EDGE('',*,*,#983,.F.);
#1038=EDGE_LOOP('',(#1034,#1035,#1036,#1037));
#1039=FACE_OUTER_BOUND('',#1038,.F.);
#1040=ADVANCED_FACE('',(#1039),#1033,.F.);
#1041=FILL_AREA_STYLE_COLOUR('',#39);
#1042=FILL_AREA_STYLE('',(#1041));
#1043=SURFACE_STYLE_FILL_AREA(#1042);
#1044=SURFACE_SIDE_STYLE('',(#1043));
#1045=SURFACE_STYLE_USAGE(.POSITIVE.,#1044);
#1046=PRESENTATION_STYLE_ASSIGNMENT((#1045));
#1047=OVER_RIDING_STYLED_ITEM('',(#1046),#1040,#854);
#1048=CLOSED_SHELL('',(#972,#987,#1002,#1016,#1028,#1040));
#1049=MANIFOLD_SOLID_BREP('',#1048);
#1050=FILL_AREA_STYLE_COLOUR('',#37);
#1051=FILL_AREA_STYLE('',(#1050));
#1052=SURFACE_STYLE_FILL_AREA(#1051);
#1053=SURFACE_SIDE_STYLE('',(#1052));
#1054=SURFACE_STYLE_USAGE(.POSITIVE.,#1053);
#1055=PRESENTATION_STYLE_ASSIGNMENT((#1054));
#854=STYLED_ITEM('',(#1055),#1049);
#1057=CARTESIAN_POINT('',(1.447E0,0.E0,-8.E-1));
#1058=DIRECTION('',(0.E0,1.E0,0.E0));
#1059=DIRECTION('',(0.E0,0.E0,-1.E0));
#1060=AXIS2_PLACEMENT_3D('',#1057,#1058,#1059);
#1062=CURVE_STYLE('',#46,POSITIVE_LENGTH_MEASURE(2.E-2),#37);
#1063=PRESENTATION_STYLE_ASSIGNMENT((#1062));
#1064=STYLED_ITEM('',(#1063),#1061);
#1065=DIRECTION('',(0.E0,0.E0,-1.E0));
#1066=VECTOR('',#1065,2.E-1);
#1067=CARTESIAN_POINT('',(2.E0,0.E0,-7.E-1));
#1068=LINE('',#1067,#1066);
#1069=CURVE_STYLE('',#46,POSITIVE_LENGTH_MEASURE(2.E-2),#37);
#1070=PRESENTATION_STYLE_ASSIGNMENT((#1069));
#1071=STYLED_ITEM('',(#1070),#1068);
#1072=DIRECTION('',(1.E0,0.E0,0.E0));
#1073=VECTOR('',#1072,5.53E-1);
#1074=CARTESIAN_POINT('',(1.447E0,0.E0,-9.E-1));
#1075=LINE('',#1074,#1073);
#1076=CURVE_STYLE('',#46,POSITIVE_LENGTH_MEASURE(2.E-2),#37);
#1077=PRESENTATION_STYLE_ASSIGNMENT((#1076));
#1078=STYLED_ITEM('',(#1077),#1075);
#1079=DIRECTION('',(0.E0,1.E0,0.E0));
#1080=VECTOR('',#1079,2.E-1);
#1081=CARTESIAN_POINT('',(2.E0,0.E0,-9.E-1));
#1082=LINE('',#1081,#1080);
#1083=CURVE_STYLE('',#46,POSITIVE_LENGTH_MEASURE(2.E-2),#37);
#1084=PRESENTATION_STYLE_ASSIGNMENT((#1083));
#1085=STYLED_ITEM('',(#1084),#1082);
#1086=DIRECTION('',(-1.E0,0.E0,0.E0));
#1087=VECTOR('',#1086,5.53E-1);
#1088=CARTESIAN_POINT('',(2.E0,2.E-1,-7.E-1));
#1089=LINE('',#1088,#1087);
#1090=CURVE_STYLE('',#46,POSITIVE_LENGTH_MEASURE(2.E-2),#37);
#1091=PRESENTATION_STYLE_ASSIGNMENT((#1090));
#1092=STYLED_ITEM('',(#1091),#1089);
#1093=CARTESIAN_POINT('',(1.447E0,2.E-1,-8.E-1));
#1094=DIRECTION('',(0.E0,1.E0,0.E0));
#1095=DIRECTION('',(0.E0,0.E0,-1.E0));
#1096=AXIS2_PLACEMENT_3D('',#1093,#1094,#1095);
#1098=CURVE_STYLE('',#46,POSITIVE_LENGTH_MEASURE(2.E-2),#37);
#1099=PRESENTATION_STYLE_ASSIGNMENT((#1098));
#1100=STYLED_ITEM('',(#1099),#1097);
#1101=DIRECTION('',(1.E0,0.E0,0.E0));
#1102=VECTOR('',#1101,5.53E-1);
#1103=CARTESIAN_POINT('',(1.447E0,2.E-1,-9.E-1));
#1104=LINE('',#1103,#1102);
#1105=CURVE_STYLE('',#46,POSITIVE_LENGTH_MEASURE(2.E-2),#37);
#1106=PRESENTATION_STYLE_ASSIGNMENT((#1105));
#1107=STYLED_ITEM('',(#1106),#1104);
#1108=DIRECTION('',(0.E0,0.E0,-1.E0));
#1109=VECTOR('',#1108,2.E-1);
#1110=CARTESIAN_POINT('',(2.E0,2.E-1,-7.E-1));
#1111=LINE('',#1110,#1109);
#1112=CURVE_STYLE('',#46,POSITIVE_LENGTH_MEASURE(2.E-2),#37);
#1113=PRESENTATION_STYLE_ASSIGNMENT((#1112));
#1114=STYLED_ITEM('',(#1113),#1111);
#1115=DIRECTION('',(-1.E0,0.E0,0.E0));
#1116=VECTOR('',#1115,5.53E-1);
#1117=CARTESIAN_POINT('',(2.E0,0.E0,-7.E-1));
#1118=LINE('',#1117,#1116);
#1119=CURVE_STYLE('',#46,POSITIVE_LENGTH_MEASURE(2.E-2),#37);
#1120=PRESENTATION_STYLE_ASSIGNMENT((#1119));
#1121=STYLED_ITEM('',(#1120),#1118);
#1122=DIRECTION('',(0.E0,1.E0,0.E0));
#1123=VECTOR('',#1122,2.E-1);
#1124=CARTESIAN_POINT('',(1.447E0,0.E0,-7.E-1));
#1125=LINE('',#1124,#1123);
#1126=CURVE_STYLE('',#46,POSITIVE_LENGTH_MEASURE(2.E-2),#37);
#1127=PRESENTATION_STYLE_ASSIGNMENT((#1126));
#1128=STYLED_ITEM('',(#1127),#1125);
#1129=DIRECTION('',(0.E0,1.E0,0.E0));
#1130=VECTOR('',#1129,2.E-1);
#1131=CARTESIAN_POINT('',(2.E0,0.E0,-7.E-1));
#1132=LINE('',#1131,#1130);
#1133=CURVE_STYLE('',#46,POSITIVE_LENGTH_MEASURE(2.E-2),#37);
#1134=PRESENTATION_STYLE_ASSIGNMENT((#1133));
#1135=STYLED_ITEM('',(#1134),#1132);
#1136=DIRECTION('',(0.E0,1.E0,0.E0));
#1137=VECTOR('',#1136,2.E-1);
#1138=CARTESIAN_POINT('',(1.447E0,0.E0,-9.E-1));
#1139=LINE('',#1138,#1137);
#1140=CURVE_STYLE('',#46,POSITIVE_LENGTH_MEASURE(2.E-2),#37);
#1141=PRESENTATION_STYLE_ASSIGNMENT((#1140));
#1142=STYLED_ITEM('',(#1141),#1139);
#1143=CARTESIAN_POINT('',(2.E0,0.E0,-7.E-1));
#1144=CARTESIAN_POINT('',(2.E0,0.E0,-9.E-1));
#1145=VERTEX_POINT('',#1143);
#1146=VERTEX_POINT('',#1144);
#1147=CARTESIAN_POINT('',(2.E0,2.E-1,-7.E-1));
#1148=CARTESIAN_POINT('',(2.E0,2.E-1,-9.E-1));
#1149=VERTEX_POINT('',#1147);
#1150=VERTEX_POINT('',#1148);
#1151=CARTESIAN_POINT('',(1.447E0,0.E0,-9.E-1));
#1152=CARTESIAN_POINT('',(1.447E0,0.E0,-7.E-1));
#1153=VERTEX_POINT('',#1151);
#1154=VERTEX_POINT('',#1152);
#1155=CARTESIAN_POINT('',(1.447E0,2.E-1,-9.E-1));
#1156=CARTESIAN_POINT('',(1.447E0,2.E-1,-7.E-1));
#1157=VERTEX_POINT('',#1155);
#1158=VERTEX_POINT('',#1156);
#1159=CARTESIAN_POINT('',(0.E0,0.E0,0.E0));
#1160=DIRECTION('',(0.E0,-1.E0,0.E0));
#1161=DIRECTION('',(-1.E0,0.E0,0.E0));
#1162=AXIS2_PLACEMENT_3D('',#1159,#1160,#1161);
#1163=PLANE('',#1162);
#1165=ORIENTED_EDGE('',*,*,#1164,.F.);
#1167=ORIENTED_EDGE('',*,*,#1166,.T.);
#1169=ORIENTED_EDGE('',*,*,#1168,.F.);
#1171=ORIENTED_EDGE('',*,*,#1170,.T.);
#1172=EDGE_LOOP('',(#1165,#1167,#1169,#1171));
#1173=FACE_OUTER_BOUND('',#1172,.F.);
#1174=ADVANCED_FACE('',(#1173),#1163,.T.);
#1175=CARTESIAN_POINT('',(1.699E0,0.E0,-9.E-1));
#1176=DIRECTION('',(0.E0,0.E0,1.E0));
#1177=DIRECTION('',(1.E0,0.E0,0.E0));
#1178=AXIS2_PLACEMENT_3D('',#1175,#1176,#1177);
#1179=PLANE('',#1178);
#1181=ORIENTED_EDGE('',*,*,#1180,.F.);
#1183=ORIENTED_EDGE('',*,*,#1182,.F.);
#1184=ORIENTED_EDGE('',*,*,#1164,.T.);
#1186=ORIENTED_EDGE('',*,*,#1185,.T.);
#1187=EDGE_LOOP('',(#1181,#1183,#1184,#1186));
#1188=FACE_OUTER_BOUND('',#1187,.F.);
#1189=ADVANCED_FACE('',(#1188),#1179,.F.);
#1190=CARTESIAN_POINT('',(0.E0,2.E-1,0.E0));
#1191=DIRECTION('',(0.E0,-1.E0,0.E0));
#1192=DIRECTION('',(-1.E0,0.E0,0.E0));
#1193=AXIS2_PLACEMENT_3D('',#1190,#1191,#1192);
#1194=PLANE('',#1193);
#1196=ORIENTED_EDGE('',*,*,#1195,.T.);
#1198=ORIENTED_EDGE('',*,*,#1197,.F.);
#1199=ORIENTED_EDGE('',*,*,#1180,.T.);
#1201=ORIENTED_EDGE('',*,*,#1200,.F.);
#1202=EDGE_LOOP('',(#1196,#1198,#1199,#1201));
#1203=FACE_OUTER_BOUND('',#1202,.F.);
#1204=ADVANCED_FACE('',(#1203),#1194,.F.);
#1205=CARTESIAN_POINT('',(2.1E0,0.E0,-7.E-1));
#1206=DIRECTION('',(0.E0,0.E0,-1.E0));
#1207=DIRECTION('',(-1.E0,0.E0,0.E0));
#1208=AXIS2_PLACEMENT_3D('',#1205,#1206,#1207);
#1209=PLANE('',#1208);
#1210=ORIENTED_EDGE('',*,*,#1168,.T.);
#1212=ORIENTED_EDGE('',*,*,#1211,.T.);
#1213=ORIENTED_EDGE('',*,*,#1195,.F.);
#1215=ORIENTED_EDGE('',*,*,#1214,.F.);
#1216=EDGE_LOOP('',(#1210,#1212,#1213,#1215));
#1217=FACE_OUTER_BOUND('',#1216,.F.);
#1218=ADVANCED_FACE('',(#1217),#1209,.F.);
#1219=CARTESIAN_POINT('',(1.447E0,0.E0,-8.E-1));
#1220=DIRECTION('',(0.E0,1.E0,0.E0));
#1221=DIRECTION('',(1.E0,0.E0,0.E0));
#1222=AXIS2_PLACEMENT_3D('',#1219,#1220,#1221);
#1223=CYLINDRICAL_SURFACE('',#1222,1.E-1);
#1224=ORIENTED_EDGE('',*,*,#1166,.F.);
#1225=ORIENTED_EDGE('',*,*,#1182,.T.);
#1226=ORIENTED_EDGE('',*,*,#1197,.T.);
#1227=ORIENTED_EDGE('',*,*,#1211,.F.);
#1228=EDGE_LOOP('',(#1224,#1225,#1226,#1227));
#1229=FACE_OUTER_BOUND('',#1228,.F.);
#1230=ADVANCED_FACE('',(#1229),#1223,.T.);
#1231=CARTESIAN_POINT('',(2.E0,0.E0,-1.75E0));
#1232=DIRECTION('',(-1.E0,0.E0,0.E0));
#1233=DIRECTION('',(0.E0,0.E0,1.E0));
#1234=AXIS2_PLACEMENT_3D('',#1231,#1232,#1233);
#1235=PLANE('',#1234);
#1236=ORIENTED_EDGE('',*,*,#1170,.F.);
#1237=ORIENTED_EDGE('',*,*,#1214,.T.);
#1238=ORIENTED_EDGE('',*,*,#1200,.T.);
#1239=ORIENTED_EDGE('',*,*,#1185,.F.);
#1240=EDGE_LOOP('',(#1236,#1237,#1238,#1239));
#1241=FACE_OUTER_BOUND('',#1240,.F.);
#1242=ADVANCED_FACE('',(#1241),#1235,.F.);
#1243=FILL_AREA_STYLE_COLOUR('',#39);
#1244=FILL_AREA_STYLE('',(#1243));
#1245=SURFACE_STYLE_FILL_AREA(#1244);
#1246=SURFACE_SIDE_STYLE('',(#1245));
#1247=SURFACE_STYLE_USAGE(.POSITIVE.,#1246);
#1248=PRESENTATION_STYLE_ASSIGNMENT((#1247));
#1249=OVER_RIDING_STYLED_ITEM('',(#1248),#1242,#1056);
#1250=CLOSED_SHELL('',(#1174,#1189,#1204,#1218,#1230,#1242));
#1251=MANIFOLD_SOLID_BREP('',#1250);
#1252=FILL_AREA_STYLE_COLOUR('',#37);
#1253=FILL_AREA_STYLE('',(#1252));
#1254=SURFACE_STYLE_FILL_AREA(#1253);
#1255=SURFACE_SIDE_STYLE('',(#1254));
#1256=SURFACE_STYLE_USAGE(.POSITIVE.,#1255);
#1257=PRESENTATION_STYLE_ASSIGNMENT((#1256));
#1056=STYLED_ITEM('',(#1257),#1251);
#1259=CARTESIAN_POINT('',(1.5E0,0.E0,-4.E-1));
#1260=DIRECTION('',(0.E0,1.E0,0.E0));
#1261=DIRECTION('',(0.E0,0.E0,-1.E0));
#1262=AXIS2_PLACEMENT_3D('',#1259,#1260,#1261);
#1264=CURVE_STYLE('',#46,POSITIVE_LENGTH_MEASURE(2.E-2),#37);
#1265=PRESENTATION_STYLE_ASSIGNMENT((#1264));
#1266=STYLED_ITEM('',(#1265),#1263);
#1267=DIRECTION('',(0.E0,0.E0,-1.E0));
#1268=VECTOR('',#1267,2.E-1);
#1269=CARTESIAN_POINT('',(2.E0,0.E0,-3.E-1));
#1270=LINE('',#1269,#1268);
#1271=CURVE_STYLE('',#46,POSITIVE_LENGTH_MEASURE(2.E-2),#37);
#1272=PRESENTATION_STYLE_ASSIGNMENT((#1271));
#1273=STYLED_ITEM('',(#1272),#1270);
#1274=DIRECTION('',(1.E0,0.E0,0.E0));
#1275=VECTOR('',#1274,5.E-1);
#1276=CARTESIAN_POINT('',(1.5E0,0.E0,-5.E-1));
#1277=LINE('',#1276,#1275);
#1278=CURVE_STYLE('',#46,POSITIVE_LENGTH_MEASURE(2.E-2),#37);
#1279=PRESENTATION_STYLE_ASSIGNMENT((#1278));
#1280=STYLED_ITEM('',(#1279),#1277);
#1281=DIRECTION('',(0.E0,1.E0,0.E0));
#1282=VECTOR('',#1281,2.E-1);
#1283=CARTESIAN_POINT('',(2.E0,0.E0,-5.E-1));
#1284=LINE('',#1283,#1282);
#1285=CURVE_STYLE('',#46,POSITIVE_LENGTH_MEASURE(2.E-2),#37);
#1286=PRESENTATION_STYLE_ASSIGNMENT((#1285));
#1287=STYLED_ITEM('',(#1286),#1284);
#1288=DIRECTION('',(-1.E0,0.E0,0.E0));
#1289=VECTOR('',#1288,5.E-1);
#1290=CARTESIAN_POINT('',(2.E0,2.E-1,-3.E-1));
#1291=LINE('',#1290,#1289);
#1292=CURVE_STYLE('',#46,POSITIVE_LENGTH_MEASURE(2.E-2),#37);
#1293=PRESENTATION_STYLE_ASSIGNMENT((#1292));
#1294=STYLED_ITEM('',(#1293),#1291);
#1295=CARTESIAN_POINT('',(1.5E0,2.E-1,-4.E-1));
#1296=DIRECTION('',(0.E0,1.E0,0.E0));
#1297=DIRECTION('',(0.E0,0.E0,-1.E0));
#1298=AXIS2_PLACEMENT_3D('',#1295,#1296,#1297);
#1300=CURVE_STYLE('',#46,POSITIVE_LENGTH_MEASURE(2.E-2),#37);
#1301=PRESENTATION_STYLE_ASSIGNMENT((#1300));
#1302=STYLED_ITEM('',(#1301),#1299);
#1303=DIRECTION('',(1.E0,0.E0,0.E0));
#1304=VECTOR('',#1303,5.E-1);
#1305=CARTESIAN_POINT('',(1.5E0,2.E-1,-5.E-1));
#1306=LINE('',#1305,#1304);
#1307=CURVE_STYLE('',#46,POSITIVE_LENGTH_MEASURE(2.E-2),#37);
#1308=PRESENTATION_STYLE_ASSIGNMENT((#1307));
#1309=STYLED_ITEM('',(#1308),#1306);
#1310=DIRECTION('',(0.E0,0.E0,-1.E0));
#1311=VECTOR('',#1310,2.E-1);
#1312=CARTESIAN_POINT('',(2.E0,2.E-1,-3.E-1));
#1313=LINE('',#1312,#1311);
#1314=CURVE_STYLE('',#46,POSITIVE_LENGTH_MEASURE(2.E-2),#37);
#1315=PRESENTATION_STYLE_ASSIGNMENT((#1314));
#1316=STYLED_ITEM('',(#1315),#1313);
#1317=DIRECTION('',(-1.E0,0.E0,0.E0));
#1318=VECTOR('',#1317,5.E-1);
#1319=CARTESIAN_POINT('',(2.E0,0.E0,-3.E-1));
#1320=LINE('',#1319,#1318);
#1321=CURVE_STYLE('',#46,POSITIVE_LENGTH_MEASURE(2.E-2),#37);
#1322=PRESENTATION_STYLE_ASSIGNMENT((#1321));
#1323=STYLED_ITEM('',(#1322),#1320);
#1324=DIRECTION('',(0.E0,1.E0,0.E0));
#1325=VECTOR('',#1324,2.E-1);
#1326=CARTESIAN_POINT('',(1.5E0,0.E0,-3.E-1));
#1327=LINE('',#1326,#1325);
#1328=CURVE_STYLE('',#46,POSITIVE_LENGTH_MEASURE(2.E-2),#37);
#1329=PRESENTATION_STYLE_ASSIGNMENT((#1328));
#1330=STYLED_ITEM('',(#1329),#1327);
#1331=DIRECTION('',(0.E0,1.E0,0.E0));
#1332=VECTOR('',#1331,2.E-1);
#1333=CARTESIAN_POINT('',(2.E0,0.E0,-3.E-1));
#1334=LINE('',#1333,#1332);
#1335=CURVE_STYLE('',#46,POSITIVE_LENGTH_MEASURE(2.E-2),#37);
#1336=PRESENTATION_STYLE_ASSIGNMENT((#1335));
#1337=STYLED_ITEM('',(#1336),#1334);
#1338=DIRECTION('',(0.E0,1.E0,0.E0));
#1339=VECTOR('',#1338,2.E-1);
#1340=CARTESIAN_POINT('',(1.5E0,0.E0,-5.E-1));
#1341=LINE('',#1340,#1339);
#1342=CURVE_STYLE('',#46,POSITIVE_LENGTH_MEASURE(2.E-2),#37);
#1343=PRESENTATION_STYLE_ASSIGNMENT((#1342));
#1344=STYLED_ITEM('',(#1343),#1341);
#1345=CARTESIAN_POINT('',(2.E0,0.E0,-3.E-1));
#1346=CARTESIAN_POINT('',(2.E0,0.E0,-5.E-1));
#1347=VERTEX_POINT('',#1345);
#1348=VERTEX_POINT('',#1346);
#1349=CARTESIAN_POINT('',(2.E0,2.E-1,-3.E-1));
#1350=CARTESIAN_POINT('',(2.E0,2.E-1,-5.E-1));
#1351=VERTEX_POINT('',#1349);
#1352=VERTEX_POINT('',#1350);
#1353=CARTESIAN_POINT('',(1.5E0,0.E0,-5.E-1));
#1354=CARTESIAN_POINT('',(1.5E0,0.E0,-3.E-1));
#1355=VERTEX_POINT('',#1353);
#1356=VERTEX_POINT('',#1354);
#1357=CARTESIAN_POINT('',(1.5E0,2.E-1,-5.E-1));
#1358=CARTESIAN_POINT('',(1.5E0,2.E-1,-3.E-1));
#1359=VERTEX_POINT('',#1357);
#1360=VERTEX_POINT('',#1358);
#1361=CARTESIAN_POINT('',(0.E0,0.E0,0.E0));
#1362=DIRECTION('',(0.E0,-1.E0,0.E0));
#1363=DIRECTION('',(-1.E0,0.E0,0.E0));
#1364=AXIS2_PLACEMENT_3D('',#1361,#1362,#1363);
#1365=PLANE('',#1364);
#1367=ORIENTED_EDGE('',*,*,#1366,.F.);
#1369=ORIENTED_EDGE('',*,*,#1368,.T.);
#1371=ORIENTED_EDGE('',*,*,#1370,.F.);
#1373=ORIENTED_EDGE('',*,*,#1372,.T.);
#1374=EDGE_LOOP('',(#1367,#1369,#1371,#1373));
#1375=FACE_OUTER_BOUND('',#1374,.F.);
#1376=ADVANCED_FACE('',(#1375),#1365,.T.);
#1377=CARTESIAN_POINT('',(1.699E0,0.E0,-5.E-1));
#1378=DIRECTION('',(0.E0,0.E0,1.E0));
#1379=DIRECTION('',(1.E0,0.E0,0.E0));
#1380=AXIS2_PLACEMENT_3D('',#1377,#1378,#1379);
#1381=PLANE('',#1380);
#1383=ORIENTED_EDGE('',*,*,#1382,.F.);
#1385=ORIENTED_EDGE('',*,*,#1384,.F.);
#1386=ORIENTED_EDGE('',*,*,#1366,.T.);
#1388=ORIENTED_EDGE('',*,*,#1387,.T.);
#1389=EDGE_LOOP('',(#1383,#1385,#1386,#1388));
#1390=FACE_OUTER_BOUND('',#1389,.F.);
#1391=ADVANCED_FACE('',(#1390),#1381,.F.);
#1392=CARTESIAN_POINT('',(0.E0,2.E-1,0.E0));
#1393=DIRECTION('',(0.E0,-1.E0,0.E0));
#1394=DIRECTION('',(-1.E0,0.E0,0.E0));
#1395=AXIS2_PLACEMENT_3D('',#1392,#1393,#1394);
#1396=PLANE('',#1395);
#1398=ORIENTED_EDGE('',*,*,#1397,.T.);
#1400=ORIENTED_EDGE('',*,*,#1399,.F.);
#1401=ORIENTED_EDGE('',*,*,#1382,.T.);
#1403=ORIENTED_EDGE('',*,*,#1402,.F.);
#1404=EDGE_LOOP('',(#1398,#1400,#1401,#1403));
#1405=FACE_OUTER_BOUND('',#1404,.F.);
#1406=ADVANCED_FACE('',(#1405),#1396,.F.);
#1407=CARTESIAN_POINT('',(2.1E0,0.E0,-3.E-1));
#1408=DIRECTION('',(0.E0,0.E0,-1.E0));
#1409=DIRECTION('',(-1.E0,0.E0,0.E0));
#1410=AXIS2_PLACEMENT_3D('',#1407,#1408,#1409);
#1411=PLANE('',#1410);
#1412=ORIENTED_EDGE('',*,*,#1370,.T.);
#1414=ORIENTED_EDGE('',*,*,#1413,.T.);
#1415=ORIENTED_EDGE('',*,*,#1397,.F.);
#1417=ORIENTED_EDGE('',*,*,#1416,.F.);
#1418=EDGE_LOOP('',(#1412,#1414,#1415,#1417));
#1419=FACE_OUTER_BOUND('',#1418,.F.);
#1420=ADVANCED_FACE('',(#1419),#1411,.F.);
#1421=CARTESIAN_POINT('',(1.5E0,0.E0,-4.E-1));
#1422=DIRECTION('',(0.E0,1.E0,0.E0));
#1423=DIRECTION('',(1.E0,0.E0,0.E0));
#1424=AXIS2_PLACEMENT_3D('',#1421,#1422,#1423);
#1425=CYLINDRICAL_SURFACE('',#1424,1.E-1);
#1426=ORIENTED_EDGE('',*,*,#1368,.F.);
#1427=ORIENTED_EDGE('',*,*,#1384,.T.);
#1428=ORIENTED_EDGE('',*,*,#1399,.T.);
#1429=ORIENTED_EDGE('',*,*,#1413,.F.);
#1430=EDGE_LOOP('',(#1426,#1427,#1428,#1429));
#1431=FACE_OUTER_BOUND('',#1430,.F.);
#1432=ADVANCED_FACE('',(#1431),#1425,.T.);
#1433=CARTESIAN_POINT('',(2.E0,0.E0,-1.75E0));
#1434=DIRECTION('',(-1.E0,0.E0,0.E0));
#1435=DIRECTION('',(0.E0,0.E0,1.E0));
#1436=AXIS2_PLACEMENT_3D('',#1433,#1434,#1435);
#1437=PLANE('',#1436);
#1438=ORIENTED_EDGE('',*,*,#1372,.F.);
#1439=ORIENTED_EDGE('',*,*,#1416,.T.);
#1440=ORIENTED_EDGE('',*,*,#1402,.T.);
#1441=ORIENTED_EDGE('',*,*,#1387,.F.);
#1442=EDGE_LOOP('',(#1438,#1439,#1440,#1441));
#1443=FACE_OUTER_BOUND('',#1442,.F.);
#1444=ADVANCED_FACE('',(#1443),#1437,.F.);
#1445=FILL_AREA_STYLE_COLOUR('',#39);
#1446=FILL_AREA_STYLE('',(#1445));
#1447=SURFACE_STYLE_FILL_AREA(#1446);
#1448=SURFACE_SIDE_STYLE('',(#1447));
#1449=SURFACE_STYLE_USAGE(.POSITIVE.,#1448);
#1450=PRESENTATION_STYLE_ASSIGNMENT((#1449));
#1451=OVER_RIDING_STYLED_ITEM('',(#1450),#1444,#1258);
#1452=CLOSED_SHELL('',(#1376,#1391,#1406,#1420,#1432,#1444));
#1453=MANIFOLD_SOLID_BREP('',#1452);
#1454=FILL_AREA_STYLE_COLOUR('',#37);
#1455=FILL_AREA_STYLE('',(#1454));
#1456=SURFACE_STYLE_FILL_AREA(#1455);
#1457=SURFACE_SIDE_STYLE('',(#1456));
#1458=SURFACE_STYLE_USAGE(.POSITIVE.,#1457);
#1459=PRESENTATION_STYLE_ASSIGNMENT((#1458));
#1258=STYLED_ITEM('',(#1459),#1453);
#1461=CARTESIAN_POINT('',(1.447E0,0.E0,0.E0));
#1462=DIRECTION('',(0.E0,1.E0,0.E0));
#1463=DIRECTION('',(0.E0,0.E0,-1.E0));
#1464=AXIS2_PLACEMENT_3D('',#1461,#1462,#1463);
#1466=CURVE_STYLE('',#46,POSITIVE_LENGTH_MEASURE(2.E-2),#37);
#1467=PRESENTATION_STYLE_ASSIGNMENT((#1466));
#1468=STYLED_ITEM('',(#1467),#1465);
#1469=DIRECTION('',(0.E0,0.E0,-1.E0));
#1470=VECTOR('',#1469,2.E-1);
#1471=CARTESIAN_POINT('',(2.E0,0.E0,1.E-1));
#1472=LINE('',#1471,#1470);
#1473=CURVE_STYLE('',#46,POSITIVE_LENGTH_MEASURE(2.E-2),#37);
#1474=PRESENTATION_STYLE_ASSIGNMENT((#1473));
#1475=STYLED_ITEM('',(#1474),#1472);
#1476=DIRECTION('',(1.E0,0.E0,0.E0));
#1477=VECTOR('',#1476,5.53E-1);
#1478=CARTESIAN_POINT('',(1.447E0,0.E0,-1.E-1));
#1479=LINE('',#1478,#1477);
#1480=CURVE_STYLE('',#46,POSITIVE_LENGTH_MEASURE(2.E-2),#37);
#1481=PRESENTATION_STYLE_ASSIGNMENT((#1480));
#1482=STYLED_ITEM('',(#1481),#1479);
#1483=DIRECTION('',(0.E0,1.E0,0.E0));
#1484=VECTOR('',#1483,2.E-1);
#1485=CARTESIAN_POINT('',(2.E0,0.E0,-1.E-1));
#1486=LINE('',#1485,#1484);
#1487=CURVE_STYLE('',#46,POSITIVE_LENGTH_MEASURE(2.E-2),#37);
#1488=PRESENTATION_STYLE_ASSIGNMENT((#1487));
#1489=STYLED_ITEM('',(#1488),#1486);
#1490=DIRECTION('',(-1.E0,0.E0,0.E0));
#1491=VECTOR('',#1490,5.53E-1);
#1492=CARTESIAN_POINT('',(2.E0,2.E-1,1.E-1));
#1493=LINE('',#1492,#1491);
#1494=CURVE_STYLE('',#46,POSITIVE_LENGTH_MEASURE(2.E-2),#37);
#1495=PRESENTATION_STYLE_ASSIGNMENT((#1494));
#1496=STYLED_ITEM('',(#1495),#1493);
#1497=CARTESIAN_POINT('',(1.447E0,2.E-1,0.E0));
#1498=DIRECTION('',(0.E0,1.E0,0.E0));
#1499=DIRECTION('',(0.E0,0.E0,-1.E0));
#1500=AXIS2_PLACEMENT_3D('',#1497,#1498,#1499);
#1502=CURVE_STYLE('',#46,POSITIVE_LENGTH_MEASURE(2.E-2),#37);
#1503=PRESENTATION_STYLE_ASSIGNMENT((#1502));
#1504=STYLED_ITEM('',(#1503),#1501);
#1505=DIRECTION('',(1.E0,0.E0,0.E0));
#1506=VECTOR('',#1505,5.53E-1);
#1507=CARTESIAN_POINT('',(1.447E0,2.E-1,-1.E-1));
#1508=LINE('',#1507,#1506);
#1509=CURVE_STYLE('',#46,POSITIVE_LENGTH_MEASURE(2.E-2),#37);
#1510=PRESENTATION_STYLE_ASSIGNMENT((#1509));
#1511=STYLED_ITEM('',(#1510),#1508);
#1512=DIRECTION('',(0.E0,0.E0,-1.E0));
#1513=VECTOR('',#1512,2.E-1);
#1514=CARTESIAN_POINT('',(2.E0,2.E-1,1.E-1));
#1515=LINE('',#1514,#1513);
#1516=CURVE_STYLE('',#46,POSITIVE_LENGTH_MEASURE(2.E-2),#37);
#1517=PRESENTATION_STYLE_ASSIGNMENT((#1516));
#1518=STYLED_ITEM('',(#1517),#1515);
#1519=DIRECTION('',(-1.E0,0.E0,0.E0));
#1520=VECTOR('',#1519,5.53E-1);
#1521=CARTESIAN_POINT('',(2.E0,0.E0,1.E-1));
#1522=LINE('',#1521,#1520);
#1523=CURVE_STYLE('',#46,POSITIVE_LENGTH_MEASURE(2.E-2),#37);
#1524=PRESENTATION_STYLE_ASSIGNMENT((#1523));
#1525=STYLED_ITEM('',(#1524),#1522);
#1526=DIRECTION('',(0.E0,1.E0,0.E0));
#1527=VECTOR('',#1526,2.E-1);
#1528=CARTESIAN_POINT('',(1.447E0,0.E0,1.E-1));
#1529=LINE('',#1528,#1527);
#1530=CURVE_STYLE('',#46,POSITIVE_LENGTH_MEASURE(2.E-2),#37);
#1531=PRESENTATION_STYLE_ASSIGNMENT((#1530));
#1532=STYLED_ITEM('',(#1531),#1529);
#1533=DIRECTION('',(0.E0,1.E0,0.E0));
#1534=VECTOR('',#1533,2.E-1);
#1535=CARTESIAN_POINT('',(2.E0,0.E0,1.E-1));
#1536=LINE('',#1535,#1534);
#1537=CURVE_STYLE('',#46,POSITIVE_LENGTH_MEASURE(2.E-2),#37);
#1538=PRESENTATION_STYLE_ASSIGNMENT((#1537));
#1539=STYLED_ITEM('',(#1538),#1536);
#1540=DIRECTION('',(0.E0,1.E0,0.E0));
#1541=VECTOR('',#1540,2.E-1);
#1542=CARTESIAN_POINT('',(1.447E0,0.E0,-1.E-1));
#1543=LINE('',#1542,#1541);
#1544=CURVE_STYLE('',#46,POSITIVE_LENGTH_MEASURE(2.E-2),#37);
#1545=PRESENTATION_STYLE_ASSIGNMENT((#1544));
#1546=STYLED_ITEM('',(#1545),#1543);
#1547=CARTESIAN_POINT('',(2.E0,0.E0,1.E-1));
#1548=CARTESIAN_POINT('',(2.E0,0.E0,-1.E-1));
#1549=VERTEX_POINT('',#1547);
#1550=VERTEX_POINT('',#1548);
#1551=CARTESIAN_POINT('',(2.E0,2.E-1,1.E-1));
#1552=CARTESIAN_POINT('',(2.E0,2.E-1,-1.E-1));
#1553=VERTEX_POINT('',#1551);
#1554=VERTEX_POINT('',#1552);
#1555=CARTESIAN_POINT('',(1.447E0,0.E0,-1.E-1));
#1556=CARTESIAN_POINT('',(1.447E0,0.E0,1.E-1));
#1557=VERTEX_POINT('',#1555);
#1558=VERTEX_POINT('',#1556);
#1559=CARTESIAN_POINT('',(1.447E0,2.E-1,-1.E-1));
#1560=CARTESIAN_POINT('',(1.447E0,2.E-1,1.E-1));
#1561=VERTEX_POINT('',#1559);
#1562=VERTEX_POINT('',#1560);
#1563=CARTESIAN_POINT('',(0.E0,0.E0,0.E0));
#1564=DIRECTION('',(0.E0,-1.E0,0.E0));
#1565=DIRECTION('',(-1.E0,0.E0,0.E0));
#1566=AXIS2_PLACEMENT_3D('',#1563,#1564,#1565);
#1567=PLANE('',#1566);
#1569=ORIENTED_EDGE('',*,*,#1568,.F.);
#1571=ORIENTED_EDGE('',*,*,#1570,.T.);
#1573=ORIENTED_EDGE('',*,*,#1572,.F.);
#1575=ORIENTED_EDGE('',*,*,#1574,.T.);
#1576=EDGE_LOOP('',(#1569,#1571,#1573,#1575));
#1577=FACE_OUTER_BOUND('',#1576,.F.);
#1578=ADVANCED_FACE('',(#1577),#1567,.T.);
#1579=CARTESIAN_POINT('',(1.699E0,0.E0,-1.E-1));
#1580=DIRECTION('',(0.E0,0.E0,1.E0));
#1581=DIRECTION('',(1.E0,0.E0,0.E0));
#1582=AXIS2_PLACEMENT_3D('',#1579,#1580,#1581);
#1583=PLANE('',#1582);
#1585=ORIENTED_EDGE('',*,*,#1584,.F.);
#1587=ORIENTED_EDGE('',*,*,#1586,.F.);
#1588=ORIENTED_EDGE('',*,*,#1568,.T.);
#1590=ORIENTED_EDGE('',*,*,#1589,.T.);
#1591=EDGE_LOOP('',(#1585,#1587,#1588,#1590));
#1592=FACE_OUTER_BOUND('',#1591,.F.);
#1593=ADVANCED_FACE('',(#1592),#1583,.F.);
#1594=CARTESIAN_POINT('',(0.E0,2.E-1,0.E0));
#1595=DIRECTION('',(0.E0,-1.E0,0.E0));
#1596=DIRECTION('',(-1.E0,0.E0,0.E0));
#1597=AXIS2_PLACEMENT_3D('',#1594,#1595,#1596);
#1598=PLANE('',#1597);
#1600=ORIENTED_EDGE('',*,*,#1599,.T.);
#1602=ORIENTED_EDGE('',*,*,#1601,.F.);
#1603=ORIENTED_EDGE('',*,*,#1584,.T.);
#1605=ORIENTED_EDGE('',*,*,#1604,.F.);
#1606=EDGE_LOOP('',(#1600,#1602,#1603,#1605));
#1607=FACE_OUTER_BOUND('',#1606,.F.);
#1608=ADVANCED_FACE('',(#1607),#1598,.F.);
#1609=CARTESIAN_POINT('',(2.1E0,0.E0,1.E-1));
#1610=DIRECTION('',(0.E0,0.E0,-1.E0));
#1611=DIRECTION('',(-1.E0,0.E0,0.E0));
#1612=AXIS2_PLACEMENT_3D('',#1609,#1610,#1611);
#1613=PLANE('',#1612);
#1614=ORIENTED_EDGE('',*,*,#1572,.T.);
#1616=ORIENTED_EDGE('',*,*,#1615,.T.);
#1617=ORIENTED_EDGE('',*,*,#1599,.F.);
#1619=ORIENTED_EDGE('',*,*,#1618,.F.);
#1620=EDGE_LOOP('',(#1614,#1616,#1617,#1619));
#1621=FACE_OUTER_BOUND('',#1620,.F.);
#1622=ADVANCED_FACE('',(#1621),#1613,.F.);
#1623=CARTESIAN_POINT('',(1.447E0,0.E0,0.E0));
#1624=DIRECTION('',(0.E0,1.E0,0.E0));
#1625=DIRECTION('',(1.E0,0.E0,0.E0));
#1626=AXIS2_PLACEMENT_3D('',#1623,#1624,#1625);
#1627=CYLINDRICAL_SURFACE('',#1626,1.E-1);
#1628=ORIENTED_EDGE('',*,*,#1570,.F.);
#1629=ORIENTED_EDGE('',*,*,#1586,.T.);
#1630=ORIENTED_EDGE('',*,*,#1601,.T.);
#1631=ORIENTED_EDGE('',*,*,#1615,.F.);
#1632=EDGE_LOOP('',(#1628,#1629,#1630,#1631));
#1633=FACE_OUTER_BOUND('',#1632,.F.);
#1634=ADVANCED_FACE('',(#1633),#1627,.T.);
#1635=CARTESIAN_POINT('',(2.E0,0.E0,-1.75E0));
#1636=DIRECTION('',(-1.E0,0.E0,0.E0));
#1637=DIRECTION('',(0.E0,0.E0,1.E0));
#1638=AXIS2_PLACEMENT_3D('',#1635,#1636,#1637);
#1639=PLANE('',#1638);
#1640=ORIENTED_EDGE('',*,*,#1574,.F.);
#1641=ORIENTED_EDGE('',*,*,#1618,.T.);
#1642=ORIENTED_EDGE('',*,*,#1604,.T.);
#1643=ORIENTED_EDGE('',*,*,#1589,.F.);
#1644=EDGE_LOOP('',(#1640,#1641,#1642,#1643));
#1645=FACE_OUTER_BOUND('',#1644,.F.);
#1646=ADVANCED_FACE('',(#1645),#1639,.F.);
#1647=FILL_AREA_STYLE_COLOUR('',#39);
#1648=FILL_AREA_STYLE('',(#1647));
#1649=SURFACE_STYLE_FILL_AREA(#1648);
#1650=SURFACE_SIDE_STYLE('',(#1649));
#1651=SURFACE_STYLE_USAGE(.POSITIVE.,#1650);
#1652=PRESENTATION_STYLE_ASSIGNMENT((#1651));
#1653=OVER_RIDING_STYLED_ITEM('',(#1652),#1646,#1460);
#1654=CLOSED_SHELL('',(#1578,#1593,#1608,#1622,#1634,#1646));
#1655=MANIFOLD_SOLID_BREP('',#1654);
#1656=FILL_AREA_STYLE_COLOUR('',#37);
#1657=FILL_AREA_STYLE('',(#1656));
#1658=SURFACE_STYLE_FILL_AREA(#1657);
#1659=SURFACE_SIDE_STYLE('',(#1658));
#1660=SURFACE_STYLE_USAGE(.POSITIVE.,#1659);
#1661=PRESENTATION_STYLE_ASSIGNMENT((#1660));
#1460=STYLED_ITEM('',(#1661),#1655);
#1663=CARTESIAN_POINT('',(1.5E0,0.E0,4.E-1));
#1664=DIRECTION('',(0.E0,1.E0,0.E0));
#1665=DIRECTION('',(0.E0,0.E0,-1.E0));
#1666=AXIS2_PLACEMENT_3D('',#1663,#1664,#1665);
#1668=CURVE_STYLE('',#46,POSITIVE_LENGTH_MEASURE(2.E-2),#37);
#1669=PRESENTATION_STYLE_ASSIGNMENT((#1668));
#1670=STYLED_ITEM('',(#1669),#1667);
#1671=DIRECTION('',(0.E0,0.E0,-1.E0));
#1672=VECTOR('',#1671,2.E-1);
#1673=CARTESIAN_POINT('',(2.E0,0.E0,5.E-1));
#1674=LINE('',#1673,#1672);
#1675=CURVE_STYLE('',#46,POSITIVE_LENGTH_MEASURE(2.E-2),#37);
#1676=PRESENTATION_STYLE_ASSIGNMENT((#1675));
#1677=STYLED_ITEM('',(#1676),#1674);
#1678=DIRECTION('',(1.E0,0.E0,0.E0));
#1679=VECTOR('',#1678,5.E-1);
#1680=CARTESIAN_POINT('',(1.5E0,0.E0,3.E-1));
#1681=LINE('',#1680,#1679);
#1682=CURVE_STYLE('',#46,POSITIVE_LENGTH_MEASURE(2.E-2),#37);
#1683=PRESENTATION_STYLE_ASSIGNMENT((#1682));
#1684=STYLED_ITEM('',(#1683),#1681);
#1685=DIRECTION('',(0.E0,1.E0,0.E0));
#1686=VECTOR('',#1685,2.E-1);
#1687=CARTESIAN_POINT('',(2.E0,0.E0,3.E-1));
#1688=LINE('',#1687,#1686);
#1689=CURVE_STYLE('',#46,POSITIVE_LENGTH_MEASURE(2.E-2),#37);
#1690=PRESENTATION_STYLE_ASSIGNMENT((#1689));
#1691=STYLED_ITEM('',(#1690),#1688);
#1692=DIRECTION('',(-1.E0,0.E0,0.E0));
#1693=VECTOR('',#1692,5.E-1);
#1694=CARTESIAN_POINT('',(2.E0,2.E-1,5.E-1));
#1695=LINE('',#1694,#1693);
#1696=CURVE_STYLE('',#46,POSITIVE_LENGTH_MEASURE(2.E-2),#37);
#1697=PRESENTATION_STYLE_ASSIGNMENT((#1696));
#1698=STYLED_ITEM('',(#1697),#1695);
#1699=CARTESIAN_POINT('',(1.5E0,2.E-1,4.E-1));
#1700=DIRECTION('',(0.E0,1.E0,0.E0));
#1701=DIRECTION('',(0.E0,0.E0,-1.E0));
#1702=AXIS2_PLACEMENT_3D('',#1699,#1700,#1701);
#1704=CURVE_STYLE('',#46,POSITIVE_LENGTH_MEASURE(2.E-2),#37);
#1705=PRESENTATION_STYLE_ASSIGNMENT((#1704));
#1706=STYLED_ITEM('',(#1705),#1703);
#1707=DIRECTION('',(1.E0,0.E0,0.E0));
#1708=VECTOR('',#1707,5.E-1);
#1709=CARTESIAN_POINT('',(1.5E0,2.E-1,3.E-1));
#1710=LINE('',#1709,#1708);
#1711=CURVE_STYLE('',#46,POSITIVE_LENGTH_MEASURE(2.E-2),#37);
#1712=PRESENTATION_STYLE_ASSIGNMENT((#1711));
#1713=STYLED_ITEM('',(#1712),#1710);
#1714=DIRECTION('',(0.E0,0.E0,-1.E0));
#1715=VECTOR('',#1714,2.E-1);
#1716=CARTESIAN_POINT('',(2.E0,2.E-1,5.E-1));
#1717=LINE('',#1716,#1715);
#1718=CURVE_STYLE('',#46,POSITIVE_LENGTH_MEASURE(2.E-2),#37);
#1719=PRESENTATION_STYLE_ASSIGNMENT((#1718));
#1720=STYLED_ITEM('',(#1719),#1717);
#1721=DIRECTION('',(-1.E0,0.E0,0.E0));
#1722=VECTOR('',#1721,5.E-1);
#1723=CARTESIAN_POINT('',(2.E0,0.E0,5.E-1));
#1724=LINE('',#1723,#1722);
#1725=CURVE_STYLE('',#46,POSITIVE_LENGTH_MEASURE(2.E-2),#37);
#1726=PRESENTATION_STYLE_ASSIGNMENT((#1725));
#1727=STYLED_ITEM('',(#1726),#1724);
#1728=DIRECTION('',(0.E0,1.E0,0.E0));
#1729=VECTOR('',#1728,2.E-1);
#1730=CARTESIAN_POINT('',(1.5E0,0.E0,5.E-1));
#1731=LINE('',#1730,#1729);
#1732=CURVE_STYLE('',#46,POSITIVE_LENGTH_MEASURE(2.E-2),#37);
#1733=PRESENTATION_STYLE_ASSIGNMENT((#1732));
#1734=STYLED_ITEM('',(#1733),#1731);
#1735=DIRECTION('',(0.E0,1.E0,0.E0));
#1736=VECTOR('',#1735,2.E-1);
#1737=CARTESIAN_POINT('',(2.E0,0.E0,5.E-1));
#1738=LINE('',#1737,#1736);
#1739=CURVE_STYLE('',#46,POSITIVE_LENGTH_MEASURE(2.E-2),#37);
#1740=PRESENTATION_STYLE_ASSIGNMENT((#1739));
#1741=STYLED_ITEM('',(#1740),#1738);
#1742=DIRECTION('',(0.E0,1.E0,0.E0));
#1743=VECTOR('',#1742,2.E-1);
#1744=CARTESIAN_POINT('',(1.5E0,0.E0,3.E-1));
#1745=LINE('',#1744,#1743);
#1746=CURVE_STYLE('',#46,POSITIVE_LENGTH_MEASURE(2.E-2),#37);
#1747=PRESENTATION_STYLE_ASSIGNMENT((#1746));
#1748=STYLED_ITEM('',(#1747),#1745);
#1749=CARTESIAN_POINT('',(2.E0,0.E0,5.E-1));
#1750=CARTESIAN_POINT('',(2.E0,0.E0,3.E-1));
#1751=VERTEX_POINT('',#1749);
#1752=VERTEX_POINT('',#1750);
#1753=CARTESIAN_POINT('',(2.E0,2.E-1,5.E-1));
#1754=CARTESIAN_POINT('',(2.E0,2.E-1,3.E-1));
#1755=VERTEX_POINT('',#1753);
#1756=VERTEX_POINT('',#1754);
#1757=CARTESIAN_POINT('',(1.5E0,0.E0,3.E-1));
#1758=CARTESIAN_POINT('',(1.5E0,0.E0,5.E-1));
#1759=VERTEX_POINT('',#1757);
#1760=VERTEX_POINT('',#1758);
#1761=CARTESIAN_POINT('',(1.5E0,2.E-1,3.E-1));
#1762=CARTESIAN_POINT('',(1.5E0,2.E-1,5.E-1));
#1763=VERTEX_POINT('',#1761);
#1764=VERTEX_POINT('',#1762);
#1765=CARTESIAN_POINT('',(0.E0,0.E0,0.E0));
#1766=DIRECTION('',(0.E0,-1.E0,0.E0));
#1767=DIRECTION('',(-1.E0,0.E0,0.E0));
#1768=AXIS2_PLACEMENT_3D('',#1765,#1766,#1767);
#1769=PLANE('',#1768);
#1771=ORIENTED_EDGE('',*,*,#1770,.F.);
#1773=ORIENTED_EDGE('',*,*,#1772,.T.);
#1775=ORIENTED_EDGE('',*,*,#1774,.F.);
#1777=ORIENTED_EDGE('',*,*,#1776,.T.);
#1778=EDGE_LOOP('',(#1771,#1773,#1775,#1777));
#1779=FACE_OUTER_BOUND('',#1778,.F.);
#1780=ADVANCED_FACE('',(#1779),#1769,.T.);
#1781=CARTESIAN_POINT('',(1.699E0,0.E0,3.E-1));
#1782=DIRECTION('',(0.E0,0.E0,1.E0));
#1783=DIRECTION('',(1.E0,0.E0,0.E0));
#1784=AXIS2_PLACEMENT_3D('',#1781,#1782,#1783);
#1785=PLANE('',#1784);
#1787=ORIENTED_EDGE('',*,*,#1786,.F.);
#1789=ORIENTED_EDGE('',*,*,#1788,.F.);
#1790=ORIENTED_EDGE('',*,*,#1770,.T.);
#1792=ORIENTED_EDGE('',*,*,#1791,.T.);
#1793=EDGE_LOOP('',(#1787,#1789,#1790,#1792));
#1794=FACE_OUTER_BOUND('',#1793,.F.);
#1795=ADVANCED_FACE('',(#1794),#1785,.F.);
#1796=CARTESIAN_POINT('',(0.E0,2.E-1,0.E0));
#1797=DIRECTION('',(0.E0,-1.E0,0.E0));
#1798=DIRECTION('',(-1.E0,0.E0,0.E0));
#1799=AXIS2_PLACEMENT_3D('',#1796,#1797,#1798);
#1800=PLANE('',#1799);
#1802=ORIENTED_EDGE('',*,*,#1801,.T.);
#1804=ORIENTED_EDGE('',*,*,#1803,.F.);
#1805=ORIENTED_EDGE('',*,*,#1786,.T.);
#1807=ORIENTED_EDGE('',*,*,#1806,.F.);
#1808=EDGE_LOOP('',(#1802,#1804,#1805,#1807));
#1809=FACE_OUTER_BOUND('',#1808,.F.);
#1810=ADVANCED_FACE('',(#1809),#1800,.F.);
#1811=CARTESIAN_POINT('',(2.1E0,0.E0,5.E-1));
#1812=DIRECTION('',(0.E0,0.E0,-1.E0));
#1813=DIRECTION('',(-1.E0,0.E0,0.E0));
#1814=AXIS2_PLACEMENT_3D('',#1811,#1812,#1813);
#1815=PLANE('',#1814);
#1816=ORIENTED_EDGE('',*,*,#1774,.T.);
#1818=ORIENTED_EDGE('',*,*,#1817,.T.);
#1819=ORIENTED_EDGE('',*,*,#1801,.F.);
#1821=ORIENTED_EDGE('',*,*,#1820,.F.);
#1822=EDGE_LOOP('',(#1816,#1818,#1819,#1821));
#1823=FACE_OUTER_BOUND('',#1822,.F.);
#1824=ADVANCED_FACE('',(#1823),#1815,.F.);
#1825=CARTESIAN_POINT('',(1.5E0,0.E0,4.E-1));
#1826=DIRECTION('',(0.E0,1.E0,0.E0));
#1827=DIRECTION('',(1.E0,0.E0,0.E0));
#1828=AXIS2_PLACEMENT_3D('',#1825,#1826,#1827);
#1829=CYLINDRICAL_SURFACE('',#1828,1.E-1);
#1830=ORIENTED_EDGE('',*,*,#1772,.F.);
#1831=ORIENTED_EDGE('',*,*,#1788,.T.);
#1832=ORIENTED_EDGE('',*,*,#1803,.T.);
#1833=ORIENTED_EDGE('',*,*,#1817,.F.);
#1834=EDGE_LOOP('',(#1830,#1831,#1832,#1833));
#1835=FACE_OUTER_BOUND('',#1834,.F.);
#1836=ADVANCED_FACE('',(#1835),#1829,.T.);
#1837=CARTESIAN_POINT('',(2.E0,0.E0,-1.75E0));
#1838=DIRECTION('',(-1.E0,0.E0,0.E0));
#1839=DIRECTION('',(0.E0,0.E0,1.E0));
#1840=AXIS2_PLACEMENT_3D('',#1837,#1838,#1839);
#1841=PLANE('',#1840);
#1842=ORIENTED_EDGE('',*,*,#1776,.F.);
#1843=ORIENTED_EDGE('',*,*,#1820,.T.);
#1844=ORIENTED_EDGE('',*,*,#1806,.T.);
#1845=ORIENTED_EDGE('',*,*,#1791,.F.);
#1846=EDGE_LOOP('',(#1842,#1843,#1844,#1845));
#1847=FACE_OUTER_BOUND('',#1846,.F.);
#1848=ADVANCED_FACE('',(#1847),#1841,.F.);
#1849=FILL_AREA_STYLE_COLOUR('',#39);
#1850=FILL_AREA_STYLE('',(#1849));
#1851=SURFACE_STYLE_FILL_AREA(#1850);
#1852=SURFACE_SIDE_STYLE('',(#1851));
#1853=SURFACE_STYLE_USAGE(.POSITIVE.,#1852);
#1854=PRESENTATION_STYLE_ASSIGNMENT((#1853));
#1855=OVER_RIDING_STYLED_ITEM('',(#1854),#1848,#1662);
#1856=CLOSED_SHELL('',(#1780,#1795,#1810,#1824,#1836,#1848));
#1857=MANIFOLD_SOLID_BREP('',#1856);
#1858=FILL_AREA_STYLE_COLOUR('',#37);
#1859=FILL_AREA_STYLE('',(#1858));
#1860=SURFACE_STYLE_FILL_AREA(#1859);
#1861=SURFACE_SIDE_STYLE('',(#1860));
#1862=SURFACE_STYLE_USAGE(.POSITIVE.,#1861);
#1863=PRESENTATION_STYLE_ASSIGNMENT((#1862));
#1662=STYLED_ITEM('',(#1863),#1857);
#1865=CARTESIAN_POINT('',(1.5E0,0.E0,8.E-1));
#1866=DIRECTION('',(0.E0,1.E0,0.E0));
#1867=DIRECTION('',(0.E0,0.E0,-1.E0));
#1868=AXIS2_PLACEMENT_3D('',#1865,#1866,#1867);
#1870=CURVE_STYLE('',#46,POSITIVE_LENGTH_MEASURE(2.E-2),#37);
#1871=PRESENTATION_STYLE_ASSIGNMENT((#1870));
#1872=STYLED_ITEM('',(#1871),#1869);
#1873=DIRECTION('',(0.E0,0.E0,-1.E0));
#1874=VECTOR('',#1873,2.E-1);
#1875=CARTESIAN_POINT('',(2.E0,0.E0,9.E-1));
#1876=LINE('',#1875,#1874);
#1877=CURVE_STYLE('',#46,POSITIVE_LENGTH_MEASURE(2.E-2),#37);
#1878=PRESENTATION_STYLE_ASSIGNMENT((#1877));
#1879=STYLED_ITEM('',(#1878),#1876);
#1880=DIRECTION('',(1.E0,0.E0,0.E0));
#1881=VECTOR('',#1880,5.E-1);
#1882=CARTESIAN_POINT('',(1.5E0,0.E0,7.E-1));
#1883=LINE('',#1882,#1881);
#1884=CURVE_STYLE('',#46,POSITIVE_LENGTH_MEASURE(2.E-2),#37);
#1885=PRESENTATION_STYLE_ASSIGNMENT((#1884));
#1886=STYLED_ITEM('',(#1885),#1883);
#1887=DIRECTION('',(0.E0,1.E0,0.E0));
#1888=VECTOR('',#1887,2.E-1);
#1889=CARTESIAN_POINT('',(2.E0,0.E0,7.E-1));
#1890=LINE('',#1889,#1888);
#1891=CURVE_STYLE('',#46,POSITIVE_LENGTH_MEASURE(2.E-2),#37);
#1892=PRESENTATION_STYLE_ASSIGNMENT((#1891));
#1893=STYLED_ITEM('',(#1892),#1890);
#1894=DIRECTION('',(-1.E0,0.E0,0.E0));
#1895=VECTOR('',#1894,5.E-1);
#1896=CARTESIAN_POINT('',(2.E0,2.E-1,9.E-1));
#1897=LINE('',#1896,#1895);
#1898=CURVE_STYLE('',#46,POSITIVE_LENGTH_MEASURE(2.E-2),#37);
#1899=PRESENTATION_STYLE_ASSIGNMENT((#1898));
#1900=STYLED_ITEM('',(#1899),#1897);
#1901=CARTESIAN_POINT('',(1.5E0,2.E-1,8.E-1));
#1902=DIRECTION('',(0.E0,1.E0,0.E0));
#1903=DIRECTION('',(0.E0,0.E0,-1.E0));
#1904=AXIS2_PLACEMENT_3D('',#1901,#1902,#1903);
#1906=CURVE_STYLE('',#46,POSITIVE_LENGTH_MEASURE(2.E-2),#37);
#1907=PRESENTATION_STYLE_ASSIGNMENT((#1906));
#1908=STYLED_ITEM('',(#1907),#1905);
#1909=DIRECTION('',(1.E0,0.E0,0.E0));
#1910=VECTOR('',#1909,5.E-1);
#1911=CARTESIAN_POINT('',(1.5E0,2.E-1,7.E-1));
#1912=LINE('',#1911,#1910);
#1913=CURVE_STYLE('',#46,POSITIVE_LENGTH_MEASURE(2.E-2),#37);
#1914=PRESENTATION_STYLE_ASSIGNMENT((#1913));
#1915=STYLED_ITEM('',(#1914),#1912);
#1916=DIRECTION('',(0.E0,0.E0,-1.E0));
#1917=VECTOR('',#1916,2.E-1);
#1918=CARTESIAN_POINT('',(2.E0,2.E-1,9.E-1));
#1919=LINE('',#1918,#1917);
#1920=CURVE_STYLE('',#46,POSITIVE_LENGTH_MEASURE(2.E-2),#37);
#1921=PRESENTATION_STYLE_ASSIGNMENT((#1920));
#1922=STYLED_ITEM('',(#1921),#1919);
#1923=DIRECTION('',(-1.E0,0.E0,0.E0));
#1924=VECTOR('',#1923,5.E-1);
#1925=CARTESIAN_POINT('',(2.E0,0.E0,9.E-1));
#1926=LINE('',#1925,#1924);
#1927=CURVE_STYLE('',#46,POSITIVE_LENGTH_MEASURE(2.E-2),#37);
#1928=PRESENTATION_STYLE_ASSIGNMENT((#1927));
#1929=STYLED_ITEM('',(#1928),#1926);
#1930=DIRECTION('',(0.E0,1.E0,0.E0));
#1931=VECTOR('',#1930,2.E-1);
#1932=CARTESIAN_POINT('',(1.5E0,0.E0,9.E-1));
#1933=LINE('',#1932,#1931);
#1934=CURVE_STYLE('',#46,POSITIVE_LENGTH_MEASURE(2.E-2),#37);
#1935=PRESENTATION_STYLE_ASSIGNMENT((#1934));
#1936=STYLED_ITEM('',(#1935),#1933);
#1937=DIRECTION('',(0.E0,1.E0,0.E0));
#1938=VECTOR('',#1937,2.E-1);
#1939=CARTESIAN_POINT('',(2.E0,0.E0,9.E-1));
#1940=LINE('',#1939,#1938);
#1941=CURVE_STYLE('',#46,POSITIVE_LENGTH_MEASURE(2.E-2),#37);
#1942=PRESENTATION_STYLE_ASSIGNMENT((#1941));
#1943=STYLED_ITEM('',(#1942),#1940);
#1944=DIRECTION('',(0.E0,1.E0,0.E0));
#1945=VECTOR('',#1944,2.E-1);
#1946=CARTESIAN_POINT('',(1.5E0,0.E0,7.E-1));
#1947=LINE('',#1946,#1945);
#1948=CURVE_STYLE('',#46,POSITIVE_LENGTH_MEASURE(2.E-2),#37);
#1949=PRESENTATION_STYLE_ASSIGNMENT((#1948));
#1950=STYLED_ITEM('',(#1949),#1947);
#1951=CARTESIAN_POINT('',(2.E0,0.E0,9.E-1));
#1952=CARTESIAN_POINT('',(2.E0,0.E0,7.E-1));
#1953=VERTEX_POINT('',#1951);
#1954=VERTEX_POINT('',#1952);
#1955=CARTESIAN_POINT('',(2.E0,2.E-1,9.E-1));
#1956=CARTESIAN_POINT('',(2.E0,2.E-1,7.E-1));
#1957=VERTEX_POINT('',#1955);
#1958=VERTEX_POINT('',#1956);
#1959=CARTESIAN_POINT('',(1.5E0,0.E0,7.E-1));
#1960=CARTESIAN_POINT('',(1.5E0,0.E0,9.E-1));
#1961=VERTEX_POINT('',#1959);
#1962=VERTEX_POINT('',#1960);
#1963=CARTESIAN_POINT('',(1.5E0,2.E-1,7.E-1));
#1964=CARTESIAN_POINT('',(1.5E0,2.E-1,9.E-1));
#1965=VERTEX_POINT('',#1963);
#1966=VERTEX_POINT('',#1964);
#1967=CARTESIAN_POINT('',(0.E0,0.E0,0.E0));
#1968=DIRECTION('',(0.E0,-1.E0,0.E0));
#1969=DIRECTION('',(-1.E0,0.E0,0.E0));
#1970=AXIS2_PLACEMENT_3D('',#1967,#1968,#1969);
#1971=PLANE('',#1970);
#1973=ORIENTED_EDGE('',*,*,#1972,.F.);
#1975=ORIENTED_EDGE('',*,*,#1974,.T.);
#1977=ORIENTED_EDGE('',*,*,#1976,.F.);
#1979=ORIENTED_EDGE('',*,*,#1978,.T.);
#1980=EDGE_LOOP('',(#1973,#1975,#1977,#1979));
#1981=FACE_OUTER_BOUND('',#1980,.F.);
#1982=ADVANCED_FACE('',(#1981),#1971,.T.);
#1983=CARTESIAN_POINT('',(1.699E0,0.E0,7.E-1));
#1984=DIRECTION('',(0.E0,0.E0,1.E0));
#1985=DIRECTION('',(1.E0,0.E0,0.E0));
#1986=AXIS2_PLACEMENT_3D('',#1983,#1984,#1985);
#1987=PLANE('',#1986);
#1989=ORIENTED_EDGE('',*,*,#1988,.F.);
#1991=ORIENTED_EDGE('',*,*,#1990,.F.);
#1992=ORIENTED_EDGE('',*,*,#1972,.T.);
#1994=ORIENTED_EDGE('',*,*,#1993,.T.);
#1995=EDGE_LOOP('',(#1989,#1991,#1992,#1994));
#1996=FACE_OUTER_BOUND('',#1995,.F.);
#1997=ADVANCED_FACE('',(#1996),#1987,.F.);
#1998=CARTESIAN_POINT('',(0.E0,2.E-1,0.E0));
#1999=DIRECTION('',(0.E0,-1.E0,0.E0));
#2000=DIRECTION('',(-1.E0,0.E0,0.E0));
#2001=AXIS2_PLACEMENT_3D('',#1998,#1999,#2000);
#2002=PLANE('',#2001);
#2004=ORIENTED_EDGE('',*,*,#2003,.T.);
#2006=ORIENTED_EDGE('',*,*,#2005,.F.);
#2007=ORIENTED_EDGE('',*,*,#1988,.T.);
#2009=ORIENTED_EDGE('',*,*,#2008,.F.);
#2010=EDGE_LOOP('',(#2004,#2006,#2007,#2009));
#2011=FACE_OUTER_BOUND('',#2010,.F.);
#2012=ADVANCED_FACE('',(#2011),#2002,.F.);
#2013=CARTESIAN_POINT('',(2.1E0,0.E0,9.E-1));
#2014=DIRECTION('',(0.E0,0.E0,-1.E0));
#2015=DIRECTION('',(-1.E0,0.E0,0.E0));
#2016=AXIS2_PLACEMENT_3D('',#2013,#2014,#2015);
#2017=PLANE('',#2016);
#2018=ORIENTED_EDGE('',*,*,#1976,.T.);
#2020=ORIENTED_EDGE('',*,*,#2019,.T.);
#2021=ORIENTED_EDGE('',*,*,#2003,.F.);
#2023=ORIENTED_EDGE('',*,*,#2022,.F.);
#2024=EDGE_LOOP('',(#2018,#2020,#2021,#2023));
#2025=FACE_OUTER_BOUND('',#2024,.F.);
#2026=ADVANCED_FACE('',(#2025),#2017,.F.);
#2027=CARTESIAN_POINT('',(1.5E0,0.E0,8.E-1));
#2028=DIRECTION('',(0.E0,1.E0,0.E0));
#2029=DIRECTION('',(1.E0,0.E0,0.E0));
#2030=AXIS2_PLACEMENT_3D('',#2027,#2028,#2029);
#2031=CYLINDRICAL_SURFACE('',#2030,1.E-1);
#2032=ORIENTED_EDGE('',*,*,#1974,.F.);
#2033=ORIENTED_EDGE('',*,*,#1990,.T.);
#2034=ORIENTED_EDGE('',*,*,#2005,.T.);
#2035=ORIENTED_EDGE('',*,*,#2019,.F.);
#2036=EDGE_LOOP('',(#2032,#2033,#2034,#2035));
#2037=FACE_OUTER_BOUND('',#2036,.F.);
#2038=ADVANCED_FACE('',(#2037),#2031,.T.);
#2039=CARTESIAN_POINT('',(2.E0,0.E0,-1.75E0));
#2040=DIRECTION('',(-1.E0,0.E0,0.E0));
#2041=DIRECTION('',(0.E0,0.E0,1.E0));
#2042=AXIS2_PLACEMENT_3D('',#2039,#2040,#2041);
#2043=PLANE('',#2042);
#2044=ORIENTED_EDGE('',*,*,#1978,.F.);
#2045=ORIENTED_EDGE('',*,*,#2022,.T.);
#2046=ORIENTED_EDGE('',*,*,#2008,.T.);
#2047=ORIENTED_EDGE('',*,*,#1993,.F.);
#2048=EDGE_LOOP('',(#2044,#2045,#2046,#2047));
#2049=FACE_OUTER_BOUND('',#2048,.F.);
#2050=ADVANCED_FACE('',(#2049),#2043,.F.);
#2051=FILL_AREA_STYLE_COLOUR('',#39);
#2052=FILL_AREA_STYLE('',(#2051));
#2053=SURFACE_STYLE_FILL_AREA(#2052);
#2054=SURFACE_SIDE_STYLE('',(#2053));
#2055=SURFACE_STYLE_USAGE(.POSITIVE.,#2054);
#2056=PRESENTATION_STYLE_ASSIGNMENT((#2055));
#2057=OVER_RIDING_STYLED_ITEM('',(#2056),#2050,#1864);
#2058=CLOSED_SHELL('',(#1982,#1997,#2012,#2026,#2038,#2050));
#2059=MANIFOLD_SOLID_BREP('',#2058);
#2060=FILL_AREA_STYLE_COLOUR('',#37);
#2061=FILL_AREA_STYLE('',(#2060));
#2062=SURFACE_STYLE_FILL_AREA(#2061);
#2063=SURFACE_SIDE_STYLE('',(#2062));
#2064=SURFACE_STYLE_USAGE(.POSITIVE.,#2063);
#2065=PRESENTATION_STYLE_ASSIGNMENT((#2064));
#1864=STYLED_ITEM('',(#2065),#2059);
#2067=DIRECTION('',(1.E0,0.E0,0.E0));
#2068=VECTOR('',#2067,2.E-1);
#2069=CARTESIAN_POINT('',(-1.1E0,0.E0,-1.75E0));
#2070=LINE('',#2069,#2068);
#2071=CURVE_STYLE('',#46,POSITIVE_LENGTH_MEASURE(2.E-2),#37);
#2072=PRESENTATION_STYLE_ASSIGNMENT((#2071));
#2073=STYLED_ITEM('',(#2072),#2070);
#2074=DIRECTION('',(0.E0,0.E0,1.E0));
#2075=VECTOR('',#2074,3.01E-1);
#2076=CARTESIAN_POINT('',(-1.1E0,0.E0,-1.75E0));
#2077=LINE('',#2076,#2075);
#2078=CURVE_STYLE('',#46,POSITIVE_LENGTH_MEASURE(2.E-2),#37);
#2079=PRESENTATION_STYLE_ASSIGNMENT((#2078));
#2080=STYLED_ITEM('',(#2079),#2077);
#2081=CARTESIAN_POINT('',(-1.001E0,0.E0,-1.449E0));
#2082=DIRECTION('',(0.E0,1.E0,0.E0));
#2083=DIRECTION('',(-1.E0,0.E0,0.E0));
#2084=AXIS2_PLACEMENT_3D('',#2081,#2082,#2083);
#2086=CURVE_STYLE('',#46,POSITIVE_LENGTH_MEASURE(2.E-2),#37);
#2087=PRESENTATION_STYLE_ASSIGNMENT((#2086));
#2088=STYLED_ITEM('',(#2087),#2085);
#2089=DIRECTION('',(1.E0,0.E0,0.E0));
#2090=VECTOR('',#2089,2.E-3);
#2091=CARTESIAN_POINT('',(-1.001E0,0.E0,-1.35E0));
#2092=LINE('',#2091,#2090);
#2093=CURVE_STYLE('',#46,POSITIVE_LENGTH_MEASURE(2.E-2),#37);
#2094=PRESENTATION_STYLE_ASSIGNMENT((#2093));
#2095=STYLED_ITEM('',(#2094),#2092);
#2096=CARTESIAN_POINT('',(-9.99E-1,0.E0,-1.449E0));
#2097=DIRECTION('',(0.E0,1.E0,0.E0));
#2098=DIRECTION('',(0.E0,0.E0,1.E0));
#2099=AXIS2_PLACEMENT_3D('',#2096,#2097,#2098);
#2101=CURVE_STYLE('',#46,POSITIVE_LENGTH_MEASURE(2.E-2),#37);
#2102=PRESENTATION_STYLE_ASSIGNMENT((#2101));
#2103=STYLED_ITEM('',(#2102),#2100);
#2104=DIRECTION('',(0.E0,0.E0,-1.E0));
#2105=VECTOR('',#2104,3.01E-1);
#2106=CARTESIAN_POINT('',(-9.E-1,0.E0,-1.449E0));
#2107=LINE('',#2106,#2105);
#2108=CURVE_STYLE('',#46,POSITIVE_LENGTH_MEASURE(2.E-2),#37);
#2109=PRESENTATION_STYLE_ASSIGNMENT((#2108));
#2110=STYLED_ITEM('',(#2109),#2107);
#2111=DIRECTION('',(0.E0,1.E0,0.E0));
#2112=VECTOR('',#2111,2.E-1);
#2113=CARTESIAN_POINT('',(-9.E-1,0.E0,-1.75E0));
#2114=LINE('',#2113,#2112);
#2115=CURVE_STYLE('',#46,POSITIVE_LENGTH_MEASURE(2.E-2),#37);
#2116=PRESENTATION_STYLE_ASSIGNMENT((#2115));
#2117=STYLED_ITEM('',(#2116),#2114);
#2118=DIRECTION('',(0.E0,1.E0,0.E0));
#2119=VECTOR('',#2118,2.E-1);
#2120=CARTESIAN_POINT('',(-9.E-1,0.E0,-1.449E0));
#2121=LINE('',#2120,#2119);
#2122=CURVE_STYLE('',#46,POSITIVE_LENGTH_MEASURE(2.E-2),#37);
#2123=PRESENTATION_STYLE_ASSIGNMENT((#2122));
#2124=STYLED_ITEM('',(#2123),#2121);
#2125=DIRECTION('',(0.E0,1.E0,0.E0));
#2126=VECTOR('',#2125,2.E-1);
#2127=CARTESIAN_POINT('',(-9.99E-1,0.E0,-1.35E0));
#2128=LINE('',#2127,#2126);
#2129=CURVE_STYLE('',#46,POSITIVE_LENGTH_MEASURE(2.E-2),#37);
#2130=PRESENTATION_STYLE_ASSIGNMENT((#2129));
#2131=STYLED_ITEM('',(#2130),#2128);
#2132=DIRECTION('',(0.E0,1.E0,0.E0));
#2133=VECTOR('',#2132,2.E-1);
#2134=CARTESIAN_POINT('',(-1.001E0,0.E0,-1.35E0));
#2135=LINE('',#2134,#2133);
#2136=CURVE_STYLE('',#46,POSITIVE_LENGTH_MEASURE(2.E-2),#37);
#2137=PRESENTATION_STYLE_ASSIGNMENT((#2136));
#2138=STYLED_ITEM('',(#2137),#2135);
#2139=DIRECTION('',(0.E0,1.E0,0.E0));
#2140=VECTOR('',#2139,2.E-1);
#2141=CARTESIAN_POINT('',(-1.1E0,0.E0,-1.449E0));
#2142=LINE('',#2141,#2140);
#2143=CURVE_STYLE('',#46,POSITIVE_LENGTH_MEASURE(2.E-2),#37);
#2144=PRESENTATION_STYLE_ASSIGNMENT((#2143));
#2145=STYLED_ITEM('',(#2144),#2142);
#2146=DIRECTION('',(0.E0,1.E0,0.E0));
#2147=VECTOR('',#2146,2.E-1);
#2148=CARTESIAN_POINT('',(-1.1E0,0.E0,-1.75E0));
#2149=LINE('',#2148,#2147);
#2150=CURVE_STYLE('',#46,POSITIVE_LENGTH_MEASURE(2.E-2),#37);
#2151=PRESENTATION_STYLE_ASSIGNMENT((#2150));
#2152=STYLED_ITEM('',(#2151),#2149);
#2153=DIRECTION('',(1.E0,0.E0,0.E0));
#2154=VECTOR('',#2153,2.E-1);
#2155=CARTESIAN_POINT('',(-1.1E0,2.E-1,-1.75E0));
#2156=LINE('',#2155,#2154);
#2157=CURVE_STYLE('',#46,POSITIVE_LENGTH_MEASURE(2.E-2),#37);
#2158=PRESENTATION_STYLE_ASSIGNMENT((#2157));
#2159=STYLED_ITEM('',(#2158),#2156);
#2160=DIRECTION('',(0.E0,0.E0,-1.E0));
#2161=VECTOR('',#2160,3.01E-1);
#2162=CARTESIAN_POINT('',(-9.E-1,2.E-1,-1.449E0));
#2163=LINE('',#2162,#2161);
#2164=CURVE_STYLE('',#46,POSITIVE_LENGTH_MEASURE(2.E-2),#37);
#2165=PRESENTATION_STYLE_ASSIGNMENT((#2164));
#2166=STYLED_ITEM('',(#2165),#2163);
#2167=CARTESIAN_POINT('',(-9.99E-1,2.E-1,-1.449E0));
#2168=DIRECTION('',(0.E0,1.E0,0.E0));
#2169=DIRECTION('',(0.E0,0.E0,1.E0));
#2170=AXIS2_PLACEMENT_3D('',#2167,#2168,#2169);
#2172=CURVE_STYLE('',#46,POSITIVE_LENGTH_MEASURE(2.E-2),#37);
#2173=PRESENTATION_STYLE_ASSIGNMENT((#2172));
#2174=STYLED_ITEM('',(#2173),#2171);
#2175=DIRECTION('',(1.E0,0.E0,0.E0));
#2176=VECTOR('',#2175,2.E-3);
#2177=CARTESIAN_POINT('',(-1.001E0,2.E-1,-1.35E0));
#2178=LINE('',#2177,#2176);
#2179=CURVE_STYLE('',#46,POSITIVE_LENGTH_MEASURE(2.E-2),#37);
#2180=PRESENTATION_STYLE_ASSIGNMENT((#2179));
#2181=STYLED_ITEM('',(#2180),#2178);
#2182=CARTESIAN_POINT('',(-1.001E0,2.E-1,-1.449E0));
#2183=DIRECTION('',(0.E0,1.E0,0.E0));
#2184=DIRECTION('',(-1.E0,0.E0,0.E0));
#2185=AXIS2_PLACEMENT_3D('',#2182,#2183,#2184);
#2187=CURVE_STYLE('',#46,POSITIVE_LENGTH_MEASURE(2.E-2),#37);
#2188=PRESENTATION_STYLE_ASSIGNMENT((#2187));
#2189=STYLED_ITEM('',(#2188),#2186);
#2190=DIRECTION('',(0.E0,0.E0,1.E0));
#2191=VECTOR('',#2190,3.01E-1);
#2192=CARTESIAN_POINT('',(-1.1E0,2.E-1,-1.75E0));
#2193=LINE('',#2192,#2191);
#2194=CURVE_STYLE('',#46,POSITIVE_LENGTH_MEASURE(2.E-2),#37);
#2195=PRESENTATION_STYLE_ASSIGNMENT((#2194));
#2196=STYLED_ITEM('',(#2195),#2193);
#2197=CARTESIAN_POINT('',(-1.1E0,0.E0,-1.449E0));
#2198=CARTESIAN_POINT('',(-1.001E0,0.E0,-1.35E0));
#2199=VERTEX_POINT('',#2197);
#2200=VERTEX_POINT('',#2198);
#2201=CARTESIAN_POINT('',(-9.99E-1,0.E0,-1.35E0));
#2202=VERTEX_POINT('',#2201);
#2203=CARTESIAN_POINT('',(-9.E-1,0.E0,-1.449E0));
#2204=VERTEX_POINT('',#2203);
#2205=CARTESIAN_POINT('',(-1.1E0,2.E-1,-1.449E0));
#2206=CARTESIAN_POINT('',(-1.001E0,2.E-1,-1.35E0));
#2207=VERTEX_POINT('',#2205);
#2208=VERTEX_POINT('',#2206);
#2209=CARTESIAN_POINT('',(-9.99E-1,2.E-1,-1.35E0));
#2210=VERTEX_POINT('',#2209);
#2211=CARTESIAN_POINT('',(-9.E-1,2.E-1,-1.449E0));
#2212=VERTEX_POINT('',#2211);
#2213=CARTESIAN_POINT('',(-1.1E0,0.E0,-1.75E0));
#2214=CARTESIAN_POINT('',(-9.E-1,0.E0,-1.75E0));
#2215=VERTEX_POINT('',#2213);
#2216=VERTEX_POINT('',#2214);
#2217=CARTESIAN_POINT('',(-1.1E0,2.E-1,-1.75E0));
#2218=VERTEX_POINT('',#2217);
#2219=CARTESIAN_POINT('',(-9.E-1,2.E-1,-1.75E0));
#2220=VERTEX_POINT('',#2219);
#2221=CARTESIAN_POINT('',(0.E0,0.E0,0.E0));
#2222=DIRECTION('',(0.E0,1.E0,0.E0));
#2223=DIRECTION('',(1.E0,0.E0,0.E0));
#2224=AXIS2_PLACEMENT_3D('',#2221,#2222,#2223);
#2225=PLANE('',#2224);
#2227=ORIENTED_EDGE('',*,*,#2226,.F.);
#2229=ORIENTED_EDGE('',*,*,#2228,.T.);
#2231=ORIENTED_EDGE('',*,*,#2230,.T.);
#2233=ORIENTED_EDGE('',*,*,#2232,.T.);
#2235=ORIENTED_EDGE('',*,*,#2234,.T.);
#2237=ORIENTED_EDGE('',*,*,#2236,.T.);
#2238=EDGE_LOOP('',(#2227,#2229,#2231,#2233,#2235,#2237));
#2239=FACE_OUTER_BOUND('',#2238,.F.);
#2240=ADVANCED_FACE('',(#2239),#2225,.F.);
#2241=CARTESIAN_POINT('',(-2.E0,0.E0,-1.75E0));
#2242=DIRECTION('',(0.E0,0.E0,1.E0));
#2243=DIRECTION('',(1.E0,0.E0,0.E0));
#2244=AXIS2_PLACEMENT_3D('',#2241,#2242,#2243);
#2245=PLANE('',#2244);
#2246=ORIENTED_EDGE('',*,*,#2226,.T.);
#2248=ORIENTED_EDGE('',*,*,#2247,.T.);
#2250=ORIENTED_EDGE('',*,*,#2249,.F.);
#2252=ORIENTED_EDGE('',*,*,#2251,.F.);
#2253=EDGE_LOOP('',(#2246,#2248,#2250,#2252));
#2254=FACE_OUTER_BOUND('',#2253,.F.);
#2255=ADVANCED_FACE('',(#2254),#2245,.F.);
#2256=FILL_AREA_STYLE_COLOUR('',#39);
#2257=FILL_AREA_STYLE('',(#2256));
#2258=SURFACE_STYLE_FILL_AREA(#2257);
#2259=SURFACE_SIDE_STYLE('',(#2258));
#2260=SURFACE_STYLE_USAGE(.POSITIVE.,#2259);
#2261=PRESENTATION_STYLE_ASSIGNMENT((#2260));
#2262=OVER_RIDING_STYLED_ITEM('',(#2261),#2255,#2066);
#2263=CARTESIAN_POINT('',(-9.E-1,0.E0,-1.449E0));
#2264=DIRECTION('',(1.E0,0.E0,0.E0));
#2265=DIRECTION('',(0.E0,0.E0,-1.E0));
#2266=AXIS2_PLACEMENT_3D('',#2263,#2264,#2265);
#2267=PLANE('',#2266);
#2268=ORIENTED_EDGE('',*,*,#2247,.F.);
#2269=ORIENTED_EDGE('',*,*,#2236,.F.);
#2271=ORIENTED_EDGE('',*,*,#2270,.T.);
#2273=ORIENTED_EDGE('',*,*,#2272,.T.);
#2274=EDGE_LOOP('',(#2268,#2269,#2271,#2273));
#2275=FACE_OUTER_BOUND('',#2274,.F.);
#2276=ADVANCED_FACE('',(#2275),#2267,.T.);
#2277=CARTESIAN_POINT('',(-9.99E-1,0.E0,-1.449E0));
#2278=DIRECTION('',(0.E0,1.E0,0.E0));
#2279=DIRECTION('',(1.E0,0.E0,0.E0));
#2280=AXIS2_PLACEMENT_3D('',#2277,#2278,#2279);
#2281=CYLINDRICAL_SURFACE('',#2280,9.9E-2);
#2282=ORIENTED_EDGE('',*,*,#2234,.F.);
#2284=ORIENTED_EDGE('',*,*,#2283,.T.);
#2286=ORIENTED_EDGE('',*,*,#2285,.T.);
#2287=ORIENTED_EDGE('',*,*,#2270,.F.);
#2288=EDGE_LOOP('',(#2282,#2284,#2286,#2287));
#2289=FACE_OUTER_BOUND('',#2288,.F.);
#2290=ADVANCED_FACE('',(#2289),#2281,.T.);
#2291=CARTESIAN_POINT('',(-1.001E0,0.E0,-1.35E0));
#2292=DIRECTION('',(0.E0,0.E0,1.E0));
#2293=DIRECTION('',(1.E0,0.E0,0.E0));
#2294=AXIS2_PLACEMENT_3D('',#2291,#2292,#2293);
#2295=PLANE('',#2294);
#2296=ORIENTED_EDGE('',*,*,#2232,.F.);
#2298=ORIENTED_EDGE('',*,*,#2297,.T.);
#2300=ORIENTED_EDGE('',*,*,#2299,.T.);
#2301=ORIENTED_EDGE('',*,*,#2283,.F.);
#2302=EDGE_LOOP('',(#2296,#2298,#2300,#2301));
#2303=FACE_OUTER_BOUND('',#2302,.F.);
#2304=ADVANCED_FACE('',(#2303),#2295,.T.);
#2305=CARTESIAN_POINT('',(-1.001E0,0.E0,-1.449E0));
#2306=DIRECTION('',(0.E0,1.E0,0.E0));
#2307=DIRECTION('',(1.E0,0.E0,0.E0));
#2308=AXIS2_PLACEMENT_3D('',#2305,#2306,#2307);
#2309=CYLINDRICAL_SURFACE('',#2308,9.9E-2);
#2310=ORIENTED_EDGE('',*,*,#2230,.F.);
#2312=ORIENTED_EDGE('',*,*,#2311,.T.);
#2314=ORIENTED_EDGE('',*,*,#2313,.T.);
#2315=ORIENTED_EDGE('',*,*,#2297,.F.);
#2316=EDGE_LOOP('',(#2310,#2312,#2314,#2315));
#2317=FACE_OUTER_BOUND('',#2316,.F.);
#2318=ADVANCED_FACE('',(#2317),#2309,.T.);
#2319=CARTESIAN_POINT('',(-1.1E0,0.E0,-1.85E0));
#2320=DIRECTION('',(-1.E0,0.E0,0.E0));
#2321=DIRECTION('',(0.E0,0.E0,1.E0));
#2322=AXIS2_PLACEMENT_3D('',#2319,#2320,#2321);
#2323=PLANE('',#2322);
#2324=ORIENTED_EDGE('',*,*,#2251,.T.);
#2326=ORIENTED_EDGE('',*,*,#2325,.T.);
#2327=ORIENTED_EDGE('',*,*,#2311,.F.);
#2328=ORIENTED_EDGE('',*,*,#2228,.F.);
#2329=EDGE_LOOP('',(#2324,#2326,#2327,#2328));
#2330=FACE_OUTER_BOUND('',#2329,.F.);
#2331=ADVANCED_FACE('',(#2330),#2323,.T.);
#2332=CARTESIAN_POINT('',(0.E0,2.E-1,0.E0));
#2333=DIRECTION('',(0.E0,1.E0,0.E0));
#2334=DIRECTION('',(1.E0,0.E0,0.E0));
#2335=AXIS2_PLACEMENT_3D('',#2332,#2333,#2334);
#2336=PLANE('',#2335);
#2337=ORIENTED_EDGE('',*,*,#2249,.T.);
#2338=ORIENTED_EDGE('',*,*,#2272,.F.);
#2339=ORIENTED_EDGE('',*,*,#2285,.F.);
#2340=ORIENTED_EDGE('',*,*,#2299,.F.);
#2341=ORIENTED_EDGE('',*,*,#2313,.F.);
#2342=ORIENTED_EDGE('',*,*,#2325,.F.);
#2343=EDGE_LOOP('',(#2337,#2338,#2339,#2340,#2341,#2342));
#2344=FACE_OUTER_BOUND('',#2343,.F.);
#2345=ADVANCED_FACE('',(#2344),#2336,.T.);
#2346=CLOSED_SHELL('',(#2240,#2255,#2276,#2290,#2304,#2318,#2331,#2345));
#2347=MANIFOLD_SOLID_BREP('',#2346);
#2348=FILL_AREA_STYLE_COLOUR('',#37);
#2349=FILL_AREA_STYLE('',(#2348));
#2350=SURFACE_STYLE_FILL_AREA(#2349);
#2351=SURFACE_SIDE_STYLE('',(#2350));
#2352=SURFACE_STYLE_USAGE(.POSITIVE.,#2351);
#2353=PRESENTATION_STYLE_ASSIGNMENT((#2352));
#2066=STYLED_ITEM('',(#2353),#2347);
#2355=DIRECTION('',(1.E0,0.E0,0.E0));
#2356=VECTOR('',#2355,2.E-1);
#2357=CARTESIAN_POINT('',(-7.E-1,0.E0,-1.75E0));
#2358=LINE('',#2357,#2356);
#2359=CURVE_STYLE('',#46,POSITIVE_LENGTH_MEASURE(2.E-2),#37);
#2360=PRESENTATION_STYLE_ASSIGNMENT((#2359));
#2361=STYLED_ITEM('',(#2360),#2358);
#2362=DIRECTION('',(0.E0,0.E0,1.E0));
#2363=VECTOR('',#2362,3.01E-1);
#2364=CARTESIAN_POINT('',(-7.E-1,0.E0,-1.75E0));
#2365=LINE('',#2364,#2363);
#2366=CURVE_STYLE('',#46,POSITIVE_LENGTH_MEASURE(2.E-2),#37);
#2367=PRESENTATION_STYLE_ASSIGNMENT((#2366));
#2368=STYLED_ITEM('',(#2367),#2365);
#2369=CARTESIAN_POINT('',(-6.01E-1,0.E0,-1.449E0));
#2370=DIRECTION('',(0.E0,1.E0,0.E0));
#2371=DIRECTION('',(-1.E0,0.E0,0.E0));
#2372=AXIS2_PLACEMENT_3D('',#2369,#2370,#2371);
#2374=CURVE_STYLE('',#46,POSITIVE_LENGTH_MEASURE(2.E-2),#37);
#2375=PRESENTATION_STYLE_ASSIGNMENT((#2374));
#2376=STYLED_ITEM('',(#2375),#2373);
#2377=DIRECTION('',(1.E0,0.E0,0.E0));
#2378=VECTOR('',#2377,2.E-3);
#2379=CARTESIAN_POINT('',(-6.01E-1,0.E0,-1.35E0));
#2380=LINE('',#2379,#2378);
#2381=CURVE_STYLE('',#46,POSITIVE_LENGTH_MEASURE(2.E-2),#37);
#2382=PRESENTATION_STYLE_ASSIGNMENT((#2381));
#2383=STYLED_ITEM('',(#2382),#2380);
#2384=CARTESIAN_POINT('',(-5.99E-1,0.E0,-1.449E0));
#2385=DIRECTION('',(0.E0,1.E0,0.E0));
#2386=DIRECTION('',(0.E0,0.E0,1.E0));
#2387=AXIS2_PLACEMENT_3D('',#2384,#2385,#2386);
#2389=CURVE_STYLE('',#46,POSITIVE_LENGTH_MEASURE(2.E-2),#37);
#2390=PRESENTATION_STYLE_ASSIGNMENT((#2389));
#2391=STYLED_ITEM('',(#2390),#2388);
#2392=DIRECTION('',(0.E0,0.E0,-1.E0));
#2393=VECTOR('',#2392,3.01E-1);
#2394=CARTESIAN_POINT('',(-5.E-1,0.E0,-1.449E0));
#2395=LINE('',#2394,#2393);
#2396=CURVE_STYLE('',#46,POSITIVE_LENGTH_MEASURE(2.E-2),#37);
#2397=PRESENTATION_STYLE_ASSIGNMENT((#2396));
#2398=STYLED_ITEM('',(#2397),#2395);
#2399=DIRECTION('',(0.E0,1.E0,0.E0));
#2400=VECTOR('',#2399,2.E-1);
#2401=CARTESIAN_POINT('',(-5.E-1,0.E0,-1.75E0));
#2402=LINE('',#2401,#2400);
#2403=CURVE_STYLE('',#46,POSITIVE_LENGTH_MEASURE(2.E-2),#37);
#2404=PRESENTATION_STYLE_ASSIGNMENT((#2403));
#2405=STYLED_ITEM('',(#2404),#2402);
#2406=DIRECTION('',(0.E0,1.E0,0.E0));
#2407=VECTOR('',#2406,2.E-1);
#2408=CARTESIAN_POINT('',(-5.E-1,0.E0,-1.449E0));
#2409=LINE('',#2408,#2407);
#2410=CURVE_STYLE('',#46,POSITIVE_LENGTH_MEASURE(2.E-2),#37);
#2411=PRESENTATION_STYLE_ASSIGNMENT((#2410));
#2412=STYLED_ITEM('',(#2411),#2409);
#2413=DIRECTION('',(0.E0,1.E0,0.E0));
#2414=VECTOR('',#2413,2.E-1);
#2415=CARTESIAN_POINT('',(-5.99E-1,0.E0,-1.35E0));
#2416=LINE('',#2415,#2414);
#2417=CURVE_STYLE('',#46,POSITIVE_LENGTH_MEASURE(2.E-2),#37);
#2418=PRESENTATION_STYLE_ASSIGNMENT((#2417));
#2419=STYLED_ITEM('',(#2418),#2416);
#2420=DIRECTION('',(0.E0,1.E0,0.E0));
#2421=VECTOR('',#2420,2.E-1);
#2422=CARTESIAN_POINT('',(-6.01E-1,0.E0,-1.35E0));
#2423=LINE('',#2422,#2421);
#2424=CURVE_STYLE('',#46,POSITIVE_LENGTH_MEASURE(2.E-2),#37);
#2425=PRESENTATION_STYLE_ASSIGNMENT((#2424));
#2426=STYLED_ITEM('',(#2425),#2423);
#2427=DIRECTION('',(0.E0,1.E0,0.E0));
#2428=VECTOR('',#2427,2.E-1);
#2429=CARTESIAN_POINT('',(-7.E-1,0.E0,-1.449E0));
#2430=LINE('',#2429,#2428);
#2431=CURVE_STYLE('',#46,POSITIVE_LENGTH_MEASURE(2.E-2),#37);
#2432=PRESENTATION_STYLE_ASSIGNMENT((#2431));
#2433=STYLED_ITEM('',(#2432),#2430);
#2434=DIRECTION('',(0.E0,1.E0,0.E0));
#2435=VECTOR('',#2434,2.E-1);
#2436=CARTESIAN_POINT('',(-7.E-1,0.E0,-1.75E0));
#2437=LINE('',#2436,#2435);
#2438=CURVE_STYLE('',#46,POSITIVE_LENGTH_MEASURE(2.E-2),#37);
#2439=PRESENTATION_STYLE_ASSIGNMENT((#2438));
#2440=STYLED_ITEM('',(#2439),#2437);
#2441=DIRECTION('',(1.E0,0.E0,0.E0));
#2442=VECTOR('',#2441,2.E-1);
#2443=CARTESIAN_POINT('',(-7.E-1,2.E-1,-1.75E0));
#2444=LINE('',#2443,#2442);
#2445=CURVE_STYLE('',#46,POSITIVE_LENGTH_MEASURE(2.E-2),#37);
#2446=PRESENTATION_STYLE_ASSIGNMENT((#2445));
#2447=STYLED_ITEM('',(#2446),#2444);
#2448=DIRECTION('',(0.E0,0.E0,-1.E0));
#2449=VECTOR('',#2448,3.01E-1);
#2450=CARTESIAN_POINT('',(-5.E-1,2.E-1,-1.449E0));
#2451=LINE('',#2450,#2449);
#2452=CURVE_STYLE('',#46,POSITIVE_LENGTH_MEASURE(2.E-2),#37);
#2453=PRESENTATION_STYLE_ASSIGNMENT((#2452));
#2454=STYLED_ITEM('',(#2453),#2451);
#2455=CARTESIAN_POINT('',(-5.99E-1,2.E-1,-1.449E0));
#2456=DIRECTION('',(0.E0,1.E0,0.E0));
#2457=DIRECTION('',(0.E0,0.E0,1.E0));
#2458=AXIS2_PLACEMENT_3D('',#2455,#2456,#2457);
#2460=CURVE_STYLE('',#46,POSITIVE_LENGTH_MEASURE(2.E-2),#37);
#2461=PRESENTATION_STYLE_ASSIGNMENT((#2460));
#2462=STYLED_ITEM('',(#2461),#2459);
#2463=DIRECTION('',(1.E0,0.E0,0.E0));
#2464=VECTOR('',#2463,2.E-3);
#2465=CARTESIAN_POINT('',(-6.01E-1,2.E-1,-1.35E0));
#2466=LINE('',#2465,#2464);
#2467=CURVE_STYLE('',#46,POSITIVE_LENGTH_MEASURE(2.E-2),#37);
#2468=PRESENTATION_STYLE_ASSIGNMENT((#2467));
#2469=STYLED_ITEM('',(#2468),#2466);
#2470=CARTESIAN_POINT('',(-6.01E-1,2.E-1,-1.449E0));
#2471=DIRECTION('',(0.E0,1.E0,0.E0));
#2472=DIRECTION('',(-1.E0,0.E0,0.E0));
#2473=AXIS2_PLACEMENT_3D('',#2470,#2471,#2472);
#2475=CURVE_STYLE('',#46,POSITIVE_LENGTH_MEASURE(2.E-2),#37);
#2476=PRESENTATION_STYLE_ASSIGNMENT((#2475));
#2477=STYLED_ITEM('',(#2476),#2474);
#2478=DIRECTION('',(0.E0,0.E0,1.E0));
#2479=VECTOR('',#2478,3.01E-1);
#2480=CARTESIAN_POINT('',(-7.E-1,2.E-1,-1.75E0));
#2481=LINE('',#2480,#2479);
#2482=CURVE_STYLE('',#46,POSITIVE_LENGTH_MEASURE(2.E-2),#37);
#2483=PRESENTATION_STYLE_ASSIGNMENT((#2482));
#2484=STYLED_ITEM('',(#2483),#2481);
#2485=CARTESIAN_POINT('',(-7.E-1,0.E0,-1.449E0));
#2486=CARTESIAN_POINT('',(-6.01E-1,0.E0,-1.35E0));
#2487=VERTEX_POINT('',#2485);
#2488=VERTEX_POINT('',#2486);
#2489=CARTESIAN_POINT('',(-5.99E-1,0.E0,-1.35E0));
#2490=VERTEX_POINT('',#2489);
#2491=CARTESIAN_POINT('',(-5.E-1,0.E0,-1.449E0));
#2492=VERTEX_POINT('',#2491);
#2493=CARTESIAN_POINT('',(-7.E-1,2.E-1,-1.449E0));
#2494=CARTESIAN_POINT('',(-6.01E-1,2.E-1,-1.35E0));
#2495=VERTEX_POINT('',#2493);
#2496=VERTEX_POINT('',#2494);
#2497=CARTESIAN_POINT('',(-5.99E-1,2.E-1,-1.35E0));
#2498=VERTEX_POINT('',#2497);
#2499=CARTESIAN_POINT('',(-5.E-1,2.E-1,-1.449E0));
#2500=VERTEX_POINT('',#2499);
#2501=CARTESIAN_POINT('',(-7.E-1,0.E0,-1.75E0));
#2502=CARTESIAN_POINT('',(-5.E-1,0.E0,-1.75E0));
#2503=VERTEX_POINT('',#2501);
#2504=VERTEX_POINT('',#2502);
#2505=CARTESIAN_POINT('',(-7.E-1,2.E-1,-1.75E0));
#2506=VERTEX_POINT('',#2505);
#2507=CARTESIAN_POINT('',(-5.E-1,2.E-1,-1.75E0));
#2508=VERTEX_POINT('',#2507);
#2509=CARTESIAN_POINT('',(0.E0,0.E0,0.E0));
#2510=DIRECTION('',(0.E0,1.E0,0.E0));
#2511=DIRECTION('',(1.E0,0.E0,0.E0));
#2512=AXIS2_PLACEMENT_3D('',#2509,#2510,#2511);
#2513=PLANE('',#2512);
#2515=ORIENTED_EDGE('',*,*,#2514,.F.);
#2517=ORIENTED_EDGE('',*,*,#2516,.T.);
#2519=ORIENTED_EDGE('',*,*,#2518,.T.);
#2521=ORIENTED_EDGE('',*,*,#2520,.T.);
#2523=ORIENTED_EDGE('',*,*,#2522,.T.);
#2525=ORIENTED_EDGE('',*,*,#2524,.T.);
#2526=EDGE_LOOP('',(#2515,#2517,#2519,#2521,#2523,#2525));
#2527=FACE_OUTER_BOUND('',#2526,.F.);
#2528=ADVANCED_FACE('',(#2527),#2513,.F.);
#2529=CARTESIAN_POINT('',(-2.E0,0.E0,-1.75E0));
#2530=DIRECTION('',(0.E0,0.E0,1.E0));
#2531=DIRECTION('',(1.E0,0.E0,0.E0));
#2532=AXIS2_PLACEMENT_3D('',#2529,#2530,#2531);
#2533=PLANE('',#2532);
#2534=ORIENTED_EDGE('',*,*,#2514,.T.);
#2536=ORIENTED_EDGE('',*,*,#2535,.T.);
#2538=ORIENTED_EDGE('',*,*,#2537,.F.);
#2540=ORIENTED_EDGE('',*,*,#2539,.F.);
#2541=EDGE_LOOP('',(#2534,#2536,#2538,#2540));
#2542=FACE_OUTER_BOUND('',#2541,.F.);
#2543=ADVANCED_FACE('',(#2542),#2533,.F.);
#2544=FILL_AREA_STYLE_COLOUR('',#39);
#2545=FILL_AREA_STYLE('',(#2544));
#2546=SURFACE_STYLE_FILL_AREA(#2545);
#2547=SURFACE_SIDE_STYLE('',(#2546));
#2548=SURFACE_STYLE_USAGE(.POSITIVE.,#2547);
#2549=PRESENTATION_STYLE_ASSIGNMENT((#2548));
#2550=OVER_RIDING_STYLED_ITEM('',(#2549),#2543,#2354);
#2551=CARTESIAN_POINT('',(-5.E-1,0.E0,-1.449E0));
#2552=DIRECTION('',(1.E0,0.E0,0.E0));
#2553=DIRECTION('',(0.E0,0.E0,-1.E0));
#2554=AXIS2_PLACEMENT_3D('',#2551,#2552,#2553);
#2555=PLANE('',#2554);
#2556=ORIENTED_EDGE('',*,*,#2535,.F.);
#2557=ORIENTED_EDGE('',*,*,#2524,.F.);
#2559=ORIENTED_EDGE('',*,*,#2558,.T.);
#2561=ORIENTED_EDGE('',*,*,#2560,.T.);
#2562=EDGE_LOOP('',(#2556,#2557,#2559,#2561));
#2563=FACE_OUTER_BOUND('',#2562,.F.);
#2564=ADVANCED_FACE('',(#2563),#2555,.T.);
#2565=CARTESIAN_POINT('',(-5.99E-1,0.E0,-1.449E0));
#2566=DIRECTION('',(0.E0,1.E0,0.E0));
#2567=DIRECTION('',(1.E0,0.E0,0.E0));
#2568=AXIS2_PLACEMENT_3D('',#2565,#2566,#2567);
#2569=CYLINDRICAL_SURFACE('',#2568,9.9E-2);
#2570=ORIENTED_EDGE('',*,*,#2522,.F.);
#2572=ORIENTED_EDGE('',*,*,#2571,.T.);
#2574=ORIENTED_EDGE('',*,*,#2573,.T.);
#2575=ORIENTED_EDGE('',*,*,#2558,.F.);
#2576=EDGE_LOOP('',(#2570,#2572,#2574,#2575));
#2577=FACE_OUTER_BOUND('',#2576,.F.);
#2578=ADVANCED_FACE('',(#2577),#2569,.T.);
#2579=CARTESIAN_POINT('',(-6.01E-1,0.E0,-1.35E0));
#2580=DIRECTION('',(0.E0,0.E0,1.E0));
#2581=DIRECTION('',(1.E0,0.E0,0.E0));
#2582=AXIS2_PLACEMENT_3D('',#2579,#2580,#2581);
#2583=PLANE('',#2582);
#2584=ORIENTED_EDGE('',*,*,#2520,.F.);
#2586=ORIENTED_EDGE('',*,*,#2585,.T.);
#2588=ORIENTED_EDGE('',*,*,#2587,.T.);
#2589=ORIENTED_EDGE('',*,*,#2571,.F.);
#2590=EDGE_LOOP('',(#2584,#2586,#2588,#2589));
#2591=FACE_OUTER_BOUND('',#2590,.F.);
#2592=ADVANCED_FACE('',(#2591),#2583,.T.);
#2593=CARTESIAN_POINT('',(-6.01E-1,0.E0,-1.449E0));
#2594=DIRECTION('',(0.E0,1.E0,0.E0));
#2595=DIRECTION('',(1.E0,0.E0,0.E0));
#2596=AXIS2_PLACEMENT_3D('',#2593,#2594,#2595);
#2597=CYLINDRICAL_SURFACE('',#2596,9.9E-2);
#2598=ORIENTED_EDGE('',*,*,#2518,.F.);
#2600=ORIENTED_EDGE('',*,*,#2599,.T.);
#2602=ORIENTED_EDGE('',*,*,#2601,.T.);
#2603=ORIENTED_EDGE('',*,*,#2585,.F.);
#2604=EDGE_LOOP('',(#2598,#2600,#2602,#2603));
#2605=FACE_OUTER_BOUND('',#2604,.F.);
#2606=ADVANCED_FACE('',(#2605),#2597,.T.);
#2607=CARTESIAN_POINT('',(-7.E-1,0.E0,-1.85E0));
#2608=DIRECTION('',(-1.E0,0.E0,0.E0));
#2609=DIRECTION('',(0.E0,0.E0,1.E0));
#2610=AXIS2_PLACEMENT_3D('',#2607,#2608,#2609);
#2611=PLANE('',#2610);
#2612=ORIENTED_EDGE('',*,*,#2539,.T.);
#2614=ORIENTED_EDGE('',*,*,#2613,.T.);
#2615=ORIENTED_EDGE('',*,*,#2599,.F.);
#2616=ORIENTED_EDGE('',*,*,#2516,.F.);
#2617=EDGE_LOOP('',(#2612,#2614,#2615,#2616));
#2618=FACE_OUTER_BOUND('',#2617,.F.);
#2619=ADVANCED_FACE('',(#2618),#2611,.T.);
#2620=CARTESIAN_POINT('',(0.E0,2.E-1,0.E0));
#2621=DIRECTION('',(0.E0,1.E0,0.E0));
#2622=DIRECTION('',(1.E0,0.E0,0.E0));
#2623=AXIS2_PLACEMENT_3D('',#2620,#2621,#2622);
#2624=PLANE('',#2623);
#2625=ORIENTED_EDGE('',*,*,#2537,.T.);
#2626=ORIENTED_EDGE('',*,*,#2560,.F.);
#2627=ORIENTED_EDGE('',*,*,#2573,.F.);
#2628=ORIENTED_EDGE('',*,*,#2587,.F.);
#2629=ORIENTED_EDGE('',*,*,#2601,.F.);
#2630=ORIENTED_EDGE('',*,*,#2613,.F.);
#2631=EDGE_LOOP('',(#2625,#2626,#2627,#2628,#2629,#2630));
#2632=FACE_OUTER_BOUND('',#2631,.F.);
#2633=ADVANCED_FACE('',(#2632),#2624,.T.);
#2634=CLOSED_SHELL('',(#2528,#2543,#2564,#2578,#2592,#2606,#2619,#2633));
#2635=MANIFOLD_SOLID_BREP('',#2634);
#2636=FILL_AREA_STYLE_COLOUR('',#37);
#2637=FILL_AREA_STYLE('',(#2636));
#2638=SURFACE_STYLE_FILL_AREA(#2637);
#2639=SURFACE_SIDE_STYLE('',(#2638));
#2640=SURFACE_STYLE_USAGE(.POSITIVE.,#2639);
#2641=PRESENTATION_STYLE_ASSIGNMENT((#2640));
#2354=STYLED_ITEM('',(#2641),#2635);
#2643=DIRECTION('',(1.E0,0.E0,0.E0));
#2644=VECTOR('',#2643,2.E-1);
#2645=CARTESIAN_POINT('',(-3.E-1,0.E0,-1.75E0));
#2646=LINE('',#2645,#2644);
#2647=CURVE_STYLE('',#46,POSITIVE_LENGTH_MEASURE(2.E-2),#37);
#2648=PRESENTATION_STYLE_ASSIGNMENT((#2647));
#2649=STYLED_ITEM('',(#2648),#2646);
#2650=DIRECTION('',(0.E0,0.E0,1.E0));
#2651=VECTOR('',#2650,3.01E-1);
#2652=CARTESIAN_POINT('',(-3.E-1,0.E0,-1.75E0));
#2653=LINE('',#2652,#2651);
#2654=CURVE_STYLE('',#46,POSITIVE_LENGTH_MEASURE(2.E-2),#37);
#2655=PRESENTATION_STYLE_ASSIGNMENT((#2654));
#2656=STYLED_ITEM('',(#2655),#2653);
#2657=CARTESIAN_POINT('',(-2.01E-1,0.E0,-1.449E0));
#2658=DIRECTION('',(0.E0,1.E0,0.E0));
#2659=DIRECTION('',(-1.E0,0.E0,0.E0));
#2660=AXIS2_PLACEMENT_3D('',#2657,#2658,#2659);
#2662=CURVE_STYLE('',#46,POSITIVE_LENGTH_MEASURE(2.E-2),#37);
#2663=PRESENTATION_STYLE_ASSIGNMENT((#2662));
#2664=STYLED_ITEM('',(#2663),#2661);
#2665=DIRECTION('',(1.E0,0.E0,0.E0));
#2666=VECTOR('',#2665,2.E-3);
#2667=CARTESIAN_POINT('',(-2.01E-1,0.E0,-1.35E0));
#2668=LINE('',#2667,#2666);
#2669=CURVE_STYLE('',#46,POSITIVE_LENGTH_MEASURE(2.E-2),#37);
#2670=PRESENTATION_STYLE_ASSIGNMENT((#2669));
#2671=STYLED_ITEM('',(#2670),#2668);
#2672=CARTESIAN_POINT('',(-1.99E-1,0.E0,-1.449E0));
#2673=DIRECTION('',(0.E0,1.E0,0.E0));
#2674=DIRECTION('',(0.E0,0.E0,1.E0));
#2675=AXIS2_PLACEMENT_3D('',#2672,#2673,#2674);
#2677=CURVE_STYLE('',#46,POSITIVE_LENGTH_MEASURE(2.E-2),#37);
#2678=PRESENTATION_STYLE_ASSIGNMENT((#2677));
#2679=STYLED_ITEM('',(#2678),#2676);
#2680=DIRECTION('',(0.E0,0.E0,-1.E0));
#2681=VECTOR('',#2680,3.01E-1);
#2682=CARTESIAN_POINT('',(-1.E-1,0.E0,-1.449E0));
#2683=LINE('',#2682,#2681);
#2684=CURVE_STYLE('',#46,POSITIVE_LENGTH_MEASURE(2.E-2),#37);
#2685=PRESENTATION_STYLE_ASSIGNMENT((#2684));
#2686=STYLED_ITEM('',(#2685),#2683);
#2687=DIRECTION('',(0.E0,1.E0,0.E0));
#2688=VECTOR('',#2687,2.E-1);
#2689=CARTESIAN_POINT('',(-1.E-1,0.E0,-1.75E0));
#2690=LINE('',#2689,#2688);
#2691=CURVE_STYLE('',#46,POSITIVE_LENGTH_MEASURE(2.E-2),#37);
#2692=PRESENTATION_STYLE_ASSIGNMENT((#2691));
#2693=STYLED_ITEM('',(#2692),#2690);
#2694=DIRECTION('',(0.E0,1.E0,0.E0));
#2695=VECTOR('',#2694,2.E-1);
#2696=CARTESIAN_POINT('',(-1.E-1,0.E0,-1.449E0));
#2697=LINE('',#2696,#2695);
#2698=CURVE_STYLE('',#46,POSITIVE_LENGTH_MEASURE(2.E-2),#37);
#2699=PRESENTATION_STYLE_ASSIGNMENT((#2698));
#2700=STYLED_ITEM('',(#2699),#2697);
#2701=DIRECTION('',(0.E0,1.E0,0.E0));
#2702=VECTOR('',#2701,2.E-1);
#2703=CARTESIAN_POINT('',(-1.99E-1,0.E0,-1.35E0));
#2704=LINE('',#2703,#2702);
#2705=CURVE_STYLE('',#46,POSITIVE_LENGTH_MEASURE(2.E-2),#37);
#2706=PRESENTATION_STYLE_ASSIGNMENT((#2705));
#2707=STYLED_ITEM('',(#2706),#2704);
#2708=DIRECTION('',(0.E0,1.E0,0.E0));
#2709=VECTOR('',#2708,2.E-1);
#2710=CARTESIAN_POINT('',(-2.01E-1,0.E0,-1.35E0));
#2711=LINE('',#2710,#2709);
#2712=CURVE_STYLE('',#46,POSITIVE_LENGTH_MEASURE(2.E-2),#37);
#2713=PRESENTATION_STYLE_ASSIGNMENT((#2712));
#2714=STYLED_ITEM('',(#2713),#2711);
#2715=DIRECTION('',(0.E0,1.E0,0.E0));
#2716=VECTOR('',#2715,2.E-1);
#2717=CARTESIAN_POINT('',(-3.E-1,0.E0,-1.449E0));
#2718=LINE('',#2717,#2716);
#2719=CURVE_STYLE('',#46,POSITIVE_LENGTH_MEASURE(2.E-2),#37);
#2720=PRESENTATION_STYLE_ASSIGNMENT((#2719));
#2721=STYLED_ITEM('',(#2720),#2718);
#2722=DIRECTION('',(0.E0,1.E0,0.E0));
#2723=VECTOR('',#2722,2.E-1);
#2724=CARTESIAN_POINT('',(-3.E-1,0.E0,-1.75E0));
#2725=LINE('',#2724,#2723);
#2726=CURVE_STYLE('',#46,POSITIVE_LENGTH_MEASURE(2.E-2),#37);
#2727=PRESENTATION_STYLE_ASSIGNMENT((#2726));
#2728=STYLED_ITEM('',(#2727),#2725);
#2729=DIRECTION('',(1.E0,0.E0,0.E0));
#2730=VECTOR('',#2729,2.E-1);
#2731=CARTESIAN_POINT('',(-3.E-1,2.E-1,-1.75E0));
#2732=LINE('',#2731,#2730);
#2733=CURVE_STYLE('',#46,POSITIVE_LENGTH_MEASURE(2.E-2),#37);
#2734=PRESENTATION_STYLE_ASSIGNMENT((#2733));
#2735=STYLED_ITEM('',(#2734),#2732);
#2736=DIRECTION('',(0.E0,0.E0,-1.E0));
#2737=VECTOR('',#2736,3.01E-1);
#2738=CARTESIAN_POINT('',(-1.E-1,2.E-1,-1.449E0));
#2739=LINE('',#2738,#2737);
#2740=CURVE_STYLE('',#46,POSITIVE_LENGTH_MEASURE(2.E-2),#37);
#2741=PRESENTATION_STYLE_ASSIGNMENT((#2740));
#2742=STYLED_ITEM('',(#2741),#2739);
#2743=CARTESIAN_POINT('',(-1.99E-1,2.E-1,-1.449E0));
#2744=DIRECTION('',(0.E0,1.E0,0.E0));
#2745=DIRECTION('',(0.E0,0.E0,1.E0));
#2746=AXIS2_PLACEMENT_3D('',#2743,#2744,#2745);
#2748=CURVE_STYLE('',#46,POSITIVE_LENGTH_MEASURE(2.E-2),#37);
#2749=PRESENTATION_STYLE_ASSIGNMENT((#2748));
#2750=STYLED_ITEM('',(#2749),#2747);
#2751=DIRECTION('',(1.E0,0.E0,0.E0));
#2752=VECTOR('',#2751,2.E-3);
#2753=CARTESIAN_POINT('',(-2.01E-1,2.E-1,-1.35E0));
#2754=LINE('',#2753,#2752);
#2755=CURVE_STYLE('',#46,POSITIVE_LENGTH_MEASURE(2.E-2),#37);
#2756=PRESENTATION_STYLE_ASSIGNMENT((#2755));
#2757=STYLED_ITEM('',(#2756),#2754);
#2758=CARTESIAN_POINT('',(-2.01E-1,2.E-1,-1.449E0));
#2759=DIRECTION('',(0.E0,1.E0,0.E0));
#2760=DIRECTION('',(-1.E0,0.E0,0.E0));
#2761=AXIS2_PLACEMENT_3D('',#2758,#2759,#2760);
#2763=CURVE_STYLE('',#46,POSITIVE_LENGTH_MEASURE(2.E-2),#37);
#2764=PRESENTATION_STYLE_ASSIGNMENT((#2763));
#2765=STYLED_ITEM('',(#2764),#2762);
#2766=DIRECTION('',(0.E0,0.E0,1.E0));
#2767=VECTOR('',#2766,3.01E-1);
#2768=CARTESIAN_POINT('',(-3.E-1,2.E-1,-1.75E0));
#2769=LINE('',#2768,#2767);
#2770=CURVE_STYLE('',#46,POSITIVE_LENGTH_MEASURE(2.E-2),#37);
#2771=PRESENTATION_STYLE_ASSIGNMENT((#2770));
#2772=STYLED_ITEM('',(#2771),#2769);
#2773=CARTESIAN_POINT('',(-3.E-1,0.E0,-1.449E0));
#2774=CARTESIAN_POINT('',(-2.01E-1,0.E0,-1.35E0));
#2775=VERTEX_POINT('',#2773);
#2776=VERTEX_POINT('',#2774);
#2777=CARTESIAN_POINT('',(-1.99E-1,0.E0,-1.35E0));
#2778=VERTEX_POINT('',#2777);
#2779=CARTESIAN_POINT('',(-1.E-1,0.E0,-1.449E0));
#2780=VERTEX_POINT('',#2779);
#2781=CARTESIAN_POINT('',(-3.E-1,2.E-1,-1.449E0));
#2782=CARTESIAN_POINT('',(-2.01E-1,2.E-1,-1.35E0));
#2783=VERTEX_POINT('',#2781);
#2784=VERTEX_POINT('',#2782);
#2785=CARTESIAN_POINT('',(-1.99E-1,2.E-1,-1.35E0));
#2786=VERTEX_POINT('',#2785);
#2787=CARTESIAN_POINT('',(-1.E-1,2.E-1,-1.449E0));
#2788=VERTEX_POINT('',#2787);
#2789=CARTESIAN_POINT('',(-3.E-1,0.E0,-1.75E0));
#2790=CARTESIAN_POINT('',(-1.E-1,0.E0,-1.75E0));
#2791=VERTEX_POINT('',#2789);
#2792=VERTEX_POINT('',#2790);
#2793=CARTESIAN_POINT('',(-3.E-1,2.E-1,-1.75E0));
#2794=VERTEX_POINT('',#2793);
#2795=CARTESIAN_POINT('',(-1.E-1,2.E-1,-1.75E0));
#2796=VERTEX_POINT('',#2795);
#2797=CARTESIAN_POINT('',(0.E0,0.E0,0.E0));
#2798=DIRECTION('',(0.E0,1.E0,0.E0));
#2799=DIRECTION('',(1.E0,0.E0,0.E0));
#2800=AXIS2_PLACEMENT_3D('',#2797,#2798,#2799);
#2801=PLANE('',#2800);
#2803=ORIENTED_EDGE('',*,*,#2802,.F.);
#2805=ORIENTED_EDGE('',*,*,#2804,.T.);
#2807=ORIENTED_EDGE('',*,*,#2806,.T.);
#2809=ORIENTED_EDGE('',*,*,#2808,.T.);
#2811=ORIENTED_EDGE('',*,*,#2810,.T.);
#2813=ORIENTED_EDGE('',*,*,#2812,.T.);
#2814=EDGE_LOOP('',(#2803,#2805,#2807,#2809,#2811,#2813));
#2815=FACE_OUTER_BOUND('',#2814,.F.);
#2816=ADVANCED_FACE('',(#2815),#2801,.F.);
#2817=CARTESIAN_POINT('',(-2.E0,0.E0,-1.75E0));
#2818=DIRECTION('',(0.E0,0.E0,1.E0));
#2819=DIRECTION('',(1.E0,0.E0,0.E0));
#2820=AXIS2_PLACEMENT_3D('',#2817,#2818,#2819);
#2821=PLANE('',#2820);
#2822=ORIENTED_EDGE('',*,*,#2802,.T.);
#2824=ORIENTED_EDGE('',*,*,#2823,.T.);
#2826=ORIENTED_EDGE('',*,*,#2825,.F.);
#2828=ORIENTED_EDGE('',*,*,#2827,.F.);
#2829=EDGE_LOOP('',(#2822,#2824,#2826,#2828));
#2830=FACE_OUTER_BOUND('',#2829,.F.);
#2831=ADVANCED_FACE('',(#2830),#2821,.F.);
#2832=FILL_AREA_STYLE_COLOUR('',#39);
#2833=FILL_AREA_STYLE('',(#2832));
#2834=SURFACE_STYLE_FILL_AREA(#2833);
#2835=SURFACE_SIDE_STYLE('',(#2834));
#2836=SURFACE_STYLE_USAGE(.POSITIVE.,#2835);
#2837=PRESENTATION_STYLE_ASSIGNMENT((#2836));
#2838=OVER_RIDING_STYLED_ITEM('',(#2837),#2831,#2642);
#2839=CARTESIAN_POINT('',(-1.E-1,0.E0,-1.449E0));
#2840=DIRECTION('',(1.E0,0.E0,0.E0));
#2841=DIRECTION('',(0.E0,0.E0,-1.E0));
#2842=AXIS2_PLACEMENT_3D('',#2839,#2840,#2841);
#2843=PLANE('',#2842);
#2844=ORIENTED_EDGE('',*,*,#2823,.F.);
#2845=ORIENTED_EDGE('',*,*,#2812,.F.);
#2847=ORIENTED_EDGE('',*,*,#2846,.T.);
#2849=ORIENTED_EDGE('',*,*,#2848,.T.);
#2850=EDGE_LOOP('',(#2844,#2845,#2847,#2849));
#2851=FACE_OUTER_BOUND('',#2850,.F.);
#2852=ADVANCED_FACE('',(#2851),#2843,.T.);
#2853=CARTESIAN_POINT('',(-1.99E-1,0.E0,-1.449E0));
#2854=DIRECTION('',(0.E0,1.E0,0.E0));
#2855=DIRECTION('',(1.E0,0.E0,0.E0));
#2856=AXIS2_PLACEMENT_3D('',#2853,#2854,#2855);
#2857=CYLINDRICAL_SURFACE('',#2856,9.9E-2);
#2858=ORIENTED_EDGE('',*,*,#2810,.F.);
#2860=ORIENTED_EDGE('',*,*,#2859,.T.);
#2862=ORIENTED_EDGE('',*,*,#2861,.T.);
#2863=ORIENTED_EDGE('',*,*,#2846,.F.);
#2864=EDGE_LOOP('',(#2858,#2860,#2862,#2863));
#2865=FACE_OUTER_BOUND('',#2864,.F.);
#2866=ADVANCED_FACE('',(#2865),#2857,.T.);
#2867=CARTESIAN_POINT('',(-2.01E-1,0.E0,-1.35E0));
#2868=DIRECTION('',(0.E0,0.E0,1.E0));
#2869=DIRECTION('',(1.E0,0.E0,0.E0));
#2870=AXIS2_PLACEMENT_3D('',#2867,#2868,#2869);
#2871=PLANE('',#2870);
#2872=ORIENTED_EDGE('',*,*,#2808,.F.);
#2874=ORIENTED_EDGE('',*,*,#2873,.T.);
#2876=ORIENTED_EDGE('',*,*,#2875,.T.);
#2877=ORIENTED_EDGE('',*,*,#2859,.F.);
#2878=EDGE_LOOP('',(#2872,#2874,#2876,#2877));
#2879=FACE_OUTER_BOUND('',#2878,.F.);
#2880=ADVANCED_FACE('',(#2879),#2871,.T.);
#2881=CARTESIAN_POINT('',(-2.01E-1,0.E0,-1.449E0));
#2882=DIRECTION('',(0.E0,1.E0,0.E0));
#2883=DIRECTION('',(1.E0,0.E0,0.E0));
#2884=AXIS2_PLACEMENT_3D('',#2881,#2882,#2883);
#2885=CYLINDRICAL_SURFACE('',#2884,9.9E-2);
#2886=ORIENTED_EDGE('',*,*,#2806,.F.);
#2888=ORIENTED_EDGE('',*,*,#2887,.T.);
#2890=ORIENTED_EDGE('',*,*,#2889,.T.);
#2891=ORIENTED_EDGE('',*,*,#2873,.F.);
#2892=EDGE_LOOP('',(#2886,#2888,#2890,#2891));
#2893=FACE_OUTER_BOUND('',#2892,.F.);
#2894=ADVANCED_FACE('',(#2893),#2885,.T.);
#2895=CARTESIAN_POINT('',(-3.E-1,0.E0,-1.85E0));
#2896=DIRECTION('',(-1.E0,0.E0,0.E0));
#2897=DIRECTION('',(0.E0,0.E0,1.E0));
#2898=AXIS2_PLACEMENT_3D('',#2895,#2896,#2897);
#2899=PLANE('',#2898);
#2900=ORIENTED_EDGE('',*,*,#2827,.T.);
#2902=ORIENTED_EDGE('',*,*,#2901,.T.);
#2903=ORIENTED_EDGE('',*,*,#2887,.F.);
#2904=ORIENTED_EDGE('',*,*,#2804,.F.);
#2905=EDGE_LOOP('',(#2900,#2902,#2903,#2904));
#2906=FACE_OUTER_BOUND('',#2905,.F.);
#2907=ADVANCED_FACE('',(#2906),#2899,.T.);
#2908=CARTESIAN_POINT('',(0.E0,2.E-1,0.E0));
#2909=DIRECTION('',(0.E0,1.E0,0.E0));
#2910=DIRECTION('',(1.E0,0.E0,0.E0));
#2911=AXIS2_PLACEMENT_3D('',#2908,#2909,#2910);
#2912=PLANE('',#2911);
#2913=ORIENTED_EDGE('',*,*,#2825,.T.);
#2914=ORIENTED_EDGE('',*,*,#2848,.F.);
#2915=ORIENTED_EDGE('',*,*,#2861,.F.);
#2916=ORIENTED_EDGE('',*,*,#2875,.F.);
#2917=ORIENTED_EDGE('',*,*,#2889,.F.);
#2918=ORIENTED_EDGE('',*,*,#2901,.F.);
#2919=EDGE_LOOP('',(#2913,#2914,#2915,#2916,#2917,#2918));
#2920=FACE_OUTER_BOUND('',#2919,.F.);
#2921=ADVANCED_FACE('',(#2920),#2912,.T.);
#2922=CLOSED_SHELL('',(#2816,#2831,#2852,#2866,#2880,#2894,#2907,#2921));
#2923=MANIFOLD_SOLID_BREP('',#2922);
#2924=FILL_AREA_STYLE_COLOUR('',#37);
#2925=FILL_AREA_STYLE('',(#2924));
#2926=SURFACE_STYLE_FILL_AREA(#2925);
#2927=SURFACE_SIDE_STYLE('',(#2926));
#2928=SURFACE_STYLE_USAGE(.POSITIVE.,#2927);
#2929=PRESENTATION_STYLE_ASSIGNMENT((#2928));
#2642=STYLED_ITEM('',(#2929),#2923);
#2931=DIRECTION('',(1.E0,0.E0,0.E0));
#2932=VECTOR('',#2931,2.E-1);
#2933=CARTESIAN_POINT('',(1.E-1,0.E0,-1.75E0));
#2934=LINE('',#2933,#2932);
#2935=CURVE_STYLE('',#46,POSITIVE_LENGTH_MEASURE(2.E-2),#37);
#2936=PRESENTATION_STYLE_ASSIGNMENT((#2935));
#2937=STYLED_ITEM('',(#2936),#2934);
#2938=DIRECTION('',(0.E0,0.E0,1.E0));
#2939=VECTOR('',#2938,3.01E-1);
#2940=CARTESIAN_POINT('',(1.E-1,0.E0,-1.75E0));
#2941=LINE('',#2940,#2939);
#2942=CURVE_STYLE('',#46,POSITIVE_LENGTH_MEASURE(2.E-2),#37);
#2943=PRESENTATION_STYLE_ASSIGNMENT((#2942));
#2944=STYLED_ITEM('',(#2943),#2941);
#2945=CARTESIAN_POINT('',(1.99E-1,0.E0,-1.449E0));
#2946=DIRECTION('',(0.E0,1.E0,0.E0));
#2947=DIRECTION('',(-1.E0,0.E0,0.E0));
#2948=AXIS2_PLACEMENT_3D('',#2945,#2946,#2947);
#2950=CURVE_STYLE('',#46,POSITIVE_LENGTH_MEASURE(2.E-2),#37);
#2951=PRESENTATION_STYLE_ASSIGNMENT((#2950));
#2952=STYLED_ITEM('',(#2951),#2949);
#2953=DIRECTION('',(1.E0,0.E0,0.E0));
#2954=VECTOR('',#2953,2.E-3);
#2955=CARTESIAN_POINT('',(1.99E-1,0.E0,-1.35E0));
#2956=LINE('',#2955,#2954);
#2957=CURVE_STYLE('',#46,POSITIVE_LENGTH_MEASURE(2.E-2),#37);
#2958=PRESENTATION_STYLE_ASSIGNMENT((#2957));
#2959=STYLED_ITEM('',(#2958),#2956);
#2960=CARTESIAN_POINT('',(2.01E-1,0.E0,-1.449E0));
#2961=DIRECTION('',(0.E0,1.E0,0.E0));
#2962=DIRECTION('',(0.E0,0.E0,1.E0));
#2963=AXIS2_PLACEMENT_3D('',#2960,#2961,#2962);
#2965=CURVE_STYLE('',#46,POSITIVE_LENGTH_MEASURE(2.E-2),#37);
#2966=PRESENTATION_STYLE_ASSIGNMENT((#2965));
#2967=STYLED_ITEM('',(#2966),#2964);
#2968=DIRECTION('',(0.E0,0.E0,-1.E0));
#2969=VECTOR('',#2968,3.01E-1);
#2970=CARTESIAN_POINT('',(3.E-1,0.E0,-1.449E0));
#2971=LINE('',#2970,#2969);
#2972=CURVE_STYLE('',#46,POSITIVE_LENGTH_MEASURE(2.E-2),#37);
#2973=PRESENTATION_STYLE_ASSIGNMENT((#2972));
#2974=STYLED_ITEM('',(#2973),#2971);
#2975=DIRECTION('',(0.E0,1.E0,0.E0));
#2976=VECTOR('',#2975,2.E-1);
#2977=CARTESIAN_POINT('',(3.E-1,0.E0,-1.75E0));
#2978=LINE('',#2977,#2976);
#2979=CURVE_STYLE('',#46,POSITIVE_LENGTH_MEASURE(2.E-2),#37);
#2980=PRESENTATION_STYLE_ASSIGNMENT((#2979));
#2981=STYLED_ITEM('',(#2980),#2978);
#2982=DIRECTION('',(0.E0,1.E0,0.E0));
#2983=VECTOR('',#2982,2.E-1);
#2984=CARTESIAN_POINT('',(3.E-1,0.E0,-1.449E0));
#2985=LINE('',#2984,#2983);
#2986=CURVE_STYLE('',#46,POSITIVE_LENGTH_MEASURE(2.E-2),#37);
#2987=PRESENTATION_STYLE_ASSIGNMENT((#2986));
#2988=STYLED_ITEM('',(#2987),#2985);
#2989=DIRECTION('',(0.E0,1.E0,0.E0));
#2990=VECTOR('',#2989,2.E-1);
#2991=CARTESIAN_POINT('',(2.01E-1,0.E0,-1.35E0));
#2992=LINE('',#2991,#2990);
#2993=CURVE_STYLE('',#46,POSITIVE_LENGTH_MEASURE(2.E-2),#37);
#2994=PRESENTATION_STYLE_ASSIGNMENT((#2993));
#2995=STYLED_ITEM('',(#2994),#2992);
#2996=DIRECTION('',(0.E0,1.E0,0.E0));
#2997=VECTOR('',#2996,2.E-1);
#2998=CARTESIAN_POINT('',(1.99E-1,0.E0,-1.35E0));
#2999=LINE('',#2998,#2997);
#3000=CURVE_STYLE('',#46,POSITIVE_LENGTH_MEASURE(2.E-2),#37);
#3001=PRESENTATION_STYLE_ASSIGNMENT((#3000));
#3002=STYLED_ITEM('',(#3001),#2999);
#3003=DIRECTION('',(0.E0,1.E0,0.E0));
#3004=VECTOR('',#3003,2.E-1);
#3005=CARTESIAN_POINT('',(1.E-1,0.E0,-1.449E0));
#3006=LINE('',#3005,#3004);
#3007=CURVE_STYLE('',#46,POSITIVE_LENGTH_MEASURE(2.E-2),#37);
#3008=PRESENTATION_STYLE_ASSIGNMENT((#3007));
#3009=STYLED_ITEM('',(#3008),#3006);
#3010=DIRECTION('',(0.E0,1.E0,0.E0));
#3011=VECTOR('',#3010,2.E-1);
#3012=CARTESIAN_POINT('',(1.E-1,0.E0,-1.75E0));
#3013=LINE('',#3012,#3011);
#3014=CURVE_STYLE('',#46,POSITIVE_LENGTH_MEASURE(2.E-2),#37);
#3015=PRESENTATION_STYLE_ASSIGNMENT((#3014));
#3016=STYLED_ITEM('',(#3015),#3013);
#3017=DIRECTION('',(1.E0,0.E0,0.E0));
#3018=VECTOR('',#3017,2.E-1);
#3019=CARTESIAN_POINT('',(1.E-1,2.E-1,-1.75E0));
#3020=LINE('',#3019,#3018);
#3021=CURVE_STYLE('',#46,POSITIVE_LENGTH_MEASURE(2.E-2),#37);
#3022=PRESENTATION_STYLE_ASSIGNMENT((#3021));
#3023=STYLED_ITEM('',(#3022),#3020);
#3024=DIRECTION('',(0.E0,0.E0,-1.E0));
#3025=VECTOR('',#3024,3.01E-1);
#3026=CARTESIAN_POINT('',(3.E-1,2.E-1,-1.449E0));
#3027=LINE('',#3026,#3025);
#3028=CURVE_STYLE('',#46,POSITIVE_LENGTH_MEASURE(2.E-2),#37);
#3029=PRESENTATION_STYLE_ASSIGNMENT((#3028));
#3030=STYLED_ITEM('',(#3029),#3027);
#3031=CARTESIAN_POINT('',(2.01E-1,2.E-1,-1.449E0));
#3032=DIRECTION('',(0.E0,1.E0,0.E0));
#3033=DIRECTION('',(0.E0,0.E0,1.E0));
#3034=AXIS2_PLACEMENT_3D('',#3031,#3032,#3033);
#3036=CURVE_STYLE('',#46,POSITIVE_LENGTH_MEASURE(2.E-2),#37);
#3037=PRESENTATION_STYLE_ASSIGNMENT((#3036));
#3038=STYLED_ITEM('',(#3037),#3035);
#3039=DIRECTION('',(1.E0,0.E0,0.E0));
#3040=VECTOR('',#3039,2.E-3);
#3041=CARTESIAN_POINT('',(1.99E-1,2.E-1,-1.35E0));
#3042=LINE('',#3041,#3040);
#3043=CURVE_STYLE('',#46,POSITIVE_LENGTH_MEASURE(2.E-2),#37);
#3044=PRESENTATION_STYLE_ASSIGNMENT((#3043));
#3045=STYLED_ITEM('',(#3044),#3042);
#3046=CARTESIAN_POINT('',(1.99E-1,2.E-1,-1.449E0));
#3047=DIRECTION('',(0.E0,1.E0,0.E0));
#3048=DIRECTION('',(-1.E0,0.E0,0.E0));
#3049=AXIS2_PLACEMENT_3D('',#3046,#3047,#3048);
#3051=CURVE_STYLE('',#46,POSITIVE_LENGTH_MEASURE(2.E-2),#37);
#3052=PRESENTATION_STYLE_ASSIGNMENT((#3051));
#3053=STYLED_ITEM('',(#3052),#3050);
#3054=DIRECTION('',(0.E0,0.E0,1.E0));
#3055=VECTOR('',#3054,3.01E-1);
#3056=CARTESIAN_POINT('',(1.E-1,2.E-1,-1.75E0));
#3057=LINE('',#3056,#3055);
#3058=CURVE_STYLE('',#46,POSITIVE_LENGTH_MEASURE(2.E-2),#37);
#3059=PRESENTATION_STYLE_ASSIGNMENT((#3058));
#3060=STYLED_ITEM('',(#3059),#3057);
#3061=CARTESIAN_POINT('',(1.E-1,0.E0,-1.449E0));
#3062=CARTESIAN_POINT('',(1.99E-1,0.E0,-1.35E0));
#3063=VERTEX_POINT('',#3061);
#3064=VERTEX_POINT('',#3062);
#3065=CARTESIAN_POINT('',(2.01E-1,0.E0,-1.35E0));
#3066=VERTEX_POINT('',#3065);
#3067=CARTESIAN_POINT('',(3.E-1,0.E0,-1.449E0));
#3068=VERTEX_POINT('',#3067);
#3069=CARTESIAN_POINT('',(1.E-1,2.E-1,-1.449E0));
#3070=CARTESIAN_POINT('',(1.99E-1,2.E-1,-1.35E0));
#3071=VERTEX_POINT('',#3069);
#3072=VERTEX_POINT('',#3070);
#3073=CARTESIAN_POINT('',(2.01E-1,2.E-1,-1.35E0));
#3074=VERTEX_POINT('',#3073);
#3075=CARTESIAN_POINT('',(3.E-1,2.E-1,-1.449E0));
#3076=VERTEX_POINT('',#3075);
#3077=CARTESIAN_POINT('',(1.E-1,0.E0,-1.75E0));
#3078=CARTESIAN_POINT('',(3.E-1,0.E0,-1.75E0));
#3079=VERTEX_POINT('',#3077);
#3080=VERTEX_POINT('',#3078);
#3081=CARTESIAN_POINT('',(1.E-1,2.E-1,-1.75E0));
#3082=VERTEX_POINT('',#3081);
#3083=CARTESIAN_POINT('',(3.E-1,2.E-1,-1.75E0));
#3084=VERTEX_POINT('',#3083);
#3085=CARTESIAN_POINT('',(0.E0,0.E0,0.E0));
#3086=DIRECTION('',(0.E0,1.E0,0.E0));
#3087=DIRECTION('',(1.E0,0.E0,0.E0));
#3088=AXIS2_PLACEMENT_3D('',#3085,#3086,#3087);
#3089=PLANE('',#3088);
#3091=ORIENTED_EDGE('',*,*,#3090,.F.);
#3093=ORIENTED_EDGE('',*,*,#3092,.T.);
#3095=ORIENTED_EDGE('',*,*,#3094,.T.);
#3097=ORIENTED_EDGE('',*,*,#3096,.T.);
#3099=ORIENTED_EDGE('',*,*,#3098,.T.);
#3101=ORIENTED_EDGE('',*,*,#3100,.T.);
#3102=EDGE_LOOP('',(#3091,#3093,#3095,#3097,#3099,#3101));
#3103=FACE_OUTER_BOUND('',#3102,.F.);
#3104=ADVANCED_FACE('',(#3103),#3089,.F.);
#3105=CARTESIAN_POINT('',(-2.E0,0.E0,-1.75E0));
#3106=DIRECTION('',(0.E0,0.E0,1.E0));
#3107=DIRECTION('',(1.E0,0.E0,0.E0));
#3108=AXIS2_PLACEMENT_3D('',#3105,#3106,#3107);
#3109=PLANE('',#3108);
#3110=ORIENTED_EDGE('',*,*,#3090,.T.);
#3112=ORIENTED_EDGE('',*,*,#3111,.T.);
#3114=ORIENTED_EDGE('',*,*,#3113,.F.);
#3116=ORIENTED_EDGE('',*,*,#3115,.F.);
#3117=EDGE_LOOP('',(#3110,#3112,#3114,#3116));
#3118=FACE_OUTER_BOUND('',#3117,.F.);
#3119=ADVANCED_FACE('',(#3118),#3109,.F.);
#3120=FILL_AREA_STYLE_COLOUR('',#39);
#3121=FILL_AREA_STYLE('',(#3120));
#3122=SURFACE_STYLE_FILL_AREA(#3121);
#3123=SURFACE_SIDE_STYLE('',(#3122));
#3124=SURFACE_STYLE_USAGE(.POSITIVE.,#3123);
#3125=PRESENTATION_STYLE_ASSIGNMENT((#3124));
#3126=OVER_RIDING_STYLED_ITEM('',(#3125),#3119,#2930);
#3127=CARTESIAN_POINT('',(3.E-1,0.E0,-1.449E0));
#3128=DIRECTION('',(1.E0,0.E0,0.E0));
#3129=DIRECTION('',(0.E0,0.E0,-1.E0));
#3130=AXIS2_PLACEMENT_3D('',#3127,#3128,#3129);
#3131=PLANE('',#3130);
#3132=ORIENTED_EDGE('',*,*,#3111,.F.);
#3133=ORIENTED_EDGE('',*,*,#3100,.F.);
#3135=ORIENTED_EDGE('',*,*,#3134,.T.);
#3137=ORIENTED_EDGE('',*,*,#3136,.T.);
#3138=EDGE_LOOP('',(#3132,#3133,#3135,#3137));
#3139=FACE_OUTER_BOUND('',#3138,.F.);
#3140=ADVANCED_FACE('',(#3139),#3131,.T.);
#3141=CARTESIAN_POINT('',(2.01E-1,0.E0,-1.449E0));
#3142=DIRECTION('',(0.E0,1.E0,0.E0));
#3143=DIRECTION('',(1.E0,0.E0,0.E0));
#3144=AXIS2_PLACEMENT_3D('',#3141,#3142,#3143);
#3145=CYLINDRICAL_SURFACE('',#3144,9.9E-2);
#3146=ORIENTED_EDGE('',*,*,#3098,.F.);
#3148=ORIENTED_EDGE('',*,*,#3147,.T.);
#3150=ORIENTED_EDGE('',*,*,#3149,.T.);
#3151=ORIENTED_EDGE('',*,*,#3134,.F.);
#3152=EDGE_LOOP('',(#3146,#3148,#3150,#3151));
#3153=FACE_OUTER_BOUND('',#3152,.F.);
#3154=ADVANCED_FACE('',(#3153),#3145,.T.);
#3155=CARTESIAN_POINT('',(1.99E-1,0.E0,-1.35E0));
#3156=DIRECTION('',(0.E0,0.E0,1.E0));
#3157=DIRECTION('',(1.E0,0.E0,0.E0));
#3158=AXIS2_PLACEMENT_3D('',#3155,#3156,#3157);
#3159=PLANE('',#3158);
#3160=ORIENTED_EDGE('',*,*,#3096,.F.);
#3162=ORIENTED_EDGE('',*,*,#3161,.T.);
#3164=ORIENTED_EDGE('',*,*,#3163,.T.);
#3165=ORIENTED_EDGE('',*,*,#3147,.F.);
#3166=EDGE_LOOP('',(#3160,#3162,#3164,#3165));
#3167=FACE_OUTER_BOUND('',#3166,.F.);
#3168=ADVANCED_FACE('',(#3167),#3159,.T.);
#3169=CARTESIAN_POINT('',(1.99E-1,0.E0,-1.449E0));
#3170=DIRECTION('',(0.E0,1.E0,0.E0));
#3171=DIRECTION('',(1.E0,0.E0,0.E0));
#3172=AXIS2_PLACEMENT_3D('',#3169,#3170,#3171);
#3173=CYLINDRICAL_SURFACE('',#3172,9.9E-2);
#3174=ORIENTED_EDGE('',*,*,#3094,.F.);
#3176=ORIENTED_EDGE('',*,*,#3175,.T.);
#3178=ORIENTED_EDGE('',*,*,#3177,.T.);
#3179=ORIENTED_EDGE('',*,*,#3161,.F.);
#3180=EDGE_LOOP('',(#3174,#3176,#3178,#3179));
#3181=FACE_OUTER_BOUND('',#3180,.F.);
#3182=ADVANCED_FACE('',(#3181),#3173,.T.);
#3183=CARTESIAN_POINT('',(1.E-1,0.E0,-1.85E0));
#3184=DIRECTION('',(-1.E0,0.E0,0.E0));
#3185=DIRECTION('',(0.E0,0.E0,1.E0));
#3186=AXIS2_PLACEMENT_3D('',#3183,#3184,#3185);
#3187=PLANE('',#3186);
#3188=ORIENTED_EDGE('',*,*,#3115,.T.);
#3190=ORIENTED_EDGE('',*,*,#3189,.T.);
#3191=ORIENTED_EDGE('',*,*,#3175,.F.);
#3192=ORIENTED_EDGE('',*,*,#3092,.F.);
#3193=EDGE_LOOP('',(#3188,#3190,#3191,#3192));
#3194=FACE_OUTER_BOUND('',#3193,.F.);
#3195=ADVANCED_FACE('',(#3194),#3187,.T.);
#3196=CARTESIAN_POINT('',(0.E0,2.E-1,0.E0));
#3197=DIRECTION('',(0.E0,1.E0,0.E0));
#3198=DIRECTION('',(1.E0,0.E0,0.E0));
#3199=AXIS2_PLACEMENT_3D('',#3196,#3197,#3198);
#3200=PLANE('',#3199);
#3201=ORIENTED_EDGE('',*,*,#3113,.T.);
#3202=ORIENTED_EDGE('',*,*,#3136,.F.);
#3203=ORIENTED_EDGE('',*,*,#3149,.F.);
#3204=ORIENTED_EDGE('',*,*,#3163,.F.);
#3205=ORIENTED_EDGE('',*,*,#3177,.F.);
#3206=ORIENTED_EDGE('',*,*,#3189,.F.);
#3207=EDGE_LOOP('',(#3201,#3202,#3203,#3204,#3205,#3206));
#3208=FACE_OUTER_BOUND('',#3207,.F.);
#3209=ADVANCED_FACE('',(#3208),#3200,.T.);
#3210=CLOSED_SHELL('',(#3104,#3119,#3140,#3154,#3168,#3182,#3195,#3209));
#3211=MANIFOLD_SOLID_BREP('',#3210);
#3212=FILL_AREA_STYLE_COLOUR('',#37);
#3213=FILL_AREA_STYLE('',(#3212));
#3214=SURFACE_STYLE_FILL_AREA(#3213);
#3215=SURFACE_SIDE_STYLE('',(#3214));
#3216=SURFACE_STYLE_USAGE(.POSITIVE.,#3215);
#3217=PRESENTATION_STYLE_ASSIGNMENT((#3216));
#2930=STYLED_ITEM('',(#3217),#3211);
#3219=DIRECTION('',(1.E0,0.E0,0.E0));
#3220=VECTOR('',#3219,2.E-1);
#3221=CARTESIAN_POINT('',(-1.1E0,0.E0,1.75E0));
#3222=LINE('',#3221,#3220);
#3223=CURVE_STYLE('',#46,POSITIVE_LENGTH_MEASURE(2.E-2),#37);
#3224=PRESENTATION_STYLE_ASSIGNMENT((#3223));
#3225=STYLED_ITEM('',(#3224),#3222);
#3226=DIRECTION('',(0.E0,0.E0,1.E0));
#3227=VECTOR('',#3226,3.01E-1);
#3228=CARTESIAN_POINT('',(-9.E-1,0.E0,1.449E0));
#3229=LINE('',#3228,#3227);
#3230=CURVE_STYLE('',#46,POSITIVE_LENGTH_MEASURE(2.E-2),#37);
#3231=PRESENTATION_STYLE_ASSIGNMENT((#3230));
#3232=STYLED_ITEM('',(#3231),#3229);
#3233=CARTESIAN_POINT('',(-9.99E-1,0.E0,1.449E0));
#3234=DIRECTION('',(0.E0,-1.E0,0.E0));
#3235=DIRECTION('',(0.E0,0.E0,-1.E0));
#3236=AXIS2_PLACEMENT_3D('',#3233,#3234,#3235);
#3238=CURVE_STYLE('',#46,POSITIVE_LENGTH_MEASURE(2.E-2),#37);
#3239=PRESENTATION_STYLE_ASSIGNMENT((#3238));
#3240=STYLED_ITEM('',(#3239),#3237);
#3241=DIRECTION('',(1.E0,0.E0,0.E0));
#3242=VECTOR('',#3241,2.E-3);
#3243=CARTESIAN_POINT('',(-1.001E0,0.E0,1.35E0));
#3244=LINE('',#3243,#3242);
#3245=CURVE_STYLE('',#46,POSITIVE_LENGTH_MEASURE(2.E-2),#37);
#3246=PRESENTATION_STYLE_ASSIGNMENT((#3245));
#3247=STYLED_ITEM('',(#3246),#3244);
#3248=CARTESIAN_POINT('',(-1.001E0,0.E0,1.449E0));
#3249=DIRECTION('',(0.E0,-1.E0,0.E0));
#3250=DIRECTION('',(-1.E0,0.E0,0.E0));
#3251=AXIS2_PLACEMENT_3D('',#3248,#3249,#3250);
#3253=CURVE_STYLE('',#46,POSITIVE_LENGTH_MEASURE(2.E-2),#37);
#3254=PRESENTATION_STYLE_ASSIGNMENT((#3253));
#3255=STYLED_ITEM('',(#3254),#3252);
#3256=DIRECTION('',(0.E0,0.E0,-1.E0));
#3257=VECTOR('',#3256,3.01E-1);
#3258=CARTESIAN_POINT('',(-1.1E0,0.E0,1.75E0));
#3259=LINE('',#3258,#3257);
#3260=CURVE_STYLE('',#46,POSITIVE_LENGTH_MEASURE(2.E-2),#37);
#3261=PRESENTATION_STYLE_ASSIGNMENT((#3260));
#3262=STYLED_ITEM('',(#3261),#3259);
#3263=DIRECTION('',(0.E0,1.E0,0.E0));
#3264=VECTOR('',#3263,2.E-1);
#3265=CARTESIAN_POINT('',(-1.1E0,0.E0,1.75E0));
#3266=LINE('',#3265,#3264);
#3267=CURVE_STYLE('',#46,POSITIVE_LENGTH_MEASURE(2.E-2),#37);
#3268=PRESENTATION_STYLE_ASSIGNMENT((#3267));
#3269=STYLED_ITEM('',(#3268),#3266);
#3270=DIRECTION('',(0.E0,1.E0,0.E0));
#3271=VECTOR('',#3270,2.E-1);
#3272=CARTESIAN_POINT('',(-1.1E0,0.E0,1.449E0));
#3273=LINE('',#3272,#3271);
#3274=CURVE_STYLE('',#46,POSITIVE_LENGTH_MEASURE(2.E-2),#37);
#3275=PRESENTATION_STYLE_ASSIGNMENT((#3274));
#3276=STYLED_ITEM('',(#3275),#3273);
#3277=DIRECTION('',(0.E0,1.E0,0.E0));
#3278=VECTOR('',#3277,2.E-1);
#3279=CARTESIAN_POINT('',(-1.001E0,0.E0,1.35E0));
#3280=LINE('',#3279,#3278);
#3281=CURVE_STYLE('',#46,POSITIVE_LENGTH_MEASURE(2.E-2),#37);
#3282=PRESENTATION_STYLE_ASSIGNMENT((#3281));
#3283=STYLED_ITEM('',(#3282),#3280);
#3284=DIRECTION('',(0.E0,1.E0,0.E0));
#3285=VECTOR('',#3284,2.E-1);
#3286=CARTESIAN_POINT('',(-9.99E-1,0.E0,1.35E0));
#3287=LINE('',#3286,#3285);
#3288=CURVE_STYLE('',#46,POSITIVE_LENGTH_MEASURE(2.E-2),#37);
#3289=PRESENTATION_STYLE_ASSIGNMENT((#3288));
#3290=STYLED_ITEM('',(#3289),#3287);
#3291=DIRECTION('',(0.E0,1.E0,0.E0));
#3292=VECTOR('',#3291,2.E-1);
#3293=CARTESIAN_POINT('',(-9.E-1,0.E0,1.75E0));
#3294=LINE('',#3293,#3292);
#3295=CURVE_STYLE('',#46,POSITIVE_LENGTH_MEASURE(2.E-2),#37);
#3296=PRESENTATION_STYLE_ASSIGNMENT((#3295));
#3297=STYLED_ITEM('',(#3296),#3294);
#3298=DIRECTION('',(0.E0,1.E0,0.E0));
#3299=VECTOR('',#3298,2.E-1);
#3300=CARTESIAN_POINT('',(-9.E-1,0.E0,1.449E0));
#3301=LINE('',#3300,#3299);
#3302=CURVE_STYLE('',#46,POSITIVE_LENGTH_MEASURE(2.E-2),#37);
#3303=PRESENTATION_STYLE_ASSIGNMENT((#3302));
#3304=STYLED_ITEM('',(#3303),#3301);
#3305=DIRECTION('',(1.E0,0.E0,0.E0));
#3306=VECTOR('',#3305,2.E-1);
#3307=CARTESIAN_POINT('',(-1.1E0,2.E-1,1.75E0));
#3308=LINE('',#3307,#3306);
#3309=CURVE_STYLE('',#46,POSITIVE_LENGTH_MEASURE(2.E-2),#37);
#3310=PRESENTATION_STYLE_ASSIGNMENT((#3309));
#3311=STYLED_ITEM('',(#3310),#3308);
#3312=DIRECTION('',(0.E0,0.E0,-1.E0));
#3313=VECTOR('',#3312,3.01E-1);
#3314=CARTESIAN_POINT('',(-1.1E0,2.E-1,1.75E0));
#3315=LINE('',#3314,#3313);
#3316=CURVE_STYLE('',#46,POSITIVE_LENGTH_MEASURE(2.E-2),#37);
#3317=PRESENTATION_STYLE_ASSIGNMENT((#3316));
#3318=STYLED_ITEM('',(#3317),#3315);
#3319=CARTESIAN_POINT('',(-1.001E0,2.E-1,1.449E0));
#3320=DIRECTION('',(0.E0,-1.E0,0.E0));
#3321=DIRECTION('',(-1.E0,0.E0,0.E0));
#3322=AXIS2_PLACEMENT_3D('',#3319,#3320,#3321);
#3324=CURVE_STYLE('',#46,POSITIVE_LENGTH_MEASURE(2.E-2),#37);
#3325=PRESENTATION_STYLE_ASSIGNMENT((#3324));
#3326=STYLED_ITEM('',(#3325),#3323);
#3327=DIRECTION('',(1.E0,0.E0,0.E0));
#3328=VECTOR('',#3327,2.E-3);
#3329=CARTESIAN_POINT('',(-1.001E0,2.E-1,1.35E0));
#3330=LINE('',#3329,#3328);
#3331=CURVE_STYLE('',#46,POSITIVE_LENGTH_MEASURE(2.E-2),#37);
#3332=PRESENTATION_STYLE_ASSIGNMENT((#3331));
#3333=STYLED_ITEM('',(#3332),#3330);
#3334=CARTESIAN_POINT('',(-9.99E-1,2.E-1,1.449E0));
#3335=DIRECTION('',(0.E0,-1.E0,0.E0));
#3336=DIRECTION('',(0.E0,0.E0,-1.E0));
#3337=AXIS2_PLACEMENT_3D('',#3334,#3335,#3336);
#3339=CURVE_STYLE('',#46,POSITIVE_LENGTH_MEASURE(2.E-2),#37);
#3340=PRESENTATION_STYLE_ASSIGNMENT((#3339));
#3341=STYLED_ITEM('',(#3340),#3338);
#3342=DIRECTION('',(0.E0,0.E0,1.E0));
#3343=VECTOR('',#3342,3.01E-1);
#3344=CARTESIAN_POINT('',(-9.E-1,2.E-1,1.449E0));
#3345=LINE('',#3344,#3343);
#3346=CURVE_STYLE('',#46,POSITIVE_LENGTH_MEASURE(2.E-2),#37);
#3347=PRESENTATION_STYLE_ASSIGNMENT((#3346));
#3348=STYLED_ITEM('',(#3347),#3345);
#3349=CARTESIAN_POINT('',(-1.1E0,0.E0,1.449E0));
#3350=CARTESIAN_POINT('',(-1.001E0,0.E0,1.35E0));
#3351=VERTEX_POINT('',#3349);
#3352=VERTEX_POINT('',#3350);
#3353=CARTESIAN_POINT('',(-9.99E-1,0.E0,1.35E0));
#3354=VERTEX_POINT('',#3353);
#3355=CARTESIAN_POINT('',(-9.E-1,0.E0,1.449E0));
#3356=VERTEX_POINT('',#3355);
#3357=CARTESIAN_POINT('',(-1.1E0,2.E-1,1.449E0));
#3358=CARTESIAN_POINT('',(-1.001E0,2.E-1,1.35E0));
#3359=VERTEX_POINT('',#3357);
#3360=VERTEX_POINT('',#3358);
#3361=CARTESIAN_POINT('',(-9.99E-1,2.E-1,1.35E0));
#3362=VERTEX_POINT('',#3361);
#3363=CARTESIAN_POINT('',(-9.E-1,2.E-1,1.449E0));
#3364=VERTEX_POINT('',#3363);
#3365=CARTESIAN_POINT('',(-1.1E0,0.E0,1.75E0));
#3366=CARTESIAN_POINT('',(-9.E-1,0.E0,1.75E0));
#3367=VERTEX_POINT('',#3365);
#3368=VERTEX_POINT('',#3366);
#3369=CARTESIAN_POINT('',(-1.1E0,2.E-1,1.75E0));
#3370=VERTEX_POINT('',#3369);
#3371=CARTESIAN_POINT('',(-9.E-1,2.E-1,1.75E0));
#3372=VERTEX_POINT('',#3371);
#3373=CARTESIAN_POINT('',(0.E0,0.E0,0.E0));
#3374=DIRECTION('',(0.E0,-1.E0,0.E0));
#3375=DIRECTION('',(1.E0,0.E0,0.E0));
#3376=AXIS2_PLACEMENT_3D('',#3373,#3374,#3375);
#3377=PLANE('',#3376);
#3379=ORIENTED_EDGE('',*,*,#3378,.T.);
#3381=ORIENTED_EDGE('',*,*,#3380,.F.);
#3383=ORIENTED_EDGE('',*,*,#3382,.F.);
#3385=ORIENTED_EDGE('',*,*,#3384,.F.);
#3387=ORIENTED_EDGE('',*,*,#3386,.F.);
#3389=ORIENTED_EDGE('',*,*,#3388,.F.);
#3390=EDGE_LOOP('',(#3379,#3381,#3383,#3385,#3387,#3389));
#3391=FACE_OUTER_BOUND('',#3390,.F.);
#3392=ADVANCED_FACE('',(#3391),#3377,.T.);
#3393=CARTESIAN_POINT('',(2.E0,0.E0,1.75E0));
#3394=DIRECTION('',(0.E0,0.E0,-1.E0));
#3395=DIRECTION('',(-1.E0,0.E0,0.E0));
#3396=AXIS2_PLACEMENT_3D('',#3393,#3394,#3395);
#3397=PLANE('',#3396);
#3398=ORIENTED_EDGE('',*,*,#3378,.F.);
#3400=ORIENTED_EDGE('',*,*,#3399,.T.);
#3402=ORIENTED_EDGE('',*,*,#3401,.T.);
#3404=ORIENTED_EDGE('',*,*,#3403,.F.);
#3405=EDGE_LOOP('',(#3398,#3400,#3402,#3404));
#3406=FACE_OUTER_BOUND('',#3405,.F.);
#3407=ADVANCED_FACE('',(#3406),#3397,.F.);
#3408=FILL_AREA_STYLE_COLOUR('',#39);
#3409=FILL_AREA_STYLE('',(#3408));
#3410=SURFACE_STYLE_FILL_AREA(#3409);
#3411=SURFACE_SIDE_STYLE('',(#3410));
#3412=SURFACE_STYLE_USAGE(.POSITIVE.,#3411);
#3413=PRESENTATION_STYLE_ASSIGNMENT((#3412));
#3414=OVER_RIDING_STYLED_ITEM('',(#3413),#3407,#3218);
#3415=CARTESIAN_POINT('',(-1.1E0,0.E0,1.85E0));
#3416=DIRECTION('',(1.E0,0.E0,0.E0));
#3417=DIRECTION('',(0.E0,0.E0,-1.E0));
#3418=AXIS2_PLACEMENT_3D('',#3415,#3416,#3417);
#3419=PLANE('',#3418);
#3420=ORIENTED_EDGE('',*,*,#3399,.F.);
#3421=ORIENTED_EDGE('',*,*,#3388,.T.);
#3423=ORIENTED_EDGE('',*,*,#3422,.T.);
#3425=ORIENTED_EDGE('',*,*,#3424,.F.);
#3426=EDGE_LOOP('',(#3420,#3421,#3423,#3425));
#3427=FACE_OUTER_BOUND('',#3426,.F.);
#3428=ADVANCED_FACE('',(#3427),#3419,.F.);
#3429=CARTESIAN_POINT('',(-1.001E0,0.E0,1.449E0));
#3430=DIRECTION('',(0.E0,-1.E0,0.E0));
#3431=DIRECTION('',(1.E0,0.E0,0.E0));
#3432=AXIS2_PLACEMENT_3D('',#3429,#3430,#3431);
#3433=CYLINDRICAL_SURFACE('',#3432,9.9E-2);
#3434=ORIENTED_EDGE('',*,*,#3386,.T.);
#3436=ORIENTED_EDGE('',*,*,#3435,.T.);
#3438=ORIENTED_EDGE('',*,*,#3437,.F.);
#3439=ORIENTED_EDGE('',*,*,#3422,.F.);
#3440=EDGE_LOOP('',(#3434,#3436,#3438,#3439));
#3441=FACE_OUTER_BOUND('',#3440,.F.);
#3442=ADVANCED_FACE('',(#3441),#3433,.T.);
#3443=CARTESIAN_POINT('',(-1.001E0,0.E0,1.35E0));
#3444=DIRECTION('',(0.E0,0.E0,1.E0));
#3445=DIRECTION('',(1.E0,0.E0,0.E0));
#3446=AXIS2_PLACEMENT_3D('',#3443,#3444,#3445);
#3447=PLANE('',#3446);
#3448=ORIENTED_EDGE('',*,*,#3384,.T.);
#3450=ORIENTED_EDGE('',*,*,#3449,.T.);
#3452=ORIENTED_EDGE('',*,*,#3451,.F.);
#3453=ORIENTED_EDGE('',*,*,#3435,.F.);
#3454=EDGE_LOOP('',(#3448,#3450,#3452,#3453));
#3455=FACE_OUTER_BOUND('',#3454,.F.);
#3456=ADVANCED_FACE('',(#3455),#3447,.F.);
#3457=CARTESIAN_POINT('',(-9.99E-1,0.E0,1.449E0));
#3458=DIRECTION('',(0.E0,-1.E0,0.E0));
#3459=DIRECTION('',(1.E0,0.E0,0.E0));
#3460=AXIS2_PLACEMENT_3D('',#3457,#3458,#3459);
#3461=CYLINDRICAL_SURFACE('',#3460,9.9E-2);
#3462=ORIENTED_EDGE('',*,*,#3382,.T.);
#3464=ORIENTED_EDGE('',*,*,#3463,.T.);
#3466=ORIENTED_EDGE('',*,*,#3465,.F.);
#3467=ORIENTED_EDGE('',*,*,#3449,.F.);
#3468=EDGE_LOOP('',(#3462,#3464,#3466,#3467));
#3469=FACE_OUTER_BOUND('',#3468,.F.);
#3470=ADVANCED_FACE('',(#3469),#3461,.T.);
#3471=CARTESIAN_POINT('',(-9.E-1,0.E0,1.449E0));
#3472=DIRECTION('',(-1.E0,0.E0,0.E0));
#3473=DIRECTION('',(0.E0,0.E0,1.E0));
#3474=AXIS2_PLACEMENT_3D('',#3471,#3472,#3473);
#3475=PLANE('',#3474);
#3476=ORIENTED_EDGE('',*,*,#3403,.T.);
#3478=ORIENTED_EDGE('',*,*,#3477,.F.);
#3479=ORIENTED_EDGE('',*,*,#3463,.F.);
#3480=ORIENTED_EDGE('',*,*,#3380,.T.);
#3481=EDGE_LOOP('',(#3476,#3478,#3479,#3480));
#3482=FACE_OUTER_BOUND('',#3481,.F.);
#3483=ADVANCED_FACE('',(#3482),#3475,.F.);
#3484=CARTESIAN_POINT('',(0.E0,2.E-1,0.E0));
#3485=DIRECTION('',(0.E0,-1.E0,0.E0));
#3486=DIRECTION('',(1.E0,0.E0,0.E0));
#3487=AXIS2_PLACEMENT_3D('',#3484,#3485,#3486);
#3488=PLANE('',#3487);
#3489=ORIENTED_EDGE('',*,*,#3401,.F.);
#3490=ORIENTED_EDGE('',*,*,#3424,.T.);
#3491=ORIENTED_EDGE('',*,*,#3437,.T.);
#3492=ORIENTED_EDGE('',*,*,#3451,.T.);
#3493=ORIENTED_EDGE('',*,*,#3465,.T.);
#3494=ORIENTED_EDGE('',*,*,#3477,.T.);
#3495=EDGE_LOOP('',(#3489,#3490,#3491,#3492,#3493,#3494));
#3496=FACE_OUTER_BOUND('',#3495,.F.);
#3497=ADVANCED_FACE('',(#3496),#3488,.F.);
#3498=CLOSED_SHELL('',(#3392,#3407,#3428,#3442,#3456,#3470,#3483,#3497));
#3499=MANIFOLD_SOLID_BREP('',#3498);
#3500=FILL_AREA_STYLE_COLOUR('',#37);
#3501=FILL_AREA_STYLE('',(#3500));
#3502=SURFACE_STYLE_FILL_AREA(#3501);
#3503=SURFACE_SIDE_STYLE('',(#3502));
#3504=SURFACE_STYLE_USAGE(.POSITIVE.,#3503);
#3505=PRESENTATION_STYLE_ASSIGNMENT((#3504));
#3218=STYLED_ITEM('',(#3505),#3499);
#3507=DIRECTION('',(1.E0,0.E0,0.E0));
#3508=VECTOR('',#3507,2.E-1);
#3509=CARTESIAN_POINT('',(-7.E-1,0.E0,1.75E0));
#3510=LINE('',#3509,#3508);
#3511=CURVE_STYLE('',#46,POSITIVE_LENGTH_MEASURE(2.E-2),#37);
#3512=PRESENTATION_STYLE_ASSIGNMENT((#3511));
#3513=STYLED_ITEM('',(#3512),#3510);
#3514=DIRECTION('',(0.E0,0.E0,1.E0));
#3515=VECTOR('',#3514,3.01E-1);
#3516=CARTESIAN_POINT('',(-5.E-1,0.E0,1.449E0));
#3517=LINE('',#3516,#3515);
#3518=CURVE_STYLE('',#46,POSITIVE_LENGTH_MEASURE(2.E-2),#37);
#3519=PRESENTATION_STYLE_ASSIGNMENT((#3518));
#3520=STYLED_ITEM('',(#3519),#3517);
#3521=CARTESIAN_POINT('',(-5.99E-1,0.E0,1.449E0));
#3522=DIRECTION('',(0.E0,-1.E0,0.E0));
#3523=DIRECTION('',(0.E0,0.E0,-1.E0));
#3524=AXIS2_PLACEMENT_3D('',#3521,#3522,#3523);
#3526=CURVE_STYLE('',#46,POSITIVE_LENGTH_MEASURE(2.E-2),#37);
#3527=PRESENTATION_STYLE_ASSIGNMENT((#3526));
#3528=STYLED_ITEM('',(#3527),#3525);
#3529=DIRECTION('',(1.E0,0.E0,0.E0));
#3530=VECTOR('',#3529,2.E-3);
#3531=CARTESIAN_POINT('',(-6.01E-1,0.E0,1.35E0));
#3532=LINE('',#3531,#3530);
#3533=CURVE_STYLE('',#46,POSITIVE_LENGTH_MEASURE(2.E-2),#37);
#3534=PRESENTATION_STYLE_ASSIGNMENT((#3533));
#3535=STYLED_ITEM('',(#3534),#3532);
#3536=CARTESIAN_POINT('',(-6.01E-1,0.E0,1.449E0));
#3537=DIRECTION('',(0.E0,-1.E0,0.E0));
#3538=DIRECTION('',(-1.E0,0.E0,0.E0));
#3539=AXIS2_PLACEMENT_3D('',#3536,#3537,#3538);
#3541=CURVE_STYLE('',#46,POSITIVE_LENGTH_MEASURE(2.E-2),#37);
#3542=PRESENTATION_STYLE_ASSIGNMENT((#3541));
#3543=STYLED_ITEM('',(#3542),#3540);
#3544=DIRECTION('',(0.E0,0.E0,-1.E0));
#3545=VECTOR('',#3544,3.01E-1);
#3546=CARTESIAN_POINT('',(-7.E-1,0.E0,1.75E0));
#3547=LINE('',#3546,#3545);
#3548=CURVE_STYLE('',#46,POSITIVE_LENGTH_MEASURE(2.E-2),#37);
#3549=PRESENTATION_STYLE_ASSIGNMENT((#3548));
#3550=STYLED_ITEM('',(#3549),#3547);
#3551=DIRECTION('',(0.E0,1.E0,0.E0));
#3552=VECTOR('',#3551,2.E-1);
#3553=CARTESIAN_POINT('',(-7.E-1,0.E0,1.75E0));
#3554=LINE('',#3553,#3552);
#3555=CURVE_STYLE('',#46,POSITIVE_LENGTH_MEASURE(2.E-2),#37);
#3556=PRESENTATION_STYLE_ASSIGNMENT((#3555));
#3557=STYLED_ITEM('',(#3556),#3554);
#3558=DIRECTION('',(0.E0,1.E0,0.E0));
#3559=VECTOR('',#3558,2.E-1);
#3560=CARTESIAN_POINT('',(-7.E-1,0.E0,1.449E0));
#3561=LINE('',#3560,#3559);
#3562=CURVE_STYLE('',#46,POSITIVE_LENGTH_MEASURE(2.E-2),#37);
#3563=PRESENTATION_STYLE_ASSIGNMENT((#3562));
#3564=STYLED_ITEM('',(#3563),#3561);
#3565=DIRECTION('',(0.E0,1.E0,0.E0));
#3566=VECTOR('',#3565,2.E-1);
#3567=CARTESIAN_POINT('',(-6.01E-1,0.E0,1.35E0));
#3568=LINE('',#3567,#3566);
#3569=CURVE_STYLE('',#46,POSITIVE_LENGTH_MEASURE(2.E-2),#37);
#3570=PRESENTATION_STYLE_ASSIGNMENT((#3569));
#3571=STYLED_ITEM('',(#3570),#3568);
#3572=DIRECTION('',(0.E0,1.E0,0.E0));
#3573=VECTOR('',#3572,2.E-1);
#3574=CARTESIAN_POINT('',(-5.99E-1,0.E0,1.35E0));
#3575=LINE('',#3574,#3573);
#3576=CURVE_STYLE('',#46,POSITIVE_LENGTH_MEASURE(2.E-2),#37);
#3577=PRESENTATION_STYLE_ASSIGNMENT((#3576));
#3578=STYLED_ITEM('',(#3577),#3575);
#3579=DIRECTION('',(0.E0,1.E0,0.E0));
#3580=VECTOR('',#3579,2.E-1);
#3581=CARTESIAN_POINT('',(-5.E-1,0.E0,1.75E0));
#3582=LINE('',#3581,#3580);
#3583=CURVE_STYLE('',#46,POSITIVE_LENGTH_MEASURE(2.E-2),#37);
#3584=PRESENTATION_STYLE_ASSIGNMENT((#3583));
#3585=STYLED_ITEM('',(#3584),#3582);
#3586=DIRECTION('',(0.E0,1.E0,0.E0));
#3587=VECTOR('',#3586,2.E-1);
#3588=CARTESIAN_POINT('',(-5.E-1,0.E0,1.449E0));
#3589=LINE('',#3588,#3587);
#3590=CURVE_STYLE('',#46,POSITIVE_LENGTH_MEASURE(2.E-2),#37);
#3591=PRESENTATION_STYLE_ASSIGNMENT((#3590));
#3592=STYLED_ITEM('',(#3591),#3589);
#3593=DIRECTION('',(1.E0,0.E0,0.E0));
#3594=VECTOR('',#3593,2.E-1);
#3595=CARTESIAN_POINT('',(-7.E-1,2.E-1,1.75E0));
#3596=LINE('',#3595,#3594);
#3597=CURVE_STYLE('',#46,POSITIVE_LENGTH_MEASURE(2.E-2),#37);
#3598=PRESENTATION_STYLE_ASSIGNMENT((#3597));
#3599=STYLED_ITEM('',(#3598),#3596);
#3600=DIRECTION('',(0.E0,0.E0,-1.E0));
#3601=VECTOR('',#3600,3.01E-1);
#3602=CARTESIAN_POINT('',(-7.E-1,2.E-1,1.75E0));
#3603=LINE('',#3602,#3601);
#3604=CURVE_STYLE('',#46,POSITIVE_LENGTH_MEASURE(2.E-2),#37);
#3605=PRESENTATION_STYLE_ASSIGNMENT((#3604));
#3606=STYLED_ITEM('',(#3605),#3603);
#3607=CARTESIAN_POINT('',(-6.01E-1,2.E-1,1.449E0));
#3608=DIRECTION('',(0.E0,-1.E0,0.E0));
#3609=DIRECTION('',(-1.E0,0.E0,0.E0));
#3610=AXIS2_PLACEMENT_3D('',#3607,#3608,#3609);
#3612=CURVE_STYLE('',#46,POSITIVE_LENGTH_MEASURE(2.E-2),#37);
#3613=PRESENTATION_STYLE_ASSIGNMENT((#3612));
#3614=STYLED_ITEM('',(#3613),#3611);
#3615=DIRECTION('',(1.E0,0.E0,0.E0));
#3616=VECTOR('',#3615,2.E-3);
#3617=CARTESIAN_POINT('',(-6.01E-1,2.E-1,1.35E0));
#3618=LINE('',#3617,#3616);
#3619=CURVE_STYLE('',#46,POSITIVE_LENGTH_MEASURE(2.E-2),#37);
#3620=PRESENTATION_STYLE_ASSIGNMENT((#3619));
#3621=STYLED_ITEM('',(#3620),#3618);
#3622=CARTESIAN_POINT('',(-5.99E-1,2.E-1,1.449E0));
#3623=DIRECTION('',(0.E0,-1.E0,0.E0));
#3624=DIRECTION('',(0.E0,0.E0,-1.E0));
#3625=AXIS2_PLACEMENT_3D('',#3622,#3623,#3624);
#3627=CURVE_STYLE('',#46,POSITIVE_LENGTH_MEASURE(2.E-2),#37);
#3628=PRESENTATION_STYLE_ASSIGNMENT((#3627));
#3629=STYLED_ITEM('',(#3628),#3626);
#3630=DIRECTION('',(0.E0,0.E0,1.E0));
#3631=VECTOR('',#3630,3.01E-1);
#3632=CARTESIAN_POINT('',(-5.E-1,2.E-1,1.449E0));
#3633=LINE('',#3632,#3631);
#3634=CURVE_STYLE('',#46,POSITIVE_LENGTH_MEASURE(2.E-2),#37);
#3635=PRESENTATION_STYLE_ASSIGNMENT((#3634));
#3636=STYLED_ITEM('',(#3635),#3633);
#3637=CARTESIAN_POINT('',(-7.E-1,0.E0,1.449E0));
#3638=CARTESIAN_POINT('',(-6.01E-1,0.E0,1.35E0));
#3639=VERTEX_POINT('',#3637);
#3640=VERTEX_POINT('',#3638);
#3641=CARTESIAN_POINT('',(-5.99E-1,0.E0,1.35E0));
#3642=VERTEX_POINT('',#3641);
#3643=CARTESIAN_POINT('',(-5.E-1,0.E0,1.449E0));
#3644=VERTEX_POINT('',#3643);
#3645=CARTESIAN_POINT('',(-7.E-1,2.E-1,1.449E0));
#3646=CARTESIAN_POINT('',(-6.01E-1,2.E-1,1.35E0));
#3647=VERTEX_POINT('',#3645);
#3648=VERTEX_POINT('',#3646);
#3649=CARTESIAN_POINT('',(-5.99E-1,2.E-1,1.35E0));
#3650=VERTEX_POINT('',#3649);
#3651=CARTESIAN_POINT('',(-5.E-1,2.E-1,1.449E0));
#3652=VERTEX_POINT('',#3651);
#3653=CARTESIAN_POINT('',(-7.E-1,0.E0,1.75E0));
#3654=CARTESIAN_POINT('',(-5.E-1,0.E0,1.75E0));
#3655=VERTEX_POINT('',#3653);
#3656=VERTEX_POINT('',#3654);
#3657=CARTESIAN_POINT('',(-7.E-1,2.E-1,1.75E0));
#3658=VERTEX_POINT('',#3657);
#3659=CARTESIAN_POINT('',(-5.E-1,2.E-1,1.75E0));
#3660=VERTEX_POINT('',#3659);
#3661=CARTESIAN_POINT('',(0.E0,0.E0,0.E0));
#3662=DIRECTION('',(0.E0,-1.E0,0.E0));
#3663=DIRECTION('',(1.E0,0.E0,0.E0));
#3664=AXIS2_PLACEMENT_3D('',#3661,#3662,#3663);
#3665=PLANE('',#3664);
#3667=ORIENTED_EDGE('',*,*,#3666,.T.);
#3669=ORIENTED_EDGE('',*,*,#3668,.F.);
#3671=ORIENTED_EDGE('',*,*,#3670,.F.);
#3673=ORIENTED_EDGE('',*,*,#3672,.F.);
#3675=ORIENTED_EDGE('',*,*,#3674,.F.);
#3677=ORIENTED_EDGE('',*,*,#3676,.F.);
#3678=EDGE_LOOP('',(#3667,#3669,#3671,#3673,#3675,#3677));
#3679=FACE_OUTER_BOUND('',#3678,.F.);
#3680=ADVANCED_FACE('',(#3679),#3665,.T.);
#3681=CARTESIAN_POINT('',(2.E0,0.E0,1.75E0));
#3682=DIRECTION('',(0.E0,0.E0,-1.E0));
#3683=DIRECTION('',(-1.E0,0.E0,0.E0));
#3684=AXIS2_PLACEMENT_3D('',#3681,#3682,#3683);
#3685=PLANE('',#3684);
#3686=ORIENTED_EDGE('',*,*,#3666,.F.);
#3688=ORIENTED_EDGE('',*,*,#3687,.T.);
#3690=ORIENTED_EDGE('',*,*,#3689,.T.);
#3692=ORIENTED_EDGE('',*,*,#3691,.F.);
#3693=EDGE_LOOP('',(#3686,#3688,#3690,#3692));
#3694=FACE_OUTER_BOUND('',#3693,.F.);
#3695=ADVANCED_FACE('',(#3694),#3685,.F.);
#3696=FILL_AREA_STYLE_COLOUR('',#39);
#3697=FILL_AREA_STYLE('',(#3696));
#3698=SURFACE_STYLE_FILL_AREA(#3697);
#3699=SURFACE_SIDE_STYLE('',(#3698));
#3700=SURFACE_STYLE_USAGE(.POSITIVE.,#3699);
#3701=PRESENTATION_STYLE_ASSIGNMENT((#3700));
#3702=OVER_RIDING_STYLED_ITEM('',(#3701),#3695,#3506);
#3703=CARTESIAN_POINT('',(-7.E-1,0.E0,1.85E0));
#3704=DIRECTION('',(1.E0,0.E0,0.E0));
#3705=DIRECTION('',(0.E0,0.E0,-1.E0));
#3706=AXIS2_PLACEMENT_3D('',#3703,#3704,#3705);
#3707=PLANE('',#3706);
#3708=ORIENTED_EDGE('',*,*,#3687,.F.);
#3709=ORIENTED_EDGE('',*,*,#3676,.T.);
#3711=ORIENTED_EDGE('',*,*,#3710,.T.);
#3713=ORIENTED_EDGE('',*,*,#3712,.F.);
#3714=EDGE_LOOP('',(#3708,#3709,#3711,#3713));
#3715=FACE_OUTER_BOUND('',#3714,.F.);
#3716=ADVANCED_FACE('',(#3715),#3707,.F.);
#3717=CARTESIAN_POINT('',(-6.01E-1,0.E0,1.449E0));
#3718=DIRECTION('',(0.E0,-1.E0,0.E0));
#3719=DIRECTION('',(1.E0,0.E0,0.E0));
#3720=AXIS2_PLACEMENT_3D('',#3717,#3718,#3719);
#3721=CYLINDRICAL_SURFACE('',#3720,9.9E-2);
#3722=ORIENTED_EDGE('',*,*,#3674,.T.);
#3724=ORIENTED_EDGE('',*,*,#3723,.T.);
#3726=ORIENTED_EDGE('',*,*,#3725,.F.);
#3727=ORIENTED_EDGE('',*,*,#3710,.F.);
#3728=EDGE_LOOP('',(#3722,#3724,#3726,#3727));
#3729=FACE_OUTER_BOUND('',#3728,.F.);
#3730=ADVANCED_FACE('',(#3729),#3721,.T.);
#3731=CARTESIAN_POINT('',(-6.01E-1,0.E0,1.35E0));
#3732=DIRECTION('',(0.E0,0.E0,1.E0));
#3733=DIRECTION('',(1.E0,0.E0,0.E0));
#3734=AXIS2_PLACEMENT_3D('',#3731,#3732,#3733);
#3735=PLANE('',#3734);
#3736=ORIENTED_EDGE('',*,*,#3672,.T.);
#3738=ORIENTED_EDGE('',*,*,#3737,.T.);
#3740=ORIENTED_EDGE('',*,*,#3739,.F.);
#3741=ORIENTED_EDGE('',*,*,#3723,.F.);
#3742=EDGE_LOOP('',(#3736,#3738,#3740,#3741));
#3743=FACE_OUTER_BOUND('',#3742,.F.);
#3744=ADVANCED_FACE('',(#3743),#3735,.F.);
#3745=CARTESIAN_POINT('',(-5.99E-1,0.E0,1.449E0));
#3746=DIRECTION('',(0.E0,-1.E0,0.E0));
#3747=DIRECTION('',(1.E0,0.E0,0.E0));
#3748=AXIS2_PLACEMENT_3D('',#3745,#3746,#3747);
#3749=CYLINDRICAL_SURFACE('',#3748,9.9E-2);
#3750=ORIENTED_EDGE('',*,*,#3670,.T.);
#3752=ORIENTED_EDGE('',*,*,#3751,.T.);
#3754=ORIENTED_EDGE('',*,*,#3753,.F.);
#3755=ORIENTED_EDGE('',*,*,#3737,.F.);
#3756=EDGE_LOOP('',(#3750,#3752,#3754,#3755));
#3757=FACE_OUTER_BOUND('',#3756,.F.);
#3758=ADVANCED_FACE('',(#3757),#3749,.T.);
#3759=CARTESIAN_POINT('',(-5.E-1,0.E0,1.449E0));
#3760=DIRECTION('',(-1.E0,0.E0,0.E0));
#3761=DIRECTION('',(0.E0,0.E0,1.E0));
#3762=AXIS2_PLACEMENT_3D('',#3759,#3760,#3761);
#3763=PLANE('',#3762);
#3764=ORIENTED_EDGE('',*,*,#3691,.T.);
#3766=ORIENTED_EDGE('',*,*,#3765,.F.);
#3767=ORIENTED_EDGE('',*,*,#3751,.F.);
#3768=ORIENTED_EDGE('',*,*,#3668,.T.);
#3769=EDGE_LOOP('',(#3764,#3766,#3767,#3768));
#3770=FACE_OUTER_BOUND('',#3769,.F.);
#3771=ADVANCED_FACE('',(#3770),#3763,.F.);
#3772=CARTESIAN_POINT('',(0.E0,2.E-1,0.E0));
#3773=DIRECTION('',(0.E0,-1.E0,0.E0));
#3774=DIRECTION('',(1.E0,0.E0,0.E0));
#3775=AXIS2_PLACEMENT_3D('',#3772,#3773,#3774);
#3776=PLANE('',#3775);
#3777=ORIENTED_EDGE('',*,*,#3689,.F.);
#3778=ORIENTED_EDGE('',*,*,#3712,.T.);
#3779=ORIENTED_EDGE('',*,*,#3725,.T.);
#3780=ORIENTED_EDGE('',*,*,#3739,.T.);
#3781=ORIENTED_EDGE('',*,*,#3753,.T.);
#3782=ORIENTED_EDGE('',*,*,#3765,.T.);
#3783=EDGE_LOOP('',(#3777,#3778,#3779,#3780,#3781,#3782));
#3784=FACE_OUTER_BOUND('',#3783,.F.);
#3785=ADVANCED_FACE('',(#3784),#3776,.F.);
#3786=CLOSED_SHELL('',(#3680,#3695,#3716,#3730,#3744,#3758,#3771,#3785));
#3787=MANIFOLD_SOLID_BREP('',#3786);
#3788=FILL_AREA_STYLE_COLOUR('',#37);
#3789=FILL_AREA_STYLE('',(#3788));
#3790=SURFACE_STYLE_FILL_AREA(#3789);
#3791=SURFACE_SIDE_STYLE('',(#3790));
#3792=SURFACE_STYLE_USAGE(.POSITIVE.,#3791);
#3793=PRESENTATION_STYLE_ASSIGNMENT((#3792));
#3506=STYLED_ITEM('',(#3793),#3787);
#3795=DIRECTION('',(1.E0,0.E0,0.E0));
#3796=VECTOR('',#3795,2.E-1);
#3797=CARTESIAN_POINT('',(-3.E-1,0.E0,1.75E0));
#3798=LINE('',#3797,#3796);
#3799=CURVE_STYLE('',#46,POSITIVE_LENGTH_MEASURE(2.E-2),#37);
#3800=PRESENTATION_STYLE_ASSIGNMENT((#3799));
#3801=STYLED_ITEM('',(#3800),#3798);
#3802=DIRECTION('',(0.E0,0.E0,1.E0));
#3803=VECTOR('',#3802,3.01E-1);
#3804=CARTESIAN_POINT('',(-1.E-1,0.E0,1.449E0));
#3805=LINE('',#3804,#3803);
#3806=CURVE_STYLE('',#46,POSITIVE_LENGTH_MEASURE(2.E-2),#37);
#3807=PRESENTATION_STYLE_ASSIGNMENT((#3806));
#3808=STYLED_ITEM('',(#3807),#3805);
#3809=CARTESIAN_POINT('',(-1.99E-1,0.E0,1.449E0));
#3810=DIRECTION('',(0.E0,-1.E0,0.E0));
#3811=DIRECTION('',(0.E0,0.E0,-1.E0));
#3812=AXIS2_PLACEMENT_3D('',#3809,#3810,#3811);
#3814=CURVE_STYLE('',#46,POSITIVE_LENGTH_MEASURE(2.E-2),#37);
#3815=PRESENTATION_STYLE_ASSIGNMENT((#3814));
#3816=STYLED_ITEM('',(#3815),#3813);
#3817=DIRECTION('',(1.E0,0.E0,0.E0));
#3818=VECTOR('',#3817,2.E-3);
#3819=CARTESIAN_POINT('',(-2.01E-1,0.E0,1.35E0));
#3820=LINE('',#3819,#3818);
#3821=CURVE_STYLE('',#46,POSITIVE_LENGTH_MEASURE(2.E-2),#37);
#3822=PRESENTATION_STYLE_ASSIGNMENT((#3821));
#3823=STYLED_ITEM('',(#3822),#3820);
#3824=CARTESIAN_POINT('',(-2.01E-1,0.E0,1.449E0));
#3825=DIRECTION('',(0.E0,-1.E0,0.E0));
#3826=DIRECTION('',(-1.E0,0.E0,0.E0));
#3827=AXIS2_PLACEMENT_3D('',#3824,#3825,#3826);
#3829=CURVE_STYLE('',#46,POSITIVE_LENGTH_MEASURE(2.E-2),#37);
#3830=PRESENTATION_STYLE_ASSIGNMENT((#3829));
#3831=STYLED_ITEM('',(#3830),#3828);
#3832=DIRECTION('',(0.E0,0.E0,-1.E0));
#3833=VECTOR('',#3832,3.01E-1);
#3834=CARTESIAN_POINT('',(-3.E-1,0.E0,1.75E0));
#3835=LINE('',#3834,#3833);
#3836=CURVE_STYLE('',#46,POSITIVE_LENGTH_MEASURE(2.E-2),#37);
#3837=PRESENTATION_STYLE_ASSIGNMENT((#3836));
#3838=STYLED_ITEM('',(#3837),#3835);
#3839=DIRECTION('',(0.E0,1.E0,0.E0));
#3840=VECTOR('',#3839,2.E-1);
#3841=CARTESIAN_POINT('',(-3.E-1,0.E0,1.75E0));
#3842=LINE('',#3841,#3840);
#3843=CURVE_STYLE('',#46,POSITIVE_LENGTH_MEASURE(2.E-2),#37);
#3844=PRESENTATION_STYLE_ASSIGNMENT((#3843));
#3845=STYLED_ITEM('',(#3844),#3842);
#3846=DIRECTION('',(0.E0,1.E0,0.E0));
#3847=VECTOR('',#3846,2.E-1);
#3848=CARTESIAN_POINT('',(-3.E-1,0.E0,1.449E0));
#3849=LINE('',#3848,#3847);
#3850=CURVE_STYLE('',#46,POSITIVE_LENGTH_MEASURE(2.E-2),#37);
#3851=PRESENTATION_STYLE_ASSIGNMENT((#3850));
#3852=STYLED_ITEM('',(#3851),#3849);
#3853=DIRECTION('',(0.E0,1.E0,0.E0));
#3854=VECTOR('',#3853,2.E-1);
#3855=CARTESIAN_POINT('',(-2.01E-1,0.E0,1.35E0));
#3856=LINE('',#3855,#3854);
#3857=CURVE_STYLE('',#46,POSITIVE_LENGTH_MEASURE(2.E-2),#37);
#3858=PRESENTATION_STYLE_ASSIGNMENT((#3857));
#3859=STYLED_ITEM('',(#3858),#3856);
#3860=DIRECTION('',(0.E0,1.E0,0.E0));
#3861=VECTOR('',#3860,2.E-1);
#3862=CARTESIAN_POINT('',(-1.99E-1,0.E0,1.35E0));
#3863=LINE('',#3862,#3861);
#3864=CURVE_STYLE('',#46,POSITIVE_LENGTH_MEASURE(2.E-2),#37);
#3865=PRESENTATION_STYLE_ASSIGNMENT((#3864));
#3866=STYLED_ITEM('',(#3865),#3863);
#3867=DIRECTION('',(0.E0,1.E0,0.E0));
#3868=VECTOR('',#3867,2.E-1);
#3869=CARTESIAN_POINT('',(-1.E-1,0.E0,1.75E0));
#3870=LINE('',#3869,#3868);
#3871=CURVE_STYLE('',#46,POSITIVE_LENGTH_MEASURE(2.E-2),#37);
#3872=PRESENTATION_STYLE_ASSIGNMENT((#3871));
#3873=STYLED_ITEM('',(#3872),#3870);
#3874=DIRECTION('',(0.E0,1.E0,0.E0));
#3875=VECTOR('',#3874,2.E-1);
#3876=CARTESIAN_POINT('',(-1.E-1,0.E0,1.449E0));
#3877=LINE('',#3876,#3875);
#3878=CURVE_STYLE('',#46,POSITIVE_LENGTH_MEASURE(2.E-2),#37);
#3879=PRESENTATION_STYLE_ASSIGNMENT((#3878));
#3880=STYLED_ITEM('',(#3879),#3877);
#3881=DIRECTION('',(1.E0,0.E0,0.E0));
#3882=VECTOR('',#3881,2.E-1);
#3883=CARTESIAN_POINT('',(-3.E-1,2.E-1,1.75E0));
#3884=LINE('',#3883,#3882);
#3885=CURVE_STYLE('',#46,POSITIVE_LENGTH_MEASURE(2.E-2),#37);
#3886=PRESENTATION_STYLE_ASSIGNMENT((#3885));
#3887=STYLED_ITEM('',(#3886),#3884);
#3888=DIRECTION('',(0.E0,0.E0,-1.E0));
#3889=VECTOR('',#3888,3.01E-1);
#3890=CARTESIAN_POINT('',(-3.E-1,2.E-1,1.75E0));
#3891=LINE('',#3890,#3889);
#3892=CURVE_STYLE('',#46,POSITIVE_LENGTH_MEASURE(2.E-2),#37);
#3893=PRESENTATION_STYLE_ASSIGNMENT((#3892));
#3894=STYLED_ITEM('',(#3893),#3891);
#3895=CARTESIAN_POINT('',(-2.01E-1,2.E-1,1.449E0));
#3896=DIRECTION('',(0.E0,-1.E0,0.E0));
#3897=DIRECTION('',(-1.E0,0.E0,0.E0));
#3898=AXIS2_PLACEMENT_3D('',#3895,#3896,#3897);
#3900=CURVE_STYLE('',#46,POSITIVE_LENGTH_MEASURE(2.E-2),#37);
#3901=PRESENTATION_STYLE_ASSIGNMENT((#3900));
#3902=STYLED_ITEM('',(#3901),#3899);
#3903=DIRECTION('',(1.E0,0.E0,0.E0));
#3904=VECTOR('',#3903,2.E-3);
#3905=CARTESIAN_POINT('',(-2.01E-1,2.E-1,1.35E0));
#3906=LINE('',#3905,#3904);
#3907=CURVE_STYLE('',#46,POSITIVE_LENGTH_MEASURE(2.E-2),#37);
#3908=PRESENTATION_STYLE_ASSIGNMENT((#3907));
#3909=STYLED_ITEM('',(#3908),#3906);
#3910=CARTESIAN_POINT('',(-1.99E-1,2.E-1,1.449E0));
#3911=DIRECTION('',(0.E0,-1.E0,0.E0));
#3912=DIRECTION('',(0.E0,0.E0,-1.E0));
#3913=AXIS2_PLACEMENT_3D('',#3910,#3911,#3912);
#3915=CURVE_STYLE('',#46,POSITIVE_LENGTH_MEASURE(2.E-2),#37);
#3916=PRESENTATION_STYLE_ASSIGNMENT((#3915));
#3917=STYLED_ITEM('',(#3916),#3914);
#3918=DIRECTION('',(0.E0,0.E0,1.E0));
#3919=VECTOR('',#3918,3.01E-1);
#3920=CARTESIAN_POINT('',(-1.E-1,2.E-1,1.449E0));
#3921=LINE('',#3920,#3919);
#3922=CURVE_STYLE('',#46,POSITIVE_LENGTH_MEASURE(2.E-2),#37);
#3923=PRESENTATION_STYLE_ASSIGNMENT((#3922));
#3924=STYLED_ITEM('',(#3923),#3921);
#3925=CARTESIAN_POINT('',(-3.E-1,0.E0,1.449E0));
#3926=CARTESIAN_POINT('',(-2.01E-1,0.E0,1.35E0));
#3927=VERTEX_POINT('',#3925);
#3928=VERTEX_POINT('',#3926);
#3929=CARTESIAN_POINT('',(-1.99E-1,0.E0,1.35E0));
#3930=VERTEX_POINT('',#3929);
#3931=CARTESIAN_POINT('',(-1.E-1,0.E0,1.449E0));
#3932=VERTEX_POINT('',#3931);
#3933=CARTESIAN_POINT('',(-3.E-1,2.E-1,1.449E0));
#3934=CARTESIAN_POINT('',(-2.01E-1,2.E-1,1.35E0));
#3935=VERTEX_POINT('',#3933);
#3936=VERTEX_POINT('',#3934);
#3937=CARTESIAN_POINT('',(-1.99E-1,2.E-1,1.35E0));
#3938=VERTEX_POINT('',#3937);
#3939=CARTESIAN_POINT('',(-1.E-1,2.E-1,1.449E0));
#3940=VERTEX_POINT('',#3939);
#3941=CARTESIAN_POINT('',(-3.E-1,0.E0,1.75E0));
#3942=CARTESIAN_POINT('',(-1.E-1,0.E0,1.75E0));
#3943=VERTEX_POINT('',#3941);
#3944=VERTEX_POINT('',#3942);
#3945=CARTESIAN_POINT('',(-3.E-1,2.E-1,1.75E0));
#3946=VERTEX_POINT('',#3945);
#3947=CARTESIAN_POINT('',(-1.E-1,2.E-1,1.75E0));
#3948=VERTEX_POINT('',#3947);
#3949=CARTESIAN_POINT('',(0.E0,0.E0,0.E0));
#3950=DIRECTION('',(0.E0,-1.E0,0.E0));
#3951=DIRECTION('',(1.E0,0.E0,0.E0));
#3952=AXIS2_PLACEMENT_3D('',#3949,#3950,#3951);
#3953=PLANE('',#3952);
#3955=ORIENTED_EDGE('',*,*,#3954,.T.);
#3957=ORIENTED_EDGE('',*,*,#3956,.F.);
#3959=ORIENTED_EDGE('',*,*,#3958,.F.);
#3961=ORIENTED_EDGE('',*,*,#3960,.F.);
#3963=ORIENTED_EDGE('',*,*,#3962,.F.);
#3965=ORIENTED_EDGE('',*,*,#3964,.F.);
#3966=EDGE_LOOP('',(#3955,#3957,#3959,#3961,#3963,#3965));
#3967=FACE_OUTER_BOUND('',#3966,.F.);
#3968=ADVANCED_FACE('',(#3967),#3953,.T.);
#3969=CARTESIAN_POINT('',(2.E0,0.E0,1.75E0));
#3970=DIRECTION('',(0.E0,0.E0,-1.E0));
#3971=DIRECTION('',(-1.E0,0.E0,0.E0));
#3972=AXIS2_PLACEMENT_3D('',#3969,#3970,#3971);
#3973=PLANE('',#3972);
#3974=ORIENTED_EDGE('',*,*,#3954,.F.);
#3976=ORIENTED_EDGE('',*,*,#3975,.T.);
#3978=ORIENTED_EDGE('',*,*,#3977,.T.);
#3980=ORIENTED_EDGE('',*,*,#3979,.F.);
#3981=EDGE_LOOP('',(#3974,#3976,#3978,#3980));
#3982=FACE_OUTER_BOUND('',#3981,.F.);
#3983=ADVANCED_FACE('',(#3982),#3973,.F.);
#3984=FILL_AREA_STYLE_COLOUR('',#39);
#3985=FILL_AREA_STYLE('',(#3984));
#3986=SURFACE_STYLE_FILL_AREA(#3985);
#3987=SURFACE_SIDE_STYLE('',(#3986));
#3988=SURFACE_STYLE_USAGE(.POSITIVE.,#3987);
#3989=PRESENTATION_STYLE_ASSIGNMENT((#3988));
#3990=OVER_RIDING_STYLED_ITEM('',(#3989),#3983,#3794);
#3991=CARTESIAN_POINT('',(-3.E-1,0.E0,1.85E0));
#3992=DIRECTION('',(1.E0,0.E0,0.E0));
#3993=DIRECTION('',(0.E0,0.E0,-1.E0));
#3994=AXIS2_PLACEMENT_3D('',#3991,#3992,#3993);
#3995=PLANE('',#3994);
#3996=ORIENTED_EDGE('',*,*,#3975,.F.);
#3997=ORIENTED_EDGE('',*,*,#3964,.T.);
#3999=ORIENTED_EDGE('',*,*,#3998,.T.);
#4001=ORIENTED_EDGE('',*,*,#4000,.F.);
#4002=EDGE_LOOP('',(#3996,#3997,#3999,#4001));
#4003=FACE_OUTER_BOUND('',#4002,.F.);
#4004=ADVANCED_FACE('',(#4003),#3995,.F.);
#4005=CARTESIAN_POINT('',(-2.01E-1,0.E0,1.449E0));
#4006=DIRECTION('',(0.E0,-1.E0,0.E0));
#4007=DIRECTION('',(1.E0,0.E0,0.E0));
#4008=AXIS2_PLACEMENT_3D('',#4005,#4006,#4007);
#4009=CYLINDRICAL_SURFACE('',#4008,9.9E-2);
#4010=ORIENTED_EDGE('',*,*,#3962,.T.);
#4012=ORIENTED_EDGE('',*,*,#4011,.T.);
#4014=ORIENTED_EDGE('',*,*,#4013,.F.);
#4015=ORIENTED_EDGE('',*,*,#3998,.F.);
#4016=EDGE_LOOP('',(#4010,#4012,#4014,#4015));
#4017=FACE_OUTER_BOUND('',#4016,.F.);
#4018=ADVANCED_FACE('',(#4017),#4009,.T.);
#4019=CARTESIAN_POINT('',(-2.01E-1,0.E0,1.35E0));
#4020=DIRECTION('',(0.E0,0.E0,1.E0));
#4021=DIRECTION('',(1.E0,0.E0,0.E0));
#4022=AXIS2_PLACEMENT_3D('',#4019,#4020,#4021);
#4023=PLANE('',#4022);
#4024=ORIENTED_EDGE('',*,*,#3960,.T.);
#4026=ORIENTED_EDGE('',*,*,#4025,.T.);
#4028=ORIENTED_EDGE('',*,*,#4027,.F.);
#4029=ORIENTED_EDGE('',*,*,#4011,.F.);
#4030=EDGE_LOOP('',(#4024,#4026,#4028,#4029));
#4031=FACE_OUTER_BOUND('',#4030,.F.);
#4032=ADVANCED_FACE('',(#4031),#4023,.F.);
#4033=CARTESIAN_POINT('',(-1.99E-1,0.E0,1.449E0));
#4034=DIRECTION('',(0.E0,-1.E0,0.E0));
#4035=DIRECTION('',(1.E0,0.E0,0.E0));
#4036=AXIS2_PLACEMENT_3D('',#4033,#4034,#4035);
#4037=CYLINDRICAL_SURFACE('',#4036,9.9E-2);
#4038=ORIENTED_EDGE('',*,*,#3958,.T.);
#4040=ORIENTED_EDGE('',*,*,#4039,.T.);
#4042=ORIENTED_EDGE('',*,*,#4041,.F.);
#4043=ORIENTED_EDGE('',*,*,#4025,.F.);
#4044=EDGE_LOOP('',(#4038,#4040,#4042,#4043));
#4045=FACE_OUTER_BOUND('',#4044,.F.);
#4046=ADVANCED_FACE('',(#4045),#4037,.T.);
#4047=CARTESIAN_POINT('',(-1.E-1,0.E0,1.449E0));
#4048=DIRECTION('',(-1.E0,0.E0,0.E0));
#4049=DIRECTION('',(0.E0,0.E0,1.E0));
#4050=AXIS2_PLACEMENT_3D('',#4047,#4048,#4049);
#4051=PLANE('',#4050);
#4052=ORIENTED_EDGE('',*,*,#3979,.T.);
#4054=ORIENTED_EDGE('',*,*,#4053,.F.);
#4055=ORIENTED_EDGE('',*,*,#4039,.F.);
#4056=ORIENTED_EDGE('',*,*,#3956,.T.);
#4057=EDGE_LOOP('',(#4052,#4054,#4055,#4056));
#4058=FACE_OUTER_BOUND('',#4057,.F.);
#4059=ADVANCED_FACE('',(#4058),#4051,.F.);
#4060=CARTESIAN_POINT('',(0.E0,2.E-1,0.E0));
#4061=DIRECTION('',(0.E0,-1.E0,0.E0));
#4062=DIRECTION('',(1.E0,0.E0,0.E0));
#4063=AXIS2_PLACEMENT_3D('',#4060,#4061,#4062);
#4064=PLANE('',#4063);
#4065=ORIENTED_EDGE('',*,*,#3977,.F.);
#4066=ORIENTED_EDGE('',*,*,#4000,.T.);
#4067=ORIENTED_EDGE('',*,*,#4013,.T.);
#4068=ORIENTED_EDGE('',*,*,#4027,.T.);
#4069=ORIENTED_EDGE('',*,*,#4041,.T.);
#4070=ORIENTED_EDGE('',*,*,#4053,.T.);
#4071=EDGE_LOOP('',(#4065,#4066,#4067,#4068,#4069,#4070));
#4072=FACE_OUTER_BOUND('',#4071,.F.);
#4073=ADVANCED_FACE('',(#4072),#4064,.F.);
#4074=CLOSED_SHELL('',(#3968,#3983,#4004,#4018,#4032,#4046,#4059,#4073));
#4075=MANIFOLD_SOLID_BREP('',#4074);
#4076=FILL_AREA_STYLE_COLOUR('',#37);
#4077=FILL_AREA_STYLE('',(#4076));
#4078=SURFACE_STYLE_FILL_AREA(#4077);
#4079=SURFACE_SIDE_STYLE('',(#4078));
#4080=SURFACE_STYLE_USAGE(.POSITIVE.,#4079);
#4081=PRESENTATION_STYLE_ASSIGNMENT((#4080));
#3794=STYLED_ITEM('',(#4081),#4075);
#4083=DIRECTION('',(1.E0,0.E0,0.E0));
#4084=VECTOR('',#4083,2.E-1);
#4085=CARTESIAN_POINT('',(1.E-1,0.E0,1.75E0));
#4086=LINE('',#4085,#4084);
#4087=CURVE_STYLE('',#46,POSITIVE_LENGTH_MEASURE(2.E-2),#37);
#4088=PRESENTATION_STYLE_ASSIGNMENT((#4087));
#4089=STYLED_ITEM('',(#4088),#4086);
#4090=DIRECTION('',(0.E0,0.E0,1.E0));
#4091=VECTOR('',#4090,3.01E-1);
#4092=CARTESIAN_POINT('',(3.E-1,0.E0,1.449E0));
#4093=LINE('',#4092,#4091);
#4094=CURVE_STYLE('',#46,POSITIVE_LENGTH_MEASURE(2.E-2),#37);
#4095=PRESENTATION_STYLE_ASSIGNMENT((#4094));
#4096=STYLED_ITEM('',(#4095),#4093);
#4097=CARTESIAN_POINT('',(2.01E-1,0.E0,1.449E0));
#4098=DIRECTION('',(0.E0,-1.E0,0.E0));
#4099=DIRECTION('',(0.E0,0.E0,-1.E0));
#4100=AXIS2_PLACEMENT_3D('',#4097,#4098,#4099);
#4102=CURVE_STYLE('',#46,POSITIVE_LENGTH_MEASURE(2.E-2),#37);
#4103=PRESENTATION_STYLE_ASSIGNMENT((#4102));
#4104=STYLED_ITEM('',(#4103),#4101);
#4105=DIRECTION('',(1.E0,0.E0,0.E0));
#4106=VECTOR('',#4105,2.E-3);
#4107=CARTESIAN_POINT('',(1.99E-1,0.E0,1.35E0));
#4108=LINE('',#4107,#4106);
#4109=CURVE_STYLE('',#46,POSITIVE_LENGTH_MEASURE(2.E-2),#37);
#4110=PRESENTATION_STYLE_ASSIGNMENT((#4109));
#4111=STYLED_ITEM('',(#4110),#4108);
#4112=CARTESIAN_POINT('',(1.99E-1,0.E0,1.449E0));
#4113=DIRECTION('',(0.E0,-1.E0,0.E0));
#4114=DIRECTION('',(-1.E0,0.E0,0.E0));
#4115=AXIS2_PLACEMENT_3D('',#4112,#4113,#4114);
#4117=CURVE_STYLE('',#46,POSITIVE_LENGTH_MEASURE(2.E-2),#37);
#4118=PRESENTATION_STYLE_ASSIGNMENT((#4117));
#4119=STYLED_ITEM('',(#4118),#4116);
#4120=DIRECTION('',(0.E0,0.E0,-1.E0));
#4121=VECTOR('',#4120,3.01E-1);
#4122=CARTESIAN_POINT('',(1.E-1,0.E0,1.75E0));
#4123=LINE('',#4122,#4121);
#4124=CURVE_STYLE('',#46,POSITIVE_LENGTH_MEASURE(2.E-2),#37);
#4125=PRESENTATION_STYLE_ASSIGNMENT((#4124));
#4126=STYLED_ITEM('',(#4125),#4123);
#4127=DIRECTION('',(0.E0,1.E0,0.E0));
#4128=VECTOR('',#4127,2.E-1);
#4129=CARTESIAN_POINT('',(1.E-1,0.E0,1.75E0));
#4130=LINE('',#4129,#4128);
#4131=CURVE_STYLE('',#46,POSITIVE_LENGTH_MEASURE(2.E-2),#37);
#4132=PRESENTATION_STYLE_ASSIGNMENT((#4131));
#4133=STYLED_ITEM('',(#4132),#4130);
#4134=DIRECTION('',(0.E0,1.E0,0.E0));
#4135=VECTOR('',#4134,2.E-1);
#4136=CARTESIAN_POINT('',(1.E-1,0.E0,1.449E0));
#4137=LINE('',#4136,#4135);
#4138=CURVE_STYLE('',#46,POSITIVE_LENGTH_MEASURE(2.E-2),#37);
#4139=PRESENTATION_STYLE_ASSIGNMENT((#4138));
#4140=STYLED_ITEM('',(#4139),#4137);
#4141=DIRECTION('',(0.E0,1.E0,0.E0));
#4142=VECTOR('',#4141,2.E-1);
#4143=CARTESIAN_POINT('',(1.99E-1,0.E0,1.35E0));
#4144=LINE('',#4143,#4142);
#4145=CURVE_STYLE('',#46,POSITIVE_LENGTH_MEASURE(2.E-2),#37);
#4146=PRESENTATION_STYLE_ASSIGNMENT((#4145));
#4147=STYLED_ITEM('',(#4146),#4144);
#4148=DIRECTION('',(0.E0,1.E0,0.E0));
#4149=VECTOR('',#4148,2.E-1);
#4150=CARTESIAN_POINT('',(2.01E-1,0.E0,1.35E0));
#4151=LINE('',#4150,#4149);
#4152=CURVE_STYLE('',#46,POSITIVE_LENGTH_MEASURE(2.E-2),#37);
#4153=PRESENTATION_STYLE_ASSIGNMENT((#4152));
#4154=STYLED_ITEM('',(#4153),#4151);
#4155=DIRECTION('',(0.E0,1.E0,0.E0));
#4156=VECTOR('',#4155,2.E-1);
#4157=CARTESIAN_POINT('',(3.E-1,0.E0,1.75E0));
#4158=LINE('',#4157,#4156);
#4159=CURVE_STYLE('',#46,POSITIVE_LENGTH_MEASURE(2.E-2),#37);
#4160=PRESENTATION_STYLE_ASSIGNMENT((#4159));
#4161=STYLED_ITEM('',(#4160),#4158);
#4162=DIRECTION('',(0.E0,1.E0,0.E0));
#4163=VECTOR('',#4162,2.E-1);
#4164=CARTESIAN_POINT('',(3.E-1,0.E0,1.449E0));
#4165=LINE('',#4164,#4163);
#4166=CURVE_STYLE('',#46,POSITIVE_LENGTH_MEASURE(2.E-2),#37);
#4167=PRESENTATION_STYLE_ASSIGNMENT((#4166));
#4168=STYLED_ITEM('',(#4167),#4165);
#4169=DIRECTION('',(1.E0,0.E0,0.E0));
#4170=VECTOR('',#4169,2.E-1);
#4171=CARTESIAN_POINT('',(1.E-1,2.E-1,1.75E0));
#4172=LINE('',#4171,#4170);
#4173=CURVE_STYLE('',#46,POSITIVE_LENGTH_MEASURE(2.E-2),#37);
#4174=PRESENTATION_STYLE_ASSIGNMENT((#4173));
#4175=STYLED_ITEM('',(#4174),#4172);
#4176=DIRECTION('',(0.E0,0.E0,-1.E0));
#4177=VECTOR('',#4176,3.01E-1);
#4178=CARTESIAN_POINT('',(1.E-1,2.E-1,1.75E0));
#4179=LINE('',#4178,#4177);
#4180=CURVE_STYLE('',#46,POSITIVE_LENGTH_MEASURE(2.E-2),#37);
#4181=PRESENTATION_STYLE_ASSIGNMENT((#4180));
#4182=STYLED_ITEM('',(#4181),#4179);
#4183=CARTESIAN_POINT('',(1.99E-1,2.E-1,1.449E0));
#4184=DIRECTION('',(0.E0,-1.E0,0.E0));
#4185=DIRECTION('',(-1.E0,0.E0,0.E0));
#4186=AXIS2_PLACEMENT_3D('',#4183,#4184,#4185);
#4188=CURVE_STYLE('',#46,POSITIVE_LENGTH_MEASURE(2.E-2),#37);
#4189=PRESENTATION_STYLE_ASSIGNMENT((#4188));
#4190=STYLED_ITEM('',(#4189),#4187);
#4191=DIRECTION('',(1.E0,0.E0,0.E0));
#4192=VECTOR('',#4191,2.E-3);
#4193=CARTESIAN_POINT('',(1.99E-1,2.E-1,1.35E0));
#4194=LINE('',#4193,#4192);
#4195=CURVE_STYLE('',#46,POSITIVE_LENGTH_MEASURE(2.E-2),#37);
#4196=PRESENTATION_STYLE_ASSIGNMENT((#4195));
#4197=STYLED_ITEM('',(#4196),#4194);
#4198=CARTESIAN_POINT('',(2.01E-1,2.E-1,1.449E0));
#4199=DIRECTION('',(0.E0,-1.E0,0.E0));
#4200=DIRECTION('',(0.E0,0.E0,-1.E0));
#4201=AXIS2_PLACEMENT_3D('',#4198,#4199,#4200);
#4203=CURVE_STYLE('',#46,POSITIVE_LENGTH_MEASURE(2.E-2),#37);
#4204=PRESENTATION_STYLE_ASSIGNMENT((#4203));
#4205=STYLED_ITEM('',(#4204),#4202);
#4206=DIRECTION('',(0.E0,0.E0,1.E0));
#4207=VECTOR('',#4206,3.01E-1);
#4208=CARTESIAN_POINT('',(3.E-1,2.E-1,1.449E0));
#4209=LINE('',#4208,#4207);
#4210=CURVE_STYLE('',#46,POSITIVE_LENGTH_MEASURE(2.E-2),#37);
#4211=PRESENTATION_STYLE_ASSIGNMENT((#4210));
#4212=STYLED_ITEM('',(#4211),#4209);
#4213=CARTESIAN_POINT('',(1.E-1,0.E0,1.449E0));
#4214=CARTESIAN_POINT('',(1.99E-1,0.E0,1.35E0));
#4215=VERTEX_POINT('',#4213);
#4216=VERTEX_POINT('',#4214);
#4217=CARTESIAN_POINT('',(2.01E-1,0.E0,1.35E0));
#4218=VERTEX_POINT('',#4217);
#4219=CARTESIAN_POINT('',(3.E-1,0.E0,1.449E0));
#4220=VERTEX_POINT('',#4219);
#4221=CARTESIAN_POINT('',(1.E-1,2.E-1,1.449E0));
#4222=CARTESIAN_POINT('',(1.99E-1,2.E-1,1.35E0));
#4223=VERTEX_POINT('',#4221);
#4224=VERTEX_POINT('',#4222);
#4225=CARTESIAN_POINT('',(2.01E-1,2.E-1,1.35E0));
#4226=VERTEX_POINT('',#4225);
#4227=CARTESIAN_POINT('',(3.E-1,2.E-1,1.449E0));
#4228=VERTEX_POINT('',#4227);
#4229=CARTESIAN_POINT('',(1.E-1,0.E0,1.75E0));
#4230=CARTESIAN_POINT('',(3.E-1,0.E0,1.75E0));
#4231=VERTEX_POINT('',#4229);
#4232=VERTEX_POINT('',#4230);
#4233=CARTESIAN_POINT('',(1.E-1,2.E-1,1.75E0));
#4234=VERTEX_POINT('',#4233);
#4235=CARTESIAN_POINT('',(3.E-1,2.E-1,1.75E0));
#4236=VERTEX_POINT('',#4235);
#4237=CARTESIAN_POINT('',(0.E0,0.E0,0.E0));
#4238=DIRECTION('',(0.E0,-1.E0,0.E0));
#4239=DIRECTION('',(1.E0,0.E0,0.E0));
#4240=AXIS2_PLACEMENT_3D('',#4237,#4238,#4239);
#4241=PLANE('',#4240);
#4243=ORIENTED_EDGE('',*,*,#4242,.T.);
#4245=ORIENTED_EDGE('',*,*,#4244,.F.);
#4247=ORIENTED_EDGE('',*,*,#4246,.F.);
#4249=ORIENTED_EDGE('',*,*,#4248,.F.);
#4251=ORIENTED_EDGE('',*,*,#4250,.F.);
#4253=ORIENTED_EDGE('',*,*,#4252,.F.);
#4254=EDGE_LOOP('',(#4243,#4245,#4247,#4249,#4251,#4253));
#4255=FACE_OUTER_BOUND('',#4254,.F.);
#4256=ADVANCED_FACE('',(#4255),#4241,.T.);
#4257=CARTESIAN_POINT('',(2.E0,0.E0,1.75E0));
#4258=DIRECTION('',(0.E0,0.E0,-1.E0));
#4259=DIRECTION('',(-1.E0,0.E0,0.E0));
#4260=AXIS2_PLACEMENT_3D('',#4257,#4258,#4259);
#4261=PLANE('',#4260);
#4262=ORIENTED_EDGE('',*,*,#4242,.F.);
#4264=ORIENTED_EDGE('',*,*,#4263,.T.);
#4266=ORIENTED_EDGE('',*,*,#4265,.T.);
#4268=ORIENTED_EDGE('',*,*,#4267,.F.);
#4269=EDGE_LOOP('',(#4262,#4264,#4266,#4268));
#4270=FACE_OUTER_BOUND('',#4269,.F.);
#4271=ADVANCED_FACE('',(#4270),#4261,.F.);
#4272=FILL_AREA_STYLE_COLOUR('',#39);
#4273=FILL_AREA_STYLE('',(#4272));
#4274=SURFACE_STYLE_FILL_AREA(#4273);
#4275=SURFACE_SIDE_STYLE('',(#4274));
#4276=SURFACE_STYLE_USAGE(.POSITIVE.,#4275);
#4277=PRESENTATION_STYLE_ASSIGNMENT((#4276));
#4278=OVER_RIDING_STYLED_ITEM('',(#4277),#4271,#4082);
#4279=CARTESIAN_POINT('',(1.E-1,0.E0,1.85E0));
#4280=DIRECTION('',(1.E0,0.E0,0.E0));
#4281=DIRECTION('',(0.E0,0.E0,-1.E0));
#4282=AXIS2_PLACEMENT_3D('',#4279,#4280,#4281);
#4283=PLANE('',#4282);
#4284=ORIENTED_EDGE('',*,*,#4263,.F.);
#4285=ORIENTED_EDGE('',*,*,#4252,.T.);
#4287=ORIENTED_EDGE('',*,*,#4286,.T.);
#4289=ORIENTED_EDGE('',*,*,#4288,.F.);
#4290=EDGE_LOOP('',(#4284,#4285,#4287,#4289));
#4291=FACE_OUTER_BOUND('',#4290,.F.);
#4292=ADVANCED_FACE('',(#4291),#4283,.F.);
#4293=CARTESIAN_POINT('',(1.99E-1,0.E0,1.449E0));
#4294=DIRECTION('',(0.E0,-1.E0,0.E0));
#4295=DIRECTION('',(1.E0,0.E0,0.E0));
#4296=AXIS2_PLACEMENT_3D('',#4293,#4294,#4295);
#4297=CYLINDRICAL_SURFACE('',#4296,9.9E-2);
#4298=ORIENTED_EDGE('',*,*,#4250,.T.);
#4300=ORIENTED_EDGE('',*,*,#4299,.T.);
#4302=ORIENTED_EDGE('',*,*,#4301,.F.);
#4303=ORIENTED_EDGE('',*,*,#4286,.F.);
#4304=EDGE_LOOP('',(#4298,#4300,#4302,#4303));
#4305=FACE_OUTER_BOUND('',#4304,.F.);
#4306=ADVANCED_FACE('',(#4305),#4297,.T.);
#4307=CARTESIAN_POINT('',(1.99E-1,0.E0,1.35E0));
#4308=DIRECTION('',(0.E0,0.E0,1.E0));
#4309=DIRECTION('',(1.E0,0.E0,0.E0));
#4310=AXIS2_PLACEMENT_3D('',#4307,#4308,#4309);
#4311=PLANE('',#4310);
#4312=ORIENTED_EDGE('',*,*,#4248,.T.);
#4314=ORIENTED_EDGE('',*,*,#4313,.T.);
#4316=ORIENTED_EDGE('',*,*,#4315,.F.);
#4317=ORIENTED_EDGE('',*,*,#4299,.F.);
#4318=EDGE_LOOP('',(#4312,#4314,#4316,#4317));
#4319=FACE_OUTER_BOUND('',#4318,.F.);
#4320=ADVANCED_FACE('',(#4319),#4311,.F.);
#4321=CARTESIAN_POINT('',(2.01E-1,0.E0,1.449E0));
#4322=DIRECTION('',(0.E0,-1.E0,0.E0));
#4323=DIRECTION('',(1.E0,0.E0,0.E0));
#4324=AXIS2_PLACEMENT_3D('',#4321,#4322,#4323);
#4325=CYLINDRICAL_SURFACE('',#4324,9.9E-2);
#4326=ORIENTED_EDGE('',*,*,#4246,.T.);
#4328=ORIENTED_EDGE('',*,*,#4327,.T.);
#4330=ORIENTED_EDGE('',*,*,#4329,.F.);
#4331=ORIENTED_EDGE('',*,*,#4313,.F.);
#4332=EDGE_LOOP('',(#4326,#4328,#4330,#4331));
#4333=FACE_OUTER_BOUND('',#4332,.F.);
#4334=ADVANCED_FACE('',(#4333),#4325,.T.);
#4335=CARTESIAN_POINT('',(3.E-1,0.E0,1.449E0));
#4336=DIRECTION('',(-1.E0,0.E0,0.E0));
#4337=DIRECTION('',(0.E0,0.E0,1.E0));
#4338=AXIS2_PLACEMENT_3D('',#4335,#4336,#4337);
#4339=PLANE('',#4338);
#4340=ORIENTED_EDGE('',*,*,#4267,.T.);
#4342=ORIENTED_EDGE('',*,*,#4341,.F.);
#4343=ORIENTED_EDGE('',*,*,#4327,.F.);
#4344=ORIENTED_EDGE('',*,*,#4244,.T.);
#4345=EDGE_LOOP('',(#4340,#4342,#4343,#4344));
#4346=FACE_OUTER_BOUND('',#4345,.F.);
#4347=ADVANCED_FACE('',(#4346),#4339,.F.);
#4348=CARTESIAN_POINT('',(0.E0,2.E-1,0.E0));
#4349=DIRECTION('',(0.E0,-1.E0,0.E0));
#4350=DIRECTION('',(1.E0,0.E0,0.E0));
#4351=AXIS2_PLACEMENT_3D('',#4348,#4349,#4350);
#4352=PLANE('',#4351);
#4353=ORIENTED_EDGE('',*,*,#4265,.F.);
#4354=ORIENTED_EDGE('',*,*,#4288,.T.);
#4355=ORIENTED_EDGE('',*,*,#4301,.T.);
#4356=ORIENTED_EDGE('',*,*,#4315,.T.);
#4357=ORIENTED_EDGE('',*,*,#4329,.T.);
#4358=ORIENTED_EDGE('',*,*,#4341,.T.);
#4359=EDGE_LOOP('',(#4353,#4354,#4355,#4356,#4357,#4358));
#4360=FACE_OUTER_BOUND('',#4359,.F.);
#4361=ADVANCED_FACE('',(#4360),#4352,.F.);
#4362=CLOSED_SHELL('',(#4256,#4271,#4292,#4306,#4320,#4334,#4347,#4361));
#4363=MANIFOLD_SOLID_BREP('',#4362);
#4364=FILL_AREA_STYLE_COLOUR('',#37);
#4365=FILL_AREA_STYLE('',(#4364));
#4366=SURFACE_STYLE_FILL_AREA(#4365);
#4367=SURFACE_SIDE_STYLE('',(#4366));
#4368=SURFACE_STYLE_USAGE(.POSITIVE.,#4367);
#4369=PRESENTATION_STYLE_ASSIGNMENT((#4368));
#4082=STYLED_ITEM('',(#4369),#4363);
#4371=DIRECTION('',(1.E0,0.E0,0.E0));
#4372=VECTOR('',#4371,2.E-1);
#4373=CARTESIAN_POINT('',(5.E-1,0.E0,-1.75E0));
#4374=LINE('',#4373,#4372);
#4375=CURVE_STYLE('',#46,POSITIVE_LENGTH_MEASURE(2.E-2),#37);
#4376=PRESENTATION_STYLE_ASSIGNMENT((#4375));
#4377=STYLED_ITEM('',(#4376),#4374);
#4378=DIRECTION('',(0.E0,0.E0,1.E0));
#4379=VECTOR('',#4378,3.01E-1);
#4380=CARTESIAN_POINT('',(5.E-1,0.E0,-1.75E0));
#4381=LINE('',#4380,#4379);
#4382=CURVE_STYLE('',#46,POSITIVE_LENGTH_MEASURE(2.E-2),#37);
#4383=PRESENTATION_STYLE_ASSIGNMENT((#4382));
#4384=STYLED_ITEM('',(#4383),#4381);
#4385=CARTESIAN_POINT('',(5.99E-1,0.E0,-1.449E0));
#4386=DIRECTION('',(0.E0,1.E0,0.E0));
#4387=DIRECTION('',(-1.E0,0.E0,0.E0));
#4388=AXIS2_PLACEMENT_3D('',#4385,#4386,#4387);
#4390=CURVE_STYLE('',#46,POSITIVE_LENGTH_MEASURE(2.E-2),#37);
#4391=PRESENTATION_STYLE_ASSIGNMENT((#4390));
#4392=STYLED_ITEM('',(#4391),#4389);
#4393=DIRECTION('',(1.E0,0.E0,0.E0));
#4394=VECTOR('',#4393,2.E-3);
#4395=CARTESIAN_POINT('',(5.99E-1,0.E0,-1.35E0));
#4396=LINE('',#4395,#4394);
#4397=CURVE_STYLE('',#46,POSITIVE_LENGTH_MEASURE(2.E-2),#37);
#4398=PRESENTATION_STYLE_ASSIGNMENT((#4397));
#4399=STYLED_ITEM('',(#4398),#4396);
#4400=CARTESIAN_POINT('',(6.01E-1,0.E0,-1.449E0));
#4401=DIRECTION('',(0.E0,1.E0,0.E0));
#4402=DIRECTION('',(0.E0,0.E0,1.E0));
#4403=AXIS2_PLACEMENT_3D('',#4400,#4401,#4402);
#4405=CURVE_STYLE('',#46,POSITIVE_LENGTH_MEASURE(2.E-2),#37);
#4406=PRESENTATION_STYLE_ASSIGNMENT((#4405));
#4407=STYLED_ITEM('',(#4406),#4404);
#4408=DIRECTION('',(0.E0,0.E0,-1.E0));
#4409=VECTOR('',#4408,3.01E-1);
#4410=CARTESIAN_POINT('',(7.E-1,0.E0,-1.449E0));
#4411=LINE('',#4410,#4409);
#4412=CURVE_STYLE('',#46,POSITIVE_LENGTH_MEASURE(2.E-2),#37);
#4413=PRESENTATION_STYLE_ASSIGNMENT((#4412));
#4414=STYLED_ITEM('',(#4413),#4411);
#4415=DIRECTION('',(0.E0,1.E0,0.E0));
#4416=VECTOR('',#4415,2.E-1);
#4417=CARTESIAN_POINT('',(7.E-1,0.E0,-1.75E0));
#4418=LINE('',#4417,#4416);
#4419=CURVE_STYLE('',#46,POSITIVE_LENGTH_MEASURE(2.E-2),#37);
#4420=PRESENTATION_STYLE_ASSIGNMENT((#4419));
#4421=STYLED_ITEM('',(#4420),#4418);
#4422=DIRECTION('',(0.E0,1.E0,0.E0));
#4423=VECTOR('',#4422,2.E-1);
#4424=CARTESIAN_POINT('',(7.E-1,0.E0,-1.449E0));
#4425=LINE('',#4424,#4423);
#4426=CURVE_STYLE('',#46,POSITIVE_LENGTH_MEASURE(2.E-2),#37);
#4427=PRESENTATION_STYLE_ASSIGNMENT((#4426));
#4428=STYLED_ITEM('',(#4427),#4425);
#4429=DIRECTION('',(0.E0,1.E0,0.E0));
#4430=VECTOR('',#4429,2.E-1);
#4431=CARTESIAN_POINT('',(6.01E-1,0.E0,-1.35E0));
#4432=LINE('',#4431,#4430);
#4433=CURVE_STYLE('',#46,POSITIVE_LENGTH_MEASURE(2.E-2),#37);
#4434=PRESENTATION_STYLE_ASSIGNMENT((#4433));
#4435=STYLED_ITEM('',(#4434),#4432);
#4436=DIRECTION('',(0.E0,1.E0,0.E0));
#4437=VECTOR('',#4436,2.E-1);
#4438=CARTESIAN_POINT('',(5.99E-1,0.E0,-1.35E0));
#4439=LINE('',#4438,#4437);
#4440=CURVE_STYLE('',#46,POSITIVE_LENGTH_MEASURE(2.E-2),#37);
#4441=PRESENTATION_STYLE_ASSIGNMENT((#4440));
#4442=STYLED_ITEM('',(#4441),#4439);
#4443=DIRECTION('',(0.E0,1.E0,0.E0));
#4444=VECTOR('',#4443,2.E-1);
#4445=CARTESIAN_POINT('',(5.E-1,0.E0,-1.449E0));
#4446=LINE('',#4445,#4444);
#4447=CURVE_STYLE('',#46,POSITIVE_LENGTH_MEASURE(2.E-2),#37);
#4448=PRESENTATION_STYLE_ASSIGNMENT((#4447));
#4449=STYLED_ITEM('',(#4448),#4446);
#4450=DIRECTION('',(0.E0,1.E0,0.E0));
#4451=VECTOR('',#4450,2.E-1);
#4452=CARTESIAN_POINT('',(5.E-1,0.E0,-1.75E0));
#4453=LINE('',#4452,#4451);
#4454=CURVE_STYLE('',#46,POSITIVE_LENGTH_MEASURE(2.E-2),#37);
#4455=PRESENTATION_STYLE_ASSIGNMENT((#4454));
#4456=STYLED_ITEM('',(#4455),#4453);
#4457=DIRECTION('',(1.E0,0.E0,0.E0));
#4458=VECTOR('',#4457,2.E-1);
#4459=CARTESIAN_POINT('',(5.E-1,2.E-1,-1.75E0));
#4460=LINE('',#4459,#4458);
#4461=CURVE_STYLE('',#46,POSITIVE_LENGTH_MEASURE(2.E-2),#37);
#4462=PRESENTATION_STYLE_ASSIGNMENT((#4461));
#4463=STYLED_ITEM('',(#4462),#4460);
#4464=DIRECTION('',(0.E0,0.E0,-1.E0));
#4465=VECTOR('',#4464,3.01E-1);
#4466=CARTESIAN_POINT('',(7.E-1,2.E-1,-1.449E0));
#4467=LINE('',#4466,#4465);
#4468=CURVE_STYLE('',#46,POSITIVE_LENGTH_MEASURE(2.E-2),#37);
#4469=PRESENTATION_STYLE_ASSIGNMENT((#4468));
#4470=STYLED_ITEM('',(#4469),#4467);
#4471=CARTESIAN_POINT('',(6.01E-1,2.E-1,-1.449E0));
#4472=DIRECTION('',(0.E0,1.E0,0.E0));
#4473=DIRECTION('',(0.E0,0.E0,1.E0));
#4474=AXIS2_PLACEMENT_3D('',#4471,#4472,#4473);
#4476=CURVE_STYLE('',#46,POSITIVE_LENGTH_MEASURE(2.E-2),#37);
#4477=PRESENTATION_STYLE_ASSIGNMENT((#4476));
#4478=STYLED_ITEM('',(#4477),#4475);
#4479=DIRECTION('',(1.E0,0.E0,0.E0));
#4480=VECTOR('',#4479,2.E-3);
#4481=CARTESIAN_POINT('',(5.99E-1,2.E-1,-1.35E0));
#4482=LINE('',#4481,#4480);
#4483=CURVE_STYLE('',#46,POSITIVE_LENGTH_MEASURE(2.E-2),#37);
#4484=PRESENTATION_STYLE_ASSIGNMENT((#4483));
#4485=STYLED_ITEM('',(#4484),#4482);
#4486=CARTESIAN_POINT('',(5.99E-1,2.E-1,-1.449E0));
#4487=DIRECTION('',(0.E0,1.E0,0.E0));
#4488=DIRECTION('',(-1.E0,0.E0,0.E0));
#4489=AXIS2_PLACEMENT_3D('',#4486,#4487,#4488);
#4491=CURVE_STYLE('',#46,POSITIVE_LENGTH_MEASURE(2.E-2),#37);
#4492=PRESENTATION_STYLE_ASSIGNMENT((#4491));
#4493=STYLED_ITEM('',(#4492),#4490);
#4494=DIRECTION('',(0.E0,0.E0,1.E0));
#4495=VECTOR('',#4494,3.01E-1);
#4496=CARTESIAN_POINT('',(5.E-1,2.E-1,-1.75E0));
#4497=LINE('',#4496,#4495);
#4498=CURVE_STYLE('',#46,POSITIVE_LENGTH_MEASURE(2.E-2),#37);
#4499=PRESENTATION_STYLE_ASSIGNMENT((#4498));
#4500=STYLED_ITEM('',(#4499),#4497);
#4501=CARTESIAN_POINT('',(5.E-1,0.E0,-1.449E0));
#4502=CARTESIAN_POINT('',(5.99E-1,0.E0,-1.35E0));
#4503=VERTEX_POINT('',#4501);
#4504=VERTEX_POINT('',#4502);
#4505=CARTESIAN_POINT('',(6.01E-1,0.E0,-1.35E0));
#4506=VERTEX_POINT('',#4505);
#4507=CARTESIAN_POINT('',(7.E-1,0.E0,-1.449E0));
#4508=VERTEX_POINT('',#4507);
#4509=CARTESIAN_POINT('',(5.E-1,2.E-1,-1.449E0));
#4510=CARTESIAN_POINT('',(5.99E-1,2.E-1,-1.35E0));
#4511=VERTEX_POINT('',#4509);
#4512=VERTEX_POINT('',#4510);
#4513=CARTESIAN_POINT('',(6.01E-1,2.E-1,-1.35E0));
#4514=VERTEX_POINT('',#4513);
#4515=CARTESIAN_POINT('',(7.E-1,2.E-1,-1.449E0));
#4516=VERTEX_POINT('',#4515);
#4517=CARTESIAN_POINT('',(5.E-1,0.E0,-1.75E0));
#4518=CARTESIAN_POINT('',(7.E-1,0.E0,-1.75E0));
#4519=VERTEX_POINT('',#4517);
#4520=VERTEX_POINT('',#4518);
#4521=CARTESIAN_POINT('',(5.E-1,2.E-1,-1.75E0));
#4522=VERTEX_POINT('',#4521);
#4523=CARTESIAN_POINT('',(7.E-1,2.E-1,-1.75E0));
#4524=VERTEX_POINT('',#4523);
#4525=CARTESIAN_POINT('',(0.E0,0.E0,0.E0));
#4526=DIRECTION('',(0.E0,1.E0,0.E0));
#4527=DIRECTION('',(1.E0,0.E0,0.E0));
#4528=AXIS2_PLACEMENT_3D('',#4525,#4526,#4527);
#4529=PLANE('',#4528);
#4531=ORIENTED_EDGE('',*,*,#4530,.F.);
#4533=ORIENTED_EDGE('',*,*,#4532,.T.);
#4535=ORIENTED_EDGE('',*,*,#4534,.T.);
#4537=ORIENTED_EDGE('',*,*,#4536,.T.);
#4539=ORIENTED_EDGE('',*,*,#4538,.T.);
#4541=ORIENTED_EDGE('',*,*,#4540,.T.);
#4542=EDGE_LOOP('',(#4531,#4533,#4535,#4537,#4539,#4541));
#4543=FACE_OUTER_BOUND('',#4542,.F.);
#4544=ADVANCED_FACE('',(#4543),#4529,.F.);
#4545=CARTESIAN_POINT('',(-2.E0,0.E0,-1.75E0));
#4546=DIRECTION('',(0.E0,0.E0,1.E0));
#4547=DIRECTION('',(1.E0,0.E0,0.E0));
#4548=AXIS2_PLACEMENT_3D('',#4545,#4546,#4547);
#4549=PLANE('',#4548);
#4550=ORIENTED_EDGE('',*,*,#4530,.T.);
#4552=ORIENTED_EDGE('',*,*,#4551,.T.);
#4554=ORIENTED_EDGE('',*,*,#4553,.F.);
#4556=ORIENTED_EDGE('',*,*,#4555,.F.);
#4557=EDGE_LOOP('',(#4550,#4552,#4554,#4556));
#4558=FACE_OUTER_BOUND('',#4557,.F.);
#4559=ADVANCED_FACE('',(#4558),#4549,.F.);
#4560=FILL_AREA_STYLE_COLOUR('',#39);
#4561=FILL_AREA_STYLE('',(#4560));
#4562=SURFACE_STYLE_FILL_AREA(#4561);
#4563=SURFACE_SIDE_STYLE('',(#4562));
#4564=SURFACE_STYLE_USAGE(.POSITIVE.,#4563);
#4565=PRESENTATION_STYLE_ASSIGNMENT((#4564));
#4566=OVER_RIDING_STYLED_ITEM('',(#4565),#4559,#4370);
#4567=CARTESIAN_POINT('',(7.E-1,0.E0,-1.449E0));
#4568=DIRECTION('',(1.E0,0.E0,0.E0));
#4569=DIRECTION('',(0.E0,0.E0,-1.E0));
#4570=AXIS2_PLACEMENT_3D('',#4567,#4568,#4569);
#4571=PLANE('',#4570);
#4572=ORIENTED_EDGE('',*,*,#4551,.F.);
#4573=ORIENTED_EDGE('',*,*,#4540,.F.);
#4575=ORIENTED_EDGE('',*,*,#4574,.T.);
#4577=ORIENTED_EDGE('',*,*,#4576,.T.);
#4578=EDGE_LOOP('',(#4572,#4573,#4575,#4577));
#4579=FACE_OUTER_BOUND('',#4578,.F.);
#4580=ADVANCED_FACE('',(#4579),#4571,.T.);
#4581=CARTESIAN_POINT('',(6.01E-1,0.E0,-1.449E0));
#4582=DIRECTION('',(0.E0,1.E0,0.E0));
#4583=DIRECTION('',(1.E0,0.E0,0.E0));
#4584=AXIS2_PLACEMENT_3D('',#4581,#4582,#4583);
#4585=CYLINDRICAL_SURFACE('',#4584,9.9E-2);
#4586=ORIENTED_EDGE('',*,*,#4538,.F.);
#4588=ORIENTED_EDGE('',*,*,#4587,.T.);
#4590=ORIENTED_EDGE('',*,*,#4589,.T.);
#4591=ORIENTED_EDGE('',*,*,#4574,.F.);
#4592=EDGE_LOOP('',(#4586,#4588,#4590,#4591));
#4593=FACE_OUTER_BOUND('',#4592,.F.);
#4594=ADVANCED_FACE('',(#4593),#4585,.T.);
#4595=CARTESIAN_POINT('',(5.99E-1,0.E0,-1.35E0));
#4596=DIRECTION('',(0.E0,0.E0,1.E0));
#4597=DIRECTION('',(1.E0,0.E0,0.E0));
#4598=AXIS2_PLACEMENT_3D('',#4595,#4596,#4597);
#4599=PLANE('',#4598);
#4600=ORIENTED_EDGE('',*,*,#4536,.F.);
#4602=ORIENTED_EDGE('',*,*,#4601,.T.);
#4604=ORIENTED_EDGE('',*,*,#4603,.T.);
#4605=ORIENTED_EDGE('',*,*,#4587,.F.);
#4606=EDGE_LOOP('',(#4600,#4602,#4604,#4605));
#4607=FACE_OUTER_BOUND('',#4606,.F.);
#4608=ADVANCED_FACE('',(#4607),#4599,.T.);
#4609=CARTESIAN_POINT('',(5.99E-1,0.E0,-1.449E0));
#4610=DIRECTION('',(0.E0,1.E0,0.E0));
#4611=DIRECTION('',(1.E0,0.E0,0.E0));
#4612=AXIS2_PLACEMENT_3D('',#4609,#4610,#4611);
#4613=CYLINDRICAL_SURFACE('',#4612,9.9E-2);
#4614=ORIENTED_EDGE('',*,*,#4534,.F.);
#4616=ORIENTED_EDGE('',*,*,#4615,.T.);
#4618=ORIENTED_EDGE('',*,*,#4617,.T.);
#4619=ORIENTED_EDGE('',*,*,#4601,.F.);
#4620=EDGE_LOOP('',(#4614,#4616,#4618,#4619));
#4621=FACE_OUTER_BOUND('',#4620,.F.);
#4622=ADVANCED_FACE('',(#4621),#4613,.T.);
#4623=CARTESIAN_POINT('',(5.E-1,0.E0,-1.85E0));
#4624=DIRECTION('',(-1.E0,0.E0,0.E0));
#4625=DIRECTION('',(0.E0,0.E0,1.E0));
#4626=AXIS2_PLACEMENT_3D('',#4623,#4624,#4625);
#4627=PLANE('',#4626);
#4628=ORIENTED_EDGE('',*,*,#4555,.T.);
#4630=ORIENTED_EDGE('',*,*,#4629,.T.);
#4631=ORIENTED_EDGE('',*,*,#4615,.F.);
#4632=ORIENTED_EDGE('',*,*,#4532,.F.);
#4633=EDGE_LOOP('',(#4628,#4630,#4631,#4632));
#4634=FACE_OUTER_BOUND('',#4633,.F.);
#4635=ADVANCED_FACE('',(#4634),#4627,.T.);
#4636=CARTESIAN_POINT('',(0.E0,2.E-1,0.E0));
#4637=DIRECTION('',(0.E0,1.E0,0.E0));
#4638=DIRECTION('',(1.E0,0.E0,0.E0));
#4639=AXIS2_PLACEMENT_3D('',#4636,#4637,#4638);
#4640=PLANE('',#4639);
#4641=ORIENTED_EDGE('',*,*,#4553,.T.);
#4642=ORIENTED_EDGE('',*,*,#4576,.F.);
#4643=ORIENTED_EDGE('',*,*,#4589,.F.);
#4644=ORIENTED_EDGE('',*,*,#4603,.F.);
#4645=ORIENTED_EDGE('',*,*,#4617,.F.);
#4646=ORIENTED_EDGE('',*,*,#4629,.F.);
#4647=EDGE_LOOP('',(#4641,#4642,#4643,#4644,#4645,#4646));
#4648=FACE_OUTER_BOUND('',#4647,.F.);
#4649=ADVANCED_FACE('',(#4648),#4640,.T.);
#4650=CLOSED_SHELL('',(#4544,#4559,#4580,#4594,#4608,#4622,#4635,#4649));
#4651=MANIFOLD_SOLID_BREP('',#4650);
#4652=FILL_AREA_STYLE_COLOUR('',#37);
#4653=FILL_AREA_STYLE('',(#4652));
#4654=SURFACE_STYLE_FILL_AREA(#4653);
#4655=SURFACE_SIDE_STYLE('',(#4654));
#4656=SURFACE_STYLE_USAGE(.POSITIVE.,#4655);
#4657=PRESENTATION_STYLE_ASSIGNMENT((#4656));
#4370=STYLED_ITEM('',(#4657),#4651);
#4659=DIRECTION('',(1.E0,0.E0,0.E0));
#4660=VECTOR('',#4659,2.E-1);
#4661=CARTESIAN_POINT('',(9.E-1,0.E0,-1.75E0));
#4662=LINE('',#4661,#4660);
#4663=CURVE_STYLE('',#46,POSITIVE_LENGTH_MEASURE(2.E-2),#37);
#4664=PRESENTATION_STYLE_ASSIGNMENT((#4663));
#4665=STYLED_ITEM('',(#4664),#4662);
#4666=DIRECTION('',(0.E0,0.E0,1.E0));
#4667=VECTOR('',#4666,3.01E-1);
#4668=CARTESIAN_POINT('',(9.E-1,0.E0,-1.75E0));
#4669=LINE('',#4668,#4667);
#4670=CURVE_STYLE('',#46,POSITIVE_LENGTH_MEASURE(2.E-2),#37);
#4671=PRESENTATION_STYLE_ASSIGNMENT((#4670));
#4672=STYLED_ITEM('',(#4671),#4669);
#4673=CARTESIAN_POINT('',(9.99E-1,0.E0,-1.449E0));
#4674=DIRECTION('',(0.E0,1.E0,0.E0));
#4675=DIRECTION('',(-1.E0,0.E0,0.E0));
#4676=AXIS2_PLACEMENT_3D('',#4673,#4674,#4675);
#4678=CURVE_STYLE('',#46,POSITIVE_LENGTH_MEASURE(2.E-2),#37);
#4679=PRESENTATION_STYLE_ASSIGNMENT((#4678));
#4680=STYLED_ITEM('',(#4679),#4677);
#4681=DIRECTION('',(1.E0,0.E0,0.E0));
#4682=VECTOR('',#4681,2.E-3);
#4683=CARTESIAN_POINT('',(9.99E-1,0.E0,-1.35E0));
#4684=LINE('',#4683,#4682);
#4685=CURVE_STYLE('',#46,POSITIVE_LENGTH_MEASURE(2.E-2),#37);
#4686=PRESENTATION_STYLE_ASSIGNMENT((#4685));
#4687=STYLED_ITEM('',(#4686),#4684);
#4688=CARTESIAN_POINT('',(1.001E0,0.E0,-1.449E0));
#4689=DIRECTION('',(0.E0,1.E0,0.E0));
#4690=DIRECTION('',(0.E0,0.E0,1.E0));
#4691=AXIS2_PLACEMENT_3D('',#4688,#4689,#4690);
#4693=CURVE_STYLE('',#46,POSITIVE_LENGTH_MEASURE(2.E-2),#37);
#4694=PRESENTATION_STYLE_ASSIGNMENT((#4693));
#4695=STYLED_ITEM('',(#4694),#4692);
#4696=DIRECTION('',(0.E0,0.E0,-1.E0));
#4697=VECTOR('',#4696,3.01E-1);
#4698=CARTESIAN_POINT('',(1.1E0,0.E0,-1.449E0));
#4699=LINE('',#4698,#4697);
#4700=CURVE_STYLE('',#46,POSITIVE_LENGTH_MEASURE(2.E-2),#37);
#4701=PRESENTATION_STYLE_ASSIGNMENT((#4700));
#4702=STYLED_ITEM('',(#4701),#4699);
#4703=DIRECTION('',(0.E0,1.E0,0.E0));
#4704=VECTOR('',#4703,2.E-1);
#4705=CARTESIAN_POINT('',(1.1E0,0.E0,-1.75E0));
#4706=LINE('',#4705,#4704);
#4707=CURVE_STYLE('',#46,POSITIVE_LENGTH_MEASURE(2.E-2),#37);
#4708=PRESENTATION_STYLE_ASSIGNMENT((#4707));
#4709=STYLED_ITEM('',(#4708),#4706);
#4710=DIRECTION('',(0.E0,1.E0,0.E0));
#4711=VECTOR('',#4710,2.E-1);
#4712=CARTESIAN_POINT('',(1.1E0,0.E0,-1.449E0));
#4713=LINE('',#4712,#4711);
#4714=CURVE_STYLE('',#46,POSITIVE_LENGTH_MEASURE(2.E-2),#37);
#4715=PRESENTATION_STYLE_ASSIGNMENT((#4714));
#4716=STYLED_ITEM('',(#4715),#4713);
#4717=DIRECTION('',(0.E0,1.E0,0.E0));
#4718=VECTOR('',#4717,2.E-1);
#4719=CARTESIAN_POINT('',(1.001E0,0.E0,-1.35E0));
#4720=LINE('',#4719,#4718);
#4721=CURVE_STYLE('',#46,POSITIVE_LENGTH_MEASURE(2.E-2),#37);
#4722=PRESENTATION_STYLE_ASSIGNMENT((#4721));
#4723=STYLED_ITEM('',(#4722),#4720);
#4724=DIRECTION('',(0.E0,1.E0,0.E0));
#4725=VECTOR('',#4724,2.E-1);
#4726=CARTESIAN_POINT('',(9.99E-1,0.E0,-1.35E0));
#4727=LINE('',#4726,#4725);
#4728=CURVE_STYLE('',#46,POSITIVE_LENGTH_MEASURE(2.E-2),#37);
#4729=PRESENTATION_STYLE_ASSIGNMENT((#4728));
#4730=STYLED_ITEM('',(#4729),#4727);
#4731=DIRECTION('',(0.E0,1.E0,0.E0));
#4732=VECTOR('',#4731,2.E-1);
#4733=CARTESIAN_POINT('',(9.E-1,0.E0,-1.449E0));
#4734=LINE('',#4733,#4732);
#4735=CURVE_STYLE('',#46,POSITIVE_LENGTH_MEASURE(2.E-2),#37);
#4736=PRESENTATION_STYLE_ASSIGNMENT((#4735));
#4737=STYLED_ITEM('',(#4736),#4734);
#4738=DIRECTION('',(0.E0,1.E0,0.E0));
#4739=VECTOR('',#4738,2.E-1);
#4740=CARTESIAN_POINT('',(9.E-1,0.E0,-1.75E0));
#4741=LINE('',#4740,#4739);
#4742=CURVE_STYLE('',#46,POSITIVE_LENGTH_MEASURE(2.E-2),#37);
#4743=PRESENTATION_STYLE_ASSIGNMENT((#4742));
#4744=STYLED_ITEM('',(#4743),#4741);
#4745=DIRECTION('',(1.E0,0.E0,0.E0));
#4746=VECTOR('',#4745,2.E-1);
#4747=CARTESIAN_POINT('',(9.E-1,2.E-1,-1.75E0));
#4748=LINE('',#4747,#4746);
#4749=CURVE_STYLE('',#46,POSITIVE_LENGTH_MEASURE(2.E-2),#37);
#4750=PRESENTATION_STYLE_ASSIGNMENT((#4749));
#4751=STYLED_ITEM('',(#4750),#4748);
#4752=DIRECTION('',(0.E0,0.E0,-1.E0));
#4753=VECTOR('',#4752,3.01E-1);
#4754=CARTESIAN_POINT('',(1.1E0,2.E-1,-1.449E0));
#4755=LINE('',#4754,#4753);
#4756=CURVE_STYLE('',#46,POSITIVE_LENGTH_MEASURE(2.E-2),#37);
#4757=PRESENTATION_STYLE_ASSIGNMENT((#4756));
#4758=STYLED_ITEM('',(#4757),#4755);
#4759=CARTESIAN_POINT('',(1.001E0,2.E-1,-1.449E0));
#4760=DIRECTION('',(0.E0,1.E0,0.E0));
#4761=DIRECTION('',(0.E0,0.E0,1.E0));
#4762=AXIS2_PLACEMENT_3D('',#4759,#4760,#4761);
#4764=CURVE_STYLE('',#46,POSITIVE_LENGTH_MEASURE(2.E-2),#37);
#4765=PRESENTATION_STYLE_ASSIGNMENT((#4764));
#4766=STYLED_ITEM('',(#4765),#4763);
#4767=DIRECTION('',(1.E0,0.E0,0.E0));
#4768=VECTOR('',#4767,2.E-3);
#4769=CARTESIAN_POINT('',(9.99E-1,2.E-1,-1.35E0));
#4770=LINE('',#4769,#4768);
#4771=CURVE_STYLE('',#46,POSITIVE_LENGTH_MEASURE(2.E-2),#37);
#4772=PRESENTATION_STYLE_ASSIGNMENT((#4771));
#4773=STYLED_ITEM('',(#4772),#4770);
#4774=CARTESIAN_POINT('',(9.99E-1,2.E-1,-1.449E0));
#4775=DIRECTION('',(0.E0,1.E0,0.E0));
#4776=DIRECTION('',(-1.E0,0.E0,0.E0));
#4777=AXIS2_PLACEMENT_3D('',#4774,#4775,#4776);
#4779=CURVE_STYLE('',#46,POSITIVE_LENGTH_MEASURE(2.E-2),#37);
#4780=PRESENTATION_STYLE_ASSIGNMENT((#4779));
#4781=STYLED_ITEM('',(#4780),#4778);
#4782=DIRECTION('',(0.E0,0.E0,1.E0));
#4783=VECTOR('',#4782,3.01E-1);
#4784=CARTESIAN_POINT('',(9.E-1,2.E-1,-1.75E0));
#4785=LINE('',#4784,#4783);
#4786=CURVE_STYLE('',#46,POSITIVE_LENGTH_MEASURE(2.E-2),#37);
#4787=PRESENTATION_STYLE_ASSIGNMENT((#4786));
#4788=STYLED_ITEM('',(#4787),#4785);
#4789=CARTESIAN_POINT('',(9.E-1,0.E0,-1.449E0));
#4790=CARTESIAN_POINT('',(9.99E-1,0.E0,-1.35E0));
#4791=VERTEX_POINT('',#4789);
#4792=VERTEX_POINT('',#4790);
#4793=CARTESIAN_POINT('',(1.001E0,0.E0,-1.35E0));
#4794=VERTEX_POINT('',#4793);
#4795=CARTESIAN_POINT('',(1.1E0,0.E0,-1.449E0));
#4796=VERTEX_POINT('',#4795);
#4797=CARTESIAN_POINT('',(9.E-1,2.E-1,-1.449E0));
#4798=CARTESIAN_POINT('',(9.99E-1,2.E-1,-1.35E0));
#4799=VERTEX_POINT('',#4797);
#4800=VERTEX_POINT('',#4798);
#4801=CARTESIAN_POINT('',(1.001E0,2.E-1,-1.35E0));
#4802=VERTEX_POINT('',#4801);
#4803=CARTESIAN_POINT('',(1.1E0,2.E-1,-1.449E0));
#4804=VERTEX_POINT('',#4803);
#4805=CARTESIAN_POINT('',(9.E-1,0.E0,-1.75E0));
#4806=CARTESIAN_POINT('',(1.1E0,0.E0,-1.75E0));
#4807=VERTEX_POINT('',#4805);
#4808=VERTEX_POINT('',#4806);
#4809=CARTESIAN_POINT('',(9.E-1,2.E-1,-1.75E0));
#4810=VERTEX_POINT('',#4809);
#4811=CARTESIAN_POINT('',(1.1E0,2.E-1,-1.75E0));
#4812=VERTEX_POINT('',#4811);
#4813=CARTESIAN_POINT('',(0.E0,0.E0,0.E0));
#4814=DIRECTION('',(0.E0,1.E0,0.E0));
#4815=DIRECTION('',(1.E0,0.E0,0.E0));
#4816=AXIS2_PLACEMENT_3D('',#4813,#4814,#4815);
#4817=PLANE('',#4816);
#4819=ORIENTED_EDGE('',*,*,#4818,.F.);
#4821=ORIENTED_EDGE('',*,*,#4820,.T.);
#4823=ORIENTED_EDGE('',*,*,#4822,.T.);
#4825=ORIENTED_EDGE('',*,*,#4824,.T.);
#4827=ORIENTED_EDGE('',*,*,#4826,.T.);
#4829=ORIENTED_EDGE('',*,*,#4828,.T.);
#4830=EDGE_LOOP('',(#4819,#4821,#4823,#4825,#4827,#4829));
#4831=FACE_OUTER_BOUND('',#4830,.F.);
#4832=ADVANCED_FACE('',(#4831),#4817,.F.);
#4833=CARTESIAN_POINT('',(-2.E0,0.E0,-1.75E0));
#4834=DIRECTION('',(0.E0,0.E0,1.E0));
#4835=DIRECTION('',(1.E0,0.E0,0.E0));
#4836=AXIS2_PLACEMENT_3D('',#4833,#4834,#4835);
#4837=PLANE('',#4836);
#4838=ORIENTED_EDGE('',*,*,#4818,.T.);
#4840=ORIENTED_EDGE('',*,*,#4839,.T.);
#4842=ORIENTED_EDGE('',*,*,#4841,.F.);
#4844=ORIENTED_EDGE('',*,*,#4843,.F.);
#4845=EDGE_LOOP('',(#4838,#4840,#4842,#4844));
#4846=FACE_OUTER_BOUND('',#4845,.F.);
#4847=ADVANCED_FACE('',(#4846),#4837,.F.);
#4848=FILL_AREA_STYLE_COLOUR('',#39);
#4849=FILL_AREA_STYLE('',(#4848));
#4850=SURFACE_STYLE_FILL_AREA(#4849);
#4851=SURFACE_SIDE_STYLE('',(#4850));
#4852=SURFACE_STYLE_USAGE(.POSITIVE.,#4851);
#4853=PRESENTATION_STYLE_ASSIGNMENT((#4852));
#4854=OVER_RIDING_STYLED_ITEM('',(#4853),#4847,#4658);
#4855=CARTESIAN_POINT('',(1.1E0,0.E0,-1.449E0));
#4856=DIRECTION('',(1.E0,0.E0,0.E0));
#4857=DIRECTION('',(0.E0,0.E0,-1.E0));
#4858=AXIS2_PLACEMENT_3D('',#4855,#4856,#4857);
#4859=PLANE('',#4858);
#4860=ORIENTED_EDGE('',*,*,#4839,.F.);
#4861=ORIENTED_EDGE('',*,*,#4828,.F.);
#4863=ORIENTED_EDGE('',*,*,#4862,.T.);
#4865=ORIENTED_EDGE('',*,*,#4864,.T.);
#4866=EDGE_LOOP('',(#4860,#4861,#4863,#4865));
#4867=FACE_OUTER_BOUND('',#4866,.F.);
#4868=ADVANCED_FACE('',(#4867),#4859,.T.);
#4869=CARTESIAN_POINT('',(1.001E0,0.E0,-1.449E0));
#4870=DIRECTION('',(0.E0,1.E0,0.E0));
#4871=DIRECTION('',(1.E0,0.E0,0.E0));
#4872=AXIS2_PLACEMENT_3D('',#4869,#4870,#4871);
#4873=CYLINDRICAL_SURFACE('',#4872,9.9E-2);
#4874=ORIENTED_EDGE('',*,*,#4826,.F.);
#4876=ORIENTED_EDGE('',*,*,#4875,.T.);
#4878=ORIENTED_EDGE('',*,*,#4877,.T.);
#4879=ORIENTED_EDGE('',*,*,#4862,.F.);
#4880=EDGE_LOOP('',(#4874,#4876,#4878,#4879));
#4881=FACE_OUTER_BOUND('',#4880,.F.);
#4882=ADVANCED_FACE('',(#4881),#4873,.T.);
#4883=CARTESIAN_POINT('',(9.99E-1,0.E0,-1.35E0));
#4884=DIRECTION('',(0.E0,0.E0,1.E0));
#4885=DIRECTION('',(1.E0,0.E0,0.E0));
#4886=AXIS2_PLACEMENT_3D('',#4883,#4884,#4885);
#4887=PLANE('',#4886);
#4888=ORIENTED_EDGE('',*,*,#4824,.F.);
#4890=ORIENTED_EDGE('',*,*,#4889,.T.);
#4892=ORIENTED_EDGE('',*,*,#4891,.T.);
#4893=ORIENTED_EDGE('',*,*,#4875,.F.);
#4894=EDGE_LOOP('',(#4888,#4890,#4892,#4893));
#4895=FACE_OUTER_BOUND('',#4894,.F.);
#4896=ADVANCED_FACE('',(#4895),#4887,.T.);
#4897=CARTESIAN_POINT('',(9.99E-1,0.E0,-1.449E0));
#4898=DIRECTION('',(0.E0,1.E0,0.E0));
#4899=DIRECTION('',(1.E0,0.E0,0.E0));
#4900=AXIS2_PLACEMENT_3D('',#4897,#4898,#4899);
#4901=CYLINDRICAL_SURFACE('',#4900,9.9E-2);
#4902=ORIENTED_EDGE('',*,*,#4822,.F.);
#4904=ORIENTED_EDGE('',*,*,#4903,.T.);
#4906=ORIENTED_EDGE('',*,*,#4905,.T.);
#4907=ORIENTED_EDGE('',*,*,#4889,.F.);
#4908=EDGE_LOOP('',(#4902,#4904,#4906,#4907));
#4909=FACE_OUTER_BOUND('',#4908,.F.);
#4910=ADVANCED_FACE('',(#4909),#4901,.T.);
#4911=CARTESIAN_POINT('',(9.E-1,0.E0,-1.85E0));
#4912=DIRECTION('',(-1.E0,0.E0,0.E0));
#4913=DIRECTION('',(0.E0,0.E0,1.E0));
#4914=AXIS2_PLACEMENT_3D('',#4911,#4912,#4913);
#4915=PLANE('',#4914);
#4916=ORIENTED_EDGE('',*,*,#4843,.T.);
#4918=ORIENTED_EDGE('',*,*,#4917,.T.);
#4919=ORIENTED_EDGE('',*,*,#4903,.F.);
#4920=ORIENTED_EDGE('',*,*,#4820,.F.);
#4921=EDGE_LOOP('',(#4916,#4918,#4919,#4920));
#4922=FACE_OUTER_BOUND('',#4921,.F.);
#4923=ADVANCED_FACE('',(#4922),#4915,.T.);
#4924=CARTESIAN_POINT('',(0.E0,2.E-1,0.E0));
#4925=DIRECTION('',(0.E0,1.E0,0.E0));
#4926=DIRECTION('',(1.E0,0.E0,0.E0));
#4927=AXIS2_PLACEMENT_3D('',#4924,#4925,#4926);
#4928=PLANE('',#4927);
#4929=ORIENTED_EDGE('',*,*,#4841,.T.);
#4930=ORIENTED_EDGE('',*,*,#4864,.F.);
#4931=ORIENTED_EDGE('',*,*,#4877,.F.);
#4932=ORIENTED_EDGE('',*,*,#4891,.F.);
#4933=ORIENTED_EDGE('',*,*,#4905,.F.);
#4934=ORIENTED_EDGE('',*,*,#4917,.F.);
#4935=EDGE_LOOP('',(#4929,#4930,#4931,#4932,#4933,#4934));
#4936=FACE_OUTER_BOUND('',#4935,.F.);
#4937=ADVANCED_FACE('',(#4936),#4928,.T.);
#4938=CLOSED_SHELL('',(#4832,#4847,#4868,#4882,#4896,#4910,#4923,#4937));
#4939=MANIFOLD_SOLID_BREP('',#4938);
#4940=FILL_AREA_STYLE_COLOUR('',#37);
#4941=FILL_AREA_STYLE('',(#4940));
#4942=SURFACE_STYLE_FILL_AREA(#4941);
#4943=SURFACE_SIDE_STYLE('',(#4942));
#4944=SURFACE_STYLE_USAGE(.POSITIVE.,#4943);
#4945=PRESENTATION_STYLE_ASSIGNMENT((#4944));
#4658=STYLED_ITEM('',(#4945),#4939);
#4947=DIRECTION('',(1.E0,0.E0,0.E0));
#4948=VECTOR('',#4947,2.E-1);
#4949=CARTESIAN_POINT('',(5.E-1,0.E0,1.75E0));
#4950=LINE('',#4949,#4948);
#4951=CURVE_STYLE('',#46,POSITIVE_LENGTH_MEASURE(2.E-2),#37);
#4952=PRESENTATION_STYLE_ASSIGNMENT((#4951));
#4953=STYLED_ITEM('',(#4952),#4950);
#4954=DIRECTION('',(0.E0,0.E0,1.E0));
#4955=VECTOR('',#4954,3.01E-1);
#4956=CARTESIAN_POINT('',(7.E-1,0.E0,1.449E0));
#4957=LINE('',#4956,#4955);
#4958=CURVE_STYLE('',#46,POSITIVE_LENGTH_MEASURE(2.E-2),#37);
#4959=PRESENTATION_STYLE_ASSIGNMENT((#4958));
#4960=STYLED_ITEM('',(#4959),#4957);
#4961=CARTESIAN_POINT('',(6.01E-1,0.E0,1.449E0));
#4962=DIRECTION('',(0.E0,-1.E0,0.E0));
#4963=DIRECTION('',(0.E0,0.E0,-1.E0));
#4964=AXIS2_PLACEMENT_3D('',#4961,#4962,#4963);
#4966=CURVE_STYLE('',#46,POSITIVE_LENGTH_MEASURE(2.E-2),#37);
#4967=PRESENTATION_STYLE_ASSIGNMENT((#4966));
#4968=STYLED_ITEM('',(#4967),#4965);
#4969=DIRECTION('',(1.E0,0.E0,0.E0));
#4970=VECTOR('',#4969,2.E-3);
#4971=CARTESIAN_POINT('',(5.99E-1,0.E0,1.35E0));
#4972=LINE('',#4971,#4970);
#4973=CURVE_STYLE('',#46,POSITIVE_LENGTH_MEASURE(2.E-2),#37);
#4974=PRESENTATION_STYLE_ASSIGNMENT((#4973));
#4975=STYLED_ITEM('',(#4974),#4972);
#4976=CARTESIAN_POINT('',(5.99E-1,0.E0,1.449E0));
#4977=DIRECTION('',(0.E0,-1.E0,0.E0));
#4978=DIRECTION('',(-1.E0,0.E0,0.E0));
#4979=AXIS2_PLACEMENT_3D('',#4976,#4977,#4978);
#4981=CURVE_STYLE('',#46,POSITIVE_LENGTH_MEASURE(2.E-2),#37);
#4982=PRESENTATION_STYLE_ASSIGNMENT((#4981));
#4983=STYLED_ITEM('',(#4982),#4980);
#4984=DIRECTION('',(0.E0,0.E0,-1.E0));
#4985=VECTOR('',#4984,3.01E-1);
#4986=CARTESIAN_POINT('',(5.E-1,0.E0,1.75E0));
#4987=LINE('',#4986,#4985);
#4988=CURVE_STYLE('',#46,POSITIVE_LENGTH_MEASURE(2.E-2),#37);
#4989=PRESENTATION_STYLE_ASSIGNMENT((#4988));
#4990=STYLED_ITEM('',(#4989),#4987);
#4991=DIRECTION('',(0.E0,1.E0,0.E0));
#4992=VECTOR('',#4991,2.E-1);
#4993=CARTESIAN_POINT('',(5.E-1,0.E0,1.75E0));
#4994=LINE('',#4993,#4992);
#4995=CURVE_STYLE('',#46,POSITIVE_LENGTH_MEASURE(2.E-2),#37);
#4996=PRESENTATION_STYLE_ASSIGNMENT((#4995));
#4997=STYLED_ITEM('',(#4996),#4994);
#4998=DIRECTION('',(0.E0,1.E0,0.E0));
#4999=VECTOR('',#4998,2.E-1);
#5000=CARTESIAN_POINT('',(5.E-1,0.E0,1.449E0));
#5001=LINE('',#5000,#4999);
#5002=CURVE_STYLE('',#46,POSITIVE_LENGTH_MEASURE(2.E-2),#37);
#5003=PRESENTATION_STYLE_ASSIGNMENT((#5002));
#5004=STYLED_ITEM('',(#5003),#5001);
#5005=DIRECTION('',(0.E0,1.E0,0.E0));
#5006=VECTOR('',#5005,2.E-1);
#5007=CARTESIAN_POINT('',(5.99E-1,0.E0,1.35E0));
#5008=LINE('',#5007,#5006);
#5009=CURVE_STYLE('',#46,POSITIVE_LENGTH_MEASURE(2.E-2),#37);
#5010=PRESENTATION_STYLE_ASSIGNMENT((#5009));
#5011=STYLED_ITEM('',(#5010),#5008);
#5012=DIRECTION('',(0.E0,1.E0,0.E0));
#5013=VECTOR('',#5012,2.E-1);
#5014=CARTESIAN_POINT('',(6.01E-1,0.E0,1.35E0));
#5015=LINE('',#5014,#5013);
#5016=CURVE_STYLE('',#46,POSITIVE_LENGTH_MEASURE(2.E-2),#37);
#5017=PRESENTATION_STYLE_ASSIGNMENT((#5016));
#5018=STYLED_ITEM('',(#5017),#5015);
#5019=DIRECTION('',(0.E0,1.E0,0.E0));
#5020=VECTOR('',#5019,2.E-1);
#5021=CARTESIAN_POINT('',(7.E-1,0.E0,1.75E0));
#5022=LINE('',#5021,#5020);
#5023=CURVE_STYLE('',#46,POSITIVE_LENGTH_MEASURE(2.E-2),#37);
#5024=PRESENTATION_STYLE_ASSIGNMENT((#5023));
#5025=STYLED_ITEM('',(#5024),#5022);
#5026=DIRECTION('',(0.E0,1.E0,0.E0));
#5027=VECTOR('',#5026,2.E-1);
#5028=CARTESIAN_POINT('',(7.E-1,0.E0,1.449E0));
#5029=LINE('',#5028,#5027);
#5030=CURVE_STYLE('',#46,POSITIVE_LENGTH_MEASURE(2.E-2),#37);
#5031=PRESENTATION_STYLE_ASSIGNMENT((#5030));
#5032=STYLED_ITEM('',(#5031),#5029);
#5033=DIRECTION('',(1.E0,0.E0,0.E0));
#5034=VECTOR('',#5033,2.E-1);
#5035=CARTESIAN_POINT('',(5.E-1,2.E-1,1.75E0));
#5036=LINE('',#5035,#5034);
#5037=CURVE_STYLE('',#46,POSITIVE_LENGTH_MEASURE(2.E-2),#37);
#5038=PRESENTATION_STYLE_ASSIGNMENT((#5037));
#5039=STYLED_ITEM('',(#5038),#5036);
#5040=DIRECTION('',(0.E0,0.E0,-1.E0));
#5041=VECTOR('',#5040,3.01E-1);
#5042=CARTESIAN_POINT('',(5.E-1,2.E-1,1.75E0));
#5043=LINE('',#5042,#5041);
#5044=CURVE_STYLE('',#46,POSITIVE_LENGTH_MEASURE(2.E-2),#37);
#5045=PRESENTATION_STYLE_ASSIGNMENT((#5044));
#5046=STYLED_ITEM('',(#5045),#5043);
#5047=CARTESIAN_POINT('',(5.99E-1,2.E-1,1.449E0));
#5048=DIRECTION('',(0.E0,-1.E0,0.E0));
#5049=DIRECTION('',(-1.E0,0.E0,0.E0));
#5050=AXIS2_PLACEMENT_3D('',#5047,#5048,#5049);
#5052=CURVE_STYLE('',#46,POSITIVE_LENGTH_MEASURE(2.E-2),#37);
#5053=PRESENTATION_STYLE_ASSIGNMENT((#5052));
#5054=STYLED_ITEM('',(#5053),#5051);
#5055=DIRECTION('',(1.E0,0.E0,0.E0));
#5056=VECTOR('',#5055,2.E-3);
#5057=CARTESIAN_POINT('',(5.99E-1,2.E-1,1.35E0));
#5058=LINE('',#5057,#5056);
#5059=CURVE_STYLE('',#46,POSITIVE_LENGTH_MEASURE(2.E-2),#37);
#5060=PRESENTATION_STYLE_ASSIGNMENT((#5059));
#5061=STYLED_ITEM('',(#5060),#5058);
#5062=CARTESIAN_POINT('',(6.01E-1,2.E-1,1.449E0));
#5063=DIRECTION('',(0.E0,-1.E0,0.E0));
#5064=DIRECTION('',(0.E0,0.E0,-1.E0));
#5065=AXIS2_PLACEMENT_3D('',#5062,#5063,#5064);
#5067=CURVE_STYLE('',#46,POSITIVE_LENGTH_MEASURE(2.E-2),#37);
#5068=PRESENTATION_STYLE_ASSIGNMENT((#5067));
#5069=STYLED_ITEM('',(#5068),#5066);
#5070=DIRECTION('',(0.E0,0.E0,1.E0));
#5071=VECTOR('',#5070,3.01E-1);
#5072=CARTESIAN_POINT('',(7.E-1,2.E-1,1.449E0));
#5073=LINE('',#5072,#5071);
#5074=CURVE_STYLE('',#46,POSITIVE_LENGTH_MEASURE(2.E-2),#37);
#5075=PRESENTATION_STYLE_ASSIGNMENT((#5074));
#5076=STYLED_ITEM('',(#5075),#5073);
#5077=CARTESIAN_POINT('',(5.E-1,0.E0,1.449E0));
#5078=CARTESIAN_POINT('',(5.99E-1,0.E0,1.35E0));
#5079=VERTEX_POINT('',#5077);
#5080=VERTEX_POINT('',#5078);
#5081=CARTESIAN_POINT('',(6.01E-1,0.E0,1.35E0));
#5082=VERTEX_POINT('',#5081);
#5083=CARTESIAN_POINT('',(7.E-1,0.E0,1.449E0));
#5084=VERTEX_POINT('',#5083);
#5085=CARTESIAN_POINT('',(5.E-1,2.E-1,1.449E0));
#5086=CARTESIAN_POINT('',(5.99E-1,2.E-1,1.35E0));
#5087=VERTEX_POINT('',#5085);
#5088=VERTEX_POINT('',#5086);
#5089=CARTESIAN_POINT('',(6.01E-1,2.E-1,1.35E0));
#5090=VERTEX_POINT('',#5089);
#5091=CARTESIAN_POINT('',(7.E-1,2.E-1,1.449E0));
#5092=VERTEX_POINT('',#5091);
#5093=CARTESIAN_POINT('',(5.E-1,0.E0,1.75E0));
#5094=CARTESIAN_POINT('',(7.E-1,0.E0,1.75E0));
#5095=VERTEX_POINT('',#5093);
#5096=VERTEX_POINT('',#5094);
#5097=CARTESIAN_POINT('',(5.E-1,2.E-1,1.75E0));
#5098=VERTEX_POINT('',#5097);
#5099=CARTESIAN_POINT('',(7.E-1,2.E-1,1.75E0));
#5100=VERTEX_POINT('',#5099);
#5101=CARTESIAN_POINT('',(0.E0,0.E0,0.E0));
#5102=DIRECTION('',(0.E0,-1.E0,0.E0));
#5103=DIRECTION('',(1.E0,0.E0,0.E0));
#5104=AXIS2_PLACEMENT_3D('',#5101,#5102,#5103);
#5105=PLANE('',#5104);
#5107=ORIENTED_EDGE('',*,*,#5106,.T.);
#5109=ORIENTED_EDGE('',*,*,#5108,.F.);
#5111=ORIENTED_EDGE('',*,*,#5110,.F.);
#5113=ORIENTED_EDGE('',*,*,#5112,.F.);
#5115=ORIENTED_EDGE('',*,*,#5114,.F.);
#5117=ORIENTED_EDGE('',*,*,#5116,.F.);
#5118=EDGE_LOOP('',(#5107,#5109,#5111,#5113,#5115,#5117));
#5119=FACE_OUTER_BOUND('',#5118,.F.);
#5120=ADVANCED_FACE('',(#5119),#5105,.T.);
#5121=CARTESIAN_POINT('',(2.E0,0.E0,1.75E0));
#5122=DIRECTION('',(0.E0,0.E0,-1.E0));
#5123=DIRECTION('',(-1.E0,0.E0,0.E0));
#5124=AXIS2_PLACEMENT_3D('',#5121,#5122,#5123);
#5125=PLANE('',#5124);
#5126=ORIENTED_EDGE('',*,*,#5106,.F.);
#5128=ORIENTED_EDGE('',*,*,#5127,.T.);
#5130=ORIENTED_EDGE('',*,*,#5129,.T.);
#5132=ORIENTED_EDGE('',*,*,#5131,.F.);
#5133=EDGE_LOOP('',(#5126,#5128,#5130,#5132));
#5134=FACE_OUTER_BOUND('',#5133,.F.);
#5135=ADVANCED_FACE('',(#5134),#5125,.F.);
#5136=FILL_AREA_STYLE_COLOUR('',#39);
#5137=FILL_AREA_STYLE('',(#5136));
#5138=SURFACE_STYLE_FILL_AREA(#5137);
#5139=SURFACE_SIDE_STYLE('',(#5138));
#5140=SURFACE_STYLE_USAGE(.POSITIVE.,#5139);
#5141=PRESENTATION_STYLE_ASSIGNMENT((#5140));
#5142=OVER_RIDING_STYLED_ITEM('',(#5141),#5135,#4946);
#5143=CARTESIAN_POINT('',(5.E-1,0.E0,1.85E0));
#5144=DIRECTION('',(1.E0,0.E0,0.E0));
#5145=DIRECTION('',(0.E0,0.E0,-1.E0));
#5146=AXIS2_PLACEMENT_3D('',#5143,#5144,#5145);
#5147=PLANE('',#5146);
#5148=ORIENTED_EDGE('',*,*,#5127,.F.);
#5149=ORIENTED_EDGE('',*,*,#5116,.T.);
#5151=ORIENTED_EDGE('',*,*,#5150,.T.);
#5153=ORIENTED_EDGE('',*,*,#5152,.F.);
#5154=EDGE_LOOP('',(#5148,#5149,#5151,#5153));
#5155=FACE_OUTER_BOUND('',#5154,.F.);
#5156=ADVANCED_FACE('',(#5155),#5147,.F.);
#5157=CARTESIAN_POINT('',(5.99E-1,0.E0,1.449E0));
#5158=DIRECTION('',(0.E0,-1.E0,0.E0));
#5159=DIRECTION('',(1.E0,0.E0,0.E0));
#5160=AXIS2_PLACEMENT_3D('',#5157,#5158,#5159);
#5161=CYLINDRICAL_SURFACE('',#5160,9.9E-2);
#5162=ORIENTED_EDGE('',*,*,#5114,.T.);
#5164=ORIENTED_EDGE('',*,*,#5163,.T.);
#5166=ORIENTED_EDGE('',*,*,#5165,.F.);
#5167=ORIENTED_EDGE('',*,*,#5150,.F.);
#5168=EDGE_LOOP('',(#5162,#5164,#5166,#5167));
#5169=FACE_OUTER_BOUND('',#5168,.F.);
#5170=ADVANCED_FACE('',(#5169),#5161,.T.);
#5171=CARTESIAN_POINT('',(5.99E-1,0.E0,1.35E0));
#5172=DIRECTION('',(0.E0,0.E0,1.E0));
#5173=DIRECTION('',(1.E0,0.E0,0.E0));
#5174=AXIS2_PLACEMENT_3D('',#5171,#5172,#5173);
#5175=PLANE('',#5174);
#5176=ORIENTED_EDGE('',*,*,#5112,.T.);
#5178=ORIENTED_EDGE('',*,*,#5177,.T.);
#5180=ORIENTED_EDGE('',*,*,#5179,.F.);
#5181=ORIENTED_EDGE('',*,*,#5163,.F.);
#5182=EDGE_LOOP('',(#5176,#5178,#5180,#5181));
#5183=FACE_OUTER_BOUND('',#5182,.F.);
#5184=ADVANCED_FACE('',(#5183),#5175,.F.);
#5185=CARTESIAN_POINT('',(6.01E-1,0.E0,1.449E0));
#5186=DIRECTION('',(0.E0,-1.E0,0.E0));
#5187=DIRECTION('',(1.E0,0.E0,0.E0));
#5188=AXIS2_PLACEMENT_3D('',#5185,#5186,#5187);
#5189=CYLINDRICAL_SURFACE('',#5188,9.9E-2);
#5190=ORIENTED_EDGE('',*,*,#5110,.T.);
#5192=ORIENTED_EDGE('',*,*,#5191,.T.);
#5194=ORIENTED_EDGE('',*,*,#5193,.F.);
#5195=ORIENTED_EDGE('',*,*,#5177,.F.);
#5196=EDGE_LOOP('',(#5190,#5192,#5194,#5195));
#5197=FACE_OUTER_BOUND('',#5196,.F.);
#5198=ADVANCED_FACE('',(#5197),#5189,.T.);
#5199=CARTESIAN_POINT('',(7.E-1,0.E0,1.449E0));
#5200=DIRECTION('',(-1.E0,0.E0,0.E0));
#5201=DIRECTION('',(0.E0,0.E0,1.E0));
#5202=AXIS2_PLACEMENT_3D('',#5199,#5200,#5201);
#5203=PLANE('',#5202);
#5204=ORIENTED_EDGE('',*,*,#5131,.T.);
#5206=ORIENTED_EDGE('',*,*,#5205,.F.);
#5207=ORIENTED_EDGE('',*,*,#5191,.F.);
#5208=ORIENTED_EDGE('',*,*,#5108,.T.);
#5209=EDGE_LOOP('',(#5204,#5206,#5207,#5208));
#5210=FACE_OUTER_BOUND('',#5209,.F.);
#5211=ADVANCED_FACE('',(#5210),#5203,.F.);
#5212=CARTESIAN_POINT('',(0.E0,2.E-1,0.E0));
#5213=DIRECTION('',(0.E0,-1.E0,0.E0));
#5214=DIRECTION('',(1.E0,0.E0,0.E0));
#5215=AXIS2_PLACEMENT_3D('',#5212,#5213,#5214);
#5216=PLANE('',#5215);
#5217=ORIENTED_EDGE('',*,*,#5129,.F.);
#5218=ORIENTED_EDGE('',*,*,#5152,.T.);
#5219=ORIENTED_EDGE('',*,*,#5165,.T.);
#5220=ORIENTED_EDGE('',*,*,#5179,.T.);
#5221=ORIENTED_EDGE('',*,*,#5193,.T.);
#5222=ORIENTED_EDGE('',*,*,#5205,.T.);
#5223=EDGE_LOOP('',(#5217,#5218,#5219,#5220,#5221,#5222));
#5224=FACE_OUTER_BOUND('',#5223,.F.);
#5225=ADVANCED_FACE('',(#5224),#5216,.F.);
#5226=CLOSED_SHELL('',(#5120,#5135,#5156,#5170,#5184,#5198,#5211,#5225));
#5227=MANIFOLD_SOLID_BREP('',#5226);
#5228=FILL_AREA_STYLE_COLOUR('',#37);
#5229=FILL_AREA_STYLE('',(#5228));
#5230=SURFACE_STYLE_FILL_AREA(#5229);
#5231=SURFACE_SIDE_STYLE('',(#5230));
#5232=SURFACE_STYLE_USAGE(.POSITIVE.,#5231);
#5233=PRESENTATION_STYLE_ASSIGNMENT((#5232));
#4946=STYLED_ITEM('',(#5233),#5227);
#5235=DIRECTION('',(1.E0,0.E0,0.E0));
#5236=VECTOR('',#5235,2.E-1);
#5237=CARTESIAN_POINT('',(9.E-1,0.E0,1.75E0));
#5238=LINE('',#5237,#5236);
#5239=CURVE_STYLE('',#46,POSITIVE_LENGTH_MEASURE(2.E-2),#37);
#5240=PRESENTATION_STYLE_ASSIGNMENT((#5239));
#5241=STYLED_ITEM('',(#5240),#5238);
#5242=DIRECTION('',(0.E0,0.E0,1.E0));
#5243=VECTOR('',#5242,3.01E-1);
#5244=CARTESIAN_POINT('',(1.1E0,0.E0,1.449E0));
#5245=LINE('',#5244,#5243);
#5246=CURVE_STYLE('',#46,POSITIVE_LENGTH_MEASURE(2.E-2),#37);
#5247=PRESENTATION_STYLE_ASSIGNMENT((#5246));
#5248=STYLED_ITEM('',(#5247),#5245);
#5249=CARTESIAN_POINT('',(1.001E0,0.E0,1.449E0));
#5250=DIRECTION('',(0.E0,-1.E0,0.E0));
#5251=DIRECTION('',(0.E0,0.E0,-1.E0));
#5252=AXIS2_PLACEMENT_3D('',#5249,#5250,#5251);
#5254=CURVE_STYLE('',#46,POSITIVE_LENGTH_MEASURE(2.E-2),#37);
#5255=PRESENTATION_STYLE_ASSIGNMENT((#5254));
#5256=STYLED_ITEM('',(#5255),#5253);
#5257=DIRECTION('',(1.E0,0.E0,0.E0));
#5258=VECTOR('',#5257,2.E-3);
#5259=CARTESIAN_POINT('',(9.99E-1,0.E0,1.35E0));
#5260=LINE('',#5259,#5258);
#5261=CURVE_STYLE('',#46,POSITIVE_LENGTH_MEASURE(2.E-2),#37);
#5262=PRESENTATION_STYLE_ASSIGNMENT((#5261));
#5263=STYLED_ITEM('',(#5262),#5260);
#5264=CARTESIAN_POINT('',(9.99E-1,0.E0,1.449E0));
#5265=DIRECTION('',(0.E0,-1.E0,0.E0));
#5266=DIRECTION('',(-1.E0,0.E0,0.E0));
#5267=AXIS2_PLACEMENT_3D('',#5264,#5265,#5266);
#5269=CURVE_STYLE('',#46,POSITIVE_LENGTH_MEASURE(2.E-2),#37);
#5270=PRESENTATION_STYLE_ASSIGNMENT((#5269));
#5271=STYLED_ITEM('',(#5270),#5268);
#5272=DIRECTION('',(0.E0,0.E0,-1.E0));
#5273=VECTOR('',#5272,3.01E-1);
#5274=CARTESIAN_POINT('',(9.E-1,0.E0,1.75E0));
#5275=LINE('',#5274,#5273);
#5276=CURVE_STYLE('',#46,POSITIVE_LENGTH_MEASURE(2.E-2),#37);
#5277=PRESENTATION_STYLE_ASSIGNMENT((#5276));
#5278=STYLED_ITEM('',(#5277),#5275);
#5279=DIRECTION('',(0.E0,1.E0,0.E0));
#5280=VECTOR('',#5279,2.E-1);
#5281=CARTESIAN_POINT('',(9.E-1,0.E0,1.75E0));
#5282=LINE('',#5281,#5280);
#5283=CURVE_STYLE('',#46,POSITIVE_LENGTH_MEASURE(2.E-2),#37);
#5284=PRESENTATION_STYLE_ASSIGNMENT((#5283));
#5285=STYLED_ITEM('',(#5284),#5282);
#5286=DIRECTION('',(0.E0,1.E0,0.E0));
#5287=VECTOR('',#5286,2.E-1);
#5288=CARTESIAN_POINT('',(9.E-1,0.E0,1.449E0));
#5289=LINE('',#5288,#5287);
#5290=CURVE_STYLE('',#46,POSITIVE_LENGTH_MEASURE(2.E-2),#37);
#5291=PRESENTATION_STYLE_ASSIGNMENT((#5290));
#5292=STYLED_ITEM('',(#5291),#5289);
#5293=DIRECTION('',(0.E0,1.E0,0.E0));
#5294=VECTOR('',#5293,2.E-1);
#5295=CARTESIAN_POINT('',(9.99E-1,0.E0,1.35E0));
#5296=LINE('',#5295,#5294);
#5297=CURVE_STYLE('',#46,POSITIVE_LENGTH_MEASURE(2.E-2),#37);
#5298=PRESENTATION_STYLE_ASSIGNMENT((#5297));
#5299=STYLED_ITEM('',(#5298),#5296);
#5300=DIRECTION('',(0.E0,1.E0,0.E0));
#5301=VECTOR('',#5300,2.E-1);
#5302=CARTESIAN_POINT('',(1.001E0,0.E0,1.35E0));
#5303=LINE('',#5302,#5301);
#5304=CURVE_STYLE('',#46,POSITIVE_LENGTH_MEASURE(2.E-2),#37);
#5305=PRESENTATION_STYLE_ASSIGNMENT((#5304));
#5306=STYLED_ITEM('',(#5305),#5303);
#5307=DIRECTION('',(0.E0,1.E0,0.E0));
#5308=VECTOR('',#5307,2.E-1);
#5309=CARTESIAN_POINT('',(1.1E0,0.E0,1.75E0));
#5310=LINE('',#5309,#5308);
#5311=CURVE_STYLE('',#46,POSITIVE_LENGTH_MEASURE(2.E-2),#37);
#5312=PRESENTATION_STYLE_ASSIGNMENT((#5311));
#5313=STYLED_ITEM('',(#5312),#5310);
#5314=DIRECTION('',(0.E0,1.E0,0.E0));
#5315=VECTOR('',#5314,2.E-1);
#5316=CARTESIAN_POINT('',(1.1E0,0.E0,1.449E0));
#5317=LINE('',#5316,#5315);
#5318=CURVE_STYLE('',#46,POSITIVE_LENGTH_MEASURE(2.E-2),#37);
#5319=PRESENTATION_STYLE_ASSIGNMENT((#5318));
#5320=STYLED_ITEM('',(#5319),#5317);
#5321=DIRECTION('',(1.E0,0.E0,0.E0));
#5322=VECTOR('',#5321,2.E-1);
#5323=CARTESIAN_POINT('',(9.E-1,2.E-1,1.75E0));
#5324=LINE('',#5323,#5322);
#5325=CURVE_STYLE('',#46,POSITIVE_LENGTH_MEASURE(2.E-2),#37);
#5326=PRESENTATION_STYLE_ASSIGNMENT((#5325));
#5327=STYLED_ITEM('',(#5326),#5324);
#5328=DIRECTION('',(0.E0,0.E0,-1.E0));
#5329=VECTOR('',#5328,3.01E-1);
#5330=CARTESIAN_POINT('',(9.E-1,2.E-1,1.75E0));
#5331=LINE('',#5330,#5329);
#5332=CURVE_STYLE('',#46,POSITIVE_LENGTH_MEASURE(2.E-2),#37);
#5333=PRESENTATION_STYLE_ASSIGNMENT((#5332));
#5334=STYLED_ITEM('',(#5333),#5331);
#5335=CARTESIAN_POINT('',(9.99E-1,2.E-1,1.449E0));
#5336=DIRECTION('',(0.E0,-1.E0,0.E0));
#5337=DIRECTION('',(-1.E0,0.E0,0.E0));
#5338=AXIS2_PLACEMENT_3D('',#5335,#5336,#5337);
#5340=CURVE_STYLE('',#46,POSITIVE_LENGTH_MEASURE(2.E-2),#37);
#5341=PRESENTATION_STYLE_ASSIGNMENT((#5340));
#5342=STYLED_ITEM('',(#5341),#5339);
#5343=DIRECTION('',(1.E0,0.E0,0.E0));
#5344=VECTOR('',#5343,2.E-3);
#5345=CARTESIAN_POINT('',(9.99E-1,2.E-1,1.35E0));
#5346=LINE('',#5345,#5344);
#5347=CURVE_STYLE('',#46,POSITIVE_LENGTH_MEASURE(2.E-2),#37);
#5348=PRESENTATION_STYLE_ASSIGNMENT((#5347));
#5349=STYLED_ITEM('',(#5348),#5346);
#5350=CARTESIAN_POINT('',(1.001E0,2.E-1,1.449E0));
#5351=DIRECTION('',(0.E0,-1.E0,0.E0));
#5352=DIRECTION('',(0.E0,0.E0,-1.E0));
#5353=AXIS2_PLACEMENT_3D('',#5350,#5351,#5352);
#5355=CURVE_STYLE('',#46,POSITIVE_LENGTH_MEASURE(2.E-2),#37);
#5356=PRESENTATION_STYLE_ASSIGNMENT((#5355));
#5357=STYLED_ITEM('',(#5356),#5354);
#5358=DIRECTION('',(0.E0,0.E0,1.E0));
#5359=VECTOR('',#5358,3.01E-1);
#5360=CARTESIAN_POINT('',(1.1E0,2.E-1,1.449E0));
#5361=LINE('',#5360,#5359);
#5362=CURVE_STYLE('',#46,POSITIVE_LENGTH_MEASURE(2.E-2),#37);
#5363=PRESENTATION_STYLE_ASSIGNMENT((#5362));
#5364=STYLED_ITEM('',(#5363),#5361);
#5365=CARTESIAN_POINT('',(9.E-1,0.E0,1.449E0));
#5366=CARTESIAN_POINT('',(9.99E-1,0.E0,1.35E0));
#5367=VERTEX_POINT('',#5365);
#5368=VERTEX_POINT('',#5366);
#5369=CARTESIAN_POINT('',(1.001E0,0.E0,1.35E0));
#5370=VERTEX_POINT('',#5369);
#5371=CARTESIAN_POINT('',(1.1E0,0.E0,1.449E0));
#5372=VERTEX_POINT('',#5371);
#5373=CARTESIAN_POINT('',(9.E-1,2.E-1,1.449E0));
#5374=CARTESIAN_POINT('',(9.99E-1,2.E-1,1.35E0));
#5375=VERTEX_POINT('',#5373);
#5376=VERTEX_POINT('',#5374);
#5377=CARTESIAN_POINT('',(1.001E0,2.E-1,1.35E0));
#5378=VERTEX_POINT('',#5377);
#5379=CARTESIAN_POINT('',(1.1E0,2.E-1,1.449E0));
#5380=VERTEX_POINT('',#5379);
#5381=CARTESIAN_POINT('',(9.E-1,0.E0,1.75E0));
#5382=CARTESIAN_POINT('',(1.1E0,0.E0,1.75E0));
#5383=VERTEX_POINT('',#5381);
#5384=VERTEX_POINT('',#5382);
#5385=CARTESIAN_POINT('',(9.E-1,2.E-1,1.75E0));
#5386=VERTEX_POINT('',#5385);
#5387=CARTESIAN_POINT('',(1.1E0,2.E-1,1.75E0));
#5388=VERTEX_POINT('',#5387);
#5389=CARTESIAN_POINT('',(0.E0,0.E0,0.E0));
#5390=DIRECTION('',(0.E0,-1.E0,0.E0));
#5391=DIRECTION('',(1.E0,0.E0,0.E0));
#5392=AXIS2_PLACEMENT_3D('',#5389,#5390,#5391);
#5393=PLANE('',#5392);
#5395=ORIENTED_EDGE('',*,*,#5394,.T.);
#5397=ORIENTED_EDGE('',*,*,#5396,.F.);
#5399=ORIENTED_EDGE('',*,*,#5398,.F.);
#5401=ORIENTED_EDGE('',*,*,#5400,.F.);
#5403=ORIENTED_EDGE('',*,*,#5402,.F.);
#5405=ORIENTED_EDGE('',*,*,#5404,.F.);
#5406=EDGE_LOOP('',(#5395,#5397,#5399,#5401,#5403,#5405));
#5407=FACE_OUTER_BOUND('',#5406,.F.);
#5408=ADVANCED_FACE('',(#5407),#5393,.T.);
#5409=CARTESIAN_POINT('',(2.E0,0.E0,1.75E0));
#5410=DIRECTION('',(0.E0,0.E0,-1.E0));
#5411=DIRECTION('',(-1.E0,0.E0,0.E0));
#5412=AXIS2_PLACEMENT_3D('',#5409,#5410,#5411);
#5413=PLANE('',#5412);
#5414=ORIENTED_EDGE('',*,*,#5394,.F.);
#5416=ORIENTED_EDGE('',*,*,#5415,.T.);
#5418=ORIENTED_EDGE('',*,*,#5417,.T.);
#5420=ORIENTED_EDGE('',*,*,#5419,.F.);
#5421=EDGE_LOOP('',(#5414,#5416,#5418,#5420));
#5422=FACE_OUTER_BOUND('',#5421,.F.);
#5423=ADVANCED_FACE('',(#5422),#5413,.F.);
#5424=FILL_AREA_STYLE_COLOUR('',#39);
#5425=FILL_AREA_STYLE('',(#5424));
#5426=SURFACE_STYLE_FILL_AREA(#5425);
#5427=SURFACE_SIDE_STYLE('',(#5426));
#5428=SURFACE_STYLE_USAGE(.POSITIVE.,#5427);
#5429=PRESENTATION_STYLE_ASSIGNMENT((#5428));
#5430=OVER_RIDING_STYLED_ITEM('',(#5429),#5423,#5234);
#5431=CARTESIAN_POINT('',(9.E-1,0.E0,1.85E0));
#5432=DIRECTION('',(1.E0,0.E0,0.E0));
#5433=DIRECTION('',(0.E0,0.E0,-1.E0));
#5434=AXIS2_PLACEMENT_3D('',#5431,#5432,#5433);
#5435=PLANE('',#5434);
#5436=ORIENTED_EDGE('',*,*,#5415,.F.);
#5437=ORIENTED_EDGE('',*,*,#5404,.T.);
#5439=ORIENTED_EDGE('',*,*,#5438,.T.);
#5441=ORIENTED_EDGE('',*,*,#5440,.F.);
#5442=EDGE_LOOP('',(#5436,#5437,#5439,#5441));
#5443=FACE_OUTER_BOUND('',#5442,.F.);
#5444=ADVANCED_FACE('',(#5443),#5435,.F.);
#5445=CARTESIAN_POINT('',(9.99E-1,0.E0,1.449E0));
#5446=DIRECTION('',(0.E0,-1.E0,0.E0));
#5447=DIRECTION('',(1.E0,0.E0,0.E0));
#5448=AXIS2_PLACEMENT_3D('',#5445,#5446,#5447);
#5449=CYLINDRICAL_SURFACE('',#5448,9.9E-2);
#5450=ORIENTED_EDGE('',*,*,#5402,.T.);
#5452=ORIENTED_EDGE('',*,*,#5451,.T.);
#5454=ORIENTED_EDGE('',*,*,#5453,.F.);
#5455=ORIENTED_EDGE('',*,*,#5438,.F.);
#5456=EDGE_LOOP('',(#5450,#5452,#5454,#5455));
#5457=FACE_OUTER_BOUND('',#5456,.F.);
#5458=ADVANCED_FACE('',(#5457),#5449,.T.);
#5459=CARTESIAN_POINT('',(9.99E-1,0.E0,1.35E0));
#5460=DIRECTION('',(0.E0,0.E0,1.E0));
#5461=DIRECTION('',(1.E0,0.E0,0.E0));
#5462=AXIS2_PLACEMENT_3D('',#5459,#5460,#5461);
#5463=PLANE('',#5462);
#5464=ORIENTED_EDGE('',*,*,#5400,.T.);
#5466=ORIENTED_EDGE('',*,*,#5465,.T.);
#5468=ORIENTED_EDGE('',*,*,#5467,.F.);
#5469=ORIENTED_EDGE('',*,*,#5451,.F.);
#5470=EDGE_LOOP('',(#5464,#5466,#5468,#5469));
#5471=FACE_OUTER_BOUND('',#5470,.F.);
#5472=ADVANCED_FACE('',(#5471),#5463,.F.);
#5473=CARTESIAN_POINT('',(1.001E0,0.E0,1.449E0));
#5474=DIRECTION('',(0.E0,-1.E0,0.E0));
#5475=DIRECTION('',(1.E0,0.E0,0.E0));
#5476=AXIS2_PLACEMENT_3D('',#5473,#5474,#5475);
#5477=CYLINDRICAL_SURFACE('',#5476,9.9E-2);
#5478=ORIENTED_EDGE('',*,*,#5398,.T.);
#5480=ORIENTED_EDGE('',*,*,#5479,.T.);
#5482=ORIENTED_EDGE('',*,*,#5481,.F.);
#5483=ORIENTED_EDGE('',*,*,#5465,.F.);
#5484=EDGE_LOOP('',(#5478,#5480,#5482,#5483));
#5485=FACE_OUTER_BOUND('',#5484,.F.);
#5486=ADVANCED_FACE('',(#5485),#5477,.T.);
#5487=CARTESIAN_POINT('',(1.1E0,0.E0,1.449E0));
#5488=DIRECTION('',(-1.E0,0.E0,0.E0));
#5489=DIRECTION('',(0.E0,0.E0,1.E0));
#5490=AXIS2_PLACEMENT_3D('',#5487,#5488,#5489);
#5491=PLANE('',#5490);
#5492=ORIENTED_EDGE('',*,*,#5419,.T.);
#5494=ORIENTED_EDGE('',*,*,#5493,.F.);
#5495=ORIENTED_EDGE('',*,*,#5479,.F.);
#5496=ORIENTED_EDGE('',*,*,#5396,.T.);
#5497=EDGE_LOOP('',(#5492,#5494,#5495,#5496));
#5498=FACE_OUTER_BOUND('',#5497,.F.);
#5499=ADVANCED_FACE('',(#5498),#5491,.F.);
#5500=CARTESIAN_POINT('',(0.E0,2.E-1,0.E0));
#5501=DIRECTION('',(0.E0,-1.E0,0.E0));
#5502=DIRECTION('',(1.E0,0.E0,0.E0));
#5503=AXIS2_PLACEMENT_3D('',#5500,#5501,#5502);
#5504=PLANE('',#5503);
#5505=ORIENTED_EDGE('',*,*,#5417,.F.);
#5506=ORIENTED_EDGE('',*,*,#5440,.T.);
#5507=ORIENTED_EDGE('',*,*,#5453,.T.);
#5508=ORIENTED_EDGE('',*,*,#5467,.T.);
#5509=ORIENTED_EDGE('',*,*,#5481,.T.);
#5510=ORIENTED_EDGE('',*,*,#5493,.T.);
#5511=EDGE_LOOP('',(#5505,#5506,#5507,#5508,#5509,#5510));
#5512=FACE_OUTER_BOUND('',#5511,.F.);
#5513=ADVANCED_FACE('',(#5512),#5504,.F.);
#5514=CLOSED_SHELL('',(#5408,#5423,#5444,#5458,#5472,#5486,#5499,#5513));
#5515=MANIFOLD_SOLID_BREP('',#5514);
#5516=FILL_AREA_STYLE_COLOUR('',#37);
#5517=FILL_AREA_STYLE('',(#5516));
#5518=SURFACE_STYLE_FILL_AREA(#5517);
#5519=SURFACE_SIDE_STYLE('',(#5518));
#5520=SURFACE_STYLE_USAGE(.POSITIVE.,#5519);
#5521=PRESENTATION_STYLE_ASSIGNMENT((#5520));
#5234=STYLED_ITEM('',(#5521),#5515);
#5523=DIRECTION('',(-1.E0,0.E0,0.E0));
#5524=VECTOR('',#5523,3.E-1);
#5525=CARTESIAN_POINT('',(-1.4E0,0.E0,-1.75E0));
#5526=LINE('',#5525,#5524);
#5527=CURVE_STYLE('',#46,POSITIVE_LENGTH_MEASURE(2.E-2),#37);
#5528=PRESENTATION_STYLE_ASSIGNMENT((#5527));
#5529=STYLED_ITEM('',(#5528),#5526);
#5530=DIRECTION('',(0.E0,0.E0,1.E0));
#5531=VECTOR('',#5530,3.E-1);
#5532=CARTESIAN_POINT('',(-1.7E0,0.E0,-1.75E0));
#5533=LINE('',#5532,#5531);
#5534=CURVE_STYLE('',#46,POSITIVE_LENGTH_MEASURE(2.E-2),#37);
#5535=PRESENTATION_STYLE_ASSIGNMENT((#5534));
#5536=STYLED_ITEM('',(#5535),#5533);
#5537=DIRECTION('',(-1.E0,0.E0,0.E0));
#5538=VECTOR('',#5537,3.E-1);
#5539=CARTESIAN_POINT('',(-1.7E0,0.E0,-1.45E0));
#5540=LINE('',#5539,#5538);
#5541=CURVE_STYLE('',#46,POSITIVE_LENGTH_MEASURE(2.E-2),#37);
#5542=PRESENTATION_STYLE_ASSIGNMENT((#5541));
#5543=STYLED_ITEM('',(#5542),#5540);
#5544=DIRECTION('',(0.E0,0.E0,1.E0));
#5545=VECTOR('',#5544,3.E-1);
#5546=CARTESIAN_POINT('',(-2.E0,0.E0,-1.45E0));
#5547=LINE('',#5546,#5545);
#5548=CURVE_STYLE('',#46,POSITIVE_LENGTH_MEASURE(2.E-2),#37);
#5549=PRESENTATION_STYLE_ASSIGNMENT((#5548));
#5550=STYLED_ITEM('',(#5549),#5547);
#5551=DIRECTION('',(1.E0,0.E0,0.E0));
#5552=VECTOR('',#5551,6.E-1);
#5553=CARTESIAN_POINT('',(-2.E0,0.E0,-1.15E0));
#5554=LINE('',#5553,#5552);
#5555=CURVE_STYLE('',#46,POSITIVE_LENGTH_MEASURE(2.E-2),#37);
#5556=PRESENTATION_STYLE_ASSIGNMENT((#5555));
#5557=STYLED_ITEM('',(#5556),#5554);
#5558=DIRECTION('',(0.E0,0.E0,-1.E0));
#5559=VECTOR('',#5558,6.E-1);
#5560=CARTESIAN_POINT('',(-1.4E0,0.E0,-1.15E0));
#5561=LINE('',#5560,#5559);
#5562=CURVE_STYLE('',#46,POSITIVE_LENGTH_MEASURE(2.E-2),#37);
#5563=PRESENTATION_STYLE_ASSIGNMENT((#5562));
#5564=STYLED_ITEM('',(#5563),#5561);
#5565=DIRECTION('',(0.E0,1.E0,0.E0));
#5566=VECTOR('',#5565,2.E-1);
#5567=CARTESIAN_POINT('',(-1.4E0,0.E0,-1.75E0));
#5568=LINE('',#5567,#5566);
#5569=CURVE_STYLE('',#46,POSITIVE_LENGTH_MEASURE(2.E-2),#37);
#5570=PRESENTATION_STYLE_ASSIGNMENT((#5569));
#5571=STYLED_ITEM('',(#5570),#5568);
#5572=DIRECTION('',(0.E0,1.E0,0.E0));
#5573=VECTOR('',#5572,2.E-1);
#5574=CARTESIAN_POINT('',(-1.4E0,0.E0,-1.15E0));
#5575=LINE('',#5574,#5573);
#5576=CURVE_STYLE('',#46,POSITIVE_LENGTH_MEASURE(2.E-2),#37);
#5577=PRESENTATION_STYLE_ASSIGNMENT((#5576));
#5578=STYLED_ITEM('',(#5577),#5575);
#5579=DIRECTION('',(0.E0,1.E0,0.E0));
#5580=VECTOR('',#5579,2.E-1);
#5581=CARTESIAN_POINT('',(-2.E0,0.E0,-1.15E0));
#5582=LINE('',#5581,#5580);
#5583=CURVE_STYLE('',#46,POSITIVE_LENGTH_MEASURE(2.E-2),#37);
#5584=PRESENTATION_STYLE_ASSIGNMENT((#5583));
#5585=STYLED_ITEM('',(#5584),#5582);
#5586=DIRECTION('',(0.E0,1.E0,0.E0));
#5587=VECTOR('',#5586,2.E-1);
#5588=CARTESIAN_POINT('',(-2.E0,0.E0,-1.45E0));
#5589=LINE('',#5588,#5587);
#5590=CURVE_STYLE('',#46,POSITIVE_LENGTH_MEASURE(2.E-2),#37);
#5591=PRESENTATION_STYLE_ASSIGNMENT((#5590));
#5592=STYLED_ITEM('',(#5591),#5589);
#5593=DIRECTION('',(0.E0,1.E0,0.E0));
#5594=VECTOR('',#5593,2.E-1);
#5595=CARTESIAN_POINT('',(-1.7E0,0.E0,-1.45E0));
#5596=LINE('',#5595,#5594);
#5597=CURVE_STYLE('',#46,POSITIVE_LENGTH_MEASURE(2.E-2),#37);
#5598=PRESENTATION_STYLE_ASSIGNMENT((#5597));
#5599=STYLED_ITEM('',(#5598),#5596);
#5600=DIRECTION('',(0.E0,1.E0,0.E0));
#5601=VECTOR('',#5600,2.E-1);
#5602=CARTESIAN_POINT('',(-1.7E0,0.E0,-1.75E0));
#5603=LINE('',#5602,#5601);
#5604=CURVE_STYLE('',#46,POSITIVE_LENGTH_MEASURE(2.E-2),#37);
#5605=PRESENTATION_STYLE_ASSIGNMENT((#5604));
#5606=STYLED_ITEM('',(#5605),#5603);
#5607=DIRECTION('',(-1.E0,0.E0,0.E0));
#5608=VECTOR('',#5607,3.E-1);
#5609=CARTESIAN_POINT('',(-1.4E0,2.E-1,-1.75E0));
#5610=LINE('',#5609,#5608);
#5611=CURVE_STYLE('',#46,POSITIVE_LENGTH_MEASURE(2.E-2),#37);
#5612=PRESENTATION_STYLE_ASSIGNMENT((#5611));
#5613=STYLED_ITEM('',(#5612),#5610);
#5614=DIRECTION('',(0.E0,0.E0,-1.E0));
#5615=VECTOR('',#5614,6.E-1);
#5616=CARTESIAN_POINT('',(-1.4E0,2.E-1,-1.15E0));
#5617=LINE('',#5616,#5615);
#5618=CURVE_STYLE('',#46,POSITIVE_LENGTH_MEASURE(2.E-2),#37);
#5619=PRESENTATION_STYLE_ASSIGNMENT((#5618));
#5620=STYLED_ITEM('',(#5619),#5617);
#5621=DIRECTION('',(1.E0,0.E0,0.E0));
#5622=VECTOR('',#5621,6.E-1);
#5623=CARTESIAN_POINT('',(-2.E0,2.E-1,-1.15E0));
#5624=LINE('',#5623,#5622);
#5625=CURVE_STYLE('',#46,POSITIVE_LENGTH_MEASURE(2.E-2),#37);
#5626=PRESENTATION_STYLE_ASSIGNMENT((#5625));
#5627=STYLED_ITEM('',(#5626),#5624);
#5628=DIRECTION('',(0.E0,0.E0,1.E0));
#5629=VECTOR('',#5628,3.E-1);
#5630=CARTESIAN_POINT('',(-2.E0,2.E-1,-1.45E0));
#5631=LINE('',#5630,#5629);
#5632=CURVE_STYLE('',#46,POSITIVE_LENGTH_MEASURE(2.E-2),#37);
#5633=PRESENTATION_STYLE_ASSIGNMENT((#5632));
#5634=STYLED_ITEM('',(#5633),#5631);
#5635=DIRECTION('',(-1.E0,0.E0,0.E0));
#5636=VECTOR('',#5635,3.E-1);
#5637=CARTESIAN_POINT('',(-1.7E0,2.E-1,-1.45E0));
#5638=LINE('',#5637,#5636);
#5639=CURVE_STYLE('',#46,POSITIVE_LENGTH_MEASURE(2.E-2),#37);
#5640=PRESENTATION_STYLE_ASSIGNMENT((#5639));
#5641=STYLED_ITEM('',(#5640),#5638);
#5642=DIRECTION('',(0.E0,0.E0,1.E0));
#5643=VECTOR('',#5642,3.E-1);
#5644=CARTESIAN_POINT('',(-1.7E0,2.E-1,-1.75E0));
#5645=LINE('',#5644,#5643);
#5646=CURVE_STYLE('',#46,POSITIVE_LENGTH_MEASURE(2.E-2),#37);
#5647=PRESENTATION_STYLE_ASSIGNMENT((#5646));
#5648=STYLED_ITEM('',(#5647),#5645);
#5649=CARTESIAN_POINT('',(-1.4E0,0.E0,-1.75E0));
#5650=CARTESIAN_POINT('',(-1.7E0,0.E0,-1.75E0));
#5651=VERTEX_POINT('',#5649);
#5652=VERTEX_POINT('',#5650);
#5653=CARTESIAN_POINT('',(-1.7E0,0.E0,-1.45E0));
#5654=VERTEX_POINT('',#5653);
#5655=CARTESIAN_POINT('',(-2.E0,0.E0,-1.45E0));
#5656=VERTEX_POINT('',#5655);
#5657=CARTESIAN_POINT('',(-2.E0,0.E0,-1.15E0));
#5658=VERTEX_POINT('',#5657);
#5659=CARTESIAN_POINT('',(-1.4E0,0.E0,-1.15E0));
#5660=VERTEX_POINT('',#5659);
#5661=CARTESIAN_POINT('',(-1.4E0,2.E-1,-1.75E0));
#5662=CARTESIAN_POINT('',(-1.7E0,2.E-1,-1.75E0));
#5663=VERTEX_POINT('',#5661);
#5664=VERTEX_POINT('',#5662);
#5665=CARTESIAN_POINT('',(-1.7E0,2.E-1,-1.45E0));
#5666=VERTEX_POINT('',#5665);
#5667=CARTESIAN_POINT('',(-2.E0,2.E-1,-1.45E0));
#5668=VERTEX_POINT('',#5667);
#5669=CARTESIAN_POINT('',(-2.E0,2.E-1,-1.15E0));
#5670=VERTEX_POINT('',#5669);
#5671=CARTESIAN_POINT('',(-1.4E0,2.E-1,-1.15E0));
#5672=VERTEX_POINT('',#5671);
#5673=CARTESIAN_POINT('',(0.E0,0.E0,0.E0));
#5674=DIRECTION('',(0.E0,1.E0,0.E0));
#5675=DIRECTION('',(1.E0,0.E0,0.E0));
#5676=AXIS2_PLACEMENT_3D('',#5673,#5674,#5675);
#5677=PLANE('',#5676);
#5679=ORIENTED_EDGE('',*,*,#5678,.T.);
#5681=ORIENTED_EDGE('',*,*,#5680,.T.);
#5683=ORIENTED_EDGE('',*,*,#5682,.T.);
#5685=ORIENTED_EDGE('',*,*,#5684,.T.);
#5687=ORIENTED_EDGE('',*,*,#5686,.T.);
#5689=ORIENTED_EDGE('',*,*,#5688,.T.);
#5690=EDGE_LOOP('',(#5679,#5681,#5683,#5685,#5687,#5689));
#5691=FACE_OUTER_BOUND('',#5690,.F.);
#5692=ADVANCED_FACE('',(#5691),#5677,.F.);
#5693=CARTESIAN_POINT('',(-1.4E0,0.E0,-1.75E0));
#5694=DIRECTION('',(0.E0,0.E0,-1.E0));
#5695=DIRECTION('',(-1.E0,0.E0,0.E0));
#5696=AXIS2_PLACEMENT_3D('',#5693,#5694,#5695);
#5697=PLANE('',#5696);
#5698=ORIENTED_EDGE('',*,*,#5678,.F.);
#5700=ORIENTED_EDGE('',*,*,#5699,.T.);
#5702=ORIENTED_EDGE('',*,*,#5701,.T.);
#5704=ORIENTED_EDGE('',*,*,#5703,.F.);
#5705=EDGE_LOOP('',(#5698,#5700,#5702,#5704));
#5706=FACE_OUTER_BOUND('',#5705,.F.);
#5707=ADVANCED_FACE('',(#5706),#5697,.T.);
#5708=FILL_AREA_STYLE_COLOUR('',#39);
#5709=FILL_AREA_STYLE('',(#5708));
#5710=SURFACE_STYLE_FILL_AREA(#5709);
#5711=SURFACE_SIDE_STYLE('',(#5710));
#5712=SURFACE_STYLE_USAGE(.POSITIVE.,#5711);
#5713=PRESENTATION_STYLE_ASSIGNMENT((#5712));
#5714=OVER_RIDING_STYLED_ITEM('',(#5713),#5707,#5522);
#5715=CARTESIAN_POINT('',(-1.4E0,0.E0,-1.15E0));
#5716=DIRECTION('',(1.E0,0.E0,0.E0));
#5717=DIRECTION('',(0.E0,0.E0,-1.E0));
#5718=AXIS2_PLACEMENT_3D('',#5715,#5716,#5717);
#5719=PLANE('',#5718);
#5720=ORIENTED_EDGE('',*,*,#5688,.F.);
#5722=ORIENTED_EDGE('',*,*,#5721,.T.);
#5724=ORIENTED_EDGE('',*,*,#5723,.T.);
#5725=ORIENTED_EDGE('',*,*,#5699,.F.);
#5726=EDGE_LOOP('',(#5720,#5722,#5724,#5725));
#5727=FACE_OUTER_BOUND('',#5726,.F.);
#5728=ADVANCED_FACE('',(#5727),#5719,.T.);
#5729=CARTESIAN_POINT('',(-2.E0,0.E0,-1.15E0));
#5730=DIRECTION('',(0.E0,0.E0,1.E0));
#5731=DIRECTION('',(1.E0,0.E0,0.E0));
#5732=AXIS2_PLACEMENT_3D('',#5729,#5730,#5731);
#5733=PLANE('',#5732);
#5734=ORIENTED_EDGE('',*,*,#5686,.F.);
#5736=ORIENTED_EDGE('',*,*,#5735,.T.);
#5738=ORIENTED_EDGE('',*,*,#5737,.T.);
#5739=ORIENTED_EDGE('',*,*,#5721,.F.);
#5740=EDGE_LOOP('',(#5734,#5736,#5738,#5739));
#5741=FACE_OUTER_BOUND('',#5740,.F.);
#5742=ADVANCED_FACE('',(#5741),#5733,.T.);
#5743=CARTESIAN_POINT('',(-2.E0,0.E0,-1.45E0));
#5744=DIRECTION('',(-1.E0,0.E0,0.E0));
#5745=DIRECTION('',(0.E0,0.E0,1.E0));
#5746=AXIS2_PLACEMENT_3D('',#5743,#5744,#5745);
#5747=PLANE('',#5746);
#5748=ORIENTED_EDGE('',*,*,#5684,.F.);
#5750=ORIENTED_EDGE('',*,*,#5749,.T.);
#5752=ORIENTED_EDGE('',*,*,#5751,.T.);
#5753=ORIENTED_EDGE('',*,*,#5735,.F.);
#5754=EDGE_LOOP('',(#5748,#5750,#5752,#5753));
#5755=FACE_OUTER_BOUND('',#5754,.F.);
#5756=ADVANCED_FACE('',(#5755),#5747,.T.);
#5757=FILL_AREA_STYLE_COLOUR('',#39);
#5758=FILL_AREA_STYLE('',(#5757));
#5759=SURFACE_STYLE_FILL_AREA(#5758);
#5760=SURFACE_SIDE_STYLE('',(#5759));
#5761=SURFACE_STYLE_USAGE(.POSITIVE.,#5760);
#5762=PRESENTATION_STYLE_ASSIGNMENT((#5761));
#5763=OVER_RIDING_STYLED_ITEM('',(#5762),#5756,#5522);
#5764=CARTESIAN_POINT('',(-1.7E0,0.E0,-1.45E0));
#5765=DIRECTION('',(0.E0,0.E0,-1.E0));
#5766=DIRECTION('',(-1.E0,0.E0,0.E0));
#5767=AXIS2_PLACEMENT_3D('',#5764,#5765,#5766);
#5768=PLANE('',#5767);
#5769=ORIENTED_EDGE('',*,*,#5682,.F.);
#5771=ORIENTED_EDGE('',*,*,#5770,.T.);
#5773=ORIENTED_EDGE('',*,*,#5772,.T.);
#5774=ORIENTED_EDGE('',*,*,#5749,.F.);
#5775=EDGE_LOOP('',(#5769,#5771,#5773,#5774));
#5776=FACE_OUTER_BOUND('',#5775,.F.);
#5777=ADVANCED_FACE('',(#5776),#5768,.T.);
#5778=CARTESIAN_POINT('',(-1.7E0,0.E0,-1.75E0));
#5779=DIRECTION('',(-1.E0,0.E0,0.E0));
#5780=DIRECTION('',(0.E0,0.E0,1.E0));
#5781=AXIS2_PLACEMENT_3D('',#5778,#5779,#5780);
#5782=PLANE('',#5781);
#5783=ORIENTED_EDGE('',*,*,#5680,.F.);
#5784=ORIENTED_EDGE('',*,*,#5703,.T.);
#5786=ORIENTED_EDGE('',*,*,#5785,.T.);
#5787=ORIENTED_EDGE('',*,*,#5770,.F.);
#5788=EDGE_LOOP('',(#5783,#5784,#5786,#5787));
#5789=FACE_OUTER_BOUND('',#5788,.F.);
#5790=ADVANCED_FACE('',(#5789),#5782,.T.);
#5791=CARTESIAN_POINT('',(0.E0,2.E-1,0.E0));
#5792=DIRECTION('',(0.E0,1.E0,0.E0));
#5793=DIRECTION('',(1.E0,0.E0,0.E0));
#5794=AXIS2_PLACEMENT_3D('',#5791,#5792,#5793);
#5795=PLANE('',#5794);
#5796=ORIENTED_EDGE('',*,*,#5701,.F.);
#5797=ORIENTED_EDGE('',*,*,#5723,.F.);
#5798=ORIENTED_EDGE('',*,*,#5737,.F.);
#5799=ORIENTED_EDGE('',*,*,#5751,.F.);
#5800=ORIENTED_EDGE('',*,*,#5772,.F.);
#5801=ORIENTED_EDGE('',*,*,#5785,.F.);
#5802=EDGE_LOOP('',(#5796,#5797,#5798,#5799,#5800,#5801));
#5803=FACE_OUTER_BOUND('',#5802,.F.);
#5804=ADVANCED_FACE('',(#5803),#5795,.T.);
#5805=CLOSED_SHELL('',(#5692,#5707,#5728,#5742,#5756,#5777,#5790,#5804));
#5806=MANIFOLD_SOLID_BREP('',#5805);
#5807=FILL_AREA_STYLE_COLOUR('',#37);
#5808=FILL_AREA_STYLE('',(#5807));
#5809=SURFACE_STYLE_FILL_AREA(#5808);
#5810=SURFACE_SIDE_STYLE('',(#5809));
#5811=SURFACE_STYLE_USAGE(.POSITIVE.,#5810);
#5812=PRESENTATION_STYLE_ASSIGNMENT((#5811));
#5522=STYLED_ITEM('',(#5812),#5806);
#5814=DIRECTION('',(1.E0,0.E0,0.E0));
#5815=VECTOR('',#5814,3.E-1);
#5816=CARTESIAN_POINT('',(1.4E0,0.E0,-1.75E0));
#5817=LINE('',#5816,#5815);
#5818=CURVE_STYLE('',#46,POSITIVE_LENGTH_MEASURE(2.E-2),#37);
#5819=PRESENTATION_STYLE_ASSIGNMENT((#5818));
#5820=STYLED_ITEM('',(#5819),#5817);
#5821=DIRECTION('',(0.E0,0.E0,-1.E0));
#5822=VECTOR('',#5821,6.E-1);
#5823=CARTESIAN_POINT('',(1.4E0,0.E0,-1.15E0));
#5824=LINE('',#5823,#5822);
#5825=CURVE_STYLE('',#46,POSITIVE_LENGTH_MEASURE(2.E-2),#37);
#5826=PRESENTATION_STYLE_ASSIGNMENT((#5825));
#5827=STYLED_ITEM('',(#5826),#5824);
#5828=DIRECTION('',(-1.E0,0.E0,0.E0));
#5829=VECTOR('',#5828,6.E-1);
#5830=CARTESIAN_POINT('',(2.E0,0.E0,-1.15E0));
#5831=LINE('',#5830,#5829);
#5832=CURVE_STYLE('',#46,POSITIVE_LENGTH_MEASURE(2.E-2),#37);
#5833=PRESENTATION_STYLE_ASSIGNMENT((#5832));
#5834=STYLED_ITEM('',(#5833),#5831);
#5835=DIRECTION('',(0.E0,0.E0,1.E0));
#5836=VECTOR('',#5835,3.E-1);
#5837=CARTESIAN_POINT('',(2.E0,0.E0,-1.45E0));
#5838=LINE('',#5837,#5836);
#5839=CURVE_STYLE('',#46,POSITIVE_LENGTH_MEASURE(2.E-2),#37);
#5840=PRESENTATION_STYLE_ASSIGNMENT((#5839));
#5841=STYLED_ITEM('',(#5840),#5838);
#5842=DIRECTION('',(1.E0,0.E0,0.E0));
#5843=VECTOR('',#5842,3.E-1);
#5844=CARTESIAN_POINT('',(1.7E0,0.E0,-1.45E0));
#5845=LINE('',#5844,#5843);
#5846=CURVE_STYLE('',#46,POSITIVE_LENGTH_MEASURE(2.E-2),#37);
#5847=PRESENTATION_STYLE_ASSIGNMENT((#5846));
#5848=STYLED_ITEM('',(#5847),#5845);
#5849=DIRECTION('',(0.E0,0.E0,1.E0));
#5850=VECTOR('',#5849,3.E-1);
#5851=CARTESIAN_POINT('',(1.7E0,0.E0,-1.75E0));
#5852=LINE('',#5851,#5850);
#5853=CURVE_STYLE('',#46,POSITIVE_LENGTH_MEASURE(2.E-2),#37);
#5854=PRESENTATION_STYLE_ASSIGNMENT((#5853));
#5855=STYLED_ITEM('',(#5854),#5852);
#5856=DIRECTION('',(0.E0,1.E0,0.E0));
#5857=VECTOR('',#5856,2.E-1);
#5858=CARTESIAN_POINT('',(1.4E0,0.E0,-1.75E0));
#5859=LINE('',#5858,#5857);
#5860=CURVE_STYLE('',#46,POSITIVE_LENGTH_MEASURE(2.E-2),#37);
#5861=PRESENTATION_STYLE_ASSIGNMENT((#5860));
#5862=STYLED_ITEM('',(#5861),#5859);
#5863=DIRECTION('',(0.E0,1.E0,0.E0));
#5864=VECTOR('',#5863,2.E-1);
#5865=CARTESIAN_POINT('',(1.7E0,0.E0,-1.75E0));
#5866=LINE('',#5865,#5864);
#5867=CURVE_STYLE('',#46,POSITIVE_LENGTH_MEASURE(2.E-2),#37);
#5868=PRESENTATION_STYLE_ASSIGNMENT((#5867));
#5869=STYLED_ITEM('',(#5868),#5866);
#5870=DIRECTION('',(0.E0,1.E0,0.E0));
#5871=VECTOR('',#5870,2.E-1);
#5872=CARTESIAN_POINT('',(1.7E0,0.E0,-1.45E0));
#5873=LINE('',#5872,#5871);
#5874=CURVE_STYLE('',#46,POSITIVE_LENGTH_MEASURE(2.E-2),#37);
#5875=PRESENTATION_STYLE_ASSIGNMENT((#5874));
#5876=STYLED_ITEM('',(#5875),#5873);
#5877=DIRECTION('',(0.E0,1.E0,0.E0));
#5878=VECTOR('',#5877,2.E-1);
#5879=CARTESIAN_POINT('',(2.E0,0.E0,-1.45E0));
#5880=LINE('',#5879,#5878);
#5881=CURVE_STYLE('',#46,POSITIVE_LENGTH_MEASURE(2.E-2),#37);
#5882=PRESENTATION_STYLE_ASSIGNMENT((#5881));
#5883=STYLED_ITEM('',(#5882),#5880);
#5884=DIRECTION('',(0.E0,1.E0,0.E0));
#5885=VECTOR('',#5884,2.E-1);
#5886=CARTESIAN_POINT('',(2.E0,0.E0,-1.15E0));
#5887=LINE('',#5886,#5885);
#5888=CURVE_STYLE('',#46,POSITIVE_LENGTH_MEASURE(2.E-2),#37);
#5889=PRESENTATION_STYLE_ASSIGNMENT((#5888));
#5890=STYLED_ITEM('',(#5889),#5887);
#5891=DIRECTION('',(0.E0,1.E0,0.E0));
#5892=VECTOR('',#5891,2.E-1);
#5893=CARTESIAN_POINT('',(1.4E0,0.E0,-1.15E0));
#5894=LINE('',#5893,#5892);
#5895=CURVE_STYLE('',#46,POSITIVE_LENGTH_MEASURE(2.E-2),#37);
#5896=PRESENTATION_STYLE_ASSIGNMENT((#5895));
#5897=STYLED_ITEM('',(#5896),#5894);
#5898=DIRECTION('',(1.E0,0.E0,0.E0));
#5899=VECTOR('',#5898,3.E-1);
#5900=CARTESIAN_POINT('',(1.4E0,2.E-1,-1.75E0));
#5901=LINE('',#5900,#5899);
#5902=CURVE_STYLE('',#46,POSITIVE_LENGTH_MEASURE(2.E-2),#37);
#5903=PRESENTATION_STYLE_ASSIGNMENT((#5902));
#5904=STYLED_ITEM('',(#5903),#5901);
#5905=DIRECTION('',(0.E0,0.E0,1.E0));
#5906=VECTOR('',#5905,3.E-1);
#5907=CARTESIAN_POINT('',(1.7E0,2.E-1,-1.75E0));
#5908=LINE('',#5907,#5906);
#5909=CURVE_STYLE('',#46,POSITIVE_LENGTH_MEASURE(2.E-2),#37);
#5910=PRESENTATION_STYLE_ASSIGNMENT((#5909));
#5911=STYLED_ITEM('',(#5910),#5908);
#5912=DIRECTION('',(1.E0,0.E0,0.E0));
#5913=VECTOR('',#5912,3.E-1);
#5914=CARTESIAN_POINT('',(1.7E0,2.E-1,-1.45E0));
#5915=LINE('',#5914,#5913);
#5916=CURVE_STYLE('',#46,POSITIVE_LENGTH_MEASURE(2.E-2),#37);
#5917=PRESENTATION_STYLE_ASSIGNMENT((#5916));
#5918=STYLED_ITEM('',(#5917),#5915);
#5919=DIRECTION('',(0.E0,0.E0,1.E0));
#5920=VECTOR('',#5919,3.E-1);
#5921=CARTESIAN_POINT('',(2.E0,2.E-1,-1.45E0));
#5922=LINE('',#5921,#5920);
#5923=CURVE_STYLE('',#46,POSITIVE_LENGTH_MEASURE(2.E-2),#37);
#5924=PRESENTATION_STYLE_ASSIGNMENT((#5923));
#5925=STYLED_ITEM('',(#5924),#5922);
#5926=DIRECTION('',(-1.E0,0.E0,0.E0));
#5927=VECTOR('',#5926,6.E-1);
#5928=CARTESIAN_POINT('',(2.E0,2.E-1,-1.15E0));
#5929=LINE('',#5928,#5927);
#5930=CURVE_STYLE('',#46,POSITIVE_LENGTH_MEASURE(2.E-2),#37);
#5931=PRESENTATION_STYLE_ASSIGNMENT((#5930));
#5932=STYLED_ITEM('',(#5931),#5929);
#5933=DIRECTION('',(0.E0,0.E0,-1.E0));
#5934=VECTOR('',#5933,6.E-1);
#5935=CARTESIAN_POINT('',(1.4E0,2.E-1,-1.15E0));
#5936=LINE('',#5935,#5934);
#5937=CURVE_STYLE('',#46,POSITIVE_LENGTH_MEASURE(2.E-2),#37);
#5938=PRESENTATION_STYLE_ASSIGNMENT((#5937));
#5939=STYLED_ITEM('',(#5938),#5936);
#5940=CARTESIAN_POINT('',(1.4E0,0.E0,-1.75E0));
#5941=CARTESIAN_POINT('',(1.7E0,0.E0,-1.75E0));
#5942=VERTEX_POINT('',#5940);
#5943=VERTEX_POINT('',#5941);
#5944=CARTESIAN_POINT('',(1.7E0,0.E0,-1.45E0));
#5945=VERTEX_POINT('',#5944);
#5946=CARTESIAN_POINT('',(2.E0,0.E0,-1.45E0));
#5947=VERTEX_POINT('',#5946);
#5948=CARTESIAN_POINT('',(2.E0,0.E0,-1.15E0));
#5949=VERTEX_POINT('',#5948);
#5950=CARTESIAN_POINT('',(1.4E0,0.E0,-1.15E0));
#5951=VERTEX_POINT('',#5950);
#5952=CARTESIAN_POINT('',(1.4E0,2.E-1,-1.75E0));
#5953=CARTESIAN_POINT('',(1.7E0,2.E-1,-1.75E0));
#5954=VERTEX_POINT('',#5952);
#5955=VERTEX_POINT('',#5953);
#5956=CARTESIAN_POINT('',(1.7E0,2.E-1,-1.45E0));
#5957=VERTEX_POINT('',#5956);
#5958=CARTESIAN_POINT('',(2.E0,2.E-1,-1.45E0));
#5959=VERTEX_POINT('',#5958);
#5960=CARTESIAN_POINT('',(2.E0,2.E-1,-1.15E0));
#5961=VERTEX_POINT('',#5960);
#5962=CARTESIAN_POINT('',(1.4E0,2.E-1,-1.15E0));
#5963=VERTEX_POINT('',#5962);
#5964=CARTESIAN_POINT('',(0.E0,0.E0,0.E0));
#5965=DIRECTION('',(0.E0,-1.E0,0.E0));
#5966=DIRECTION('',(-1.E0,0.E0,0.E0));
#5967=AXIS2_PLACEMENT_3D('',#5964,#5965,#5966);
#5968=PLANE('',#5967);
#5970=ORIENTED_EDGE('',*,*,#5969,.F.);
#5972=ORIENTED_EDGE('',*,*,#5971,.F.);
#5974=ORIENTED_EDGE('',*,*,#5973,.F.);
#5976=ORIENTED_EDGE('',*,*,#5975,.F.);
#5978=ORIENTED_EDGE('',*,*,#5977,.F.);
#5980=ORIENTED_EDGE('',*,*,#5979,.F.);
#5981=EDGE_LOOP('',(#5970,#5972,#5974,#5976,#5978,#5980));
#5982=FACE_OUTER_BOUND('',#5981,.F.);
#5983=ADVANCED_FACE('',(#5982),#5968,.T.);
#5984=CARTESIAN_POINT('',(1.4E0,0.E0,-1.75E0));
#5985=DIRECTION('',(0.E0,0.E0,1.E0));
#5986=DIRECTION('',(1.E0,0.E0,0.E0));
#5987=AXIS2_PLACEMENT_3D('',#5984,#5985,#5986);
#5988=PLANE('',#5987);
#5989=ORIENTED_EDGE('',*,*,#5969,.T.);
#5991=ORIENTED_EDGE('',*,*,#5990,.T.);
#5993=ORIENTED_EDGE('',*,*,#5992,.F.);
#5995=ORIENTED_EDGE('',*,*,#5994,.F.);
#5996=EDGE_LOOP('',(#5989,#5991,#5993,#5995));
#5997=FACE_OUTER_BOUND('',#5996,.F.);
#5998=ADVANCED_FACE('',(#5997),#5988,.F.);
#5999=FILL_AREA_STYLE_COLOUR('',#39);
#6000=FILL_AREA_STYLE('',(#5999));
#6001=SURFACE_STYLE_FILL_AREA(#6000);
#6002=SURFACE_SIDE_STYLE('',(#6001));
#6003=SURFACE_STYLE_USAGE(.POSITIVE.,#6002);
#6004=PRESENTATION_STYLE_ASSIGNMENT((#6003));
#6005=OVER_RIDING_STYLED_ITEM('',(#6004),#5998,#5813);
#6006=CARTESIAN_POINT('',(1.7E0,0.E0,-1.75E0));
#6007=DIRECTION('',(-1.E0,0.E0,0.E0));
#6008=DIRECTION('',(0.E0,0.E0,1.E0));
#6009=AXIS2_PLACEMENT_3D('',#6006,#6007,#6008);
#6010=PLANE('',#6009);
#6011=ORIENTED_EDGE('',*,*,#5979,.T.);
#6013=ORIENTED_EDGE('',*,*,#6012,.T.);
#6015=ORIENTED_EDGE('',*,*,#6014,.F.);
#6016=ORIENTED_EDGE('',*,*,#5990,.F.);
#6017=EDGE_LOOP('',(#6011,#6013,#6015,#6016));
#6018=FACE_OUTER_BOUND('',#6017,.F.);
#6019=ADVANCED_FACE('',(#6018),#6010,.F.);
#6020=CARTESIAN_POINT('',(1.7E0,0.E0,-1.45E0));
#6021=DIRECTION('',(0.E0,0.E0,1.E0));
#6022=DIRECTION('',(1.E0,0.E0,0.E0));
#6023=AXIS2_PLACEMENT_3D('',#6020,#6021,#6022);
#6024=PLANE('',#6023);
#6025=ORIENTED_EDGE('',*,*,#5977,.T.);
#6027=ORIENTED_EDGE('',*,*,#6026,.T.);
#6029=ORIENTED_EDGE('',*,*,#6028,.F.);
#6030=ORIENTED_EDGE('',*,*,#6012,.F.);
#6031=EDGE_LOOP('',(#6025,#6027,#6029,#6030));
#6032=FACE_OUTER_BOUND('',#6031,.F.);
#6033=ADVANCED_FACE('',(#6032),#6024,.F.);
#6034=CARTESIAN_POINT('',(2.E0,0.E0,-1.45E0));
#6035=DIRECTION('',(-1.E0,0.E0,0.E0));
#6036=DIRECTION('',(0.E0,0.E0,1.E0));
#6037=AXIS2_PLACEMENT_3D('',#6034,#6035,#6036);
#6038=PLANE('',#6037);
#6039=ORIENTED_EDGE('',*,*,#5975,.T.);
#6041=ORIENTED_EDGE('',*,*,#6040,.T.);
#6043=ORIENTED_EDGE('',*,*,#6042,.F.);
#6044=ORIENTED_EDGE('',*,*,#6026,.F.);
#6045=EDGE_LOOP('',(#6039,#6041,#6043,#6044));
#6046=FACE_OUTER_BOUND('',#6045,.F.);
#6047=ADVANCED_FACE('',(#6046),#6038,.F.);
#6048=FILL_AREA_STYLE_COLOUR('',#39);
#6049=FILL_AREA_STYLE('',(#6048));
#6050=SURFACE_STYLE_FILL_AREA(#6049);
#6051=SURFACE_SIDE_STYLE('',(#6050));
#6052=SURFACE_STYLE_USAGE(.POSITIVE.,#6051);
#6053=PRESENTATION_STYLE_ASSIGNMENT((#6052));
#6054=OVER_RIDING_STYLED_ITEM('',(#6053),#6047,#5813);
#6055=CARTESIAN_POINT('',(2.E0,0.E0,-1.15E0));
#6056=DIRECTION('',(0.E0,0.E0,-1.E0));
#6057=DIRECTION('',(-1.E0,0.E0,0.E0));
#6058=AXIS2_PLACEMENT_3D('',#6055,#6056,#6057);
#6059=PLANE('',#6058);
#6060=ORIENTED_EDGE('',*,*,#5973,.T.);
#6062=ORIENTED_EDGE('',*,*,#6061,.T.);
#6064=ORIENTED_EDGE('',*,*,#6063,.F.);
#6065=ORIENTED_EDGE('',*,*,#6040,.F.);
#6066=EDGE_LOOP('',(#6060,#6062,#6064,#6065));
#6067=FACE_OUTER_BOUND('',#6066,.F.);
#6068=ADVANCED_FACE('',(#6067),#6059,.F.);
#6069=CARTESIAN_POINT('',(1.4E0,0.E0,-1.15E0));
#6070=DIRECTION('',(1.E0,0.E0,0.E0));
#6071=DIRECTION('',(0.E0,0.E0,-1.E0));
#6072=AXIS2_PLACEMENT_3D('',#6069,#6070,#6071);
#6073=PLANE('',#6072);
#6074=ORIENTED_EDGE('',*,*,#5971,.T.);
#6075=ORIENTED_EDGE('',*,*,#5994,.T.);
#6077=ORIENTED_EDGE('',*,*,#6076,.F.);
#6078=ORIENTED_EDGE('',*,*,#6061,.F.);
#6079=EDGE_LOOP('',(#6074,#6075,#6077,#6078));
#6080=FACE_OUTER_BOUND('',#6079,.F.);
#6081=ADVANCED_FACE('',(#6080),#6073,.F.);
#6082=CARTESIAN_POINT('',(0.E0,2.E-1,0.E0));
#6083=DIRECTION('',(0.E0,-1.E0,0.E0));
#6084=DIRECTION('',(-1.E0,0.E0,0.E0));
#6085=AXIS2_PLACEMENT_3D('',#6082,#6083,#6084);
#6086=PLANE('',#6085);
#6087=ORIENTED_EDGE('',*,*,#5992,.T.);
#6088=ORIENTED_EDGE('',*,*,#6014,.T.);
#6089=ORIENTED_EDGE('',*,*,#6028,.T.);
#6090=ORIENTED_EDGE('',*,*,#6042,.T.);
#6091=ORIENTED_EDGE('',*,*,#6063,.T.);
#6092=ORIENTED_EDGE('',*,*,#6076,.T.);
#6093=EDGE_LOOP('',(#6087,#6088,#6089,#6090,#6091,#6092));
#6094=FACE_OUTER_BOUND('',#6093,.F.);
#6095=ADVANCED_FACE('',(#6094),#6086,.F.);
#6096=CLOSED_SHELL('',(#5983,#5998,#6019,#6033,#6047,#6068,#6081,#6095));
#6097=MANIFOLD_SOLID_BREP('',#6096);
#6098=FILL_AREA_STYLE_COLOUR('',#37);
#6099=FILL_AREA_STYLE('',(#6098));
#6100=SURFACE_STYLE_FILL_AREA(#6099);
#6101=SURFACE_SIDE_STYLE('',(#6100));
#6102=SURFACE_STYLE_USAGE(.POSITIVE.,#6101);
#6103=PRESENTATION_STYLE_ASSIGNMENT((#6102));
#5813=STYLED_ITEM('',(#6103),#6097);
#6105=DIRECTION('',(7.071067811865E-1,0.E0,7.071067811865E-1));
#6106=VECTOR('',#6105,1.414213562373E-1);
#6107=CARTESIAN_POINT('',(-1.5E0,0.E0,1.15E0));
#6108=LINE('',#6107,#6106);
#6109=CURVE_STYLE('',#46,POSITIVE_LENGTH_MEASURE(2.E-2),#37);
#6110=PRESENTATION_STYLE_ASSIGNMENT((#6109));
#6111=STYLED_ITEM('',(#6110),#6108);
#6112=DIRECTION('',(1.E0,0.E0,0.E0));
#6113=VECTOR('',#6112,5.E-1);
#6114=CARTESIAN_POINT('',(-2.E0,0.E0,1.15E0));
#6115=LINE('',#6114,#6113);
#6116=CURVE_STYLE('',#46,POSITIVE_LENGTH_MEASURE(2.E-2),#37);
#6117=PRESENTATION_STYLE_ASSIGNMENT((#6116));
#6118=STYLED_ITEM('',(#6117),#6115);
#6119=DIRECTION('',(0.E0,0.E0,-1.E0));
#6120=VECTOR('',#6119,3.E-1);
#6121=CARTESIAN_POINT('',(-2.E0,0.E0,1.45E0));
#6122=LINE('',#6121,#6120);
#6123=CURVE_STYLE('',#46,POSITIVE_LENGTH_MEASURE(2.E-2),#37);
#6124=PRESENTATION_STYLE_ASSIGNMENT((#6123));
#6125=STYLED_ITEM('',(#6124),#6122);
#6126=DIRECTION('',(-1.E0,0.E0,0.E0));
#6127=VECTOR('',#6126,3.E-1);
#6128=CARTESIAN_POINT('',(-1.7E0,0.E0,1.45E0));
#6129=LINE('',#6128,#6127);
#6130=CURVE_STYLE('',#46,POSITIVE_LENGTH_MEASURE(2.E-2),#37);
#6131=PRESENTATION_STYLE_ASSIGNMENT((#6130));
#6132=STYLED_ITEM('',(#6131),#6129);
#6133=DIRECTION('',(0.E0,0.E0,-1.E0));
#6134=VECTOR('',#6133,3.E-1);
#6135=CARTESIAN_POINT('',(-1.7E0,0.E0,1.75E0));
#6136=LINE('',#6135,#6134);
#6137=CURVE_STYLE('',#46,POSITIVE_LENGTH_MEASURE(2.E-2),#37);
#6138=PRESENTATION_STYLE_ASSIGNMENT((#6137));
#6139=STYLED_ITEM('',(#6138),#6136);
#6140=DIRECTION('',(-1.E0,0.E0,0.E0));
#6141=VECTOR('',#6140,3.E-1);
#6142=CARTESIAN_POINT('',(-1.4E0,0.E0,1.75E0));
#6143=LINE('',#6142,#6141);
#6144=CURVE_STYLE('',#46,POSITIVE_LENGTH_MEASURE(2.E-2),#37);
#6145=PRESENTATION_STYLE_ASSIGNMENT((#6144));
#6146=STYLED_ITEM('',(#6145),#6143);
#6147=DIRECTION('',(0.E0,0.E0,1.E0));
#6148=VECTOR('',#6147,5.E-1);
#6149=CARTESIAN_POINT('',(-1.4E0,0.E0,1.25E0));
#6150=LINE('',#6149,#6148);
#6151=CURVE_STYLE('',#46,POSITIVE_LENGTH_MEASURE(2.E-2),#37);
#6152=PRESENTATION_STYLE_ASSIGNMENT((#6151));
#6153=STYLED_ITEM('',(#6152),#6150);
#6154=DIRECTION('',(-7.071067811865E-1,0.E0,-7.071067811865E-1));
#6155=VECTOR('',#6154,1.414213562373E-1);
#6156=CARTESIAN_POINT('',(-1.4E0,2.E-1,1.25E0));
#6157=LINE('',#6156,#6155);
#6158=CURVE_STYLE('',#46,POSITIVE_LENGTH_MEASURE(2.E-2),#37);
#6159=PRESENTATION_STYLE_ASSIGNMENT((#6158));
#6160=STYLED_ITEM('',(#6159),#6157);
#6161=DIRECTION('',(0.E0,0.E0,1.E0));
#6162=VECTOR('',#6161,5.E-1);
#6163=CARTESIAN_POINT('',(-1.4E0,2.E-1,1.25E0));
#6164=LINE('',#6163,#6162);
#6165=CURVE_STYLE('',#46,POSITIVE_LENGTH_MEASURE(2.E-2),#37);
#6166=PRESENTATION_STYLE_ASSIGNMENT((#6165));
#6167=STYLED_ITEM('',(#6166),#6164);
#6168=DIRECTION('',(-1.E0,0.E0,0.E0));
#6169=VECTOR('',#6168,3.E-1);
#6170=CARTESIAN_POINT('',(-1.4E0,2.E-1,1.75E0));
#6171=LINE('',#6170,#6169);
#6172=CURVE_STYLE('',#46,POSITIVE_LENGTH_MEASURE(2.E-2),#37);
#6173=PRESENTATION_STYLE_ASSIGNMENT((#6172));
#6174=STYLED_ITEM('',(#6173),#6171);
#6175=DIRECTION('',(0.E0,0.E0,-1.E0));
#6176=VECTOR('',#6175,3.E-1);
#6177=CARTESIAN_POINT('',(-1.7E0,2.E-1,1.75E0));
#6178=LINE('',#6177,#6176);
#6179=CURVE_STYLE('',#46,POSITIVE_LENGTH_MEASURE(2.E-2),#37);
#6180=PRESENTATION_STYLE_ASSIGNMENT((#6179));
#6181=STYLED_ITEM('',(#6180),#6178);
#6182=DIRECTION('',(-1.E0,0.E0,0.E0));
#6183=VECTOR('',#6182,3.E-1);
#6184=CARTESIAN_POINT('',(-1.7E0,2.E-1,1.45E0));
#6185=LINE('',#6184,#6183);
#6186=CURVE_STYLE('',#46,POSITIVE_LENGTH_MEASURE(2.E-2),#37);
#6187=PRESENTATION_STYLE_ASSIGNMENT((#6186));
#6188=STYLED_ITEM('',(#6187),#6185);
#6189=DIRECTION('',(0.E0,0.E0,-1.E0));
#6190=VECTOR('',#6189,3.E-1);
#6191=CARTESIAN_POINT('',(-2.E0,2.E-1,1.45E0));
#6192=LINE('',#6191,#6190);
#6193=CURVE_STYLE('',#46,POSITIVE_LENGTH_MEASURE(2.E-2),#37);
#6194=PRESENTATION_STYLE_ASSIGNMENT((#6193));
#6195=STYLED_ITEM('',(#6194),#6192);
#6196=DIRECTION('',(1.E0,0.E0,0.E0));
#6197=VECTOR('',#6196,5.E-1);
#6198=CARTESIAN_POINT('',(-2.E0,2.E-1,1.15E0));
#6199=LINE('',#6198,#6197);
#6200=CURVE_STYLE('',#46,POSITIVE_LENGTH_MEASURE(2.E-2),#37);
#6201=PRESENTATION_STYLE_ASSIGNMENT((#6200));
#6202=STYLED_ITEM('',(#6201),#6199);
#6203=DIRECTION('',(0.E0,1.E0,0.E0));
#6204=VECTOR('',#6203,2.E-1);
#6205=CARTESIAN_POINT('',(-1.4E0,0.E0,1.25E0));
#6206=LINE('',#6205,#6204);
#6207=CURVE_STYLE('',#46,POSITIVE_LENGTH_MEASURE(2.E-2),#37);
#6208=PRESENTATION_STYLE_ASSIGNMENT((#6207));
#6209=STYLED_ITEM('',(#6208),#6206);
#6210=DIRECTION('',(0.E0,1.E0,0.E0));
#6211=VECTOR('',#6210,2.E-1);
#6212=CARTESIAN_POINT('',(-1.4E0,0.E0,1.75E0));
#6213=LINE('',#6212,#6211);
#6214=CURVE_STYLE('',#46,POSITIVE_LENGTH_MEASURE(2.E-2),#37);
#6215=PRESENTATION_STYLE_ASSIGNMENT((#6214));
#6216=STYLED_ITEM('',(#6215),#6213);
#6217=DIRECTION('',(0.E0,1.E0,0.E0));
#6218=VECTOR('',#6217,2.E-1);
#6219=CARTESIAN_POINT('',(-1.7E0,0.E0,1.75E0));
#6220=LINE('',#6219,#6218);
#6221=CURVE_STYLE('',#46,POSITIVE_LENGTH_MEASURE(2.E-2),#37);
#6222=PRESENTATION_STYLE_ASSIGNMENT((#6221));
#6223=STYLED_ITEM('',(#6222),#6220);
#6224=DIRECTION('',(0.E0,1.E0,0.E0));
#6225=VECTOR('',#6224,2.E-1);
#6226=CARTESIAN_POINT('',(-1.7E0,0.E0,1.45E0));
#6227=LINE('',#6226,#6225);
#6228=CURVE_STYLE('',#46,POSITIVE_LENGTH_MEASURE(2.E-2),#37);
#6229=PRESENTATION_STYLE_ASSIGNMENT((#6228));
#6230=STYLED_ITEM('',(#6229),#6227);
#6231=DIRECTION('',(0.E0,1.E0,0.E0));
#6232=VECTOR('',#6231,2.E-1);
#6233=CARTESIAN_POINT('',(-2.E0,0.E0,1.45E0));
#6234=LINE('',#6233,#6232);
#6235=CURVE_STYLE('',#46,POSITIVE_LENGTH_MEASURE(2.E-2),#37);
#6236=PRESENTATION_STYLE_ASSIGNMENT((#6235));
#6237=STYLED_ITEM('',(#6236),#6234);
#6238=DIRECTION('',(0.E0,1.E0,0.E0));
#6239=VECTOR('',#6238,2.E-1);
#6240=CARTESIAN_POINT('',(-1.5E0,0.E0,1.15E0));
#6241=LINE('',#6240,#6239);
#6242=CURVE_STYLE('',#46,POSITIVE_LENGTH_MEASURE(2.E-2),#37);
#6243=PRESENTATION_STYLE_ASSIGNMENT((#6242));
#6244=STYLED_ITEM('',(#6243),#6241);
#6245=DIRECTION('',(0.E0,1.E0,0.E0));
#6246=VECTOR('',#6245,2.E-1);
#6247=CARTESIAN_POINT('',(-2.E0,0.E0,1.15E0));
#6248=LINE('',#6247,#6246);
#6249=CURVE_STYLE('',#46,POSITIVE_LENGTH_MEASURE(2.E-2),#37);
#6250=PRESENTATION_STYLE_ASSIGNMENT((#6249));
#6251=STYLED_ITEM('',(#6250),#6248);
#6252=CARTESIAN_POINT('',(-1.4E0,0.E0,1.75E0));
#6253=CARTESIAN_POINT('',(-1.7E0,0.E0,1.75E0));
#6254=VERTEX_POINT('',#6252);
#6255=VERTEX_POINT('',#6253);
#6256=CARTESIAN_POINT('',(-1.7E0,0.E0,1.45E0));
#6257=VERTEX_POINT('',#6256);
#6258=CARTESIAN_POINT('',(-2.E0,0.E0,1.45E0));
#6259=VERTEX_POINT('',#6258);
#6260=CARTESIAN_POINT('',(-2.E0,0.E0,1.15E0));
#6261=VERTEX_POINT('',#6260);
#6262=CARTESIAN_POINT('',(-1.4E0,2.E-1,1.75E0));
#6263=CARTESIAN_POINT('',(-1.7E0,2.E-1,1.75E0));
#6264=VERTEX_POINT('',#6262);
#6265=VERTEX_POINT('',#6263);
#6266=CARTESIAN_POINT('',(-1.7E0,2.E-1,1.45E0));
#6267=VERTEX_POINT('',#6266);
#6268=CARTESIAN_POINT('',(-2.E0,2.E-1,1.45E0));
#6269=VERTEX_POINT('',#6268);
#6270=CARTESIAN_POINT('',(-2.E0,2.E-1,1.15E0));
#6271=VERTEX_POINT('',#6270);
#6272=CARTESIAN_POINT('',(-1.4E0,2.E-1,1.25E0));
#6273=CARTESIAN_POINT('',(-1.5E0,2.E-1,1.15E0));
#6274=VERTEX_POINT('',#6272);
#6275=VERTEX_POINT('',#6273);
#6276=CARTESIAN_POINT('',(-1.5E0,0.E0,1.15E0));
#6277=VERTEX_POINT('',#6276);
#6278=CARTESIAN_POINT('',(-1.4E0,0.E0,1.25E0));
#6279=VERTEX_POINT('',#6278);
#6280=CARTESIAN_POINT('',(0.E0,0.E0,0.E0));
#6281=DIRECTION('',(0.E0,-1.E0,0.E0));
#6282=DIRECTION('',(1.E0,0.E0,0.E0));
#6283=AXIS2_PLACEMENT_3D('',#6280,#6281,#6282);
#6284=PLANE('',#6283);
#6286=ORIENTED_EDGE('',*,*,#6285,.F.);
#6288=ORIENTED_EDGE('',*,*,#6287,.F.);
#6290=ORIENTED_EDGE('',*,*,#6289,.F.);
#6292=ORIENTED_EDGE('',*,*,#6291,.F.);
#6294=ORIENTED_EDGE('',*,*,#6293,.F.);
#6296=ORIENTED_EDGE('',*,*,#6295,.F.);
#6298=ORIENTED_EDGE('',*,*,#6297,.F.);
#6299=EDGE_LOOP('',(#6286,#6288,#6290,#6292,#6294,#6296,#6298));
#6300=FACE_OUTER_BOUND('',#6299,.F.);
#6301=ADVANCED_FACE('',(#6300),#6284,.T.);
#6302=CARTESIAN_POINT('',(-1.45E0,1.E-1,1.2E0));
#6303=DIRECTION('',(7.071067811865E-1,0.E0,-7.071067811865E-1));
#6304=DIRECTION('',(-7.071067811865E-1,0.E0,-7.071067811865E-1));
#6305=AXIS2_PLACEMENT_3D('',#6302,#6303,#6304);
#6306=PLANE('',#6305);
#6308=ORIENTED_EDGE('',*,*,#6307,.T.);
#6310=ORIENTED_EDGE('',*,*,#6309,.F.);
#6311=ORIENTED_EDGE('',*,*,#6285,.T.);
#6313=ORIENTED_EDGE('',*,*,#6312,.T.);
#6314=EDGE_LOOP('',(#6308,#6310,#6311,#6313));
#6315=FACE_OUTER_BOUND('',#6314,.F.);
#6316=ADVANCED_FACE('',(#6315),#6306,.T.);
#6317=CARTESIAN_POINT('',(0.E0,2.E-1,0.E0));
#6318=DIRECTION('',(0.E0,-1.E0,0.E0));
#6319=DIRECTION('',(1.E0,0.E0,0.E0));
#6320=AXIS2_PLACEMENT_3D('',#6317,#6318,#6319);
#6321=PLANE('',#6320);
#6322=ORIENTED_EDGE('',*,*,#6307,.F.);
#6324=ORIENTED_EDGE('',*,*,#6323,.T.);
#6326=ORIENTED_EDGE('',*,*,#6325,.T.);
#6328=ORIENTED_EDGE('',*,*,#6327,.T.);
#6330=ORIENTED_EDGE('',*,*,#6329,.T.);
#6332=ORIENTED_EDGE('',*,*,#6331,.T.);
#6334=ORIENTED_EDGE('',*,*,#6333,.T.);
#6335=EDGE_LOOP('',(#6322,#6324,#6326,#6328,#6330,#6332,#6334));
#6336=FACE_OUTER_BOUND('',#6335,.F.);
#6337=ADVANCED_FACE('',(#6336),#6321,.F.);
#6338=CARTESIAN_POINT('',(-1.4E0,0.E0,1.15E0));
#6339=DIRECTION('',(-1.E0,0.E0,0.E0));
#6340=DIRECTION('',(0.E0,0.E0,1.E0));
#6341=AXIS2_PLACEMENT_3D('',#6338,#6339,#6340);
#6342=PLANE('',#6341);
#6343=ORIENTED_EDGE('',*,*,#6312,.F.);
#6344=ORIENTED_EDGE('',*,*,#6297,.T.);
#6346=ORIENTED_EDGE('',*,*,#6345,.T.);
#6347=ORIENTED_EDGE('',*,*,#6323,.F.);
#6348=EDGE_LOOP('',(#6343,#6344,#6346,#6347));
#6349=FACE_OUTER_BOUND('',#6348,.F.);
#6350=ADVANCED_FACE('',(#6349),#6342,.F.);
#6351=CARTESIAN_POINT('',(-1.4E0,0.E0,1.75E0));
#6352=DIRECTION('',(0.E0,0.E0,-1.E0));
#6353=DIRECTION('',(-1.E0,0.E0,0.E0));
#6354=AXIS2_PLACEMENT_3D('',#6351,#6352,#6353);
#6355=PLANE('',#6354);
#6356=ORIENTED_EDGE('',*,*,#6295,.T.);
#6358=ORIENTED_EDGE('',*,*,#6357,.T.);
#6359=ORIENTED_EDGE('',*,*,#6325,.F.);
#6360=ORIENTED_EDGE('',*,*,#6345,.F.);
#6361=EDGE_LOOP('',(#6356,#6358,#6359,#6360));
#6362=FACE_OUTER_BOUND('',#6361,.F.);
#6363=ADVANCED_FACE('',(#6362),#6355,.F.);
#6364=FILL_AREA_STYLE_COLOUR('',#39);
#6365=FILL_AREA_STYLE('',(#6364));
#6366=SURFACE_STYLE_FILL_AREA(#6365);
#6367=SURFACE_SIDE_STYLE('',(#6366));
#6368=SURFACE_STYLE_USAGE(.POSITIVE.,#6367);
#6369=PRESENTATION_STYLE_ASSIGNMENT((#6368));
#6370=OVER_RIDING_STYLED_ITEM('',(#6369),#6363,#6104);
#6371=CARTESIAN_POINT('',(-1.7E0,0.E0,1.75E0));
#6372=DIRECTION('',(1.E0,0.E0,0.E0));
#6373=DIRECTION('',(0.E0,0.E0,-1.E0));
#6374=AXIS2_PLACEMENT_3D('',#6371,#6372,#6373);
#6375=PLANE('',#6374);
#6376=ORIENTED_EDGE('',*,*,#6293,.T.);
#6378=ORIENTED_EDGE('',*,*,#6377,.T.);
#6379=ORIENTED_EDGE('',*,*,#6327,.F.);
#6380=ORIENTED_EDGE('',*,*,#6357,.F.);
#6381=EDGE_LOOP('',(#6376,#6378,#6379,#6380));
#6382=FACE_OUTER_BOUND('',#6381,.F.);
#6383=ADVANCED_FACE('',(#6382),#6375,.F.);
#6384=CARTESIAN_POINT('',(-1.7E0,0.E0,1.45E0));
#6385=DIRECTION('',(0.E0,0.E0,-1.E0));
#6386=DIRECTION('',(-1.E0,0.E0,0.E0));
#6387=AXIS2_PLACEMENT_3D('',#6384,#6385,#6386);
#6388=PLANE('',#6387);
#6389=ORIENTED_EDGE('',*,*,#6291,.T.);
#6391=ORIENTED_EDGE('',*,*,#6390,.T.);
#6392=ORIENTED_EDGE('',*,*,#6329,.F.);
#6393=ORIENTED_EDGE('',*,*,#6377,.F.);
#6394=EDGE_LOOP('',(#6389,#6391,#6392,#6393));
#6395=FACE_OUTER_BOUND('',#6394,.F.);
#6396=ADVANCED_FACE('',(#6395),#6388,.F.);
#6397=CARTESIAN_POINT('',(-2.E0,0.E0,1.45E0));
#6398=DIRECTION('',(1.E0,0.E0,0.E0));
#6399=DIRECTION('',(0.E0,0.E0,-1.E0));
#6400=AXIS2_PLACEMENT_3D('',#6397,#6398,#6399);
#6401=PLANE('',#6400);
#6402=ORIENTED_EDGE('',*,*,#6289,.T.);
#6404=ORIENTED_EDGE('',*,*,#6403,.T.);
#6405=ORIENTED_EDGE('',*,*,#6331,.F.);
#6406=ORIENTED_EDGE('',*,*,#6390,.F.);
#6407=EDGE_LOOP('',(#6402,#6404,#6405,#6406));
#6408=FACE_OUTER_BOUND('',#6407,.F.);
#6409=ADVANCED_FACE('',(#6408),#6401,.F.);
#6410=FILL_AREA_STYLE_COLOUR('',#39);
#6411=FILL_AREA_STYLE('',(#6410));
#6412=SURFACE_STYLE_FILL_AREA(#6411);
#6413=SURFACE_SIDE_STYLE('',(#6412));
#6414=SURFACE_STYLE_USAGE(.POSITIVE.,#6413);
#6415=PRESENTATION_STYLE_ASSIGNMENT((#6414));
#6416=OVER_RIDING_STYLED_ITEM('',(#6415),#6409,#6104);
#6417=CARTESIAN_POINT('',(-2.E0,0.E0,1.15E0));
#6418=DIRECTION('',(0.E0,0.E0,1.E0));
#6419=DIRECTION('',(1.E0,0.E0,0.E0));
#6420=AXIS2_PLACEMENT_3D('',#6417,#6418,#6419);
#6421=PLANE('',#6420);
#6422=ORIENTED_EDGE('',*,*,#6309,.T.);
#6423=ORIENTED_EDGE('',*,*,#6333,.F.);
#6424=ORIENTED_EDGE('',*,*,#6403,.F.);
#6425=ORIENTED_EDGE('',*,*,#6287,.T.);
#6426=EDGE_LOOP('',(#6422,#6423,#6424,#6425));
#6427=FACE_OUTER_BOUND('',#6426,.F.);
#6428=ADVANCED_FACE('',(#6427),#6421,.F.);
#6429=CLOSED_SHELL('',(#6301,#6316,#6337,#6350,#6363,#6383,#6396,#6409,#6428));
#6430=MANIFOLD_SOLID_BREP('',#6429);
#6431=FILL_AREA_STYLE_COLOUR('',#37);
#6432=FILL_AREA_STYLE('',(#6431));
#6433=SURFACE_STYLE_FILL_AREA(#6432);
#6434=SURFACE_SIDE_STYLE('',(#6433));
#6435=SURFACE_STYLE_USAGE(.POSITIVE.,#6434);
#6436=PRESENTATION_STYLE_ASSIGNMENT((#6435));
#6104=STYLED_ITEM('',(#6436),#6430);
#6438=DIRECTION('',(1.E0,0.E0,0.E0));
#6439=VECTOR('',#6438,3.E-1);
#6440=CARTESIAN_POINT('',(1.4E0,0.E0,1.75E0));
#6441=LINE('',#6440,#6439);
#6442=CURVE_STYLE('',#46,POSITIVE_LENGTH_MEASURE(2.E-2),#37);
#6443=PRESENTATION_STYLE_ASSIGNMENT((#6442));
#6444=STYLED_ITEM('',(#6443),#6441);
#6445=DIRECTION('',(0.E0,0.E0,-1.E0));
#6446=VECTOR('',#6445,3.E-1);
#6447=CARTESIAN_POINT('',(1.7E0,0.E0,1.75E0));
#6448=LINE('',#6447,#6446);
#6449=CURVE_STYLE('',#46,POSITIVE_LENGTH_MEASURE(2.E-2),#37);
#6450=PRESENTATION_STYLE_ASSIGNMENT((#6449));
#6451=STYLED_ITEM('',(#6450),#6448);
#6452=DIRECTION('',(1.E0,0.E0,0.E0));
#6453=VECTOR('',#6452,3.E-1);
#6454=CARTESIAN_POINT('',(1.7E0,0.E0,1.45E0));
#6455=LINE('',#6454,#6453);
#6456=CURVE_STYLE('',#46,POSITIVE_LENGTH_MEASURE(2.E-2),#37);
#6457=PRESENTATION_STYLE_ASSIGNMENT((#6456));
#6458=STYLED_ITEM('',(#6457),#6455);
#6459=DIRECTION('',(0.E0,0.E0,-1.E0));
#6460=VECTOR('',#6459,3.E-1);
#6461=CARTESIAN_POINT('',(2.E0,0.E0,1.45E0));
#6462=LINE('',#6461,#6460);
#6463=CURVE_STYLE('',#46,POSITIVE_LENGTH_MEASURE(2.E-2),#37);
#6464=PRESENTATION_STYLE_ASSIGNMENT((#6463));
#6465=STYLED_ITEM('',(#6464),#6462);
#6466=DIRECTION('',(-1.E0,0.E0,0.E0));
#6467=VECTOR('',#6466,6.E-1);
#6468=CARTESIAN_POINT('',(2.E0,0.E0,1.15E0));
#6469=LINE('',#6468,#6467);
#6470=CURVE_STYLE('',#46,POSITIVE_LENGTH_MEASURE(2.E-2),#37);
#6471=PRESENTATION_STYLE_ASSIGNMENT((#6470));
#6472=STYLED_ITEM('',(#6471),#6469);
#6473=DIRECTION('',(0.E0,0.E0,1.E0));
#6474=VECTOR('',#6473,6.E-1);
#6475=CARTESIAN_POINT('',(1.4E0,0.E0,1.15E0));
#6476=LINE('',#6475,#6474);
#6477=CURVE_STYLE('',#46,POSITIVE_LENGTH_MEASURE(2.E-2),#37);
#6478=PRESENTATION_STYLE_ASSIGNMENT((#6477));
#6479=STYLED_ITEM('',(#6478),#6476);
#6480=DIRECTION('',(0.E0,1.E0,0.E0));
#6481=VECTOR('',#6480,2.E-1);
#6482=CARTESIAN_POINT('',(1.4E0,0.E0,1.75E0));
#6483=LINE('',#6482,#6481);
#6484=CURVE_STYLE('',#46,POSITIVE_LENGTH_MEASURE(2.E-2),#37);
#6485=PRESENTATION_STYLE_ASSIGNMENT((#6484));
#6486=STYLED_ITEM('',(#6485),#6483);
#6487=DIRECTION('',(0.E0,1.E0,0.E0));
#6488=VECTOR('',#6487,2.E-1);
#6489=CARTESIAN_POINT('',(1.4E0,0.E0,1.15E0));
#6490=LINE('',#6489,#6488);
#6491=CURVE_STYLE('',#46,POSITIVE_LENGTH_MEASURE(2.E-2),#37);
#6492=PRESENTATION_STYLE_ASSIGNMENT((#6491));
#6493=STYLED_ITEM('',(#6492),#6490);
#6494=DIRECTION('',(0.E0,1.E0,0.E0));
#6495=VECTOR('',#6494,2.E-1);
#6496=CARTESIAN_POINT('',(2.E0,0.E0,1.15E0));
#6497=LINE('',#6496,#6495);
#6498=CURVE_STYLE('',#46,POSITIVE_LENGTH_MEASURE(2.E-2),#37);
#6499=PRESENTATION_STYLE_ASSIGNMENT((#6498));
#6500=STYLED_ITEM('',(#6499),#6497);
#6501=DIRECTION('',(0.E0,1.E0,0.E0));
#6502=VECTOR('',#6501,2.E-1);
#6503=CARTESIAN_POINT('',(2.E0,0.E0,1.45E0));
#6504=LINE('',#6503,#6502);
#6505=CURVE_STYLE('',#46,POSITIVE_LENGTH_MEASURE(2.E-2),#37);
#6506=PRESENTATION_STYLE_ASSIGNMENT((#6505));
#6507=STYLED_ITEM('',(#6506),#6504);
#6508=DIRECTION('',(0.E0,1.E0,0.E0));
#6509=VECTOR('',#6508,2.E-1);
#6510=CARTESIAN_POINT('',(1.7E0,0.E0,1.45E0));
#6511=LINE('',#6510,#6509);
#6512=CURVE_STYLE('',#46,POSITIVE_LENGTH_MEASURE(2.E-2),#37);
#6513=PRESENTATION_STYLE_ASSIGNMENT((#6512));
#6514=STYLED_ITEM('',(#6513),#6511);
#6515=DIRECTION('',(0.E0,1.E0,0.E0));
#6516=VECTOR('',#6515,2.E-1);
#6517=CARTESIAN_POINT('',(1.7E0,0.E0,1.75E0));
#6518=LINE('',#6517,#6516);
#6519=CURVE_STYLE('',#46,POSITIVE_LENGTH_MEASURE(2.E-2),#37);
#6520=PRESENTATION_STYLE_ASSIGNMENT((#6519));
#6521=STYLED_ITEM('',(#6520),#6518);
#6522=DIRECTION('',(1.E0,0.E0,0.E0));
#6523=VECTOR('',#6522,3.E-1);
#6524=CARTESIAN_POINT('',(1.4E0,2.E-1,1.75E0));
#6525=LINE('',#6524,#6523);
#6526=CURVE_STYLE('',#46,POSITIVE_LENGTH_MEASURE(2.E-2),#37);
#6527=PRESENTATION_STYLE_ASSIGNMENT((#6526));
#6528=STYLED_ITEM('',(#6527),#6525);
#6529=DIRECTION('',(0.E0,0.E0,1.E0));
#6530=VECTOR('',#6529,6.E-1);
#6531=CARTESIAN_POINT('',(1.4E0,2.E-1,1.15E0));
#6532=LINE('',#6531,#6530);
#6533=CURVE_STYLE('',#46,POSITIVE_LENGTH_MEASURE(2.E-2),#37);
#6534=PRESENTATION_STYLE_ASSIGNMENT((#6533));
#6535=STYLED_ITEM('',(#6534),#6532);
#6536=DIRECTION('',(-1.E0,0.E0,0.E0));
#6537=VECTOR('',#6536,6.E-1);
#6538=CARTESIAN_POINT('',(2.E0,2.E-1,1.15E0));
#6539=LINE('',#6538,#6537);
#6540=CURVE_STYLE('',#46,POSITIVE_LENGTH_MEASURE(2.E-2),#37);
#6541=PRESENTATION_STYLE_ASSIGNMENT((#6540));
#6542=STYLED_ITEM('',(#6541),#6539);
#6543=DIRECTION('',(0.E0,0.E0,-1.E0));
#6544=VECTOR('',#6543,3.E-1);
#6545=CARTESIAN_POINT('',(2.E0,2.E-1,1.45E0));
#6546=LINE('',#6545,#6544);
#6547=CURVE_STYLE('',#46,POSITIVE_LENGTH_MEASURE(2.E-2),#37);
#6548=PRESENTATION_STYLE_ASSIGNMENT((#6547));
#6549=STYLED_ITEM('',(#6548),#6546);
#6550=DIRECTION('',(1.E0,0.E0,0.E0));
#6551=VECTOR('',#6550,3.E-1);
#6552=CARTESIAN_POINT('',(1.7E0,2.E-1,1.45E0));
#6553=LINE('',#6552,#6551);
#6554=CURVE_STYLE('',#46,POSITIVE_LENGTH_MEASURE(2.E-2),#37);
#6555=PRESENTATION_STYLE_ASSIGNMENT((#6554));
#6556=STYLED_ITEM('',(#6555),#6553);
#6557=DIRECTION('',(0.E0,0.E0,-1.E0));
#6558=VECTOR('',#6557,3.E-1);
#6559=CARTESIAN_POINT('',(1.7E0,2.E-1,1.75E0));
#6560=LINE('',#6559,#6558);
#6561=CURVE_STYLE('',#46,POSITIVE_LENGTH_MEASURE(2.E-2),#37);
#6562=PRESENTATION_STYLE_ASSIGNMENT((#6561));
#6563=STYLED_ITEM('',(#6562),#6560);
#6564=CARTESIAN_POINT('',(1.4E0,0.E0,1.75E0));
#6565=CARTESIAN_POINT('',(1.7E0,0.E0,1.75E0));
#6566=VERTEX_POINT('',#6564);
#6567=VERTEX_POINT('',#6565);
#6568=CARTESIAN_POINT('',(1.7E0,0.E0,1.45E0));
#6569=VERTEX_POINT('',#6568);
#6570=CARTESIAN_POINT('',(2.E0,0.E0,1.45E0));
#6571=VERTEX_POINT('',#6570);
#6572=CARTESIAN_POINT('',(2.E0,0.E0,1.15E0));
#6573=VERTEX_POINT('',#6572);
#6574=CARTESIAN_POINT('',(1.4E0,0.E0,1.15E0));
#6575=VERTEX_POINT('',#6574);
#6576=CARTESIAN_POINT('',(1.4E0,2.E-1,1.75E0));
#6577=CARTESIAN_POINT('',(1.7E0,2.E-1,1.75E0));
#6578=VERTEX_POINT('',#6576);
#6579=VERTEX_POINT('',#6577);
#6580=CARTESIAN_POINT('',(1.7E0,2.E-1,1.45E0));
#6581=VERTEX_POINT('',#6580);
#6582=CARTESIAN_POINT('',(2.E0,2.E-1,1.45E0));
#6583=VERTEX_POINT('',#6582);
#6584=CARTESIAN_POINT('',(2.E0,2.E-1,1.15E0));
#6585=VERTEX_POINT('',#6584);
#6586=CARTESIAN_POINT('',(1.4E0,2.E-1,1.15E0));
#6587=VERTEX_POINT('',#6586);
#6588=CARTESIAN_POINT('',(0.E0,0.E0,0.E0));
#6589=DIRECTION('',(0.E0,1.E0,0.E0));
#6590=DIRECTION('',(-1.E0,0.E0,0.E0));
#6591=AXIS2_PLACEMENT_3D('',#6588,#6589,#6590);
#6592=PLANE('',#6591);
#6594=ORIENTED_EDGE('',*,*,#6593,.T.);
#6596=ORIENTED_EDGE('',*,*,#6595,.T.);
#6598=ORIENTED_EDGE('',*,*,#6597,.T.);
#6600=ORIENTED_EDGE('',*,*,#6599,.T.);
#6602=ORIENTED_EDGE('',*,*,#6601,.T.);
#6604=ORIENTED_EDGE('',*,*,#6603,.T.);
#6605=EDGE_LOOP('',(#6594,#6596,#6598,#6600,#6602,#6604));
#6606=FACE_OUTER_BOUND('',#6605,.F.);
#6607=ADVANCED_FACE('',(#6606),#6592,.F.);
#6608=CARTESIAN_POINT('',(1.4E0,0.E0,1.75E0));
#6609=DIRECTION('',(0.E0,0.E0,1.E0));
#6610=DIRECTION('',(1.E0,0.E0,0.E0));
#6611=AXIS2_PLACEMENT_3D('',#6608,#6609,#6610);
#6612=PLANE('',#6611);
#6613=ORIENTED_EDGE('',*,*,#6593,.F.);
#6615=ORIENTED_EDGE('',*,*,#6614,.T.);
#6617=ORIENTED_EDGE('',*,*,#6616,.T.);
#6619=ORIENTED_EDGE('',*,*,#6618,.F.);
#6620=EDGE_LOOP('',(#6613,#6615,#6617,#6619));
#6621=FACE_OUTER_BOUND('',#6620,.F.);
#6622=ADVANCED_FACE('',(#6621),#6612,.T.);
#6623=FILL_AREA_STYLE_COLOUR('',#39);
#6624=FILL_AREA_STYLE('',(#6623));
#6625=SURFACE_STYLE_FILL_AREA(#6624);
#6626=SURFACE_SIDE_STYLE('',(#6625));
#6627=SURFACE_STYLE_USAGE(.POSITIVE.,#6626);
#6628=PRESENTATION_STYLE_ASSIGNMENT((#6627));
#6629=OVER_RIDING_STYLED_ITEM('',(#6628),#6622,#6437);
#6630=CARTESIAN_POINT('',(1.4E0,0.E0,1.15E0));
#6631=DIRECTION('',(-1.E0,0.E0,0.E0));
#6632=DIRECTION('',(0.E0,0.E0,1.E0));
#6633=AXIS2_PLACEMENT_3D('',#6630,#6631,#6632);
#6634=PLANE('',#6633);
#6635=ORIENTED_EDGE('',*,*,#6603,.F.);
#6637=ORIENTED_EDGE('',*,*,#6636,.T.);
#6639=ORIENTED_EDGE('',*,*,#6638,.T.);
#6640=ORIENTED_EDGE('',*,*,#6614,.F.);
#6641=EDGE_LOOP('',(#6635,#6637,#6639,#6640));
#6642=FACE_OUTER_BOUND('',#6641,.F.);
#6643=ADVANCED_FACE('',(#6642),#6634,.T.);
#6644=CARTESIAN_POINT('',(2.E0,0.E0,1.15E0));
#6645=DIRECTION('',(0.E0,0.E0,-1.E0));
#6646=DIRECTION('',(-1.E0,0.E0,0.E0));
#6647=AXIS2_PLACEMENT_3D('',#6644,#6645,#6646);
#6648=PLANE('',#6647);
#6649=ORIENTED_EDGE('',*,*,#6601,.F.);
#6651=ORIENTED_EDGE('',*,*,#6650,.T.);
#6653=ORIENTED_EDGE('',*,*,#6652,.T.);
#6654=ORIENTED_EDGE('',*,*,#6636,.F.);
#6655=EDGE_LOOP('',(#6649,#6651,#6653,#6654));
#6656=FACE_OUTER_BOUND('',#6655,.F.);
#6657=ADVANCED_FACE('',(#6656),#6648,.T.);
#6658=CARTESIAN_POINT('',(2.E0,0.E0,1.45E0));
#6659=DIRECTION('',(1.E0,0.E0,0.E0));
#6660=DIRECTION('',(0.E0,0.E0,-1.E0));
#6661=AXIS2_PLACEMENT_3D('',#6658,#6659,#6660);
#6662=PLANE('',#6661);
#6663=ORIENTED_EDGE('',*,*,#6599,.F.);
#6665=ORIENTED_EDGE('',*,*,#6664,.T.);
#6667=ORIENTED_EDGE('',*,*,#6666,.T.);
#6668=ORIENTED_EDGE('',*,*,#6650,.F.);
#6669=EDGE_LOOP('',(#6663,#6665,#6667,#6668));
#6670=FACE_OUTER_BOUND('',#6669,.F.);
#6671=ADVANCED_FACE('',(#6670),#6662,.T.);
#6672=FILL_AREA_STYLE_COLOUR('',#39);
#6673=FILL_AREA_STYLE('',(#6672));
#6674=SURFACE_STYLE_FILL_AREA(#6673);
#6675=SURFACE_SIDE_STYLE('',(#6674));
#6676=SURFACE_STYLE_USAGE(.POSITIVE.,#6675);
#6677=PRESENTATION_STYLE_ASSIGNMENT((#6676));
#6678=OVER_RIDING_STYLED_ITEM('',(#6677),#6671,#6437);
#6679=CARTESIAN_POINT('',(1.7E0,0.E0,1.45E0));
#6680=DIRECTION('',(0.E0,0.E0,1.E0));
#6681=DIRECTION('',(1.E0,0.E0,0.E0));
#6682=AXIS2_PLACEMENT_3D('',#6679,#6680,#6681);
#6683=PLANE('',#6682);
#6684=ORIENTED_EDGE('',*,*,#6597,.F.);
#6686=ORIENTED_EDGE('',*,*,#6685,.T.);
#6688=ORIENTED_EDGE('',*,*,#6687,.T.);
#6689=ORIENTED_EDGE('',*,*,#6664,.F.);
#6690=EDGE_LOOP('',(#6684,#6686,#6688,#6689));
#6691=FACE_OUTER_BOUND('',#6690,.F.);
#6692=ADVANCED_FACE('',(#6691),#6683,.T.);
#6693=CARTESIAN_POINT('',(1.7E0,0.E0,1.75E0));
#6694=DIRECTION('',(1.E0,0.E0,0.E0));
#6695=DIRECTION('',(0.E0,0.E0,-1.E0));
#6696=AXIS2_PLACEMENT_3D('',#6693,#6694,#6695);
#6697=PLANE('',#6696);
#6698=ORIENTED_EDGE('',*,*,#6595,.F.);
#6699=ORIENTED_EDGE('',*,*,#6618,.T.);
#6701=ORIENTED_EDGE('',*,*,#6700,.T.);
#6702=ORIENTED_EDGE('',*,*,#6685,.F.);
#6703=EDGE_LOOP('',(#6698,#6699,#6701,#6702));
#6704=FACE_OUTER_BOUND('',#6703,.F.);
#6705=ADVANCED_FACE('',(#6704),#6697,.T.);
#6706=CARTESIAN_POINT('',(0.E0,2.E-1,0.E0));
#6707=DIRECTION('',(0.E0,1.E0,0.E0));
#6708=DIRECTION('',(-1.E0,0.E0,0.E0));
#6709=AXIS2_PLACEMENT_3D('',#6706,#6707,#6708);
#6710=PLANE('',#6709);
#6711=ORIENTED_EDGE('',*,*,#6616,.F.);
#6712=ORIENTED_EDGE('',*,*,#6638,.F.);
#6713=ORIENTED_EDGE('',*,*,#6652,.F.);
#6714=ORIENTED_EDGE('',*,*,#6666,.F.);
#6715=ORIENTED_EDGE('',*,*,#6687,.F.);
#6716=ORIENTED_EDGE('',*,*,#6700,.F.);
#6717=EDGE_LOOP('',(#6711,#6712,#6713,#6714,#6715,#6716));
#6718=FACE_OUTER_BOUND('',#6717,.F.);
#6719=ADVANCED_FACE('',(#6718),#6710,.T.);
#6720=CLOSED_SHELL('',(#6607,#6622,#6643,#6657,#6671,#6692,#6705,#6719));
#6721=MANIFOLD_SOLID_BREP('',#6720);
#6722=FILL_AREA_STYLE_COLOUR('',#37);
#6723=FILL_AREA_STYLE('',(#6722));
#6724=SURFACE_STYLE_FILL_AREA(#6723);
#6725=SURFACE_SIDE_STYLE('',(#6724));
#6726=SURFACE_STYLE_USAGE(.POSITIVE.,#6725);
#6727=PRESENTATION_STYLE_ASSIGNMENT((#6726));
#6437=STYLED_ITEM('',(#6727),#6721);
#6729=DIMENSIONAL_EXPONENTS(0.E0,0.E0,0.E0,0.E0,0.E0,0.E0,0.E0);
#6731=PLANE_ANGLE_MEASURE_WITH_UNIT(PLANE_ANGLE_MEASURE(1.745329251994E-2),
#6730);
#6732=(CONVERSION_BASED_UNIT('DEGREE',#6731)NAMED_UNIT(*)PLANE_ANGLE_UNIT());
#6734=UNCERTAINTY_MEASURE_WITH_UNIT(LENGTH_MEASURE(2.333611979277E-4),#6728,
'closure',
'Maximum model space distance between geometric entities at asserted connectivities');
#6735=(GEOMETRIC_REPRESENTATION_CONTEXT(3)GLOBAL_UNCERTAINTY_ASSIGNED_CONTEXT((
#6734))GLOBAL_UNIT_ASSIGNED_CONTEXT((#6728,#6732,#6733))REPRESENTATION_CONTEXT(
'ID1','3'));
#6736=CARTESIAN_POINT('',(0.E0,0.E0,0.E0));
#6737=DIRECTION('',(0.E0,0.E0,1.E0));
#6738=DIRECTION('',(1.E0,0.E0,0.E0));
#6741=APPLICATION_CONTEXT(
'CONFIGURATION CONTROLLED 3D DESIGNS OF MECHANICAL PARTS AND ASSEMBLIES');
#6742=APPLICATION_PROTOCOL_DEFINITION('international standard',
'config_control_design',1994,#6741);
#6743=DESIGN_CONTEXT('',#6741,'design');
#6744=MECHANICAL_CONTEXT('',#6741,'mechanical');
#6745=PRODUCT('FRAME','FRAME','NOT SPECIFIED',(#6744));
#6746=PRODUCT_DEFINITION_FORMATION_WITH_SPECIFIED_SOURCE('37','LAST_VERSION',
#6745,.MADE.);
#6755=CARTESIAN_POINT('',(0.E0,0.E0,0.E0));
#6756=DIRECTION('',(-1.E0,0.E0,0.E0));
#6757=DIRECTION('',(0.E0,-1.E0,0.E0));
#6758=AXIS2_PLACEMENT_3D('',#6755,#6756,#6757);
#6759=ITEM_DEFINED_TRANSFORMATION('','',#6739,#6758);
#6760=(REPRESENTATION_RELATIONSHIP('','',#6740,#6752)REPRESENTATION_RELATIONSHIP_WITH_TRANSFORMATION(#6759)SHAPE_REPRESENTATION_RELATIONSHIP());
#6761=CONTEXT_DEPENDENT_SHAPE_REPRESENTATION(#6760,#6754);
#6764=DIRECTION('',(1.E0,0.E0,0.E0));
#6765=VECTOR('',#6764,5.53E-1);
#6766=CARTESIAN_POINT('',(-2.E0,0.E0,-7.E-1));
#6767=LINE('',#6766,#6765);
#6768=CURVE_STYLE('',#46,POSITIVE_LENGTH_MEASURE(2.E-2),#3);
#6769=PRESENTATION_STYLE_ASSIGNMENT((#6768));
#6770=STYLED_ITEM('',(#6769),#6767);
#6771=DIRECTION('',(0.E0,0.E0,1.E0));
#6772=VECTOR('',#6771,2.E-1);
#6773=CARTESIAN_POINT('',(-2.E0,0.E0,-7.E-1));
#6774=LINE('',#6773,#6772);
#6775=CURVE_STYLE('',#46,POSITIVE_LENGTH_MEASURE(2.E-2),#3);
#6776=PRESENTATION_STYLE_ASSIGNMENT((#6775));
#6777=STYLED_ITEM('',(#6776),#6774);
#6778=DIRECTION('',(1.E0,0.E0,0.E0));
#6779=VECTOR('',#6778,5.E-1);
#6780=CARTESIAN_POINT('',(-2.E0,0.E0,-5.E-1));
#6781=LINE('',#6780,#6779);
#6782=CURVE_STYLE('',#46,POSITIVE_LENGTH_MEASURE(2.E-2),#3);
#6783=PRESENTATION_STYLE_ASSIGNMENT((#6782));
#6784=STYLED_ITEM('',(#6783),#6781);
#6785=CARTESIAN_POINT('',(-1.5E0,0.E0,-4.E-1));
#6786=DIRECTION('',(0.E0,1.E0,0.E0));
#6787=DIRECTION('',(0.E0,0.E0,1.E0));
#6788=AXIS2_PLACEMENT_3D('',#6785,#6786,#6787);
#6790=CURVE_STYLE('',#46,POSITIVE_LENGTH_MEASURE(2.E-2),#3);
#6791=PRESENTATION_STYLE_ASSIGNMENT((#6790));
#6792=STYLED_ITEM('',(#6791),#6789);
#6793=DIRECTION('',(1.E0,0.E0,0.E0));
#6794=VECTOR('',#6793,5.E-1);
#6795=CARTESIAN_POINT('',(-2.E0,0.E0,-3.E-1));
#6796=LINE('',#6795,#6794);
#6797=CURVE_STYLE('',#46,POSITIVE_LENGTH_MEASURE(2.E-2),#3);
#6798=PRESENTATION_STYLE_ASSIGNMENT((#6797));
#6799=STYLED_ITEM('',(#6798),#6796);
#6800=DIRECTION('',(0.E0,0.E0,1.E0));
#6801=VECTOR('',#6800,2.E-1);
#6802=CARTESIAN_POINT('',(-2.E0,0.E0,-3.E-1));
#6803=LINE('',#6802,#6801);
#6804=CURVE_STYLE('',#46,POSITIVE_LENGTH_MEASURE(2.E-2),#3);
#6805=PRESENTATION_STYLE_ASSIGNMENT((#6804));
#6806=STYLED_ITEM('',(#6805),#6803);
#6807=DIRECTION('',(1.E0,0.E0,0.E0));
#6808=VECTOR('',#6807,4.5E-1);
#6809=CARTESIAN_POINT('',(-2.E0,0.E0,-1.E-1));
#6810=LINE('',#6809,#6808);
#6811=CURVE_STYLE('',#46,POSITIVE_LENGTH_MEASURE(2.E-2),#3);
#6812=PRESENTATION_STYLE_ASSIGNMENT((#6811));
#6813=STYLED_ITEM('',(#6812),#6810);
#6814=CARTESIAN_POINT('',(-1.55E0,0.E0,0.E0));
#6815=DIRECTION('',(0.E0,1.E0,0.E0));
#6816=DIRECTION('',(0.E0,0.E0,1.E0));
#6817=AXIS2_PLACEMENT_3D('',#6814,#6815,#6816);
#6819=CURVE_STYLE('',#46,POSITIVE_LENGTH_MEASURE(2.E-2),#3);
#6820=PRESENTATION_STYLE_ASSIGNMENT((#6819));
#6821=STYLED_ITEM('',(#6820),#6818);
#6822=DIRECTION('',(1.E0,0.E0,0.E0));
#6823=VECTOR('',#6822,4.5E-1);
#6824=CARTESIAN_POINT('',(-2.E0,0.E0,1.E-1));
#6825=LINE('',#6824,#6823);
#6826=CURVE_STYLE('',#46,POSITIVE_LENGTH_MEASURE(2.E-2),#3);
#6827=PRESENTATION_STYLE_ASSIGNMENT((#6826));
#6828=STYLED_ITEM('',(#6827),#6825);
#6829=DIRECTION('',(0.E0,0.E0,1.E0));
#6830=VECTOR('',#6829,2.E-1);
#6831=CARTESIAN_POINT('',(-2.E0,0.E0,1.E-1));
#6832=LINE('',#6831,#6830);
#6833=CURVE_STYLE('',#46,POSITIVE_LENGTH_MEASURE(2.E-2),#3);
#6834=PRESENTATION_STYLE_ASSIGNMENT((#6833));
#6835=STYLED_ITEM('',(#6834),#6832);
#6836=DIRECTION('',(1.E0,0.E0,0.E0));
#6837=VECTOR('',#6836,5.53E-1);
#6838=CARTESIAN_POINT('',(-2.E0,0.E0,3.E-1));
#6839=LINE('',#6838,#6837);
#6840=CURVE_STYLE('',#46,POSITIVE_LENGTH_MEASURE(2.E-2),#3);
#6841=PRESENTATION_STYLE_ASSIGNMENT((#6840));
#6842=STYLED_ITEM('',(#6841),#6839);
#6843=CARTESIAN_POINT('',(-1.447E0,0.E0,4.E-1));
#6844=DIRECTION('',(0.E0,1.E0,0.E0));
#6845=DIRECTION('',(0.E0,0.E0,1.E0));
#6846=AXIS2_PLACEMENT_3D('',#6843,#6844,#6845);
#6848=CURVE_STYLE('',#46,POSITIVE_LENGTH_MEASURE(2.E-2),#3);
#6849=PRESENTATION_STYLE_ASSIGNMENT((#6848));
#6850=STYLED_ITEM('',(#6849),#6847);
#6851=DIRECTION('',(1.E0,0.E0,0.E0));
#6852=VECTOR('',#6851,5.53E-1);
#6853=CARTESIAN_POINT('',(-2.E0,0.E0,5.E-1));
#6854=LINE('',#6853,#6852);
#6855=CURVE_STYLE('',#46,POSITIVE_LENGTH_MEASURE(2.E-2),#3);
#6856=PRESENTATION_STYLE_ASSIGNMENT((#6855));
#6857=STYLED_ITEM('',(#6856),#6854);
#6858=DIRECTION('',(0.E0,0.E0,1.E0));
#6859=VECTOR('',#6858,2.E-1);
#6860=CARTESIAN_POINT('',(-2.E0,0.E0,5.E-1));
#6861=LINE('',#6860,#6859);
#6862=CURVE_STYLE('',#46,POSITIVE_LENGTH_MEASURE(2.E-2),#3);
#6863=PRESENTATION_STYLE_ASSIGNMENT((#6862));
#6864=STYLED_ITEM('',(#6863),#6861);
#6865=DIRECTION('',(1.E0,0.E0,0.E0));
#6866=VECTOR('',#6865,5.53E-1);
#6867=CARTESIAN_POINT('',(-2.E0,0.E0,7.E-1));
#6868=LINE('',#6867,#6866);
#6869=CURVE_STYLE('',#46,POSITIVE_LENGTH_MEASURE(2.E-2),#3);
#6870=PRESENTATION_STYLE_ASSIGNMENT((#6869));
#6871=STYLED_ITEM('',(#6870),#6868);
#6872=CARTESIAN_POINT('',(-1.447E0,0.E0,8.E-1));
#6873=DIRECTION('',(0.E0,1.E0,0.E0));
#6874=DIRECTION('',(0.E0,0.E0,1.E0));
#6875=AXIS2_PLACEMENT_3D('',#6872,#6873,#6874);
#6877=CURVE_STYLE('',#46,POSITIVE_LENGTH_MEASURE(2.E-2),#3);
#6878=PRESENTATION_STYLE_ASSIGNMENT((#6877));
#6879=STYLED_ITEM('',(#6878),#6876);
#6880=DIRECTION('',(1.E0,0.E0,0.E0));
#6881=VECTOR('',#6880,5.53E-1);
#6882=CARTESIAN_POINT('',(-2.E0,0.E0,9.E-1));
#6883=LINE('',#6882,#6881);
#6884=CURVE_STYLE('',#46,POSITIVE_LENGTH_MEASURE(2.E-2),#3);
#6885=PRESENTATION_STYLE_ASSIGNMENT((#6884));
#6886=STYLED_ITEM('',(#6885),#6883);
#6887=DIRECTION('',(0.E0,0.E0,1.E0));
#6888=VECTOR('',#6887,2.5E-1);
#6889=CARTESIAN_POINT('',(-2.E0,0.E0,9.E-1));
#6890=LINE('',#6889,#6888);
#6891=CURVE_STYLE('',#46,POSITIVE_LENGTH_MEASURE(2.E-2),#3);
#6892=PRESENTATION_STYLE_ASSIGNMENT((#6891));
#6893=STYLED_ITEM('',(#6892),#6890);
#6894=DIRECTION('',(1.E0,0.E0,0.E0));
#6895=VECTOR('',#6894,5.E-1);
#6896=CARTESIAN_POINT('',(-2.E0,0.E0,1.15E0));
#6897=LINE('',#6896,#6895);
#6898=CURVE_STYLE('',#46,POSITIVE_LENGTH_MEASURE(2.E-2),#3);
#6899=PRESENTATION_STYLE_ASSIGNMENT((#6898));
#6900=STYLED_ITEM('',(#6899),#6897);
#6901=DIRECTION('',(-7.071067811865E-1,0.E0,-7.071067811865E-1));
#6902=VECTOR('',#6901,1.414213562373E-1);
#6903=CARTESIAN_POINT('',(-1.4E0,0.E0,1.25E0));
#6904=LINE('',#6903,#6902);
#6905=CURVE_STYLE('',#46,POSITIVE_LENGTH_MEASURE(2.E-2),#3);
#6906=PRESENTATION_STYLE_ASSIGNMENT((#6905));
#6907=STYLED_ITEM('',(#6906),#6904);
#6908=DIRECTION('',(0.E0,0.E0,-1.E0));
#6909=VECTOR('',#6908,5.E-1);
#6910=CARTESIAN_POINT('',(-1.4E0,0.E0,1.75E0));
#6911=LINE('',#6910,#6909);
#6912=CURVE_STYLE('',#46,POSITIVE_LENGTH_MEASURE(2.E-2),#3);
#6913=PRESENTATION_STYLE_ASSIGNMENT((#6912));
#6914=STYLED_ITEM('',(#6913),#6911);
#6915=DIRECTION('',(1.E0,0.E0,0.E0));
#6916=VECTOR('',#6915,3.E-1);
#6917=CARTESIAN_POINT('',(-1.4E0,0.E0,1.75E0));
#6918=LINE('',#6917,#6916);
#6919=CURVE_STYLE('',#46,POSITIVE_LENGTH_MEASURE(2.E-2),#3);
#6920=PRESENTATION_STYLE_ASSIGNMENT((#6919));
#6921=STYLED_ITEM('',(#6920),#6918);
#6922=DIRECTION('',(0.E0,0.E0,-1.E0));
#6923=VECTOR('',#6922,3.01E-1);
#6924=CARTESIAN_POINT('',(-1.1E0,0.E0,1.75E0));
#6925=LINE('',#6924,#6923);
#6926=CURVE_STYLE('',#46,POSITIVE_LENGTH_MEASURE(2.E-2),#3);
#6927=PRESENTATION_STYLE_ASSIGNMENT((#6926));
#6928=STYLED_ITEM('',(#6927),#6925);
#6929=CARTESIAN_POINT('',(-1.001E0,0.E0,1.449E0));
#6930=DIRECTION('',(0.E0,-1.E0,0.E0));
#6931=DIRECTION('',(-1.E0,0.E0,0.E0));
#6932=AXIS2_PLACEMENT_3D('',#6929,#6930,#6931);
#6934=CURVE_STYLE('',#46,POSITIVE_LENGTH_MEASURE(2.E-2),#3);
#6935=PRESENTATION_STYLE_ASSIGNMENT((#6934));
#6936=STYLED_ITEM('',(#6935),#6933);
#6937=DIRECTION('',(1.E0,0.E0,0.E0));
#6938=VECTOR('',#6937,2.E-3);
#6939=CARTESIAN_POINT('',(-1.001E0,0.E0,1.35E0));
#6940=LINE('',#6939,#6938);
#6941=CURVE_STYLE('',#46,POSITIVE_LENGTH_MEASURE(2.E-2),#3);
#6942=PRESENTATION_STYLE_ASSIGNMENT((#6941));
#6943=STYLED_ITEM('',(#6942),#6940);
#6944=CARTESIAN_POINT('',(-9.99E-1,0.E0,1.449E0));
#6945=DIRECTION('',(0.E0,-1.E0,0.E0));
#6946=DIRECTION('',(0.E0,0.E0,-1.E0));
#6947=AXIS2_PLACEMENT_3D('',#6944,#6945,#6946);
#6949=CURVE_STYLE('',#46,POSITIVE_LENGTH_MEASURE(2.E-2),#3);
#6950=PRESENTATION_STYLE_ASSIGNMENT((#6949));
#6951=STYLED_ITEM('',(#6950),#6948);
#6952=DIRECTION('',(0.E0,0.E0,-1.E0));
#6953=VECTOR('',#6952,3.01E-1);
#6954=CARTESIAN_POINT('',(-9.E-1,0.E0,1.75E0));
#6955=LINE('',#6954,#6953);
#6956=CURVE_STYLE('',#46,POSITIVE_LENGTH_MEASURE(2.E-2),#3);
#6957=PRESENTATION_STYLE_ASSIGNMENT((#6956));
#6958=STYLED_ITEM('',(#6957),#6955);
#6959=DIRECTION('',(1.E0,0.E0,0.E0));
#6960=VECTOR('',#6959,2.E-1);
#6961=CARTESIAN_POINT('',(-9.E-1,0.E0,1.75E0));
#6962=LINE('',#6961,#6960);
#6963=CURVE_STYLE('',#46,POSITIVE_LENGTH_MEASURE(2.E-2),#3);
#6964=PRESENTATION_STYLE_ASSIGNMENT((#6963));
#6965=STYLED_ITEM('',(#6964),#6962);
#6966=DIRECTION('',(0.E0,0.E0,-1.E0));
#6967=VECTOR('',#6966,3.01E-1);
#6968=CARTESIAN_POINT('',(-7.E-1,0.E0,1.75E0));
#6969=LINE('',#6968,#6967);
#6970=CURVE_STYLE('',#46,POSITIVE_LENGTH_MEASURE(2.E-2),#3);
#6971=PRESENTATION_STYLE_ASSIGNMENT((#6970));
#6972=STYLED_ITEM('',(#6971),#6969);
#6973=CARTESIAN_POINT('',(-6.01E-1,0.E0,1.449E0));
#6974=DIRECTION('',(0.E0,-1.E0,0.E0));
#6975=DIRECTION('',(-1.E0,0.E0,0.E0));
#6976=AXIS2_PLACEMENT_3D('',#6973,#6974,#6975);
#6978=CURVE_STYLE('',#46,POSITIVE_LENGTH_MEASURE(2.E-2),#3);
#6979=PRESENTATION_STYLE_ASSIGNMENT((#6978));
#6980=STYLED_ITEM('',(#6979),#6977);
#6981=DIRECTION('',(1.E0,0.E0,0.E0));
#6982=VECTOR('',#6981,2.E-3);
#6983=CARTESIAN_POINT('',(-6.01E-1,0.E0,1.35E0));
#6984=LINE('',#6983,#6982);
#6985=CURVE_STYLE('',#46,POSITIVE_LENGTH_MEASURE(2.E-2),#3);
#6986=PRESENTATION_STYLE_ASSIGNMENT((#6985));
#6987=STYLED_ITEM('',(#6986),#6984);
#6988=CARTESIAN_POINT('',(-5.99E-1,0.E0,1.449E0));
#6989=DIRECTION('',(0.E0,-1.E0,0.E0));
#6990=DIRECTION('',(0.E0,0.E0,-1.E0));
#6991=AXIS2_PLACEMENT_3D('',#6988,#6989,#6990);
#6993=CURVE_STYLE('',#46,POSITIVE_LENGTH_MEASURE(2.E-2),#3);
#6994=PRESENTATION_STYLE_ASSIGNMENT((#6993));
#6995=STYLED_ITEM('',(#6994),#6992);
#6996=DIRECTION('',(0.E0,0.E0,-1.E0));
#6997=VECTOR('',#6996,3.01E-1);
#6998=CARTESIAN_POINT('',(-5.E-1,0.E0,1.75E0));
#6999=LINE('',#6998,#6997);
#7000=CURVE_STYLE('',#46,POSITIVE_LENGTH_MEASURE(2.E-2),#3);
#7001=PRESENTATION_STYLE_ASSIGNMENT((#7000));
#7002=STYLED_ITEM('',(#7001),#6999);
#7003=DIRECTION('',(1.E0,0.E0,0.E0));
#7004=VECTOR('',#7003,2.E-1);
#7005=CARTESIAN_POINT('',(-5.E-1,0.E0,1.75E0));
#7006=LINE('',#7005,#7004);
#7007=CURVE_STYLE('',#46,POSITIVE_LENGTH_MEASURE(2.E-2),#3);
#7008=PRESENTATION_STYLE_ASSIGNMENT((#7007));
#7009=STYLED_ITEM('',(#7008),#7006);
#7010=DIRECTION('',(0.E0,0.E0,-1.E0));
#7011=VECTOR('',#7010,3.01E-1);
#7012=CARTESIAN_POINT('',(-3.E-1,0.E0,1.75E0));
#7013=LINE('',#7012,#7011);
#7014=CURVE_STYLE('',#46,POSITIVE_LENGTH_MEASURE(2.E-2),#3);
#7015=PRESENTATION_STYLE_ASSIGNMENT((#7014));
#7016=STYLED_ITEM('',(#7015),#7013);
#7017=CARTESIAN_POINT('',(-2.01E-1,0.E0,1.449E0));
#7018=DIRECTION('',(0.E0,-1.E0,0.E0));
#7019=DIRECTION('',(-1.E0,0.E0,0.E0));
#7020=AXIS2_PLACEMENT_3D('',#7017,#7018,#7019);
#7022=CURVE_STYLE('',#46,POSITIVE_LENGTH_MEASURE(2.E-2),#3);
#7023=PRESENTATION_STYLE_ASSIGNMENT((#7022));
#7024=STYLED_ITEM('',(#7023),#7021);
#7025=DIRECTION('',(1.E0,0.E0,0.E0));
#7026=VECTOR('',#7025,2.E-3);
#7027=CARTESIAN_POINT('',(-2.01E-1,0.E0,1.35E0));
#7028=LINE('',#7027,#7026);
#7029=CURVE_STYLE('',#46,POSITIVE_LENGTH_MEASURE(2.E-2),#3);
#7030=PRESENTATION_STYLE_ASSIGNMENT((#7029));
#7031=STYLED_ITEM('',(#7030),#7028);
#7032=CARTESIAN_POINT('',(-1.99E-1,0.E0,1.449E0));
#7033=DIRECTION('',(0.E0,-1.E0,0.E0));
#7034=DIRECTION('',(0.E0,0.E0,-1.E0));
#7035=AXIS2_PLACEMENT_3D('',#7032,#7033,#7034);
#7037=CURVE_STYLE('',#46,POSITIVE_LENGTH_MEASURE(2.E-2),#3);
#7038=PRESENTATION_STYLE_ASSIGNMENT((#7037));
#7039=STYLED_ITEM('',(#7038),#7036);
#7040=DIRECTION('',(0.E0,0.E0,-1.E0));
#7041=VECTOR('',#7040,3.01E-1);
#7042=CARTESIAN_POINT('',(-1.E-1,0.E0,1.75E0));
#7043=LINE('',#7042,#7041);
#7044=CURVE_STYLE('',#46,POSITIVE_LENGTH_MEASURE(2.E-2),#3);
#7045=PRESENTATION_STYLE_ASSIGNMENT((#7044));
#7046=STYLED_ITEM('',(#7045),#7043);
#7047=DIRECTION('',(1.E0,0.E0,0.E0));
#7048=VECTOR('',#7047,2.E-1);
#7049=CARTESIAN_POINT('',(-1.E-1,0.E0,1.75E0));
#7050=LINE('',#7049,#7048);
#7051=CURVE_STYLE('',#46,POSITIVE_LENGTH_MEASURE(2.E-2),#3);
#7052=PRESENTATION_STYLE_ASSIGNMENT((#7051));
#7053=STYLED_ITEM('',(#7052),#7050);
#7054=DIRECTION('',(0.E0,0.E0,-1.E0));
#7055=VECTOR('',#7054,3.01E-1);
#7056=CARTESIAN_POINT('',(1.E-1,0.E0,1.75E0));
#7057=LINE('',#7056,#7055);
#7058=CURVE_STYLE('',#46,POSITIVE_LENGTH_MEASURE(2.E-2),#3);
#7059=PRESENTATION_STYLE_ASSIGNMENT((#7058));
#7060=STYLED_ITEM('',(#7059),#7057);
#7061=CARTESIAN_POINT('',(1.99E-1,0.E0,1.449E0));
#7062=DIRECTION('',(0.E0,-1.E0,0.E0));
#7063=DIRECTION('',(-1.E0,0.E0,0.E0));
#7064=AXIS2_PLACEMENT_3D('',#7061,#7062,#7063);
#7066=CURVE_STYLE('',#46,POSITIVE_LENGTH_MEASURE(2.E-2),#3);
#7067=PRESENTATION_STYLE_ASSIGNMENT((#7066));
#7068=STYLED_ITEM('',(#7067),#7065);
#7069=DIRECTION('',(1.E0,0.E0,0.E0));
#7070=VECTOR('',#7069,2.E-3);
#7071=CARTESIAN_POINT('',(1.99E-1,0.E0,1.35E0));
#7072=LINE('',#7071,#7070);
#7073=CURVE_STYLE('',#46,POSITIVE_LENGTH_MEASURE(2.E-2),#3);
#7074=PRESENTATION_STYLE_ASSIGNMENT((#7073));
#7075=STYLED_ITEM('',(#7074),#7072);
#7076=CARTESIAN_POINT('',(2.01E-1,0.E0,1.449E0));
#7077=DIRECTION('',(0.E0,-1.E0,0.E0));
#7078=DIRECTION('',(0.E0,0.E0,-1.E0));
#7079=AXIS2_PLACEMENT_3D('',#7076,#7077,#7078);
#7081=CURVE_STYLE('',#46,POSITIVE_LENGTH_MEASURE(2.E-2),#3);
#7082=PRESENTATION_STYLE_ASSIGNMENT((#7081));
#7083=STYLED_ITEM('',(#7082),#7080);
#7084=DIRECTION('',(0.E0,0.E0,-1.E0));
#7085=VECTOR('',#7084,3.01E-1);
#7086=CARTESIAN_POINT('',(3.E-1,0.E0,1.75E0));
#7087=LINE('',#7086,#7085);
#7088=CURVE_STYLE('',#46,POSITIVE_LENGTH_MEASURE(2.E-2),#3);
#7089=PRESENTATION_STYLE_ASSIGNMENT((#7088));
#7090=STYLED_ITEM('',(#7089),#7087);
#7091=DIRECTION('',(1.E0,0.E0,0.E0));
#7092=VECTOR('',#7091,2.E-1);
#7093=CARTESIAN_POINT('',(3.E-1,0.E0,1.75E0));
#7094=LINE('',#7093,#7092);
#7095=CURVE_STYLE('',#46,POSITIVE_LENGTH_MEASURE(2.E-2),#3);
#7096=PRESENTATION_STYLE_ASSIGNMENT((#7095));
#7097=STYLED_ITEM('',(#7096),#7094);
#7098=DIRECTION('',(0.E0,0.E0,-1.E0));
#7099=VECTOR('',#7098,3.01E-1);
#7100=CARTESIAN_POINT('',(5.E-1,0.E0,1.75E0));
#7101=LINE('',#7100,#7099);
#7102=CURVE_STYLE('',#46,POSITIVE_LENGTH_MEASURE(2.E-2),#3);
#7103=PRESENTATION_STYLE_ASSIGNMENT((#7102));
#7104=STYLED_ITEM('',(#7103),#7101);
#7105=CARTESIAN_POINT('',(5.99E-1,0.E0,1.449E0));
#7106=DIRECTION('',(0.E0,-1.E0,0.E0));
#7107=DIRECTION('',(-1.E0,0.E0,0.E0));
#7108=AXIS2_PLACEMENT_3D('',#7105,#7106,#7107);
#7110=CURVE_STYLE('',#46,POSITIVE_LENGTH_MEASURE(2.E-2),#3);
#7111=PRESENTATION_STYLE_ASSIGNMENT((#7110));
#7112=STYLED_ITEM('',(#7111),#7109);
#7113=DIRECTION('',(1.E0,0.E0,0.E0));
#7114=VECTOR('',#7113,2.E-3);
#7115=CARTESIAN_POINT('',(5.99E-1,0.E0,1.35E0));
#7116=LINE('',#7115,#7114);
#7117=CURVE_STYLE('',#46,POSITIVE_LENGTH_MEASURE(2.E-2),#3);
#7118=PRESENTATION_STYLE_ASSIGNMENT((#7117));
#7119=STYLED_ITEM('',(#7118),#7116);
#7120=CARTESIAN_POINT('',(6.01E-1,0.E0,1.449E0));
#7121=DIRECTION('',(0.E0,-1.E0,0.E0));
#7122=DIRECTION('',(0.E0,0.E0,-1.E0));
#7123=AXIS2_PLACEMENT_3D('',#7120,#7121,#7122);
#7125=CURVE_STYLE('',#46,POSITIVE_LENGTH_MEASURE(2.E-2),#3);
#7126=PRESENTATION_STYLE_ASSIGNMENT((#7125));
#7127=STYLED_ITEM('',(#7126),#7124);
#7128=DIRECTION('',(0.E0,0.E0,-1.E0));
#7129=VECTOR('',#7128,3.01E-1);
#7130=CARTESIAN_POINT('',(7.E-1,0.E0,1.75E0));
#7131=LINE('',#7130,#7129);
#7132=CURVE_STYLE('',#46,POSITIVE_LENGTH_MEASURE(2.E-2),#3);
#7133=PRESENTATION_STYLE_ASSIGNMENT((#7132));
#7134=STYLED_ITEM('',(#7133),#7131);
#7135=DIRECTION('',(1.E0,0.E0,0.E0));
#7136=VECTOR('',#7135,2.E-1);
#7137=CARTESIAN_POINT('',(7.E-1,0.E0,1.75E0));
#7138=LINE('',#7137,#7136);
#7139=CURVE_STYLE('',#46,POSITIVE_LENGTH_MEASURE(2.E-2),#3);
#7140=PRESENTATION_STYLE_ASSIGNMENT((#7139));
#7141=STYLED_ITEM('',(#7140),#7138);
#7142=DIRECTION('',(0.E0,0.E0,-1.E0));
#7143=VECTOR('',#7142,3.01E-1);
#7144=CARTESIAN_POINT('',(9.E-1,0.E0,1.75E0));
#7145=LINE('',#7144,#7143);
#7146=CURVE_STYLE('',#46,POSITIVE_LENGTH_MEASURE(2.E-2),#3);
#7147=PRESENTATION_STYLE_ASSIGNMENT((#7146));
#7148=STYLED_ITEM('',(#7147),#7145);
#7149=CARTESIAN_POINT('',(9.99E-1,0.E0,1.449E0));
#7150=DIRECTION('',(0.E0,-1.E0,0.E0));
#7151=DIRECTION('',(-1.E0,0.E0,0.E0));
#7152=AXIS2_PLACEMENT_3D('',#7149,#7150,#7151);
#7154=CURVE_STYLE('',#46,POSITIVE_LENGTH_MEASURE(2.E-2),#3);
#7155=PRESENTATION_STYLE_ASSIGNMENT((#7154));
#7156=STYLED_ITEM('',(#7155),#7153);
#7157=DIRECTION('',(1.E0,0.E0,0.E0));
#7158=VECTOR('',#7157,2.E-3);
#7159=CARTESIAN_POINT('',(9.99E-1,0.E0,1.35E0));
#7160=LINE('',#7159,#7158);
#7161=CURVE_STYLE('',#46,POSITIVE_LENGTH_MEASURE(2.E-2),#3);
#7162=PRESENTATION_STYLE_ASSIGNMENT((#7161));
#7163=STYLED_ITEM('',(#7162),#7160);
#7164=CARTESIAN_POINT('',(1.001E0,0.E0,1.449E0));
#7165=DIRECTION('',(0.E0,-1.E0,0.E0));
#7166=DIRECTION('',(0.E0,0.E0,-1.E0));
#7167=AXIS2_PLACEMENT_3D('',#7164,#7165,#7166);
#7169=CURVE_STYLE('',#46,POSITIVE_LENGTH_MEASURE(2.E-2),#3);
#7170=PRESENTATION_STYLE_ASSIGNMENT((#7169));
#7171=STYLED_ITEM('',(#7170),#7168);
#7172=DIRECTION('',(0.E0,0.E0,-1.E0));
#7173=VECTOR('',#7172,3.01E-1);
#7174=CARTESIAN_POINT('',(1.1E0,0.E0,1.75E0));
#7175=LINE('',#7174,#7173);
#7176=CURVE_STYLE('',#46,POSITIVE_LENGTH_MEASURE(2.E-2),#3);
#7177=PRESENTATION_STYLE_ASSIGNMENT((#7176));
#7178=STYLED_ITEM('',(#7177),#7175);
#7179=DIRECTION('',(1.E0,0.E0,0.E0));
#7180=VECTOR('',#7179,3.E-1);
#7181=CARTESIAN_POINT('',(1.1E0,0.E0,1.75E0));
#7182=LINE('',#7181,#7180);
#7183=CURVE_STYLE('',#46,POSITIVE_LENGTH_MEASURE(2.E-2),#3);
#7184=PRESENTATION_STYLE_ASSIGNMENT((#7183));
#7185=STYLED_ITEM('',(#7184),#7182);
#7186=DIRECTION('',(0.E0,0.E0,-1.E0));
#7187=VECTOR('',#7186,6.E-1);
#7188=CARTESIAN_POINT('',(1.4E0,0.E0,1.75E0));
#7189=LINE('',#7188,#7187);
#7190=CURVE_STYLE('',#46,POSITIVE_LENGTH_MEASURE(2.E-2),#3);
#7191=PRESENTATION_STYLE_ASSIGNMENT((#7190));
#7192=STYLED_ITEM('',(#7191),#7189);
#7193=DIRECTION('',(-1.E0,0.E0,0.E0));
#7194=VECTOR('',#7193,6.E-1);
#7195=CARTESIAN_POINT('',(2.E0,0.E0,1.15E0));
#7196=LINE('',#7195,#7194);
#7197=CURVE_STYLE('',#46,POSITIVE_LENGTH_MEASURE(2.E-2),#3);
#7198=PRESENTATION_STYLE_ASSIGNMENT((#7197));
#7199=STYLED_ITEM('',(#7198),#7196);
#7200=DIRECTION('',(0.E0,0.E0,-1.E0));
#7201=VECTOR('',#7200,2.5E-1);
#7202=CARTESIAN_POINT('',(2.E0,0.E0,1.15E0));
#7203=LINE('',#7202,#7201);
#7204=CURVE_STYLE('',#46,POSITIVE_LENGTH_MEASURE(2.E-2),#3);
#7205=PRESENTATION_STYLE_ASSIGNMENT((#7204));
#7206=STYLED_ITEM('',(#7205),#7203);
#7207=DIRECTION('',(-1.E0,0.E0,0.E0));
#7208=VECTOR('',#7207,5.E-1);
#7209=CARTESIAN_POINT('',(2.E0,0.E0,9.E-1));
#7210=LINE('',#7209,#7208);
#7211=CURVE_STYLE('',#46,POSITIVE_LENGTH_MEASURE(2.E-2),#3);
#7212=PRESENTATION_STYLE_ASSIGNMENT((#7211));
#7213=STYLED_ITEM('',(#7212),#7210);
#7214=CARTESIAN_POINT('',(1.5E0,0.E0,8.E-1));
#7215=DIRECTION('',(0.E0,1.E0,0.E0));
#7216=DIRECTION('',(0.E0,0.E0,-1.E0));
#7217=AXIS2_PLACEMENT_3D('',#7214,#7215,#7216);
#7219=CURVE_STYLE('',#46,POSITIVE_LENGTH_MEASURE(2.E-2),#3);
#7220=PRESENTATION_STYLE_ASSIGNMENT((#7219));
#7221=STYLED_ITEM('',(#7220),#7218);
#7222=DIRECTION('',(-1.E0,0.E0,0.E0));
#7223=VECTOR('',#7222,5.E-1);
#7224=CARTESIAN_POINT('',(2.E0,0.E0,7.E-1));
#7225=LINE('',#7224,#7223);
#7226=CURVE_STYLE('',#46,POSITIVE_LENGTH_MEASURE(2.E-2),#3);
#7227=PRESENTATION_STYLE_ASSIGNMENT((#7226));
#7228=STYLED_ITEM('',(#7227),#7225);
#7229=DIRECTION('',(0.E0,0.E0,-1.E0));
#7230=VECTOR('',#7229,2.E-1);
#7231=CARTESIAN_POINT('',(2.E0,0.E0,7.E-1));
#7232=LINE('',#7231,#7230);
#7233=CURVE_STYLE('',#46,POSITIVE_LENGTH_MEASURE(2.E-2),#3);
#7234=PRESENTATION_STYLE_ASSIGNMENT((#7233));
#7235=STYLED_ITEM('',(#7234),#7232);
#7236=DIRECTION('',(-1.E0,0.E0,0.E0));
#7237=VECTOR('',#7236,5.E-1);
#7238=CARTESIAN_POINT('',(2.E0,0.E0,5.E-1));
#7239=LINE('',#7238,#7237);
#7240=CURVE_STYLE('',#46,POSITIVE_LENGTH_MEASURE(2.E-2),#3);
#7241=PRESENTATION_STYLE_ASSIGNMENT((#7240));
#7242=STYLED_ITEM('',(#7241),#7239);
#7243=CARTESIAN_POINT('',(1.5E0,0.E0,4.E-1));
#7244=DIRECTION('',(0.E0,1.E0,0.E0));
#7245=DIRECTION('',(0.E0,0.E0,-1.E0));
#7246=AXIS2_PLACEMENT_3D('',#7243,#7244,#7245);
#7248=CURVE_STYLE('',#46,POSITIVE_LENGTH_MEASURE(2.E-2),#3);
#7249=PRESENTATION_STYLE_ASSIGNMENT((#7248));
#7250=STYLED_ITEM('',(#7249),#7247);
#7251=DIRECTION('',(-1.E0,0.E0,0.E0));
#7252=VECTOR('',#7251,5.E-1);
#7253=CARTESIAN_POINT('',(2.E0,0.E0,3.E-1));
#7254=LINE('',#7253,#7252);
#7255=CURVE_STYLE('',#46,POSITIVE_LENGTH_MEASURE(2.E-2),#3);
#7256=PRESENTATION_STYLE_ASSIGNMENT((#7255));
#7257=STYLED_ITEM('',(#7256),#7254);
#7258=DIRECTION('',(0.E0,0.E0,-1.E0));
#7259=VECTOR('',#7258,2.E-1);
#7260=CARTESIAN_POINT('',(2.E0,0.E0,3.E-1));
#7261=LINE('',#7260,#7259);
#7262=CURVE_STYLE('',#46,POSITIVE_LENGTH_MEASURE(2.E-2),#3);
#7263=PRESENTATION_STYLE_ASSIGNMENT((#7262));
#7264=STYLED_ITEM('',(#7263),#7261);
#7265=DIRECTION('',(-1.E0,0.E0,0.E0));
#7266=VECTOR('',#7265,5.53E-1);
#7267=CARTESIAN_POINT('',(2.E0,0.E0,1.E-1));
#7268=LINE('',#7267,#7266);
#7269=CURVE_STYLE('',#46,POSITIVE_LENGTH_MEASURE(2.E-2),#3);
#7270=PRESENTATION_STYLE_ASSIGNMENT((#7269));
#7271=STYLED_ITEM('',(#7270),#7268);
#7272=CARTESIAN_POINT('',(1.447E0,0.E0,0.E0));
#7273=DIRECTION('',(0.E0,1.E0,0.E0));
#7274=DIRECTION('',(0.E0,0.E0,-1.E0));
#7275=AXIS2_PLACEMENT_3D('',#7272,#7273,#7274);
#7277=CURVE_STYLE('',#46,POSITIVE_LENGTH_MEASURE(2.E-2),#3);
#7278=PRESENTATION_STYLE_ASSIGNMENT((#7277));
#7279=STYLED_ITEM('',(#7278),#7276);
#7280=DIRECTION('',(-1.E0,0.E0,0.E0));
#7281=VECTOR('',#7280,5.53E-1);
#7282=CARTESIAN_POINT('',(2.E0,0.E0,-1.E-1));
#7283=LINE('',#7282,#7281);
#7284=CURVE_STYLE('',#46,POSITIVE_LENGTH_MEASURE(2.E-2),#3);
#7285=PRESENTATION_STYLE_ASSIGNMENT((#7284));
#7286=STYLED_ITEM('',(#7285),#7283);
#7287=DIRECTION('',(0.E0,0.E0,-1.E0));
#7288=VECTOR('',#7287,2.E-1);
#7289=CARTESIAN_POINT('',(2.E0,0.E0,-1.E-1));
#7290=LINE('',#7289,#7288);
#7291=CURVE_STYLE('',#46,POSITIVE_LENGTH_MEASURE(2.E-2),#3);
#7292=PRESENTATION_STYLE_ASSIGNMENT((#7291));
#7293=STYLED_ITEM('',(#7292),#7290);
#7294=DIRECTION('',(-1.E0,0.E0,0.E0));
#7295=VECTOR('',#7294,5.E-1);
#7296=CARTESIAN_POINT('',(2.E0,0.E0,-3.E-1));
#7297=LINE('',#7296,#7295);
#7298=CURVE_STYLE('',#46,POSITIVE_LENGTH_MEASURE(2.E-2),#3);
#7299=PRESENTATION_STYLE_ASSIGNMENT((#7298));
#7300=STYLED_ITEM('',(#7299),#7297);
#7301=CARTESIAN_POINT('',(1.5E0,0.E0,-4.E-1));
#7302=DIRECTION('',(0.E0,1.E0,0.E0));
#7303=DIRECTION('',(0.E0,0.E0,-1.E0));
#7304=AXIS2_PLACEMENT_3D('',#7301,#7302,#7303);
#7306=CURVE_STYLE('',#46,POSITIVE_LENGTH_MEASURE(2.E-2),#3);
#7307=PRESENTATION_STYLE_ASSIGNMENT((#7306));
#7308=STYLED_ITEM('',(#7307),#7305);
#7309=DIRECTION('',(-1.E0,0.E0,0.E0));
#7310=VECTOR('',#7309,5.E-1);
#7311=CARTESIAN_POINT('',(2.E0,0.E0,-5.E-1));
#7312=LINE('',#7311,#7310);
#7313=CURVE_STYLE('',#46,POSITIVE_LENGTH_MEASURE(2.E-2),#3);
#7314=PRESENTATION_STYLE_ASSIGNMENT((#7313));
#7315=STYLED_ITEM('',(#7314),#7312);
#7316=DIRECTION('',(0.E0,0.E0,-1.E0));
#7317=VECTOR('',#7316,2.E-1);
#7318=CARTESIAN_POINT('',(2.E0,0.E0,-5.E-1));
#7319=LINE('',#7318,#7317);
#7320=CURVE_STYLE('',#46,POSITIVE_LENGTH_MEASURE(2.E-2),#3);
#7321=PRESENTATION_STYLE_ASSIGNMENT((#7320));
#7322=STYLED_ITEM('',(#7321),#7319);
#7323=DIRECTION('',(-1.E0,0.E0,0.E0));
#7324=VECTOR('',#7323,5.53E-1);
#7325=CARTESIAN_POINT('',(2.E0,0.E0,-7.E-1));
#7326=LINE('',#7325,#7324);
#7327=CURVE_STYLE('',#46,POSITIVE_LENGTH_MEASURE(2.E-2),#3);
#7328=PRESENTATION_STYLE_ASSIGNMENT((#7327));
#7329=STYLED_ITEM('',(#7328),#7326);
#7330=CARTESIAN_POINT('',(1.447E0,0.E0,-8.E-1));
#7331=DIRECTION('',(0.E0,1.E0,0.E0));
#7332=DIRECTION('',(0.E0,0.E0,-1.E0));
#7333=AXIS2_PLACEMENT_3D('',#7330,#7331,#7332);
#7335=CURVE_STYLE('',#46,POSITIVE_LENGTH_MEASURE(2.E-2),#3);
#7336=PRESENTATION_STYLE_ASSIGNMENT((#7335));
#7337=STYLED_ITEM('',(#7336),#7334);
#7338=DIRECTION('',(-1.E0,0.E0,0.E0));
#7339=VECTOR('',#7338,5.53E-1);
#7340=CARTESIAN_POINT('',(2.E0,0.E0,-9.E-1));
#7341=LINE('',#7340,#7339);
#7342=CURVE_STYLE('',#46,POSITIVE_LENGTH_MEASURE(2.E-2),#3);
#7343=PRESENTATION_STYLE_ASSIGNMENT((#7342));
#7344=STYLED_ITEM('',(#7343),#7341);
#7345=DIRECTION('',(0.E0,0.E0,-1.E0));
#7346=VECTOR('',#7345,2.5E-1);
#7347=CARTESIAN_POINT('',(2.E0,0.E0,-9.E-1));
#7348=LINE('',#7347,#7346);
#7349=CURVE_STYLE('',#46,POSITIVE_LENGTH_MEASURE(2.E-2),#3);
#7350=PRESENTATION_STYLE_ASSIGNMENT((#7349));
#7351=STYLED_ITEM('',(#7350),#7348);
#7352=DIRECTION('',(-1.E0,0.E0,0.E0));
#7353=VECTOR('',#7352,6.E-1);
#7354=CARTESIAN_POINT('',(2.E0,0.E0,-1.15E0));
#7355=LINE('',#7354,#7353);
#7356=CURVE_STYLE('',#46,POSITIVE_LENGTH_MEASURE(2.E-2),#3);
#7357=PRESENTATION_STYLE_ASSIGNMENT((#7356));
#7358=STYLED_ITEM('',(#7357),#7355);
#7359=DIRECTION('',(0.E0,0.E0,1.E0));
#7360=VECTOR('',#7359,6.E-1);
#7361=CARTESIAN_POINT('',(1.4E0,0.E0,-1.75E0));
#7362=LINE('',#7361,#7360);
#7363=CURVE_STYLE('',#46,POSITIVE_LENGTH_MEASURE(2.E-2),#3);
#7364=PRESENTATION_STYLE_ASSIGNMENT((#7363));
#7365=STYLED_ITEM('',(#7364),#7362);
#7366=DIRECTION('',(-1.E0,0.E0,0.E0));
#7367=VECTOR('',#7366,3.E-1);
#7368=CARTESIAN_POINT('',(1.4E0,0.E0,-1.75E0));
#7369=LINE('',#7368,#7367);
#7370=CURVE_STYLE('',#46,POSITIVE_LENGTH_MEASURE(2.E-2),#3);
#7371=PRESENTATION_STYLE_ASSIGNMENT((#7370));
#7372=STYLED_ITEM('',(#7371),#7369);
#7373=DIRECTION('',(0.E0,0.E0,1.E0));
#7374=VECTOR('',#7373,3.01E-1);
#7375=CARTESIAN_POINT('',(1.1E0,0.E0,-1.75E0));
#7376=LINE('',#7375,#7374);
#7377=CURVE_STYLE('',#46,POSITIVE_LENGTH_MEASURE(2.E-2),#3);
#7378=PRESENTATION_STYLE_ASSIGNMENT((#7377));
#7379=STYLED_ITEM('',(#7378),#7376);
#7380=CARTESIAN_POINT('',(1.001E0,0.E0,-1.449E0));
#7381=DIRECTION('',(0.E0,1.E0,0.E0));
#7382=DIRECTION('',(0.E0,0.E0,1.E0));
#7383=AXIS2_PLACEMENT_3D('',#7380,#7381,#7382);
#7385=CURVE_STYLE('',#46,POSITIVE_LENGTH_MEASURE(2.E-2),#3);
#7386=PRESENTATION_STYLE_ASSIGNMENT((#7385));
#7387=STYLED_ITEM('',(#7386),#7384);
#7388=DIRECTION('',(1.E0,0.E0,0.E0));
#7389=VECTOR('',#7388,2.E-3);
#7390=CARTESIAN_POINT('',(9.99E-1,0.E0,-1.35E0));
#7391=LINE('',#7390,#7389);
#7392=CURVE_STYLE('',#46,POSITIVE_LENGTH_MEASURE(2.E-2),#3);
#7393=PRESENTATION_STYLE_ASSIGNMENT((#7392));
#7394=STYLED_ITEM('',(#7393),#7391);
#7395=CARTESIAN_POINT('',(9.99E-1,0.E0,-1.449E0));
#7396=DIRECTION('',(0.E0,1.E0,0.E0));
#7397=DIRECTION('',(-1.E0,0.E0,0.E0));
#7398=AXIS2_PLACEMENT_3D('',#7395,#7396,#7397);
#7400=CURVE_STYLE('',#46,POSITIVE_LENGTH_MEASURE(2.E-2),#3);
#7401=PRESENTATION_STYLE_ASSIGNMENT((#7400));
#7402=STYLED_ITEM('',(#7401),#7399);
#7403=DIRECTION('',(0.E0,0.E0,1.E0));
#7404=VECTOR('',#7403,3.01E-1);
#7405=CARTESIAN_POINT('',(9.E-1,0.E0,-1.75E0));
#7406=LINE('',#7405,#7404);
#7407=CURVE_STYLE('',#46,POSITIVE_LENGTH_MEASURE(2.E-2),#3);
#7408=PRESENTATION_STYLE_ASSIGNMENT((#7407));
#7409=STYLED_ITEM('',(#7408),#7406);
#7410=DIRECTION('',(-1.E0,0.E0,0.E0));
#7411=VECTOR('',#7410,2.E-1);
#7412=CARTESIAN_POINT('',(9.E-1,0.E0,-1.75E0));
#7413=LINE('',#7412,#7411);
#7414=CURVE_STYLE('',#46,POSITIVE_LENGTH_MEASURE(2.E-2),#3);
#7415=PRESENTATION_STYLE_ASSIGNMENT((#7414));
#7416=STYLED_ITEM('',(#7415),#7413);
#7417=DIRECTION('',(0.E0,0.E0,1.E0));
#7418=VECTOR('',#7417,3.01E-1);
#7419=CARTESIAN_POINT('',(7.E-1,0.E0,-1.75E0));
#7420=LINE('',#7419,#7418);
#7421=CURVE_STYLE('',#46,POSITIVE_LENGTH_MEASURE(2.E-2),#3);
#7422=PRESENTATION_STYLE_ASSIGNMENT((#7421));
#7423=STYLED_ITEM('',(#7422),#7420);
#7424=CARTESIAN_POINT('',(6.01E-1,0.E0,-1.449E0));
#7425=DIRECTION('',(0.E0,1.E0,0.E0));
#7426=DIRECTION('',(0.E0,0.E0,1.E0));
#7427=AXIS2_PLACEMENT_3D('',#7424,#7425,#7426);
#7429=CURVE_STYLE('',#46,POSITIVE_LENGTH_MEASURE(2.E-2),#3);
#7430=PRESENTATION_STYLE_ASSIGNMENT((#7429));
#7431=STYLED_ITEM('',(#7430),#7428);
#7432=DIRECTION('',(1.E0,0.E0,0.E0));
#7433=VECTOR('',#7432,2.E-3);
#7434=CARTESIAN_POINT('',(5.99E-1,0.E0,-1.35E0));
#7435=LINE('',#7434,#7433);
#7436=CURVE_STYLE('',#46,POSITIVE_LENGTH_MEASURE(2.E-2),#3);
#7437=PRESENTATION_STYLE_ASSIGNMENT((#7436));
#7438=STYLED_ITEM('',(#7437),#7435);
#7439=CARTESIAN_POINT('',(5.99E-1,0.E0,-1.449E0));
#7440=DIRECTION('',(0.E0,1.E0,0.E0));
#7441=DIRECTION('',(-1.E0,0.E0,0.E0));
#7442=AXIS2_PLACEMENT_3D('',#7439,#7440,#7441);
#7444=CURVE_STYLE('',#46,POSITIVE_LENGTH_MEASURE(2.E-2),#3);
#7445=PRESENTATION_STYLE_ASSIGNMENT((#7444));
#7446=STYLED_ITEM('',(#7445),#7443);
#7447=DIRECTION('',(0.E0,0.E0,1.E0));
#7448=VECTOR('',#7447,3.01E-1);
#7449=CARTESIAN_POINT('',(5.E-1,0.E0,-1.75E0));
#7450=LINE('',#7449,#7448);
#7451=CURVE_STYLE('',#46,POSITIVE_LENGTH_MEASURE(2.E-2),#3);
#7452=PRESENTATION_STYLE_ASSIGNMENT((#7451));
#7453=STYLED_ITEM('',(#7452),#7450);
#7454=DIRECTION('',(-1.E0,0.E0,0.E0));
#7455=VECTOR('',#7454,2.E-1);
#7456=CARTESIAN_POINT('',(5.E-1,0.E0,-1.75E0));
#7457=LINE('',#7456,#7455);
#7458=CURVE_STYLE('',#46,POSITIVE_LENGTH_MEASURE(2.E-2),#3);
#7459=PRESENTATION_STYLE_ASSIGNMENT((#7458));
#7460=STYLED_ITEM('',(#7459),#7457);
#7461=DIRECTION('',(0.E0,0.E0,1.E0));
#7462=VECTOR('',#7461,3.01E-1);
#7463=CARTESIAN_POINT('',(3.E-1,0.E0,-1.75E0));
#7464=LINE('',#7463,#7462);
#7465=CURVE_STYLE('',#46,POSITIVE_LENGTH_MEASURE(2.E-2),#3);
#7466=PRESENTATION_STYLE_ASSIGNMENT((#7465));
#7467=STYLED_ITEM('',(#7466),#7464);
#7468=CARTESIAN_POINT('',(2.01E-1,0.E0,-1.449E0));
#7469=DIRECTION('',(0.E0,1.E0,0.E0));
#7470=DIRECTION('',(0.E0,0.E0,1.E0));
#7471=AXIS2_PLACEMENT_3D('',#7468,#7469,#7470);
#7473=CURVE_STYLE('',#46,POSITIVE_LENGTH_MEASURE(2.E-2),#3);
#7474=PRESENTATION_STYLE_ASSIGNMENT((#7473));
#7475=STYLED_ITEM('',(#7474),#7472);
#7476=DIRECTION('',(1.E0,0.E0,0.E0));
#7477=VECTOR('',#7476,2.E-3);
#7478=CARTESIAN_POINT('',(1.99E-1,0.E0,-1.35E0));
#7479=LINE('',#7478,#7477);
#7480=CURVE_STYLE('',#46,POSITIVE_LENGTH_MEASURE(2.E-2),#3);
#7481=PRESENTATION_STYLE_ASSIGNMENT((#7480));
#7482=STYLED_ITEM('',(#7481),#7479);
#7483=CARTESIAN_POINT('',(1.99E-1,0.E0,-1.449E0));
#7484=DIRECTION('',(0.E0,1.E0,0.E0));
#7485=DIRECTION('',(-1.E0,0.E0,0.E0));
#7486=AXIS2_PLACEMENT_3D('',#7483,#7484,#7485);
#7488=CURVE_STYLE('',#46,POSITIVE_LENGTH_MEASURE(2.E-2),#3);
#7489=PRESENTATION_STYLE_ASSIGNMENT((#7488));
#7490=STYLED_ITEM('',(#7489),#7487);
#7491=DIRECTION('',(0.E0,0.E0,1.E0));
#7492=VECTOR('',#7491,3.01E-1);
#7493=CARTESIAN_POINT('',(1.E-1,0.E0,-1.75E0));
#7494=LINE('',#7493,#7492);
#7495=CURVE_STYLE('',#46,POSITIVE_LENGTH_MEASURE(2.E-2),#3);
#7496=PRESENTATION_STYLE_ASSIGNMENT((#7495));
#7497=STYLED_ITEM('',(#7496),#7494);
#7498=DIRECTION('',(-1.E0,0.E0,0.E0));
#7499=VECTOR('',#7498,2.E-1);
#7500=CARTESIAN_POINT('',(1.E-1,0.E0,-1.75E0));
#7501=LINE('',#7500,#7499);
#7502=CURVE_STYLE('',#46,POSITIVE_LENGTH_MEASURE(2.E-2),#3);
#7503=PRESENTATION_STYLE_ASSIGNMENT((#7502));
#7504=STYLED_ITEM('',(#7503),#7501);
#7505=DIRECTION('',(0.E0,0.E0,1.E0));
#7506=VECTOR('',#7505,3.01E-1);
#7507=CARTESIAN_POINT('',(-1.E-1,0.E0,-1.75E0));
#7508=LINE('',#7507,#7506);
#7509=CURVE_STYLE('',#46,POSITIVE_LENGTH_MEASURE(2.E-2),#3);
#7510=PRESENTATION_STYLE_ASSIGNMENT((#7509));
#7511=STYLED_ITEM('',(#7510),#7508);
#7512=CARTESIAN_POINT('',(-1.99E-1,0.E0,-1.449E0));
#7513=DIRECTION('',(0.E0,1.E0,0.E0));
#7514=DIRECTION('',(0.E0,0.E0,1.E0));
#7515=AXIS2_PLACEMENT_3D('',#7512,#7513,#7514);
#7517=CURVE_STYLE('',#46,POSITIVE_LENGTH_MEASURE(2.E-2),#3);
#7518=PRESENTATION_STYLE_ASSIGNMENT((#7517));
#7519=STYLED_ITEM('',(#7518),#7516);
#7520=DIRECTION('',(1.E0,0.E0,0.E0));
#7521=VECTOR('',#7520,2.E-3);
#7522=CARTESIAN_POINT('',(-2.01E-1,0.E0,-1.35E0));
#7523=LINE('',#7522,#7521);
#7524=CURVE_STYLE('',#46,POSITIVE_LENGTH_MEASURE(2.E-2),#3);
#7525=PRESENTATION_STYLE_ASSIGNMENT((#7524));
#7526=STYLED_ITEM('',(#7525),#7523);
#7527=CARTESIAN_POINT('',(-2.01E-1,0.E0,-1.449E0));
#7528=DIRECTION('',(0.E0,1.E0,0.E0));
#7529=DIRECTION('',(-1.E0,0.E0,0.E0));
#7530=AXIS2_PLACEMENT_3D('',#7527,#7528,#7529);
#7532=CURVE_STYLE('',#46,POSITIVE_LENGTH_MEASURE(2.E-2),#3);
#7533=PRESENTATION_STYLE_ASSIGNMENT((#7532));
#7534=STYLED_ITEM('',(#7533),#7531);
#7535=DIRECTION('',(0.E0,0.E0,1.E0));
#7536=VECTOR('',#7535,3.01E-1);
#7537=CARTESIAN_POINT('',(-3.E-1,0.E0,-1.75E0));
#7538=LINE('',#7537,#7536);
#7539=CURVE_STYLE('',#46,POSITIVE_LENGTH_MEASURE(2.E-2),#3);
#7540=PRESENTATION_STYLE_ASSIGNMENT((#7539));
#7541=STYLED_ITEM('',(#7540),#7538);
#7542=DIRECTION('',(-1.E0,0.E0,0.E0));
#7543=VECTOR('',#7542,2.E-1);
#7544=CARTESIAN_POINT('',(-3.E-1,0.E0,-1.75E0));
#7545=LINE('',#7544,#7543);
#7546=CURVE_STYLE('',#46,POSITIVE_LENGTH_MEASURE(2.E-2),#3);
#7547=PRESENTATION_STYLE_ASSIGNMENT((#7546));
#7548=STYLED_ITEM('',(#7547),#7545);
#7549=DIRECTION('',(0.E0,0.E0,1.E0));
#7550=VECTOR('',#7549,3.01E-1);
#7551=CARTESIAN_POINT('',(-5.E-1,0.E0,-1.75E0));
#7552=LINE('',#7551,#7550);
#7553=CURVE_STYLE('',#46,POSITIVE_LENGTH_MEASURE(2.E-2),#3);
#7554=PRESENTATION_STYLE_ASSIGNMENT((#7553));
#7555=STYLED_ITEM('',(#7554),#7552);
#7556=CARTESIAN_POINT('',(-5.99E-1,0.E0,-1.449E0));
#7557=DIRECTION('',(0.E0,1.E0,0.E0));
#7558=DIRECTION('',(0.E0,0.E0,1.E0));
#7559=AXIS2_PLACEMENT_3D('',#7556,#7557,#7558);
#7561=CURVE_STYLE('',#46,POSITIVE_LENGTH_MEASURE(2.E-2),#3);
#7562=PRESENTATION_STYLE_ASSIGNMENT((#7561));
#7563=STYLED_ITEM('',(#7562),#7560);
#7564=DIRECTION('',(1.E0,0.E0,0.E0));
#7565=VECTOR('',#7564,2.E-3);
#7566=CARTESIAN_POINT('',(-6.01E-1,0.E0,-1.35E0));
#7567=LINE('',#7566,#7565);
#7568=CURVE_STYLE('',#46,POSITIVE_LENGTH_MEASURE(2.E-2),#3);
#7569=PRESENTATION_STYLE_ASSIGNMENT((#7568));
#7570=STYLED_ITEM('',(#7569),#7567);
#7571=CARTESIAN_POINT('',(-6.01E-1,0.E0,-1.449E0));
#7572=DIRECTION('',(0.E0,1.E0,0.E0));
#7573=DIRECTION('',(-1.E0,0.E0,0.E0));
#7574=AXIS2_PLACEMENT_3D('',#7571,#7572,#7573);
#7576=CURVE_STYLE('',#46,POSITIVE_LENGTH_MEASURE(2.E-2),#3);
#7577=PRESENTATION_STYLE_ASSIGNMENT((#7576));
#7578=STYLED_ITEM('',(#7577),#7575);
#7579=DIRECTION('',(0.E0,0.E0,1.E0));
#7580=VECTOR('',#7579,3.01E-1);
#7581=CARTESIAN_POINT('',(-7.E-1,0.E0,-1.75E0));
#7582=LINE('',#7581,#7580);
#7583=CURVE_STYLE('',#46,POSITIVE_LENGTH_MEASURE(2.E-2),#3);
#7584=PRESENTATION_STYLE_ASSIGNMENT((#7583));
#7585=STYLED_ITEM('',(#7584),#7582);
#7586=DIRECTION('',(-1.E0,0.E0,0.E0));
#7587=VECTOR('',#7586,2.E-1);
#7588=CARTESIAN_POINT('',(-7.E-1,0.E0,-1.75E0));
#7589=LINE('',#7588,#7587);
#7590=CURVE_STYLE('',#46,POSITIVE_LENGTH_MEASURE(2.E-2),#3);
#7591=PRESENTATION_STYLE_ASSIGNMENT((#7590));
#7592=STYLED_ITEM('',(#7591),#7589);
#7593=DIRECTION('',(0.E0,0.E0,1.E0));
#7594=VECTOR('',#7593,3.01E-1);
#7595=CARTESIAN_POINT('',(-9.E-1,0.E0,-1.75E0));
#7596=LINE('',#7595,#7594);
#7597=CURVE_STYLE('',#46,POSITIVE_LENGTH_MEASURE(2.E-2),#3);
#7598=PRESENTATION_STYLE_ASSIGNMENT((#7597));
#7599=STYLED_ITEM('',(#7598),#7596);
#7600=CARTESIAN_POINT('',(-9.99E-1,0.E0,-1.449E0));
#7601=DIRECTION('',(0.E0,1.E0,0.E0));
#7602=DIRECTION('',(0.E0,0.E0,1.E0));
#7603=AXIS2_PLACEMENT_3D('',#7600,#7601,#7602);
#7605=CURVE_STYLE('',#46,POSITIVE_LENGTH_MEASURE(2.E-2),#3);
#7606=PRESENTATION_STYLE_ASSIGNMENT((#7605));
#7607=STYLED_ITEM('',(#7606),#7604);
#7608=DIRECTION('',(1.E0,0.E0,0.E0));
#7609=VECTOR('',#7608,2.E-3);
#7610=CARTESIAN_POINT('',(-1.001E0,0.E0,-1.35E0));
#7611=LINE('',#7610,#7609);
#7612=CURVE_STYLE('',#46,POSITIVE_LENGTH_MEASURE(2.E-2),#3);
#7613=PRESENTATION_STYLE_ASSIGNMENT((#7612));
#7614=STYLED_ITEM('',(#7613),#7611);
#7615=CARTESIAN_POINT('',(-1.001E0,0.E0,-1.449E0));
#7616=DIRECTION('',(0.E0,1.E0,0.E0));
#7617=DIRECTION('',(-1.E0,0.E0,0.E0));
#7618=AXIS2_PLACEMENT_3D('',#7615,#7616,#7617);
#7620=CURVE_STYLE('',#46,POSITIVE_LENGTH_MEASURE(2.E-2),#3);
#7621=PRESENTATION_STYLE_ASSIGNMENT((#7620));
#7622=STYLED_ITEM('',(#7621),#7619);
#7623=DIRECTION('',(0.E0,0.E0,1.E0));
#7624=VECTOR('',#7623,3.01E-1);
#7625=CARTESIAN_POINT('',(-1.1E0,0.E0,-1.75E0));
#7626=LINE('',#7625,#7624);
#7627=CURVE_STYLE('',#46,POSITIVE_LENGTH_MEASURE(2.E-2),#3);
#7628=PRESENTATION_STYLE_ASSIGNMENT((#7627));
#7629=STYLED_ITEM('',(#7628),#7626);
#7630=DIRECTION('',(-1.E0,0.E0,0.E0));
#7631=VECTOR('',#7630,3.E-1);
#7632=CARTESIAN_POINT('',(-1.1E0,0.E0,-1.75E0));
#7633=LINE('',#7632,#7631);
#7634=CURVE_STYLE('',#46,POSITIVE_LENGTH_MEASURE(2.E-2),#3);
#7635=PRESENTATION_STYLE_ASSIGNMENT((#7634));
#7636=STYLED_ITEM('',(#7635),#7633);
#7637=DIRECTION('',(0.E0,0.E0,1.E0));
#7638=VECTOR('',#7637,6.E-1);
#7639=CARTESIAN_POINT('',(-1.4E0,0.E0,-1.75E0));
#7640=LINE('',#7639,#7638);
#7641=CURVE_STYLE('',#46,POSITIVE_LENGTH_MEASURE(2.E-2),#3);
#7642=PRESENTATION_STYLE_ASSIGNMENT((#7641));
#7643=STYLED_ITEM('',(#7642),#7640);
#7644=DIRECTION('',(1.E0,0.E0,0.E0));
#7645=VECTOR('',#7644,6.E-1);
#7646=CARTESIAN_POINT('',(-2.E0,0.E0,-1.15E0));
#7647=LINE('',#7646,#7645);
#7648=CURVE_STYLE('',#46,POSITIVE_LENGTH_MEASURE(2.E-2),#3);
#7649=PRESENTATION_STYLE_ASSIGNMENT((#7648));
#7650=STYLED_ITEM('',(#7649),#7647);
#7651=DIRECTION('',(0.E0,0.E0,1.E0));
#7652=VECTOR('',#7651,2.5E-1);
#7653=CARTESIAN_POINT('',(-2.E0,0.E0,-1.15E0));
#7654=LINE('',#7653,#7652);
#7655=CURVE_STYLE('',#46,POSITIVE_LENGTH_MEASURE(2.E-2),#3);
#7656=PRESENTATION_STYLE_ASSIGNMENT((#7655));
#7657=STYLED_ITEM('',(#7656),#7654);
#7658=DIRECTION('',(1.E0,0.E0,0.E0));
#7659=VECTOR('',#7658,5.53E-1);
#7660=CARTESIAN_POINT('',(-2.E0,0.E0,-9.E-1));
#7661=LINE('',#7660,#7659);
#7662=CURVE_STYLE('',#46,POSITIVE_LENGTH_MEASURE(2.E-2),#3);
#7663=PRESENTATION_STYLE_ASSIGNMENT((#7662));
#7664=STYLED_ITEM('',(#7663),#7661);
#7665=CARTESIAN_POINT('',(-1.447E0,0.E0,-8.E-1));
#7666=DIRECTION('',(0.E0,1.E0,0.E0));
#7667=DIRECTION('',(0.E0,0.E0,1.E0));
#7668=AXIS2_PLACEMENT_3D('',#7665,#7666,#7667);
#7670=CURVE_STYLE('',#46,POSITIVE_LENGTH_MEASURE(2.E-2),#3);
#7671=PRESENTATION_STYLE_ASSIGNMENT((#7670));
#7672=STYLED_ITEM('',(#7671),#7669);
#7673=DIRECTION('',(0.E0,0.E0,1.E0));
#7674=VECTOR('',#7673,3.E-1);
#7675=CARTESIAN_POINT('',(-2.E0,0.E0,-1.75E0));
#7676=LINE('',#7675,#7674);
#7677=CURVE_STYLE('',#46,POSITIVE_LENGTH_MEASURE(2.E-2),#3);
#7678=PRESENTATION_STYLE_ASSIGNMENT((#7677));
#7679=STYLED_ITEM('',(#7678),#7676);
#7680=DIRECTION('',(1.E0,0.E0,0.E0));
#7681=VECTOR('',#7680,3.E-1);
#7682=CARTESIAN_POINT('',(-2.E0,0.E0,-1.45E0));
#7683=LINE('',#7682,#7681);
#7684=CURVE_STYLE('',#46,POSITIVE_LENGTH_MEASURE(2.E-2),#3);
#7685=PRESENTATION_STYLE_ASSIGNMENT((#7684));
#7686=STYLED_ITEM('',(#7685),#7683);
#7687=DIRECTION('',(0.E0,0.E0,1.E0));
#7688=VECTOR('',#7687,3.E-1);
#7689=CARTESIAN_POINT('',(-1.7E0,0.E0,-1.75E0));
#7690=LINE('',#7689,#7688);
#7691=CURVE_STYLE('',#46,POSITIVE_LENGTH_MEASURE(2.E-2),#3);
#7692=PRESENTATION_STYLE_ASSIGNMENT((#7691));
#7693=STYLED_ITEM('',(#7692),#7690);
#7694=DIRECTION('',(-1.E0,0.E0,0.E0));
#7695=VECTOR('',#7694,3.E-1);
#7696=CARTESIAN_POINT('',(-1.7E0,0.E0,-1.75E0));
#7697=LINE('',#7696,#7695);
#7698=CURVE_STYLE('',#46,POSITIVE_LENGTH_MEASURE(2.E-2),#3);
#7699=PRESENTATION_STYLE_ASSIGNMENT((#7698));
#7700=STYLED_ITEM('',(#7699),#7697);
#7701=DIRECTION('',(1.E0,0.E0,0.E0));
#7702=VECTOR('',#7701,3.E-1);
#7703=CARTESIAN_POINT('',(-2.E0,0.E0,1.75E0));
#7704=LINE('',#7703,#7702);
#7705=CURVE_STYLE('',#46,POSITIVE_LENGTH_MEASURE(2.E-2),#3);
#7706=PRESENTATION_STYLE_ASSIGNMENT((#7705));
#7707=STYLED_ITEM('',(#7706),#7704);
#7708=DIRECTION('',(0.E0,0.E0,-1.E0));
#7709=VECTOR('',#7708,3.E-1);
#7710=CARTESIAN_POINT('',(-1.7E0,0.E0,1.75E0));
#7711=LINE('',#7710,#7709);
#7712=CURVE_STYLE('',#46,POSITIVE_LENGTH_MEASURE(2.E-2),#3);
#7713=PRESENTATION_STYLE_ASSIGNMENT((#7712));
#7714=STYLED_ITEM('',(#7713),#7711);
#7715=DIRECTION('',(1.E0,0.E0,0.E0));
#7716=VECTOR('',#7715,3.E-1);
#7717=CARTESIAN_POINT('',(-2.E0,0.E0,1.45E0));
#7718=LINE('',#7717,#7716);
#7719=CURVE_STYLE('',#46,POSITIVE_LENGTH_MEASURE(2.E-2),#3);
#7720=PRESENTATION_STYLE_ASSIGNMENT((#7719));
#7721=STYLED_ITEM('',(#7720),#7718);
#7722=DIRECTION('',(0.E0,0.E0,1.E0));
#7723=VECTOR('',#7722,3.E-1);
#7724=CARTESIAN_POINT('',(-2.E0,0.E0,1.45E0));
#7725=LINE('',#7724,#7723);
#7726=CURVE_STYLE('',#46,POSITIVE_LENGTH_MEASURE(2.E-2),#3);
#7727=PRESENTATION_STYLE_ASSIGNMENT((#7726));
#7728=STYLED_ITEM('',(#7727),#7725);
#7729=DIRECTION('',(0.E0,0.E0,-1.E0));
#7730=VECTOR('',#7729,3.E-1);
#7731=CARTESIAN_POINT('',(2.E0,0.E0,1.75E0));
#7732=LINE('',#7731,#7730);
#7733=CURVE_STYLE('',#46,POSITIVE_LENGTH_MEASURE(2.E-2),#3);
#7734=PRESENTATION_STYLE_ASSIGNMENT((#7733));
#7735=STYLED_ITEM('',(#7734),#7732);
#7736=DIRECTION('',(-1.E0,0.E0,0.E0));
#7737=VECTOR('',#7736,3.E-1);
#7738=CARTESIAN_POINT('',(2.E0,0.E0,1.45E0));
#7739=LINE('',#7738,#7737);
#7740=CURVE_STYLE('',#46,POSITIVE_LENGTH_MEASURE(2.E-2),#3);
#7741=PRESENTATION_STYLE_ASSIGNMENT((#7740));
#7742=STYLED_ITEM('',(#7741),#7739);
#7743=DIRECTION('',(0.E0,0.E0,-1.E0));
#7744=VECTOR('',#7743,3.E-1);
#7745=CARTESIAN_POINT('',(1.7E0,0.E0,1.75E0));
#7746=LINE('',#7745,#7744);
#7747=CURVE_STYLE('',#46,POSITIVE_LENGTH_MEASURE(2.E-2),#3);
#7748=PRESENTATION_STYLE_ASSIGNMENT((#7747));
#7749=STYLED_ITEM('',(#7748),#7746);
#7750=DIRECTION('',(1.E0,0.E0,0.E0));
#7751=VECTOR('',#7750,3.E-1);
#7752=CARTESIAN_POINT('',(1.7E0,0.E0,1.75E0));
#7753=LINE('',#7752,#7751);
#7754=CURVE_STYLE('',#46,POSITIVE_LENGTH_MEASURE(2.E-2),#3);
#7755=PRESENTATION_STYLE_ASSIGNMENT((#7754));
#7756=STYLED_ITEM('',(#7755),#7753);
#7757=DIRECTION('',(-1.E0,0.E0,0.E0));
#7758=VECTOR('',#7757,3.E-1);
#7759=CARTESIAN_POINT('',(2.E0,0.E0,-1.75E0));
#7760=LINE('',#7759,#7758);
#7761=CURVE_STYLE('',#46,POSITIVE_LENGTH_MEASURE(2.E-2),#3);
#7762=PRESENTATION_STYLE_ASSIGNMENT((#7761));
#7763=STYLED_ITEM('',(#7762),#7760);
#7764=DIRECTION('',(0.E0,0.E0,1.E0));
#7765=VECTOR('',#7764,3.E-1);
#7766=CARTESIAN_POINT('',(1.7E0,0.E0,-1.75E0));
#7767=LINE('',#7766,#7765);
#7768=CURVE_STYLE('',#46,POSITIVE_LENGTH_MEASURE(2.E-2),#3);
#7769=PRESENTATION_STYLE_ASSIGNMENT((#7768));
#7770=STYLED_ITEM('',(#7769),#7767);
#7771=DIRECTION('',(-1.E0,0.E0,0.E0));
#7772=VECTOR('',#7771,3.E-1);
#7773=CARTESIAN_POINT('',(2.E0,0.E0,-1.45E0));
#7774=LINE('',#7773,#7772);
#7775=CURVE_STYLE('',#46,POSITIVE_LENGTH_MEASURE(2.E-2),#3);
#7776=PRESENTATION_STYLE_ASSIGNMENT((#7775));
#7777=STYLED_ITEM('',(#7776),#7774);
#7778=DIRECTION('',(0.E0,0.E0,-1.E0));
#7779=VECTOR('',#7778,3.E-1);
#7780=CARTESIAN_POINT('',(2.E0,0.E0,-1.45E0));
#7781=LINE('',#7780,#7779);
#7782=CURVE_STYLE('',#46,POSITIVE_LENGTH_MEASURE(2.E-2),#3);
#7783=PRESENTATION_STYLE_ASSIGNMENT((#7782));
#7784=STYLED_ITEM('',(#7783),#7781);
#7785=DIRECTION('',(0.E0,1.E0,0.E0));
#7786=VECTOR('',#7785,1.75E-1);
#7787=CARTESIAN_POINT('',(-1.447E0,0.E0,-7.E-1));
#7788=LINE('',#7787,#7786);
#7789=CURVE_STYLE('',#46,POSITIVE_LENGTH_MEASURE(2.E-2),#3);
#7790=PRESENTATION_STYLE_ASSIGNMENT((#7789));
#7791=STYLED_ITEM('',(#7790),#7788);
#7792=DIRECTION('',(0.E0,1.E0,0.E0));
#7793=VECTOR('',#7792,1.75E-1);
#7794=CARTESIAN_POINT('',(-1.447E0,0.E0,-9.E-1));
#7795=LINE('',#7794,#7793);
#7796=CURVE_STYLE('',#46,POSITIVE_LENGTH_MEASURE(2.E-2),#3);
#7797=PRESENTATION_STYLE_ASSIGNMENT((#7796));
#7798=STYLED_ITEM('',(#7797),#7795);
#7799=DIRECTION('',(0.E0,0.E0,-1.E0));
#7800=VECTOR('',#7799,2.E-1);
#7801=CARTESIAN_POINT('',(-2.E0,1.75E-1,-7.E-1));
#7802=LINE('',#7801,#7800);
#7803=CURVE_STYLE('',#46,POSITIVE_LENGTH_MEASURE(2.E-2),#3);
#7804=PRESENTATION_STYLE_ASSIGNMENT((#7803));
#7805=STYLED_ITEM('',(#7804),#7802);
#7806=DIRECTION('',(0.E0,1.E0,0.E0));
#7807=VECTOR('',#7806,1.75E-1);
#7808=CARTESIAN_POINT('',(-2.E0,0.E0,-9.E-1));
#7809=LINE('',#7808,#7807);
#7810=CURVE_STYLE('',#46,POSITIVE_LENGTH_MEASURE(2.E-2),#3);
#7811=PRESENTATION_STYLE_ASSIGNMENT((#7810));
#7812=STYLED_ITEM('',(#7811),#7809);
#7813=DIRECTION('',(0.E0,1.E0,0.E0));
#7814=VECTOR('',#7813,1.75E-1);
#7815=CARTESIAN_POINT('',(-2.E0,0.E0,-1.15E0));
#7816=LINE('',#7815,#7814);
#7817=CURVE_STYLE('',#46,POSITIVE_LENGTH_MEASURE(2.E-2),#3);
#7818=PRESENTATION_STYLE_ASSIGNMENT((#7817));
#7819=STYLED_ITEM('',(#7818),#7816);
#7820=DIRECTION('',(0.E0,0.E0,1.E0));
#7821=VECTOR('',#7820,3.E-1);
#7822=CARTESIAN_POINT('',(-2.E0,1.75E-1,-1.45E0));
#7823=LINE('',#7822,#7821);
#7824=CURVE_STYLE('',#46,POSITIVE_LENGTH_MEASURE(2.E-2),#3);
#7825=PRESENTATION_STYLE_ASSIGNMENT((#7824));
#7826=STYLED_ITEM('',(#7825),#7823);
#7827=DIRECTION('',(0.E0,1.E0,0.E0));
#7828=VECTOR('',#7827,1.75E-1);
#7829=CARTESIAN_POINT('',(-2.E0,0.E0,-1.45E0));
#7830=LINE('',#7829,#7828);
#7831=CURVE_STYLE('',#46,POSITIVE_LENGTH_MEASURE(2.E-2),#3);
#7832=PRESENTATION_STYLE_ASSIGNMENT((#7831));
#7833=STYLED_ITEM('',(#7832),#7830);
#7834=DIRECTION('',(0.E0,1.E0,0.E0));
#7835=VECTOR('',#7834,9.75E-1);
#7836=CARTESIAN_POINT('',(-2.E0,0.E0,-1.75E0));
#7837=LINE('',#7836,#7835);
#7838=CURVE_STYLE('',#46,POSITIVE_LENGTH_MEASURE(2.E-2),#3);
#7839=PRESENTATION_STYLE_ASSIGNMENT((#7838));
#7840=STYLED_ITEM('',(#7839),#7837);
#7841=DIRECTION('',(0.E0,1.E0,0.E0));
#7842=VECTOR('',#7841,1.75E-1);
#7843=CARTESIAN_POINT('',(-2.E0,0.E0,1.45E0));
#7844=LINE('',#7843,#7842);
#7845=CURVE_STYLE('',#46,POSITIVE_LENGTH_MEASURE(2.E-2),#3);
#7846=PRESENTATION_STYLE_ASSIGNMENT((#7845));
#7847=STYLED_ITEM('',(#7846),#7844);
#7848=DIRECTION('',(0.E0,0.E0,-1.E0));
#7849=VECTOR('',#7848,3.E-1);
#7850=CARTESIAN_POINT('',(-2.E0,1.75E-1,1.45E0));
#7851=LINE('',#7850,#7849);
#7852=CURVE_STYLE('',#46,POSITIVE_LENGTH_MEASURE(2.E-2),#3);
#7853=PRESENTATION_STYLE_ASSIGNMENT((#7852));
#7854=STYLED_ITEM('',(#7853),#7851);
#7855=DIRECTION('',(0.E0,1.E0,0.E0));
#7856=VECTOR('',#7855,1.75E-1);
#7857=CARTESIAN_POINT('',(-2.E0,0.E0,1.15E0));
#7858=LINE('',#7857,#7856);
#7859=CURVE_STYLE('',#46,POSITIVE_LENGTH_MEASURE(2.E-2),#3);
#7860=PRESENTATION_STYLE_ASSIGNMENT((#7859));
#7861=STYLED_ITEM('',(#7860),#7858);
#7862=DIRECTION('',(0.E0,1.E0,0.E0));
#7863=VECTOR('',#7862,1.75E-1);
#7864=CARTESIAN_POINT('',(-2.E0,0.E0,9.E-1));
#7865=LINE('',#7864,#7863);
#7866=CURVE_STYLE('',#46,POSITIVE_LENGTH_MEASURE(2.E-2),#3);
#7867=PRESENTATION_STYLE_ASSIGNMENT((#7866));
#7868=STYLED_ITEM('',(#7867),#7865);
#7869=DIRECTION('',(0.E0,0.E0,-1.E0));
#7870=VECTOR('',#7869,2.E-1);
#7871=CARTESIAN_POINT('',(-2.E0,1.75E-1,9.E-1));
#7872=LINE('',#7871,#7870);
#7873=CURVE_STYLE('',#46,POSITIVE_LENGTH_MEASURE(2.E-2),#3);
#7874=PRESENTATION_STYLE_ASSIGNMENT((#7873));
#7875=STYLED_ITEM('',(#7874),#7872);
#7876=DIRECTION('',(0.E0,1.E0,0.E0));
#7877=VECTOR('',#7876,1.75E-1);
#7878=CARTESIAN_POINT('',(-2.E0,0.E0,7.E-1));
#7879=LINE('',#7878,#7877);
#7880=CURVE_STYLE('',#46,POSITIVE_LENGTH_MEASURE(2.E-2),#3);
#7881=PRESENTATION_STYLE_ASSIGNMENT((#7880));
#7882=STYLED_ITEM('',(#7881),#7879);
#7883=DIRECTION('',(0.E0,1.E0,0.E0));
#7884=VECTOR('',#7883,1.75E-1);
#7885=CARTESIAN_POINT('',(-2.E0,0.E0,5.E-1));
#7886=LINE('',#7885,#7884);
#7887=CURVE_STYLE('',#46,POSITIVE_LENGTH_MEASURE(2.E-2),#3);
#7888=PRESENTATION_STYLE_ASSIGNMENT((#7887));
#7889=STYLED_ITEM('',(#7888),#7886);
#7890=DIRECTION('',(0.E0,0.E0,-1.E0));
#7891=VECTOR('',#7890,2.E-1);
#7892=CARTESIAN_POINT('',(-2.E0,1.75E-1,5.E-1));
#7893=LINE('',#7892,#7891);
#7894=CURVE_STYLE('',#46,POSITIVE_LENGTH_MEASURE(2.E-2),#3);
#7895=PRESENTATION_STYLE_ASSIGNMENT((#7894));
#7896=STYLED_ITEM('',(#7895),#7893);
#7897=DIRECTION('',(0.E0,1.E0,0.E0));
#7898=VECTOR('',#7897,1.75E-1);
#7899=CARTESIAN_POINT('',(-2.E0,0.E0,3.E-1));
#7900=LINE('',#7899,#7898);
#7901=CURVE_STYLE('',#46,POSITIVE_LENGTH_MEASURE(2.E-2),#3);
#7902=PRESENTATION_STYLE_ASSIGNMENT((#7901));
#7903=STYLED_ITEM('',(#7902),#7900);
#7904=DIRECTION('',(0.E0,1.E0,0.E0));
#7905=VECTOR('',#7904,1.75E-1);
#7906=CARTESIAN_POINT('',(-2.E0,0.E0,1.E-1));
#7907=LINE('',#7906,#7905);
#7908=CURVE_STYLE('',#46,POSITIVE_LENGTH_MEASURE(2.E-2),#3);
#7909=PRESENTATION_STYLE_ASSIGNMENT((#7908));
#7910=STYLED_ITEM('',(#7909),#7907);
#7911=DIRECTION('',(0.E0,0.E0,-1.E0));
#7912=VECTOR('',#7911,2.E-1);
#7913=CARTESIAN_POINT('',(-2.E0,1.75E-1,1.E-1));
#7914=LINE('',#7913,#7912);
#7915=CURVE_STYLE('',#46,POSITIVE_LENGTH_MEASURE(2.E-2),#3);
#7916=PRESENTATION_STYLE_ASSIGNMENT((#7915));
#7917=STYLED_ITEM('',(#7916),#7914);
#7918=DIRECTION('',(0.E0,1.E0,0.E0));
#7919=VECTOR('',#7918,1.75E-1);
#7920=CARTESIAN_POINT('',(-2.E0,0.E0,-1.E-1));
#7921=LINE('',#7920,#7919);
#7922=CURVE_STYLE('',#46,POSITIVE_LENGTH_MEASURE(2.E-2),#3);
#7923=PRESENTATION_STYLE_ASSIGNMENT((#7922));
#7924=STYLED_ITEM('',(#7923),#7921);
#7925=DIRECTION('',(0.E0,1.E0,0.E0));
#7926=VECTOR('',#7925,1.75E-1);
#7927=CARTESIAN_POINT('',(-2.E0,0.E0,-3.E-1));
#7928=LINE('',#7927,#7926);
#7929=CURVE_STYLE('',#46,POSITIVE_LENGTH_MEASURE(2.E-2),#3);
#7930=PRESENTATION_STYLE_ASSIGNMENT((#7929));
#7931=STYLED_ITEM('',(#7930),#7928);
#7932=DIRECTION('',(0.E0,0.E0,-1.E0));
#7933=VECTOR('',#7932,2.E-1);
#7934=CARTESIAN_POINT('',(-2.E0,1.75E-1,-3.E-1));
#7935=LINE('',#7934,#7933);
#7936=CURVE_STYLE('',#46,POSITIVE_LENGTH_MEASURE(2.E-2),#3);
#7937=PRESENTATION_STYLE_ASSIGNMENT((#7936));
#7938=STYLED_ITEM('',(#7937),#7935);
#7939=DIRECTION('',(0.E0,1.E0,0.E0));
#7940=VECTOR('',#7939,1.75E-1);
#7941=CARTESIAN_POINT('',(-2.E0,0.E0,-5.E-1));
#7942=LINE('',#7941,#7940);
#7943=CURVE_STYLE('',#46,POSITIVE_LENGTH_MEASURE(2.E-2),#3);
#7944=PRESENTATION_STYLE_ASSIGNMENT((#7943));
#7945=STYLED_ITEM('',(#7944),#7942);
#7946=DIRECTION('',(0.E0,1.E0,0.E0));
#7947=VECTOR('',#7946,1.75E-1);
#7948=CARTESIAN_POINT('',(-2.E0,0.E0,-7.E-1));
#7949=LINE('',#7948,#7947);
#7950=CURVE_STYLE('',#46,POSITIVE_LENGTH_MEASURE(2.E-2),#3);
#7951=PRESENTATION_STYLE_ASSIGNMENT((#7950));
#7952=STYLED_ITEM('',(#7951),#7949);
#7953=DIRECTION('',(-1.E0,0.E0,0.E0));
#7954=VECTOR('',#7953,5.53E-1);
#7955=CARTESIAN_POINT('',(-1.447E0,1.75E-1,-7.E-1));
#7956=LINE('',#7955,#7954);
#7957=CURVE_STYLE('',#46,POSITIVE_LENGTH_MEASURE(2.E-2),#3);
#7958=PRESENTATION_STYLE_ASSIGNMENT((#7957));
#7959=STYLED_ITEM('',(#7958),#7956);
#7960=CARTESIAN_POINT('',(-1.447E0,1.75E-1,-8.E-1));
#7961=DIRECTION('',(0.E0,1.E0,0.E0));
#7962=DIRECTION('',(0.E0,0.E0,1.E0));
#7963=AXIS2_PLACEMENT_3D('',#7960,#7961,#7962);
#7965=CURVE_STYLE('',#46,POSITIVE_LENGTH_MEASURE(2.E-2),#3);
#7966=PRESENTATION_STYLE_ASSIGNMENT((#7965));
#7967=STYLED_ITEM('',(#7966),#7964);
#7968=DIRECTION('',(1.E0,0.E0,0.E0));
#7969=VECTOR('',#7968,5.53E-1);
#7970=CARTESIAN_POINT('',(-2.E0,1.75E-1,-9.E-1));
#7971=LINE('',#7970,#7969);
#7972=CURVE_STYLE('',#46,POSITIVE_LENGTH_MEASURE(2.E-2),#3);
#7973=PRESENTATION_STYLE_ASSIGNMENT((#7972));
#7974=STYLED_ITEM('',(#7973),#7971);
#7975=DIRECTION('',(0.E0,1.E0,0.E0));
#7976=VECTOR('',#7975,1.75E-1);
#7977=CARTESIAN_POINT('',(-1.4E0,0.E0,-1.15E0));
#7978=LINE('',#7977,#7976);
#7979=CURVE_STYLE('',#46,POSITIVE_LENGTH_MEASURE(2.E-2),#3);
#7980=PRESENTATION_STYLE_ASSIGNMENT((#7979));
#7981=STYLED_ITEM('',(#7980),#7978);
#7982=DIRECTION('',(0.E0,1.E0,0.E0));
#7983=VECTOR('',#7982,1.75E-1);
#7984=CARTESIAN_POINT('',(-1.1E0,0.E0,-1.75E0));
#7985=LINE('',#7984,#7983);
#7986=CURVE_STYLE('',#46,POSITIVE_LENGTH_MEASURE(2.E-2),#3);
#7987=PRESENTATION_STYLE_ASSIGNMENT((#7986));
#7988=STYLED_ITEM('',(#7987),#7985);
#7989=DIRECTION('',(1.E0,0.E0,0.E0));
#7990=VECTOR('',#7989,2.E-1);
#7991=CARTESIAN_POINT('',(-1.1E0,1.75E-1,-1.75E0));
#7992=LINE('',#7991,#7990);
#7993=CURVE_STYLE('',#46,POSITIVE_LENGTH_MEASURE(2.E-2),#3);
#7994=PRESENTATION_STYLE_ASSIGNMENT((#7993));
#7995=STYLED_ITEM('',(#7994),#7992);
#7996=DIRECTION('',(0.E0,1.E0,0.E0));
#7997=VECTOR('',#7996,1.75E-1);
#7998=CARTESIAN_POINT('',(-9.E-1,0.E0,-1.75E0));
#7999=LINE('',#7998,#7997);
#8000=CURVE_STYLE('',#46,POSITIVE_LENGTH_MEASURE(2.E-2),#3);
#8001=PRESENTATION_STYLE_ASSIGNMENT((#8000));
#8002=STYLED_ITEM('',(#8001),#7999);
#8003=DIRECTION('',(0.E0,1.E0,0.E0));
#8004=VECTOR('',#8003,1.75E-1);
#8005=CARTESIAN_POINT('',(-7.E-1,0.E0,-1.75E0));
#8006=LINE('',#8005,#8004);
#8007=CURVE_STYLE('',#46,POSITIVE_LENGTH_MEASURE(2.E-2),#3);
#8008=PRESENTATION_STYLE_ASSIGNMENT((#8007));
#8009=STYLED_ITEM('',(#8008),#8006);
#8010=DIRECTION('',(1.E0,0.E0,0.E0));
#8011=VECTOR('',#8010,2.E-1);
#8012=CARTESIAN_POINT('',(-7.E-1,1.75E-1,-1.75E0));
#8013=LINE('',#8012,#8011);
#8014=CURVE_STYLE('',#46,POSITIVE_LENGTH_MEASURE(2.E-2),#3);
#8015=PRESENTATION_STYLE_ASSIGNMENT((#8014));
#8016=STYLED_ITEM('',(#8015),#8013);
#8017=DIRECTION('',(0.E0,1.E0,0.E0));
#8018=VECTOR('',#8017,1.75E-1);
#8019=CARTESIAN_POINT('',(-5.E-1,0.E0,-1.75E0));
#8020=LINE('',#8019,#8018);
#8021=CURVE_STYLE('',#46,POSITIVE_LENGTH_MEASURE(2.E-2),#3);
#8022=PRESENTATION_STYLE_ASSIGNMENT((#8021));
#8023=STYLED_ITEM('',(#8022),#8020);
#8024=DIRECTION('',(0.E0,1.E0,0.E0));
#8025=VECTOR('',#8024,1.75E-1);
#8026=CARTESIAN_POINT('',(-3.E-1,0.E0,-1.75E0));
#8027=LINE('',#8026,#8025);
#8028=CURVE_STYLE('',#46,POSITIVE_LENGTH_MEASURE(2.E-2),#3);
#8029=PRESENTATION_STYLE_ASSIGNMENT((#8028));
#8030=STYLED_ITEM('',(#8029),#8027);
#8031=DIRECTION('',(1.E0,0.E0,0.E0));
#8032=VECTOR('',#8031,2.E-1);
#8033=CARTESIAN_POINT('',(-3.E-1,1.75E-1,-1.75E0));
#8034=LINE('',#8033,#8032);
#8035=CURVE_STYLE('',#46,POSITIVE_LENGTH_MEASURE(2.E-2),#3);
#8036=PRESENTATION_STYLE_ASSIGNMENT((#8035));
#8037=STYLED_ITEM('',(#8036),#8034);
#8038=DIRECTION('',(0.E0,1.E0,0.E0));
#8039=VECTOR('',#8038,1.75E-1);
#8040=CARTESIAN_POINT('',(-1.E-1,0.E0,-1.75E0));
#8041=LINE('',#8040,#8039);
#8042=CURVE_STYLE('',#46,POSITIVE_LENGTH_MEASURE(2.E-2),#3);
#8043=PRESENTATION_STYLE_ASSIGNMENT((#8042));
#8044=STYLED_ITEM('',(#8043),#8041);
#8045=DIRECTION('',(0.E0,1.E0,0.E0));
#8046=VECTOR('',#8045,1.75E-1);
#8047=CARTESIAN_POINT('',(1.E-1,0.E0,-1.75E0));
#8048=LINE('',#8047,#8046);
#8049=CURVE_STYLE('',#46,POSITIVE_LENGTH_MEASURE(2.E-2),#3);
#8050=PRESENTATION_STYLE_ASSIGNMENT((#8049));
#8051=STYLED_ITEM('',(#8050),#8048);
#8052=DIRECTION('',(1.E0,0.E0,0.E0));
#8053=VECTOR('',#8052,2.E-1);
#8054=CARTESIAN_POINT('',(1.E-1,1.75E-1,-1.75E0));
#8055=LINE('',#8054,#8053);
#8056=CURVE_STYLE('',#46,POSITIVE_LENGTH_MEASURE(2.E-2),#3);
#8057=PRESENTATION_STYLE_ASSIGNMENT((#8056));
#8058=STYLED_ITEM('',(#8057),#8055);
#8059=DIRECTION('',(0.E0,1.E0,0.E0));
#8060=VECTOR('',#8059,1.75E-1);
#8061=CARTESIAN_POINT('',(3.E-1,0.E0,-1.75E0));
#8062=LINE('',#8061,#8060);
#8063=CURVE_STYLE('',#46,POSITIVE_LENGTH_MEASURE(2.E-2),#3);
#8064=PRESENTATION_STYLE_ASSIGNMENT((#8063));
#8065=STYLED_ITEM('',(#8064),#8062);
#8066=DIRECTION('',(0.E0,1.E0,0.E0));
#8067=VECTOR('',#8066,1.75E-1);
#8068=CARTESIAN_POINT('',(5.E-1,0.E0,-1.75E0));
#8069=LINE('',#8068,#8067);
#8070=CURVE_STYLE('',#46,POSITIVE_LENGTH_MEASURE(2.E-2),#3);
#8071=PRESENTATION_STYLE_ASSIGNMENT((#8070));
#8072=STYLED_ITEM('',(#8071),#8069);
#8073=DIRECTION('',(1.E0,0.E0,0.E0));
#8074=VECTOR('',#8073,2.E-1);
#8075=CARTESIAN_POINT('',(5.E-1,1.75E-1,-1.75E0));
#8076=LINE('',#8075,#8074);
#8077=CURVE_STYLE('',#46,POSITIVE_LENGTH_MEASURE(2.E-2),#3);
#8078=PRESENTATION_STYLE_ASSIGNMENT((#8077));
#8079=STYLED_ITEM('',(#8078),#8076);
#8080=DIRECTION('',(0.E0,1.E0,0.E0));
#8081=VECTOR('',#8080,1.75E-1);
#8082=CARTESIAN_POINT('',(7.E-1,0.E0,-1.75E0));
#8083=LINE('',#8082,#8081);
#8084=CURVE_STYLE('',#46,POSITIVE_LENGTH_MEASURE(2.E-2),#3);
#8085=PRESENTATION_STYLE_ASSIGNMENT((#8084));
#8086=STYLED_ITEM('',(#8085),#8083);
#8087=DIRECTION('',(0.E0,1.E0,0.E0));
#8088=VECTOR('',#8087,1.75E-1);
#8089=CARTESIAN_POINT('',(9.E-1,0.E0,-1.75E0));
#8090=LINE('',#8089,#8088);
#8091=CURVE_STYLE('',#46,POSITIVE_LENGTH_MEASURE(2.E-2),#3);
#8092=PRESENTATION_STYLE_ASSIGNMENT((#8091));
#8093=STYLED_ITEM('',(#8092),#8090);
#8094=DIRECTION('',(1.E0,0.E0,0.E0));
#8095=VECTOR('',#8094,2.E-1);
#8096=CARTESIAN_POINT('',(9.E-1,1.75E-1,-1.75E0));
#8097=LINE('',#8096,#8095);
#8098=CURVE_STYLE('',#46,POSITIVE_LENGTH_MEASURE(2.E-2),#3);
#8099=PRESENTATION_STYLE_ASSIGNMENT((#8098));
#8100=STYLED_ITEM('',(#8099),#8097);
#8101=DIRECTION('',(0.E0,1.E0,0.E0));
#8102=VECTOR('',#8101,1.75E-1);
#8103=CARTESIAN_POINT('',(1.1E0,0.E0,-1.75E0));
#8104=LINE('',#8103,#8102);
#8105=CURVE_STYLE('',#46,POSITIVE_LENGTH_MEASURE(2.E-2),#3);
#8106=PRESENTATION_STYLE_ASSIGNMENT((#8105));
#8107=STYLED_ITEM('',(#8106),#8104);
#8108=DIRECTION('',(0.E0,1.E0,0.E0));
#8109=VECTOR('',#8108,1.75E-1);
#8110=CARTESIAN_POINT('',(1.4E0,0.E0,-1.75E0));
#8111=LINE('',#8110,#8109);
#8112=CURVE_STYLE('',#46,POSITIVE_LENGTH_MEASURE(2.E-2),#3);
#8113=PRESENTATION_STYLE_ASSIGNMENT((#8112));
#8114=STYLED_ITEM('',(#8113),#8111);
#8115=DIRECTION('',(-1.E0,0.E0,0.E0));
#8116=VECTOR('',#8115,3.E-1);
#8117=CARTESIAN_POINT('',(1.7E0,1.75E-1,-1.75E0));
#8118=LINE('',#8117,#8116);
#8119=CURVE_STYLE('',#46,POSITIVE_LENGTH_MEASURE(2.E-2),#3);
#8120=PRESENTATION_STYLE_ASSIGNMENT((#8119));
#8121=STYLED_ITEM('',(#8120),#8118);
#8122=DIRECTION('',(0.E0,1.E0,0.E0));
#8123=VECTOR('',#8122,1.75E-1);
#8124=CARTESIAN_POINT('',(1.7E0,0.E0,-1.75E0));
#8125=LINE('',#8124,#8123);
#8126=CURVE_STYLE('',#46,POSITIVE_LENGTH_MEASURE(2.E-2),#3);
#8127=PRESENTATION_STYLE_ASSIGNMENT((#8126));
#8128=STYLED_ITEM('',(#8127),#8125);
#8129=DIRECTION('',(0.E0,1.E0,0.E0));
#8130=VECTOR('',#8129,9.75E-1);
#8131=CARTESIAN_POINT('',(2.E0,0.E0,-1.75E0));
#8132=LINE('',#8131,#8130);
#8133=CURVE_STYLE('',#46,POSITIVE_LENGTH_MEASURE(2.E-2),#3);
#8134=PRESENTATION_STYLE_ASSIGNMENT((#8133));
#8135=STYLED_ITEM('',(#8134),#8132);
#8136=DIRECTION('',(0.E0,1.E0,0.E0));
#8137=VECTOR('',#8136,1.75E-1);
#8138=CARTESIAN_POINT('',(-1.7E0,0.E0,-1.75E0));
#8139=LINE('',#8138,#8137);
#8140=CURVE_STYLE('',#46,POSITIVE_LENGTH_MEASURE(2.E-2),#3);
#8141=PRESENTATION_STYLE_ASSIGNMENT((#8140));
#8142=STYLED_ITEM('',(#8141),#8139);
#8143=DIRECTION('',(1.E0,0.E0,0.E0));
#8144=VECTOR('',#8143,3.E-1);
#8145=CARTESIAN_POINT('',(-1.7E0,1.75E-1,-1.75E0));
#8146=LINE('',#8145,#8144);
#8147=CURVE_STYLE('',#46,POSITIVE_LENGTH_MEASURE(2.E-2),#3);
#8148=PRESENTATION_STYLE_ASSIGNMENT((#8147));
#8149=STYLED_ITEM('',(#8148),#8146);
#8150=DIRECTION('',(0.E0,1.E0,0.E0));
#8151=VECTOR('',#8150,1.75E-1);
#8152=CARTESIAN_POINT('',(-1.4E0,0.E0,-1.75E0));
#8153=LINE('',#8152,#8151);
#8154=CURVE_STYLE('',#46,POSITIVE_LENGTH_MEASURE(2.E-2),#3);
#8155=PRESENTATION_STYLE_ASSIGNMENT((#8154));
#8156=STYLED_ITEM('',(#8155),#8153);
#8157=DIRECTION('',(0.E0,1.E0,0.E0));
#8158=VECTOR('',#8157,1.75E-1);
#8159=CARTESIAN_POINT('',(-1.1E0,0.E0,-1.449E0));
#8160=LINE('',#8159,#8158);
#8161=CURVE_STYLE('',#46,POSITIVE_LENGTH_MEASURE(2.E-2),#3);
#8162=PRESENTATION_STYLE_ASSIGNMENT((#8161));
#8163=STYLED_ITEM('',(#8162),#8160);
#8164=DIRECTION('',(0.E0,1.E0,0.E0));
#8165=VECTOR('',#8164,1.75E-1);
#8166=CARTESIAN_POINT('',(-1.001E0,0.E0,-1.35E0));
#8167=LINE('',#8166,#8165);
#8168=CURVE_STYLE('',#46,POSITIVE_LENGTH_MEASURE(2.E-2),#3);
#8169=PRESENTATION_STYLE_ASSIGNMENT((#8168));
#8170=STYLED_ITEM('',(#8169),#8167);
#8171=DIRECTION('',(0.E0,1.E0,0.E0));
#8172=VECTOR('',#8171,1.75E-1);
#8173=CARTESIAN_POINT('',(-9.99E-1,0.E0,-1.35E0));
#8174=LINE('',#8173,#8172);
#8175=CURVE_STYLE('',#46,POSITIVE_LENGTH_MEASURE(2.E-2),#3);
#8176=PRESENTATION_STYLE_ASSIGNMENT((#8175));
#8177=STYLED_ITEM('',(#8176),#8174);
#8178=DIRECTION('',(0.E0,1.E0,0.E0));
#8179=VECTOR('',#8178,1.75E-1);
#8180=CARTESIAN_POINT('',(-9.E-1,0.E0,-1.449E0));
#8181=LINE('',#8180,#8179);
#8182=CURVE_STYLE('',#46,POSITIVE_LENGTH_MEASURE(2.E-2),#3);
#8183=PRESENTATION_STYLE_ASSIGNMENT((#8182));
#8184=STYLED_ITEM('',(#8183),#8181);
#8185=DIRECTION('',(0.E0,0.E0,1.E0));
#8186=VECTOR('',#8185,3.01E-1);
#8187=CARTESIAN_POINT('',(-1.1E0,1.75E-1,-1.75E0));
#8188=LINE('',#8187,#8186);
#8189=CURVE_STYLE('',#46,POSITIVE_LENGTH_MEASURE(2.E-2),#3);
#8190=PRESENTATION_STYLE_ASSIGNMENT((#8189));
#8191=STYLED_ITEM('',(#8190),#8188);
#8192=CARTESIAN_POINT('',(-1.001E0,1.75E-1,-1.449E0));
#8193=DIRECTION('',(0.E0,1.E0,0.E0));
#8194=DIRECTION('',(-1.E0,0.E0,0.E0));
#8195=AXIS2_PLACEMENT_3D('',#8192,#8193,#8194);
#8197=CURVE_STYLE('',#46,POSITIVE_LENGTH_MEASURE(2.E-2),#3);
#8198=PRESENTATION_STYLE_ASSIGNMENT((#8197));
#8199=STYLED_ITEM('',(#8198),#8196);
#8200=DIRECTION('',(1.E0,0.E0,0.E0));
#8201=VECTOR('',#8200,2.E-3);
#8202=CARTESIAN_POINT('',(-1.001E0,1.75E-1,-1.35E0));
#8203=LINE('',#8202,#8201);
#8204=CURVE_STYLE('',#46,POSITIVE_LENGTH_MEASURE(2.E-2),#3);
#8205=PRESENTATION_STYLE_ASSIGNMENT((#8204));
#8206=STYLED_ITEM('',(#8205),#8203);
#8207=CARTESIAN_POINT('',(-9.99E-1,1.75E-1,-1.449E0));
#8208=DIRECTION('',(0.E0,1.E0,0.E0));
#8209=DIRECTION('',(0.E0,0.E0,1.E0));
#8210=AXIS2_PLACEMENT_3D('',#8207,#8208,#8209);
#8212=CURVE_STYLE('',#46,POSITIVE_LENGTH_MEASURE(2.E-2),#3);
#8213=PRESENTATION_STYLE_ASSIGNMENT((#8212));
#8214=STYLED_ITEM('',(#8213),#8211);
#8215=DIRECTION('',(0.E0,0.E0,-1.E0));
#8216=VECTOR('',#8215,3.01E-1);
#8217=CARTESIAN_POINT('',(-9.E-1,1.75E-1,-1.449E0));
#8218=LINE('',#8217,#8216);
#8219=CURVE_STYLE('',#46,POSITIVE_LENGTH_MEASURE(2.E-2),#3);
#8220=PRESENTATION_STYLE_ASSIGNMENT((#8219));
#8221=STYLED_ITEM('',(#8220),#8218);
#8222=DIRECTION('',(0.E0,1.E0,0.E0));
#8223=VECTOR('',#8222,1.75E-1);
#8224=CARTESIAN_POINT('',(-7.E-1,0.E0,-1.449E0));
#8225=LINE('',#8224,#8223);
#8226=CURVE_STYLE('',#46,POSITIVE_LENGTH_MEASURE(2.E-2),#3);
#8227=PRESENTATION_STYLE_ASSIGNMENT((#8226));
#8228=STYLED_ITEM('',(#8227),#8225);
#8229=DIRECTION('',(0.E0,1.E0,0.E0));
#8230=VECTOR('',#8229,1.75E-1);
#8231=CARTESIAN_POINT('',(-6.01E-1,0.E0,-1.35E0));
#8232=LINE('',#8231,#8230);
#8233=CURVE_STYLE('',#46,POSITIVE_LENGTH_MEASURE(2.E-2),#3);
#8234=PRESENTATION_STYLE_ASSIGNMENT((#8233));
#8235=STYLED_ITEM('',(#8234),#8232);
#8236=DIRECTION('',(0.E0,1.E0,0.E0));
#8237=VECTOR('',#8236,1.75E-1);
#8238=CARTESIAN_POINT('',(-5.99E-1,0.E0,-1.35E0));
#8239=LINE('',#8238,#8237);
#8240=CURVE_STYLE('',#46,POSITIVE_LENGTH_MEASURE(2.E-2),#3);
#8241=PRESENTATION_STYLE_ASSIGNMENT((#8240));
#8242=STYLED_ITEM('',(#8241),#8239);
#8243=DIRECTION('',(0.E0,1.E0,0.E0));
#8244=VECTOR('',#8243,1.75E-1);
#8245=CARTESIAN_POINT('',(-5.E-1,0.E0,-1.449E0));
#8246=LINE('',#8245,#8244);
#8247=CURVE_STYLE('',#46,POSITIVE_LENGTH_MEASURE(2.E-2),#3);
#8248=PRESENTATION_STYLE_ASSIGNMENT((#8247));
#8249=STYLED_ITEM('',(#8248),#8246);
#8250=DIRECTION('',(0.E0,0.E0,1.E0));
#8251=VECTOR('',#8250,3.01E-1);
#8252=CARTESIAN_POINT('',(-7.E-1,1.75E-1,-1.75E0));
#8253=LINE('',#8252,#8251);
#8254=CURVE_STYLE('',#46,POSITIVE_LENGTH_MEASURE(2.E-2),#3);
#8255=PRESENTATION_STYLE_ASSIGNMENT((#8254));
#8256=STYLED_ITEM('',(#8255),#8253);
#8257=CARTESIAN_POINT('',(-6.01E-1,1.75E-1,-1.449E0));
#8258=DIRECTION('',(0.E0,1.E0,0.E0));
#8259=DIRECTION('',(-1.E0,0.E0,0.E0));
#8260=AXIS2_PLACEMENT_3D('',#8257,#8258,#8259);
#8262=CURVE_STYLE('',#46,POSITIVE_LENGTH_MEASURE(2.E-2),#3);
#8263=PRESENTATION_STYLE_ASSIGNMENT((#8262));
#8264=STYLED_ITEM('',(#8263),#8261);
#8265=DIRECTION('',(1.E0,0.E0,0.E0));
#8266=VECTOR('',#8265,2.E-3);
#8267=CARTESIAN_POINT('',(-6.01E-1,1.75E-1,-1.35E0));
#8268=LINE('',#8267,#8266);
#8269=CURVE_STYLE('',#46,POSITIVE_LENGTH_MEASURE(2.E-2),#3);
#8270=PRESENTATION_STYLE_ASSIGNMENT((#8269));
#8271=STYLED_ITEM('',(#8270),#8268);
#8272=CARTESIAN_POINT('',(-5.99E-1,1.75E-1,-1.449E0));
#8273=DIRECTION('',(0.E0,1.E0,0.E0));
#8274=DIRECTION('',(0.E0,0.E0,1.E0));
#8275=AXIS2_PLACEMENT_3D('',#8272,#8273,#8274);
#8277=CURVE_STYLE('',#46,POSITIVE_LENGTH_MEASURE(2.E-2),#3);
#8278=PRESENTATION_STYLE_ASSIGNMENT((#8277));
#8279=STYLED_ITEM('',(#8278),#8276);
#8280=DIRECTION('',(0.E0,0.E0,-1.E0));
#8281=VECTOR('',#8280,3.01E-1);
#8282=CARTESIAN_POINT('',(-5.E-1,1.75E-1,-1.449E0));
#8283=LINE('',#8282,#8281);
#8284=CURVE_STYLE('',#46,POSITIVE_LENGTH_MEASURE(2.E-2),#3);
#8285=PRESENTATION_STYLE_ASSIGNMENT((#8284));
#8286=STYLED_ITEM('',(#8285),#8283);
#8287=DIRECTION('',(0.E0,1.E0,0.E0));
#8288=VECTOR('',#8287,1.75E-1);
#8289=CARTESIAN_POINT('',(-3.E-1,0.E0,-1.449E0));
#8290=LINE('',#8289,#8288);
#8291=CURVE_STYLE('',#46,POSITIVE_LENGTH_MEASURE(2.E-2),#3);
#8292=PRESENTATION_STYLE_ASSIGNMENT((#8291));
#8293=STYLED_ITEM('',(#8292),#8290);
#8294=DIRECTION('',(0.E0,1.E0,0.E0));
#8295=VECTOR('',#8294,1.75E-1);
#8296=CARTESIAN_POINT('',(-2.01E-1,0.E0,-1.35E0));
#8297=LINE('',#8296,#8295);
#8298=CURVE_STYLE('',#46,POSITIVE_LENGTH_MEASURE(2.E-2),#3);
#8299=PRESENTATION_STYLE_ASSIGNMENT((#8298));
#8300=STYLED_ITEM('',(#8299),#8297);
#8301=DIRECTION('',(0.E0,1.E0,0.E0));
#8302=VECTOR('',#8301,1.75E-1);
#8303=CARTESIAN_POINT('',(-1.99E-1,0.E0,-1.35E0));
#8304=LINE('',#8303,#8302);
#8305=CURVE_STYLE('',#46,POSITIVE_LENGTH_MEASURE(2.E-2),#3);
#8306=PRESENTATION_STYLE_ASSIGNMENT((#8305));
#8307=STYLED_ITEM('',(#8306),#8304);
#8308=DIRECTION('',(0.E0,1.E0,0.E0));
#8309=VECTOR('',#8308,1.75E-1);
#8310=CARTESIAN_POINT('',(-1.E-1,0.E0,-1.449E0));
#8311=LINE('',#8310,#8309);
#8312=CURVE_STYLE('',#46,POSITIVE_LENGTH_MEASURE(2.E-2),#3);
#8313=PRESENTATION_STYLE_ASSIGNMENT((#8312));
#8314=STYLED_ITEM('',(#8313),#8311);
#8315=DIRECTION('',(0.E0,0.E0,1.E0));
#8316=VECTOR('',#8315,3.01E-1);
#8317=CARTESIAN_POINT('',(-3.E-1,1.75E-1,-1.75E0));
#8318=LINE('',#8317,#8316);
#8319=CURVE_STYLE('',#46,POSITIVE_LENGTH_MEASURE(2.E-2),#3);
#8320=PRESENTATION_STYLE_ASSIGNMENT((#8319));
#8321=STYLED_ITEM('',(#8320),#8318);
#8322=CARTESIAN_POINT('',(-2.01E-1,1.75E-1,-1.449E0));
#8323=DIRECTION('',(0.E0,1.E0,0.E0));
#8324=DIRECTION('',(-1.E0,0.E0,0.E0));
#8325=AXIS2_PLACEMENT_3D('',#8322,#8323,#8324);
#8327=CURVE_STYLE('',#46,POSITIVE_LENGTH_MEASURE(2.E-2),#3);
#8328=PRESENTATION_STYLE_ASSIGNMENT((#8327));
#8329=STYLED_ITEM('',(#8328),#8326);
#8330=DIRECTION('',(1.E0,0.E0,0.E0));
#8331=VECTOR('',#8330,2.E-3);
#8332=CARTESIAN_POINT('',(-2.01E-1,1.75E-1,-1.35E0));
#8333=LINE('',#8332,#8331);
#8334=CURVE_STYLE('',#46,POSITIVE_LENGTH_MEASURE(2.E-2),#3);
#8335=PRESENTATION_STYLE_ASSIGNMENT((#8334));
#8336=STYLED_ITEM('',(#8335),#8333);
#8337=CARTESIAN_POINT('',(-1.99E-1,1.75E-1,-1.449E0));
#8338=DIRECTION('',(0.E0,1.E0,0.E0));
#8339=DIRECTION('',(0.E0,0.E0,1.E0));
#8340=AXIS2_PLACEMENT_3D('',#8337,#8338,#8339);
#8342=CURVE_STYLE('',#46,POSITIVE_LENGTH_MEASURE(2.E-2),#3);
#8343=PRESENTATION_STYLE_ASSIGNMENT((#8342));
#8344=STYLED_ITEM('',(#8343),#8341);
#8345=DIRECTION('',(0.E0,0.E0,-1.E0));
#8346=VECTOR('',#8345,3.01E-1);
#8347=CARTESIAN_POINT('',(-1.E-1,1.75E-1,-1.449E0));
#8348=LINE('',#8347,#8346);
#8349=CURVE_STYLE('',#46,POSITIVE_LENGTH_MEASURE(2.E-2),#3);
#8350=PRESENTATION_STYLE_ASSIGNMENT((#8349));
#8351=STYLED_ITEM('',(#8350),#8348);
#8352=DIRECTION('',(0.E0,1.E0,0.E0));
#8353=VECTOR('',#8352,1.75E-1);
#8354=CARTESIAN_POINT('',(1.E-1,0.E0,-1.449E0));
#8355=LINE('',#8354,#8353);
#8356=CURVE_STYLE('',#46,POSITIVE_LENGTH_MEASURE(2.E-2),#3);
#8357=PRESENTATION_STYLE_ASSIGNMENT((#8356));
#8358=STYLED_ITEM('',(#8357),#8355);
#8359=DIRECTION('',(0.E0,1.E0,0.E0));
#8360=VECTOR('',#8359,1.75E-1);
#8361=CARTESIAN_POINT('',(1.99E-1,0.E0,-1.35E0));
#8362=LINE('',#8361,#8360);
#8363=CURVE_STYLE('',#46,POSITIVE_LENGTH_MEASURE(2.E-2),#3);
#8364=PRESENTATION_STYLE_ASSIGNMENT((#8363));
#8365=STYLED_ITEM('',(#8364),#8362);
#8366=DIRECTION('',(0.E0,1.E0,0.E0));
#8367=VECTOR('',#8366,1.75E-1);
#8368=CARTESIAN_POINT('',(2.01E-1,0.E0,-1.35E0));
#8369=LINE('',#8368,#8367);
#8370=CURVE_STYLE('',#46,POSITIVE_LENGTH_MEASURE(2.E-2),#3);
#8371=PRESENTATION_STYLE_ASSIGNMENT((#8370));
#8372=STYLED_ITEM('',(#8371),#8369);
#8373=DIRECTION('',(0.E0,1.E0,0.E0));
#8374=VECTOR('',#8373,1.75E-1);
#8375=CARTESIAN_POINT('',(3.E-1,0.E0,-1.449E0));
#8376=LINE('',#8375,#8374);
#8377=CURVE_STYLE('',#46,POSITIVE_LENGTH_MEASURE(2.E-2),#3);
#8378=PRESENTATION_STYLE_ASSIGNMENT((#8377));
#8379=STYLED_ITEM('',(#8378),#8376);
#8380=DIRECTION('',(0.E0,0.E0,1.E0));
#8381=VECTOR('',#8380,3.01E-1);
#8382=CARTESIAN_POINT('',(1.E-1,1.75E-1,-1.75E0));
#8383=LINE('',#8382,#8381);
#8384=CURVE_STYLE('',#46,POSITIVE_LENGTH_MEASURE(2.E-2),#3);
#8385=PRESENTATION_STYLE_ASSIGNMENT((#8384));
#8386=STYLED_ITEM('',(#8385),#8383);
#8387=CARTESIAN_POINT('',(1.99E-1,1.75E-1,-1.449E0));
#8388=DIRECTION('',(0.E0,1.E0,0.E0));
#8389=DIRECTION('',(-1.E0,0.E0,0.E0));
#8390=AXIS2_PLACEMENT_3D('',#8387,#8388,#8389);
#8392=CURVE_STYLE('',#46,POSITIVE_LENGTH_MEASURE(2.E-2),#3);
#8393=PRESENTATION_STYLE_ASSIGNMENT((#8392));
#8394=STYLED_ITEM('',(#8393),#8391);
#8395=DIRECTION('',(1.E0,0.E0,0.E0));
#8396=VECTOR('',#8395,2.E-3);
#8397=CARTESIAN_POINT('',(1.99E-1,1.75E-1,-1.35E0));
#8398=LINE('',#8397,#8396);
#8399=CURVE_STYLE('',#46,POSITIVE_LENGTH_MEASURE(2.E-2),#3);
#8400=PRESENTATION_STYLE_ASSIGNMENT((#8399));
#8401=STYLED_ITEM('',(#8400),#8398);
#8402=CARTESIAN_POINT('',(2.01E-1,1.75E-1,-1.449E0));
#8403=DIRECTION('',(0.E0,1.E0,0.E0));
#8404=DIRECTION('',(0.E0,0.E0,1.E0));
#8405=AXIS2_PLACEMENT_3D('',#8402,#8403,#8404);
#8407=CURVE_STYLE('',#46,POSITIVE_LENGTH_MEASURE(2.E-2),#3);
#8408=PRESENTATION_STYLE_ASSIGNMENT((#8407));
#8409=STYLED_ITEM('',(#8408),#8406);
#8410=DIRECTION('',(0.E0,0.E0,-1.E0));
#8411=VECTOR('',#8410,3.01E-1);
#8412=CARTESIAN_POINT('',(3.E-1,1.75E-1,-1.449E0));
#8413=LINE('',#8412,#8411);
#8414=CURVE_STYLE('',#46,POSITIVE_LENGTH_MEASURE(2.E-2),#3);
#8415=PRESENTATION_STYLE_ASSIGNMENT((#8414));
#8416=STYLED_ITEM('',(#8415),#8413);
#8417=DIRECTION('',(0.E0,1.E0,0.E0));
#8418=VECTOR('',#8417,1.75E-1);
#8419=CARTESIAN_POINT('',(5.E-1,0.E0,-1.449E0));
#8420=LINE('',#8419,#8418);
#8421=CURVE_STYLE('',#46,POSITIVE_LENGTH_MEASURE(2.E-2),#3);
#8422=PRESENTATION_STYLE_ASSIGNMENT((#8421));
#8423=STYLED_ITEM('',(#8422),#8420);
#8424=DIRECTION('',(0.E0,1.E0,0.E0));
#8425=VECTOR('',#8424,1.75E-1);
#8426=CARTESIAN_POINT('',(5.99E-1,0.E0,-1.35E0));
#8427=LINE('',#8426,#8425);
#8428=CURVE_STYLE('',#46,POSITIVE_LENGTH_MEASURE(2.E-2),#3);
#8429=PRESENTATION_STYLE_ASSIGNMENT((#8428));
#8430=STYLED_ITEM('',(#8429),#8427);
#8431=DIRECTION('',(0.E0,1.E0,0.E0));
#8432=VECTOR('',#8431,1.75E-1);
#8433=CARTESIAN_POINT('',(6.01E-1,0.E0,-1.35E0));
#8434=LINE('',#8433,#8432);
#8435=CURVE_STYLE('',#46,POSITIVE_LENGTH_MEASURE(2.E-2),#3);
#8436=PRESENTATION_STYLE_ASSIGNMENT((#8435));
#8437=STYLED_ITEM('',(#8436),#8434);
#8438=DIRECTION('',(0.E0,1.E0,0.E0));
#8439=VECTOR('',#8438,1.75E-1);
#8440=CARTESIAN_POINT('',(7.E-1,0.E0,-1.449E0));
#8441=LINE('',#8440,#8439);
#8442=CURVE_STYLE('',#46,POSITIVE_LENGTH_MEASURE(2.E-2),#3);
#8443=PRESENTATION_STYLE_ASSIGNMENT((#8442));
#8444=STYLED_ITEM('',(#8443),#8441);
#8445=DIRECTION('',(0.E0,0.E0,1.E0));
#8446=VECTOR('',#8445,3.01E-1);
#8447=CARTESIAN_POINT('',(5.E-1,1.75E-1,-1.75E0));
#8448=LINE('',#8447,#8446);
#8449=CURVE_STYLE('',#46,POSITIVE_LENGTH_MEASURE(2.E-2),#3);
#8450=PRESENTATION_STYLE_ASSIGNMENT((#8449));
#8451=STYLED_ITEM('',(#8450),#8448);
#8452=CARTESIAN_POINT('',(5.99E-1,1.75E-1,-1.449E0));
#8453=DIRECTION('',(0.E0,1.E0,0.E0));
#8454=DIRECTION('',(-1.E0,0.E0,0.E0));
#8455=AXIS2_PLACEMENT_3D('',#8452,#8453,#8454);
#8457=CURVE_STYLE('',#46,POSITIVE_LENGTH_MEASURE(2.E-2),#3);
#8458=PRESENTATION_STYLE_ASSIGNMENT((#8457));
#8459=STYLED_ITEM('',(#8458),#8456);
#8460=DIRECTION('',(1.E0,0.E0,0.E0));
#8461=VECTOR('',#8460,2.E-3);
#8462=CARTESIAN_POINT('',(5.99E-1,1.75E-1,-1.35E0));
#8463=LINE('',#8462,#8461);
#8464=CURVE_STYLE('',#46,POSITIVE_LENGTH_MEASURE(2.E-2),#3);
#8465=PRESENTATION_STYLE_ASSIGNMENT((#8464));
#8466=STYLED_ITEM('',(#8465),#8463);
#8467=CARTESIAN_POINT('',(6.01E-1,1.75E-1,-1.449E0));
#8468=DIRECTION('',(0.E0,1.E0,0.E0));
#8469=DIRECTION('',(0.E0,0.E0,1.E0));
#8470=AXIS2_PLACEMENT_3D('',#8467,#8468,#8469);
#8472=CURVE_STYLE('',#46,POSITIVE_LENGTH_MEASURE(2.E-2),#3);
#8473=PRESENTATION_STYLE_ASSIGNMENT((#8472));
#8474=STYLED_ITEM('',(#8473),#8471);
#8475=DIRECTION('',(0.E0,0.E0,-1.E0));
#8476=VECTOR('',#8475,3.01E-1);
#8477=CARTESIAN_POINT('',(7.E-1,1.75E-1,-1.449E0));
#8478=LINE('',#8477,#8476);
#8479=CURVE_STYLE('',#46,POSITIVE_LENGTH_MEASURE(2.E-2),#3);
#8480=PRESENTATION_STYLE_ASSIGNMENT((#8479));
#8481=STYLED_ITEM('',(#8480),#8478);
#8482=DIRECTION('',(0.E0,1.E0,0.E0));
#8483=VECTOR('',#8482,1.75E-1);
#8484=CARTESIAN_POINT('',(9.E-1,0.E0,-1.449E0));
#8485=LINE('',#8484,#8483);
#8486=CURVE_STYLE('',#46,POSITIVE_LENGTH_MEASURE(2.E-2),#3);
#8487=PRESENTATION_STYLE_ASSIGNMENT((#8486));
#8488=STYLED_ITEM('',(#8487),#8485);
#8489=DIRECTION('',(0.E0,1.E0,0.E0));
#8490=VECTOR('',#8489,1.75E-1);
#8491=CARTESIAN_POINT('',(9.99E-1,0.E0,-1.35E0));
#8492=LINE('',#8491,#8490);
#8493=CURVE_STYLE('',#46,POSITIVE_LENGTH_MEASURE(2.E-2),#3);
#8494=PRESENTATION_STYLE_ASSIGNMENT((#8493));
#8495=STYLED_ITEM('',(#8494),#8492);
#8496=DIRECTION('',(0.E0,1.E0,0.E0));
#8497=VECTOR('',#8496,1.75E-1);
#8498=CARTESIAN_POINT('',(1.001E0,0.E0,-1.35E0));
#8499=LINE('',#8498,#8497);
#8500=CURVE_STYLE('',#46,POSITIVE_LENGTH_MEASURE(2.E-2),#3);
#8501=PRESENTATION_STYLE_ASSIGNMENT((#8500));
#8502=STYLED_ITEM('',(#8501),#8499);
#8503=DIRECTION('',(0.E0,1.E0,0.E0));
#8504=VECTOR('',#8503,1.75E-1);
#8505=CARTESIAN_POINT('',(1.1E0,0.E0,-1.449E0));
#8506=LINE('',#8505,#8504);
#8507=CURVE_STYLE('',#46,POSITIVE_LENGTH_MEASURE(2.E-2),#3);
#8508=PRESENTATION_STYLE_ASSIGNMENT((#8507));
#8509=STYLED_ITEM('',(#8508),#8506);
#8510=DIRECTION('',(0.E0,0.E0,1.E0));
#8511=VECTOR('',#8510,3.01E-1);
#8512=CARTESIAN_POINT('',(9.E-1,1.75E-1,-1.75E0));
#8513=LINE('',#8512,#8511);
#8514=CURVE_STYLE('',#46,POSITIVE_LENGTH_MEASURE(2.E-2),#3);
#8515=PRESENTATION_STYLE_ASSIGNMENT((#8514));
#8516=STYLED_ITEM('',(#8515),#8513);
#8517=CARTESIAN_POINT('',(9.99E-1,1.75E-1,-1.449E0));
#8518=DIRECTION('',(0.E0,1.E0,0.E0));
#8519=DIRECTION('',(-1.E0,0.E0,0.E0));
#8520=AXIS2_PLACEMENT_3D('',#8517,#8518,#8519);
#8522=CURVE_STYLE('',#46,POSITIVE_LENGTH_MEASURE(2.E-2),#3);
#8523=PRESENTATION_STYLE_ASSIGNMENT((#8522));
#8524=STYLED_ITEM('',(#8523),#8521);
#8525=DIRECTION('',(1.E0,0.E0,0.E0));
#8526=VECTOR('',#8525,2.E-3);
#8527=CARTESIAN_POINT('',(9.99E-1,1.75E-1,-1.35E0));
#8528=LINE('',#8527,#8526);
#8529=CURVE_STYLE('',#46,POSITIVE_LENGTH_MEASURE(2.E-2),#3);
#8530=PRESENTATION_STYLE_ASSIGNMENT((#8529));
#8531=STYLED_ITEM('',(#8530),#8528);
#8532=CARTESIAN_POINT('',(1.001E0,1.75E-1,-1.449E0));
#8533=DIRECTION('',(0.E0,1.E0,0.E0));
#8534=DIRECTION('',(0.E0,0.E0,1.E0));
#8535=AXIS2_PLACEMENT_3D('',#8532,#8533,#8534);
#8537=CURVE_STYLE('',#46,POSITIVE_LENGTH_MEASURE(2.E-2),#3);
#8538=PRESENTATION_STYLE_ASSIGNMENT((#8537));
#8539=STYLED_ITEM('',(#8538),#8536);
#8540=DIRECTION('',(0.E0,0.E0,-1.E0));
#8541=VECTOR('',#8540,3.01E-1);
#8542=CARTESIAN_POINT('',(1.1E0,1.75E-1,-1.449E0));
#8543=LINE('',#8542,#8541);
#8544=CURVE_STYLE('',#46,POSITIVE_LENGTH_MEASURE(2.E-2),#3);
#8545=PRESENTATION_STYLE_ASSIGNMENT((#8544));
#8546=STYLED_ITEM('',(#8545),#8543);
#8547=DIRECTION('',(0.E0,1.E0,0.E0));
#8548=VECTOR('',#8547,1.75E-1);
#8549=CARTESIAN_POINT('',(1.4E0,0.E0,-1.15E0));
#8550=LINE('',#8549,#8548);
#8551=CURVE_STYLE('',#46,POSITIVE_LENGTH_MEASURE(2.E-2),#3);
#8552=PRESENTATION_STYLE_ASSIGNMENT((#8551));
#8553=STYLED_ITEM('',(#8552),#8550);
#8554=DIRECTION('',(0.E0,0.E0,-1.E0));
#8555=VECTOR('',#8554,2.E-1);
#8556=CARTESIAN_POINT('',(2.E0,1.75E-1,-7.E-1));
#8557=LINE('',#8556,#8555);
#8558=CURVE_STYLE('',#46,POSITIVE_LENGTH_MEASURE(2.E-2),#3);
#8559=PRESENTATION_STYLE_ASSIGNMENT((#8558));
#8560=STYLED_ITEM('',(#8559),#8557);
#8561=DIRECTION('',(0.E0,1.E0,0.E0));
#8562=VECTOR('',#8561,1.75E-1);
#8563=CARTESIAN_POINT('',(2.E0,0.E0,-7.E-1));
#8564=LINE('',#8563,#8562);
#8565=CURVE_STYLE('',#46,POSITIVE_LENGTH_MEASURE(2.E-2),#3);
#8566=PRESENTATION_STYLE_ASSIGNMENT((#8565));
#8567=STYLED_ITEM('',(#8566),#8564);
#8568=DIRECTION('',(0.E0,1.E0,0.E0));
#8569=VECTOR('',#8568,1.75E-1);
#8570=CARTESIAN_POINT('',(2.E0,0.E0,-5.E-1));
#8571=LINE('',#8570,#8569);
#8572=CURVE_STYLE('',#46,POSITIVE_LENGTH_MEASURE(2.E-2),#3);
#8573=PRESENTATION_STYLE_ASSIGNMENT((#8572));
#8574=STYLED_ITEM('',(#8573),#8571);
#8575=DIRECTION('',(0.E0,0.E0,-1.E0));
#8576=VECTOR('',#8575,2.E-1);
#8577=CARTESIAN_POINT('',(2.E0,1.75E-1,-3.E-1));
#8578=LINE('',#8577,#8576);
#8579=CURVE_STYLE('',#46,POSITIVE_LENGTH_MEASURE(2.E-2),#3);
#8580=PRESENTATION_STYLE_ASSIGNMENT((#8579));
#8581=STYLED_ITEM('',(#8580),#8578);
#8582=DIRECTION('',(0.E0,1.E0,0.E0));
#8583=VECTOR('',#8582,1.75E-1);
#8584=CARTESIAN_POINT('',(2.E0,0.E0,-3.E-1));
#8585=LINE('',#8584,#8583);
#8586=CURVE_STYLE('',#46,POSITIVE_LENGTH_MEASURE(2.E-2),#3);
#8587=PRESENTATION_STYLE_ASSIGNMENT((#8586));
#8588=STYLED_ITEM('',(#8587),#8585);
#8589=DIRECTION('',(0.E0,1.E0,0.E0));
#8590=VECTOR('',#8589,1.75E-1);
#8591=CARTESIAN_POINT('',(2.E0,0.E0,-1.E-1));
#8592=LINE('',#8591,#8590);
#8593=CURVE_STYLE('',#46,POSITIVE_LENGTH_MEASURE(2.E-2),#3);
#8594=PRESENTATION_STYLE_ASSIGNMENT((#8593));
#8595=STYLED_ITEM('',(#8594),#8592);
#8596=DIRECTION('',(0.E0,0.E0,-1.E0));
#8597=VECTOR('',#8596,2.E-1);
#8598=CARTESIAN_POINT('',(2.E0,1.75E-1,1.E-1));
#8599=LINE('',#8598,#8597);
#8600=CURVE_STYLE('',#46,POSITIVE_LENGTH_MEASURE(2.E-2),#3);
#8601=PRESENTATION_STYLE_ASSIGNMENT((#8600));
#8602=STYLED_ITEM('',(#8601),#8599);
#8603=DIRECTION('',(0.E0,1.E0,0.E0));
#8604=VECTOR('',#8603,1.75E-1);
#8605=CARTESIAN_POINT('',(2.E0,0.E0,1.E-1));
#8606=LINE('',#8605,#8604);
#8607=CURVE_STYLE('',#46,POSITIVE_LENGTH_MEASURE(2.E-2),#3);
#8608=PRESENTATION_STYLE_ASSIGNMENT((#8607));
#8609=STYLED_ITEM('',(#8608),#8606);
#8610=DIRECTION('',(0.E0,1.E0,0.E0));
#8611=VECTOR('',#8610,1.75E-1);
#8612=CARTESIAN_POINT('',(2.E0,0.E0,3.E-1));
#8613=LINE('',#8612,#8611);
#8614=CURVE_STYLE('',#46,POSITIVE_LENGTH_MEASURE(2.E-2),#3);
#8615=PRESENTATION_STYLE_ASSIGNMENT((#8614));
#8616=STYLED_ITEM('',(#8615),#8613);
#8617=DIRECTION('',(0.E0,0.E0,-1.E0));
#8618=VECTOR('',#8617,2.E-1);
#8619=CARTESIAN_POINT('',(2.E0,1.75E-1,5.E-1));
#8620=LINE('',#8619,#8618);
#8621=CURVE_STYLE('',#46,POSITIVE_LENGTH_MEASURE(2.E-2),#3);
#8622=PRESENTATION_STYLE_ASSIGNMENT((#8621));
#8623=STYLED_ITEM('',(#8622),#8620);
#8624=DIRECTION('',(0.E0,1.E0,0.E0));
#8625=VECTOR('',#8624,1.75E-1);
#8626=CARTESIAN_POINT('',(2.E0,0.E0,5.E-1));
#8627=LINE('',#8626,#8625);
#8628=CURVE_STYLE('',#46,POSITIVE_LENGTH_MEASURE(2.E-2),#3);
#8629=PRESENTATION_STYLE_ASSIGNMENT((#8628));
#8630=STYLED_ITEM('',(#8629),#8627);
#8631=DIRECTION('',(0.E0,1.E0,0.E0));
#8632=VECTOR('',#8631,1.75E-1);
#8633=CARTESIAN_POINT('',(2.E0,0.E0,7.E-1));
#8634=LINE('',#8633,#8632);
#8635=CURVE_STYLE('',#46,POSITIVE_LENGTH_MEASURE(2.E-2),#3);
#8636=PRESENTATION_STYLE_ASSIGNMENT((#8635));
#8637=STYLED_ITEM('',(#8636),#8634);
#8638=DIRECTION('',(0.E0,0.E0,-1.E0));
#8639=VECTOR('',#8638,2.E-1);
#8640=CARTESIAN_POINT('',(2.E0,1.75E-1,9.E-1));
#8641=LINE('',#8640,#8639);
#8642=CURVE_STYLE('',#46,POSITIVE_LENGTH_MEASURE(2.E-2),#3);
#8643=PRESENTATION_STYLE_ASSIGNMENT((#8642));
#8644=STYLED_ITEM('',(#8643),#8641);
#8645=DIRECTION('',(0.E0,1.E0,0.E0));
#8646=VECTOR('',#8645,1.75E-1);
#8647=CARTESIAN_POINT('',(2.E0,0.E0,9.E-1));
#8648=LINE('',#8647,#8646);
#8649=CURVE_STYLE('',#46,POSITIVE_LENGTH_MEASURE(2.E-2),#3);
#8650=PRESENTATION_STYLE_ASSIGNMENT((#8649));
#8651=STYLED_ITEM('',(#8650),#8648);
#8652=DIRECTION('',(0.E0,1.E0,0.E0));
#8653=VECTOR('',#8652,1.75E-1);
#8654=CARTESIAN_POINT('',(2.E0,0.E0,1.15E0));
#8655=LINE('',#8654,#8653);
#8656=CURVE_STYLE('',#46,POSITIVE_LENGTH_MEASURE(2.E-2),#3);
#8657=PRESENTATION_STYLE_ASSIGNMENT((#8656));
#8658=STYLED_ITEM('',(#8657),#8655);
#8659=DIRECTION('',(0.E0,0.E0,-1.E0));
#8660=VECTOR('',#8659,3.E-1);
#8661=CARTESIAN_POINT('',(2.E0,1.75E-1,1.45E0));
#8662=LINE('',#8661,#8660);
#8663=CURVE_STYLE('',#46,POSITIVE_LENGTH_MEASURE(2.E-2),#3);
#8664=PRESENTATION_STYLE_ASSIGNMENT((#8663));
#8665=STYLED_ITEM('',(#8664),#8662);
#8666=DIRECTION('',(0.E0,1.E0,0.E0));
#8667=VECTOR('',#8666,1.75E-1);
#8668=CARTESIAN_POINT('',(2.E0,0.E0,1.45E0));
#8669=LINE('',#8668,#8667);
#8670=CURVE_STYLE('',#46,POSITIVE_LENGTH_MEASURE(2.E-2),#3);
#8671=PRESENTATION_STYLE_ASSIGNMENT((#8670));
#8672=STYLED_ITEM('',(#8671),#8669);
#8673=DIRECTION('',(0.E0,1.E0,0.E0));
#8674=VECTOR('',#8673,9.75E-1);
#8675=CARTESIAN_POINT('',(2.E0,0.E0,1.75E0));
#8676=LINE('',#8675,#8674);
#8677=CURVE_STYLE('',#46,POSITIVE_LENGTH_MEASURE(2.E-2),#3);
#8678=PRESENTATION_STYLE_ASSIGNMENT((#8677));
#8679=STYLED_ITEM('',(#8678),#8676);
#8680=DIRECTION('',(0.E0,1.E0,0.E0));
#8681=VECTOR('',#8680,1.75E-1);
#8682=CARTESIAN_POINT('',(2.E0,0.E0,-1.45E0));
#8683=LINE('',#8682,#8681);
#8684=CURVE_STYLE('',#46,POSITIVE_LENGTH_MEASURE(2.E-2),#3);
#8685=PRESENTATION_STYLE_ASSIGNMENT((#8684));
#8686=STYLED_ITEM('',(#8685),#8683);
#8687=DIRECTION('',(0.E0,0.E0,1.E0));
#8688=VECTOR('',#8687,3.E-1);
#8689=CARTESIAN_POINT('',(2.E0,1.75E-1,-1.45E0));
#8690=LINE('',#8689,#8688);
#8691=CURVE_STYLE('',#46,POSITIVE_LENGTH_MEASURE(2.E-2),#3);
#8692=PRESENTATION_STYLE_ASSIGNMENT((#8691));
#8693=STYLED_ITEM('',(#8692),#8690);
#8694=DIRECTION('',(0.E0,1.E0,0.E0));
#8695=VECTOR('',#8694,1.75E-1);
#8696=CARTESIAN_POINT('',(2.E0,0.E0,-1.15E0));
#8697=LINE('',#8696,#8695);
#8698=CURVE_STYLE('',#46,POSITIVE_LENGTH_MEASURE(2.E-2),#3);
#8699=PRESENTATION_STYLE_ASSIGNMENT((#8698));
#8700=STYLED_ITEM('',(#8699),#8697);
#8701=DIRECTION('',(0.E0,1.E0,0.E0));
#8702=VECTOR('',#8701,1.75E-1);
#8703=CARTESIAN_POINT('',(2.E0,0.E0,-9.E-1));
#8704=LINE('',#8703,#8702);
#8705=CURVE_STYLE('',#46,POSITIVE_LENGTH_MEASURE(2.E-2),#3);
#8706=PRESENTATION_STYLE_ASSIGNMENT((#8705));
#8707=STYLED_ITEM('',(#8706),#8704);
#8708=DIRECTION('',(1.E0,0.E0,0.E0));
#8709=VECTOR('',#8708,5.53E-1);
#8710=CARTESIAN_POINT('',(1.447E0,1.75E-1,-9.E-1));
#8711=LINE('',#8710,#8709);
#8712=CURVE_STYLE('',#46,POSITIVE_LENGTH_MEASURE(2.E-2),#3);
#8713=PRESENTATION_STYLE_ASSIGNMENT((#8712));
#8714=STYLED_ITEM('',(#8713),#8711);
#8715=CARTESIAN_POINT('',(1.447E0,1.75E-1,-8.E-1));
#8716=DIRECTION('',(0.E0,1.E0,0.E0));
#8717=DIRECTION('',(0.E0,0.E0,-1.E0));
#8718=AXIS2_PLACEMENT_3D('',#8715,#8716,#8717);
#8720=CURVE_STYLE('',#46,POSITIVE_LENGTH_MEASURE(2.E-2),#3);
#8721=PRESENTATION_STYLE_ASSIGNMENT((#8720));
#8722=STYLED_ITEM('',(#8721),#8719);
#8723=DIRECTION('',(-1.E0,0.E0,0.E0));
#8724=VECTOR('',#8723,5.53E-1);
#8725=CARTESIAN_POINT('',(2.E0,1.75E-1,-7.E-1));
#8726=LINE('',#8725,#8724);
#8727=CURVE_STYLE('',#46,POSITIVE_LENGTH_MEASURE(2.E-2),#3);
#8728=PRESENTATION_STYLE_ASSIGNMENT((#8727));
#8729=STYLED_ITEM('',(#8728),#8726);
#8730=DIRECTION('',(0.E0,1.E0,0.E0));
#8731=VECTOR('',#8730,1.75E-1);
#8732=CARTESIAN_POINT('',(1.447E0,0.E0,-9.E-1));
#8733=LINE('',#8732,#8731);
#8734=CURVE_STYLE('',#46,POSITIVE_LENGTH_MEASURE(2.E-2),#3);
#8735=PRESENTATION_STYLE_ASSIGNMENT((#8734));
#8736=STYLED_ITEM('',(#8735),#8733);
#8737=DIRECTION('',(0.E0,1.E0,0.E0));
#8738=VECTOR('',#8737,1.75E-1);
#8739=CARTESIAN_POINT('',(1.447E0,0.E0,-7.E-1));
#8740=LINE('',#8739,#8738);
#8741=CURVE_STYLE('',#46,POSITIVE_LENGTH_MEASURE(2.E-2),#3);
#8742=PRESENTATION_STYLE_ASSIGNMENT((#8741));
#8743=STYLED_ITEM('',(#8742),#8740);
#8744=DIRECTION('',(0.E0,1.E0,0.E0));
#8745=VECTOR('',#8744,1.75E-1);
#8746=CARTESIAN_POINT('',(1.5E0,0.E0,-5.E-1));
#8747=LINE('',#8746,#8745);
#8748=CURVE_STYLE('',#46,POSITIVE_LENGTH_MEASURE(2.E-2),#3);
#8749=PRESENTATION_STYLE_ASSIGNMENT((#8748));
#8750=STYLED_ITEM('',(#8749),#8747);
#8751=DIRECTION('',(0.E0,1.E0,0.E0));
#8752=VECTOR('',#8751,1.75E-1);
#8753=CARTESIAN_POINT('',(1.5E0,0.E0,-3.E-1));
#8754=LINE('',#8753,#8752);
#8755=CURVE_STYLE('',#46,POSITIVE_LENGTH_MEASURE(2.E-2),#3);
#8756=PRESENTATION_STYLE_ASSIGNMENT((#8755));
#8757=STYLED_ITEM('',(#8756),#8754);
#8758=DIRECTION('',(1.E0,0.E0,0.E0));
#8759=VECTOR('',#8758,5.E-1);
#8760=CARTESIAN_POINT('',(1.5E0,1.75E-1,-5.E-1));
#8761=LINE('',#8760,#8759);
#8762=CURVE_STYLE('',#46,POSITIVE_LENGTH_MEASURE(2.E-2),#3);
#8763=PRESENTATION_STYLE_ASSIGNMENT((#8762));
#8764=STYLED_ITEM('',(#8763),#8761);
#8765=CARTESIAN_POINT('',(1.5E0,1.75E-1,-4.E-1));
#8766=DIRECTION('',(0.E0,1.E0,0.E0));
#8767=DIRECTION('',(0.E0,0.E0,-1.E0));
#8768=AXIS2_PLACEMENT_3D('',#8765,#8766,#8767);
#8770=CURVE_STYLE('',#46,POSITIVE_LENGTH_MEASURE(2.E-2),#3);
#8771=PRESENTATION_STYLE_ASSIGNMENT((#8770));
#8772=STYLED_ITEM('',(#8771),#8769);
#8773=DIRECTION('',(-1.E0,0.E0,0.E0));
#8774=VECTOR('',#8773,5.E-1);
#8775=CARTESIAN_POINT('',(2.E0,1.75E-1,-3.E-1));
#8776=LINE('',#8775,#8774);
#8777=CURVE_STYLE('',#46,POSITIVE_LENGTH_MEASURE(2.E-2),#3);
#8778=PRESENTATION_STYLE_ASSIGNMENT((#8777));
#8779=STYLED_ITEM('',(#8778),#8776);
#8780=DIRECTION('',(0.E0,1.E0,0.E0));
#8781=VECTOR('',#8780,1.75E-1);
#8782=CARTESIAN_POINT('',(1.447E0,0.E0,-1.E-1));
#8783=LINE('',#8782,#8781);
#8784=CURVE_STYLE('',#46,POSITIVE_LENGTH_MEASURE(2.E-2),#3);
#8785=PRESENTATION_STYLE_ASSIGNMENT((#8784));
#8786=STYLED_ITEM('',(#8785),#8783);
#8787=DIRECTION('',(0.E0,1.E0,0.E0));
#8788=VECTOR('',#8787,1.75E-1);
#8789=CARTESIAN_POINT('',(1.447E0,0.E0,1.E-1));
#8790=LINE('',#8789,#8788);
#8791=CURVE_STYLE('',#46,POSITIVE_LENGTH_MEASURE(2.E-2),#3);
#8792=PRESENTATION_STYLE_ASSIGNMENT((#8791));
#8793=STYLED_ITEM('',(#8792),#8790);
#8794=DIRECTION('',(1.E0,0.E0,0.E0));
#8795=VECTOR('',#8794,5.53E-1);
#8796=CARTESIAN_POINT('',(1.447E0,1.75E-1,-1.E-1));
#8797=LINE('',#8796,#8795);
#8798=CURVE_STYLE('',#46,POSITIVE_LENGTH_MEASURE(2.E-2),#3);
#8799=PRESENTATION_STYLE_ASSIGNMENT((#8798));
#8800=STYLED_ITEM('',(#8799),#8797);
#8801=CARTESIAN_POINT('',(1.447E0,1.75E-1,0.E0));
#8802=DIRECTION('',(0.E0,1.E0,0.E0));
#8803=DIRECTION('',(0.E0,0.E0,-1.E0));
#8804=AXIS2_PLACEMENT_3D('',#8801,#8802,#8803);
#8806=CURVE_STYLE('',#46,POSITIVE_LENGTH_MEASURE(2.E-2),#3);
#8807=PRESENTATION_STYLE_ASSIGNMENT((#8806));
#8808=STYLED_ITEM('',(#8807),#8805);
#8809=DIRECTION('',(-1.E0,0.E0,0.E0));
#8810=VECTOR('',#8809,5.53E-1);
#8811=CARTESIAN_POINT('',(2.E0,1.75E-1,1.E-1));
#8812=LINE('',#8811,#8810);
#8813=CURVE_STYLE('',#46,POSITIVE_LENGTH_MEASURE(2.E-2),#3);
#8814=PRESENTATION_STYLE_ASSIGNMENT((#8813));
#8815=STYLED_ITEM('',(#8814),#8812);
#8816=DIRECTION('',(0.E0,1.E0,0.E0));
#8817=VECTOR('',#8816,1.75E-1);
#8818=CARTESIAN_POINT('',(1.5E0,0.E0,3.E-1));
#8819=LINE('',#8818,#8817);
#8820=CURVE_STYLE('',#46,POSITIVE_LENGTH_MEASURE(2.E-2),#3);
#8821=PRESENTATION_STYLE_ASSIGNMENT((#8820));
#8822=STYLED_ITEM('',(#8821),#8819);
#8823=DIRECTION('',(0.E0,1.E0,0.E0));
#8824=VECTOR('',#8823,1.75E-1);
#8825=CARTESIAN_POINT('',(1.5E0,0.E0,5.E-1));
#8826=LINE('',#8825,#8824);
#8827=CURVE_STYLE('',#46,POSITIVE_LENGTH_MEASURE(2.E-2),#3);
#8828=PRESENTATION_STYLE_ASSIGNMENT((#8827));
#8829=STYLED_ITEM('',(#8828),#8826);
#8830=DIRECTION('',(1.E0,0.E0,0.E0));
#8831=VECTOR('',#8830,5.E-1);
#8832=CARTESIAN_POINT('',(1.5E0,1.75E-1,3.E-1));
#8833=LINE('',#8832,#8831);
#8834=CURVE_STYLE('',#46,POSITIVE_LENGTH_MEASURE(2.E-2),#3);
#8835=PRESENTATION_STYLE_ASSIGNMENT((#8834));
#8836=STYLED_ITEM('',(#8835),#8833);
#8837=CARTESIAN_POINT('',(1.5E0,1.75E-1,4.E-1));
#8838=DIRECTION('',(0.E0,1.E0,0.E0));
#8839=DIRECTION('',(0.E0,0.E0,-1.E0));
#8840=AXIS2_PLACEMENT_3D('',#8837,#8838,#8839);
#8842=CURVE_STYLE('',#46,POSITIVE_LENGTH_MEASURE(2.E-2),#3);
#8843=PRESENTATION_STYLE_ASSIGNMENT((#8842));
#8844=STYLED_ITEM('',(#8843),#8841);
#8845=DIRECTION('',(-1.E0,0.E0,0.E0));
#8846=VECTOR('',#8845,5.E-1);
#8847=CARTESIAN_POINT('',(2.E0,1.75E-1,5.E-1));
#8848=LINE('',#8847,#8846);
#8849=CURVE_STYLE('',#46,POSITIVE_LENGTH_MEASURE(2.E-2),#3);
#8850=PRESENTATION_STYLE_ASSIGNMENT((#8849));
#8851=STYLED_ITEM('',(#8850),#8848);
#8852=DIRECTION('',(0.E0,1.E0,0.E0));
#8853=VECTOR('',#8852,1.75E-1);
#8854=CARTESIAN_POINT('',(1.5E0,0.E0,7.E-1));
#8855=LINE('',#8854,#8853);
#8856=CURVE_STYLE('',#46,POSITIVE_LENGTH_MEASURE(2.E-2),#3);
#8857=PRESENTATION_STYLE_ASSIGNMENT((#8856));
#8858=STYLED_ITEM('',(#8857),#8855);
#8859=DIRECTION('',(0.E0,1.E0,0.E0));
#8860=VECTOR('',#8859,1.75E-1);
#8861=CARTESIAN_POINT('',(1.5E0,0.E0,9.E-1));
#8862=LINE('',#8861,#8860);
#8863=CURVE_STYLE('',#46,POSITIVE_LENGTH_MEASURE(2.E-2),#3);
#8864=PRESENTATION_STYLE_ASSIGNMENT((#8863));
#8865=STYLED_ITEM('',(#8864),#8862);
#8866=DIRECTION('',(1.E0,0.E0,0.E0));
#8867=VECTOR('',#8866,5.E-1);
#8868=CARTESIAN_POINT('',(1.5E0,1.75E-1,7.E-1));
#8869=LINE('',#8868,#8867);
#8870=CURVE_STYLE('',#46,POSITIVE_LENGTH_MEASURE(2.E-2),#3);
#8871=PRESENTATION_STYLE_ASSIGNMENT((#8870));
#8872=STYLED_ITEM('',(#8871),#8869);
#8873=CARTESIAN_POINT('',(1.5E0,1.75E-1,8.E-1));
#8874=DIRECTION('',(0.E0,1.E0,0.E0));
#8875=DIRECTION('',(0.E0,0.E0,-1.E0));
#8876=AXIS2_PLACEMENT_3D('',#8873,#8874,#8875);
#8878=CURVE_STYLE('',#46,POSITIVE_LENGTH_MEASURE(2.E-2),#3);
#8879=PRESENTATION_STYLE_ASSIGNMENT((#8878));
#8880=STYLED_ITEM('',(#8879),#8877);
#8881=DIRECTION('',(-1.E0,0.E0,0.E0));
#8882=VECTOR('',#8881,5.E-1);
#8883=CARTESIAN_POINT('',(2.E0,1.75E-1,9.E-1));
#8884=LINE('',#8883,#8882);
#8885=CURVE_STYLE('',#46,POSITIVE_LENGTH_MEASURE(2.E-2),#3);
#8886=PRESENTATION_STYLE_ASSIGNMENT((#8885));
#8887=STYLED_ITEM('',(#8886),#8884);
#8888=DIRECTION('',(0.E0,1.E0,0.E0));
#8889=VECTOR('',#8888,1.75E-1);
#8890=CARTESIAN_POINT('',(1.4E0,0.E0,1.15E0));
#8891=LINE('',#8890,#8889);
#8892=CURVE_STYLE('',#46,POSITIVE_LENGTH_MEASURE(2.E-2),#3);
#8893=PRESENTATION_STYLE_ASSIGNMENT((#8892));
#8894=STYLED_ITEM('',(#8893),#8891);
#8895=DIRECTION('',(0.E0,1.E0,0.E0));
#8896=VECTOR('',#8895,1.75E-1);
#8897=CARTESIAN_POINT('',(-1.1E0,0.E0,1.75E0));
#8898=LINE('',#8897,#8896);
#8899=CURVE_STYLE('',#46,POSITIVE_LENGTH_MEASURE(2.E-2),#3);
#8900=PRESENTATION_STYLE_ASSIGNMENT((#8899));
#8901=STYLED_ITEM('',(#8900),#8898);
#8902=DIRECTION('',(0.E0,1.E0,0.E0));
#8903=VECTOR('',#8902,1.75E-1);
#8904=CARTESIAN_POINT('',(-1.4E0,0.E0,1.75E0));
#8905=LINE('',#8904,#8903);
#8906=CURVE_STYLE('',#46,POSITIVE_LENGTH_MEASURE(2.E-2),#3);
#8907=PRESENTATION_STYLE_ASSIGNMENT((#8906));
#8908=STYLED_ITEM('',(#8907),#8905);
#8909=DIRECTION('',(1.E0,0.E0,0.E0));
#8910=VECTOR('',#8909,3.E-1);
#8911=CARTESIAN_POINT('',(-1.7E0,1.75E-1,1.75E0));
#8912=LINE('',#8911,#8910);
#8913=CURVE_STYLE('',#46,POSITIVE_LENGTH_MEASURE(2.E-2),#3);
#8914=PRESENTATION_STYLE_ASSIGNMENT((#8913));
#8915=STYLED_ITEM('',(#8914),#8912);
#8916=DIRECTION('',(0.E0,1.E0,0.E0));
#8917=VECTOR('',#8916,1.75E-1);
#8918=CARTESIAN_POINT('',(-1.7E0,0.E0,1.75E0));
#8919=LINE('',#8918,#8917);
#8920=CURVE_STYLE('',#46,POSITIVE_LENGTH_MEASURE(2.E-2),#3);
#8921=PRESENTATION_STYLE_ASSIGNMENT((#8920));
#8922=STYLED_ITEM('',(#8921),#8919);
#8923=DIRECTION('',(0.E0,1.E0,0.E0));
#8924=VECTOR('',#8923,9.75E-1);
#8925=CARTESIAN_POINT('',(-2.E0,0.E0,1.75E0));
#8926=LINE('',#8925,#8924);
#8927=CURVE_STYLE('',#46,POSITIVE_LENGTH_MEASURE(2.E-2),#3);
#8928=PRESENTATION_STYLE_ASSIGNMENT((#8927));
#8929=STYLED_ITEM('',(#8928),#8926);
#8930=DIRECTION('',(0.E0,1.E0,0.E0));
#8931=VECTOR('',#8930,1.75E-1);
#8932=CARTESIAN_POINT('',(1.7E0,0.E0,1.75E0));
#8933=LINE('',#8932,#8931);
#8934=CURVE_STYLE('',#46,POSITIVE_LENGTH_MEASURE(2.E-2),#3);
#8935=PRESENTATION_STYLE_ASSIGNMENT((#8934));
#8936=STYLED_ITEM('',(#8935),#8933);
#8937=DIRECTION('',(-1.E0,0.E0,0.E0));
#8938=VECTOR('',#8937,3.E-1);
#8939=CARTESIAN_POINT('',(1.7E0,1.75E-1,1.75E0));
#8940=LINE('',#8939,#8938);
#8941=CURVE_STYLE('',#46,POSITIVE_LENGTH_MEASURE(2.E-2),#3);
#8942=PRESENTATION_STYLE_ASSIGNMENT((#8941));
#8943=STYLED_ITEM('',(#8942),#8940);
#8944=DIRECTION('',(0.E0,1.E0,0.E0));
#8945=VECTOR('',#8944,1.75E-1);
#8946=CARTESIAN_POINT('',(1.4E0,0.E0,1.75E0));
#8947=LINE('',#8946,#8945);
#8948=CURVE_STYLE('',#46,POSITIVE_LENGTH_MEASURE(2.E-2),#3);
#8949=PRESENTATION_STYLE_ASSIGNMENT((#8948));
#8950=STYLED_ITEM('',(#8949),#8947);
#8951=DIRECTION('',(0.E0,1.E0,0.E0));
#8952=VECTOR('',#8951,1.75E-1);
#8953=CARTESIAN_POINT('',(1.1E0,0.E0,1.75E0));
#8954=LINE('',#8953,#8952);
#8955=CURVE_STYLE('',#46,POSITIVE_LENGTH_MEASURE(2.E-2),#3);
#8956=PRESENTATION_STYLE_ASSIGNMENT((#8955));
#8957=STYLED_ITEM('',(#8956),#8954);
#8958=DIRECTION('',(1.E0,0.E0,0.E0));
#8959=VECTOR('',#8958,2.E-1);
#8960=CARTESIAN_POINT('',(9.E-1,1.75E-1,1.75E0));
#8961=LINE('',#8960,#8959);
#8962=CURVE_STYLE('',#46,POSITIVE_LENGTH_MEASURE(2.E-2),#3);
#8963=PRESENTATION_STYLE_ASSIGNMENT((#8962));
#8964=STYLED_ITEM('',(#8963),#8961);
#8965=DIRECTION('',(0.E0,1.E0,0.E0));
#8966=VECTOR('',#8965,1.75E-1);
#8967=CARTESIAN_POINT('',(9.E-1,0.E0,1.75E0));
#8968=LINE('',#8967,#8966);
#8969=CURVE_STYLE('',#46,POSITIVE_LENGTH_MEASURE(2.E-2),#3);
#8970=PRESENTATION_STYLE_ASSIGNMENT((#8969));
#8971=STYLED_ITEM('',(#8970),#8968);
#8972=DIRECTION('',(0.E0,1.E0,0.E0));
#8973=VECTOR('',#8972,1.75E-1);
#8974=CARTESIAN_POINT('',(7.E-1,0.E0,1.75E0));
#8975=LINE('',#8974,#8973);
#8976=CURVE_STYLE('',#46,POSITIVE_LENGTH_MEASURE(2.E-2),#3);
#8977=PRESENTATION_STYLE_ASSIGNMENT((#8976));
#8978=STYLED_ITEM('',(#8977),#8975);
#8979=DIRECTION('',(1.E0,0.E0,0.E0));
#8980=VECTOR('',#8979,2.E-1);
#8981=CARTESIAN_POINT('',(5.E-1,1.75E-1,1.75E0));
#8982=LINE('',#8981,#8980);
#8983=CURVE_STYLE('',#46,POSITIVE_LENGTH_MEASURE(2.E-2),#3);
#8984=PRESENTATION_STYLE_ASSIGNMENT((#8983));
#8985=STYLED_ITEM('',(#8984),#8982);
#8986=DIRECTION('',(0.E0,1.E0,0.E0));
#8987=VECTOR('',#8986,1.75E-1);
#8988=CARTESIAN_POINT('',(5.E-1,0.E0,1.75E0));
#8989=LINE('',#8988,#8987);
#8990=CURVE_STYLE('',#46,POSITIVE_LENGTH_MEASURE(2.E-2),#3);
#8991=PRESENTATION_STYLE_ASSIGNMENT((#8990));
#8992=STYLED_ITEM('',(#8991),#8989);
#8993=DIRECTION('',(0.E0,1.E0,0.E0));
#8994=VECTOR('',#8993,1.75E-1);
#8995=CARTESIAN_POINT('',(3.E-1,0.E0,1.75E0));
#8996=LINE('',#8995,#8994);
#8997=CURVE_STYLE('',#46,POSITIVE_LENGTH_MEASURE(2.E-2),#3);
#8998=PRESENTATION_STYLE_ASSIGNMENT((#8997));
#8999=STYLED_ITEM('',(#8998),#8996);
#9000=DIRECTION('',(1.E0,0.E0,0.E0));
#9001=VECTOR('',#9000,2.E-1);
#9002=CARTESIAN_POINT('',(1.E-1,1.75E-1,1.75E0));
#9003=LINE('',#9002,#9001);
#9004=CURVE_STYLE('',#46,POSITIVE_LENGTH_MEASURE(2.E-2),#3);
#9005=PRESENTATION_STYLE_ASSIGNMENT((#9004));
#9006=STYLED_ITEM('',(#9005),#9003);
#9007=DIRECTION('',(0.E0,1.E0,0.E0));
#9008=VECTOR('',#9007,1.75E-1);
#9009=CARTESIAN_POINT('',(1.E-1,0.E0,1.75E0));
#9010=LINE('',#9009,#9008);
#9011=CURVE_STYLE('',#46,POSITIVE_LENGTH_MEASURE(2.E-2),#3);
#9012=PRESENTATION_STYLE_ASSIGNMENT((#9011));
#9013=STYLED_ITEM('',(#9012),#9010);
#9014=DIRECTION('',(0.E0,1.E0,0.E0));
#9015=VECTOR('',#9014,1.75E-1);
#9016=CARTESIAN_POINT('',(-1.E-1,0.E0,1.75E0));
#9017=LINE('',#9016,#9015);
#9018=CURVE_STYLE('',#46,POSITIVE_LENGTH_MEASURE(2.E-2),#3);
#9019=PRESENTATION_STYLE_ASSIGNMENT((#9018));
#9020=STYLED_ITEM('',(#9019),#9017);
#9021=DIRECTION('',(1.E0,0.E0,0.E0));
#9022=VECTOR('',#9021,2.E-1);
#9023=CARTESIAN_POINT('',(-3.E-1,1.75E-1,1.75E0));
#9024=LINE('',#9023,#9022);
#9025=CURVE_STYLE('',#46,POSITIVE_LENGTH_MEASURE(2.E-2),#3);
#9026=PRESENTATION_STYLE_ASSIGNMENT((#9025));
#9027=STYLED_ITEM('',(#9026),#9024);
#9028=DIRECTION('',(0.E0,1.E0,0.E0));
#9029=VECTOR('',#9028,1.75E-1);
#9030=CARTESIAN_POINT('',(-3.E-1,0.E0,1.75E0));
#9031=LINE('',#9030,#9029);
#9032=CURVE_STYLE('',#46,POSITIVE_LENGTH_MEASURE(2.E-2),#3);
#9033=PRESENTATION_STYLE_ASSIGNMENT((#9032));
#9034=STYLED_ITEM('',(#9033),#9031);
#9035=DIRECTION('',(0.E0,1.E0,0.E0));
#9036=VECTOR('',#9035,1.75E-1);
#9037=CARTESIAN_POINT('',(-5.E-1,0.E0,1.75E0));
#9038=LINE('',#9037,#9036);
#9039=CURVE_STYLE('',#46,POSITIVE_LENGTH_MEASURE(2.E-2),#3);
#9040=PRESENTATION_STYLE_ASSIGNMENT((#9039));
#9041=STYLED_ITEM('',(#9040),#9038);
#9042=DIRECTION('',(1.E0,0.E0,0.E0));
#9043=VECTOR('',#9042,2.E-1);
#9044=CARTESIAN_POINT('',(-7.E-1,1.75E-1,1.75E0));
#9045=LINE('',#9044,#9043);
#9046=CURVE_STYLE('',#46,POSITIVE_LENGTH_MEASURE(2.E-2),#3);
#9047=PRESENTATION_STYLE_ASSIGNMENT((#9046));
#9048=STYLED_ITEM('',(#9047),#9045);
#9049=DIRECTION('',(0.E0,1.E0,0.E0));
#9050=VECTOR('',#9049,1.75E-1);
#9051=CARTESIAN_POINT('',(-7.E-1,0.E0,1.75E0));
#9052=LINE('',#9051,#9050);
#9053=CURVE_STYLE('',#46,POSITIVE_LENGTH_MEASURE(2.E-2),#3);
#9054=PRESENTATION_STYLE_ASSIGNMENT((#9053));
#9055=STYLED_ITEM('',(#9054),#9052);
#9056=DIRECTION('',(0.E0,1.E0,0.E0));
#9057=VECTOR('',#9056,1.75E-1);
#9058=CARTESIAN_POINT('',(-9.E-1,0.E0,1.75E0));
#9059=LINE('',#9058,#9057);
#9060=CURVE_STYLE('',#46,POSITIVE_LENGTH_MEASURE(2.E-2),#3);
#9061=PRESENTATION_STYLE_ASSIGNMENT((#9060));
#9062=STYLED_ITEM('',(#9061),#9059);
#9063=DIRECTION('',(1.E0,0.E0,0.E0));
#9064=VECTOR('',#9063,2.E-1);
#9065=CARTESIAN_POINT('',(-1.1E0,1.75E-1,1.75E0));
#9066=LINE('',#9065,#9064);
#9067=CURVE_STYLE('',#46,POSITIVE_LENGTH_MEASURE(2.E-2),#3);
#9068=PRESENTATION_STYLE_ASSIGNMENT((#9067));
#9069=STYLED_ITEM('',(#9068),#9066);
#9070=DIRECTION('',(0.E0,0.E0,1.E0));
#9071=VECTOR('',#9070,3.01E-1);
#9072=CARTESIAN_POINT('',(-9.E-1,1.75E-1,1.449E0));
#9073=LINE('',#9072,#9071);
#9074=CURVE_STYLE('',#46,POSITIVE_LENGTH_MEASURE(2.E-2),#3);
#9075=PRESENTATION_STYLE_ASSIGNMENT((#9074));
#9076=STYLED_ITEM('',(#9075),#9073);
#9077=CARTESIAN_POINT('',(-9.99E-1,1.75E-1,1.449E0));
#9078=DIRECTION('',(0.E0,-1.E0,0.E0));
#9079=DIRECTION('',(0.E0,0.E0,-1.E0));
#9080=AXIS2_PLACEMENT_3D('',#9077,#9078,#9079);
#9082=CURVE_STYLE('',#46,POSITIVE_LENGTH_MEASURE(2.E-2),#3);
#9083=PRESENTATION_STYLE_ASSIGNMENT((#9082));
#9084=STYLED_ITEM('',(#9083),#9081);
#9085=DIRECTION('',(1.E0,0.E0,0.E0));
#9086=VECTOR('',#9085,2.E-3);
#9087=CARTESIAN_POINT('',(-1.001E0,1.75E-1,1.35E0));
#9088=LINE('',#9087,#9086);
#9089=CURVE_STYLE('',#46,POSITIVE_LENGTH_MEASURE(2.E-2),#3);
#9090=PRESENTATION_STYLE_ASSIGNMENT((#9089));
#9091=STYLED_ITEM('',(#9090),#9088);
#9092=CARTESIAN_POINT('',(-1.001E0,1.75E-1,1.449E0));
#9093=DIRECTION('',(0.E0,-1.E0,0.E0));
#9094=DIRECTION('',(-1.E0,0.E0,0.E0));
#9095=AXIS2_PLACEMENT_3D('',#9092,#9093,#9094);
#9097=CURVE_STYLE('',#46,POSITIVE_LENGTH_MEASURE(2.E-2),#3);
#9098=PRESENTATION_STYLE_ASSIGNMENT((#9097));
#9099=STYLED_ITEM('',(#9098),#9096);
#9100=DIRECTION('',(0.E0,0.E0,-1.E0));
#9101=VECTOR('',#9100,3.01E-1);
#9102=CARTESIAN_POINT('',(-1.1E0,1.75E-1,1.75E0));
#9103=LINE('',#9102,#9101);
#9104=CURVE_STYLE('',#46,POSITIVE_LENGTH_MEASURE(2.E-2),#3);
#9105=PRESENTATION_STYLE_ASSIGNMENT((#9104));
#9106=STYLED_ITEM('',(#9105),#9103);
#9107=DIRECTION('',(0.E0,1.E0,0.E0));
#9108=VECTOR('',#9107,1.75E-1);
#9109=CARTESIAN_POINT('',(-9.E-1,0.E0,1.449E0));
#9110=LINE('',#9109,#9108);
#9111=CURVE_STYLE('',#46,POSITIVE_LENGTH_MEASURE(2.E-2),#3);
#9112=PRESENTATION_STYLE_ASSIGNMENT((#9111));
#9113=STYLED_ITEM('',(#9112),#9110);
#9114=DIRECTION('',(0.E0,1.E0,0.E0));
#9115=VECTOR('',#9114,1.75E-1);
#9116=CARTESIAN_POINT('',(-9.99E-1,0.E0,1.35E0));
#9117=LINE('',#9116,#9115);
#9118=CURVE_STYLE('',#46,POSITIVE_LENGTH_MEASURE(2.E-2),#3);
#9119=PRESENTATION_STYLE_ASSIGNMENT((#9118));
#9120=STYLED_ITEM('',(#9119),#9117);
#9121=DIRECTION('',(0.E0,1.E0,0.E0));
#9122=VECTOR('',#9121,1.75E-1);
#9123=CARTESIAN_POINT('',(-1.001E0,0.E0,1.35E0));
#9124=LINE('',#9123,#9122);
#9125=CURVE_STYLE('',#46,POSITIVE_LENGTH_MEASURE(2.E-2),#3);
#9126=PRESENTATION_STYLE_ASSIGNMENT((#9125));
#9127=STYLED_ITEM('',(#9126),#9124);
#9128=DIRECTION('',(0.E0,1.E0,0.E0));
#9129=VECTOR('',#9128,1.75E-1);
#9130=CARTESIAN_POINT('',(-1.1E0,0.E0,1.449E0));
#9131=LINE('',#9130,#9129);
#9132=CURVE_STYLE('',#46,POSITIVE_LENGTH_MEASURE(2.E-2),#3);
#9133=PRESENTATION_STYLE_ASSIGNMENT((#9132));
#9134=STYLED_ITEM('',(#9133),#9131);
#9135=DIRECTION('',(0.E0,1.E0,0.E0));
#9136=VECTOR('',#9135,1.75E-1);
#9137=CARTESIAN_POINT('',(-1.4E0,0.E0,1.25E0));
#9138=LINE('',#9137,#9136);
#9139=CURVE_STYLE('',#46,POSITIVE_LENGTH_MEASURE(2.E-2),#3);
#9140=PRESENTATION_STYLE_ASSIGNMENT((#9139));
#9141=STYLED_ITEM('',(#9140),#9138);
#9142=DIRECTION('',(0.E0,1.E0,0.E0));
#9143=VECTOR('',#9142,1.75E-1);
#9144=CARTESIAN_POINT('',(-1.5E0,0.E0,1.15E0));
#9145=LINE('',#9144,#9143);
#9146=CURVE_STYLE('',#46,POSITIVE_LENGTH_MEASURE(2.E-2),#3);
#9147=PRESENTATION_STYLE_ASSIGNMENT((#9146));
#9148=STYLED_ITEM('',(#9147),#9145);
#9149=DIRECTION('',(-1.E0,0.E0,0.E0));
#9150=VECTOR('',#9149,3.E-1);
#9151=CARTESIAN_POINT('',(-1.7E0,1.75E-1,1.45E0));
#9152=LINE('',#9151,#9150);
#9153=CURVE_STYLE('',#46,POSITIVE_LENGTH_MEASURE(2.E-2),#3);
#9154=PRESENTATION_STYLE_ASSIGNMENT((#9153));
#9155=STYLED_ITEM('',(#9154),#9152);
#9156=DIRECTION('',(0.E0,0.E0,-1.E0));
#9157=VECTOR('',#9156,3.E-1);
#9158=CARTESIAN_POINT('',(-1.7E0,1.75E-1,1.75E0));
#9159=LINE('',#9158,#9157);
#9160=CURVE_STYLE('',#46,POSITIVE_LENGTH_MEASURE(2.E-2),#3);
#9161=PRESENTATION_STYLE_ASSIGNMENT((#9160));
#9162=STYLED_ITEM('',(#9161),#9159);
#9163=DIRECTION('',(0.E0,0.E0,1.E0));
#9164=VECTOR('',#9163,5.E-1);
#9165=CARTESIAN_POINT('',(-1.4E0,1.75E-1,1.25E0));
#9166=LINE('',#9165,#9164);
#9167=CURVE_STYLE('',#46,POSITIVE_LENGTH_MEASURE(2.E-2),#3);
#9168=PRESENTATION_STYLE_ASSIGNMENT((#9167));
#9169=STYLED_ITEM('',(#9168),#9166);
#9170=DIRECTION('',(-7.071067811865E-1,0.E0,-7.071067811865E-1));
#9171=VECTOR('',#9170,1.414213562373E-1);
#9172=CARTESIAN_POINT('',(-1.4E0,1.75E-1,1.25E0));
#9173=LINE('',#9172,#9171);
#9174=CURVE_STYLE('',#46,POSITIVE_LENGTH_MEASURE(2.E-2),#3);
#9175=PRESENTATION_STYLE_ASSIGNMENT((#9174));
#9176=STYLED_ITEM('',(#9175),#9173);
#9177=DIRECTION('',(1.E0,0.E0,0.E0));
#9178=VECTOR('',#9177,5.E-1);
#9179=CARTESIAN_POINT('',(-2.E0,1.75E-1,1.15E0));
#9180=LINE('',#9179,#9178);
#9181=CURVE_STYLE('',#46,POSITIVE_LENGTH_MEASURE(2.E-2),#3);
#9182=PRESENTATION_STYLE_ASSIGNMENT((#9181));
#9183=STYLED_ITEM('',(#9182),#9180);
#9184=DIRECTION('',(0.E0,1.E0,0.E0));
#9185=VECTOR('',#9184,1.75E-1);
#9186=CARTESIAN_POINT('',(-1.7E0,0.E0,1.45E0));
#9187=LINE('',#9186,#9185);
#9188=CURVE_STYLE('',#46,POSITIVE_LENGTH_MEASURE(2.E-2),#3);
#9189=PRESENTATION_STYLE_ASSIGNMENT((#9188));
#9190=STYLED_ITEM('',(#9189),#9187);
#9191=DIRECTION('',(0.E0,0.E0,1.E0));
#9192=VECTOR('',#9191,3.5E0);
#9193=CARTESIAN_POINT('',(-2.E0,9.75E-1,-1.75E0));
#9194=LINE('',#9193,#9192);
#9195=CURVE_STYLE('',#46,POSITIVE_LENGTH_MEASURE(2.E-2),#3);
#9196=PRESENTATION_STYLE_ASSIGNMENT((#9195));
#9197=STYLED_ITEM('',(#9196),#9194);
#9198=DIRECTION('',(-1.E0,0.E0,0.E0));
#9199=VECTOR('',#9198,4.E0);
#9200=CARTESIAN_POINT('',(2.E0,9.75E-1,-1.75E0));
#9201=LINE('',#9200,#9199);
#9202=CURVE_STYLE('',#46,POSITIVE_LENGTH_MEASURE(2.E-2),#3);
#9203=PRESENTATION_STYLE_ASSIGNMENT((#9202));
#9204=STYLED_ITEM('',(#9203),#9201);
#9205=DIRECTION('',(0.E0,0.E0,-1.E0));
#9206=VECTOR('',#9205,3.5E0);
#9207=CARTESIAN_POINT('',(2.E0,9.75E-1,1.75E0));
#9208=LINE('',#9207,#9206);
#9209=CURVE_STYLE('',#46,POSITIVE_LENGTH_MEASURE(2.E-2),#3);
#9210=PRESENTATION_STYLE_ASSIGNMENT((#9209));
#9211=STYLED_ITEM('',(#9210),#9208);
#9212=DIRECTION('',(1.E0,0.E0,0.E0));
#9213=VECTOR('',#9212,4.E0);
#9214=CARTESIAN_POINT('',(-2.E0,9.75E-1,1.75E0));
#9215=LINE('',#9214,#9213);
#9216=CURVE_STYLE('',#46,POSITIVE_LENGTH_MEASURE(2.E-2),#3);
#9217=PRESENTATION_STYLE_ASSIGNMENT((#9216));
#9218=STYLED_ITEM('',(#9217),#9215);
#9219=DIRECTION('',(0.E0,1.E0,0.E0));
#9220=VECTOR('',#9219,1.75E-1);
#9221=CARTESIAN_POINT('',(1.7E0,0.E0,1.45E0));
#9222=LINE('',#9221,#9220);
#9223=CURVE_STYLE('',#46,POSITIVE_LENGTH_MEASURE(2.E-2),#3);
#9224=PRESENTATION_STYLE_ASSIGNMENT((#9223));
#9225=STYLED_ITEM('',(#9224),#9222);
#9226=DIRECTION('',(0.E0,0.E0,-1.E0));
#9227=VECTOR('',#9226,3.E-1);
#9228=CARTESIAN_POINT('',(1.7E0,1.75E-1,1.75E0));
#9229=LINE('',#9228,#9227);
#9230=CURVE_STYLE('',#46,POSITIVE_LENGTH_MEASURE(2.E-2),#3);
#9231=PRESENTATION_STYLE_ASSIGNMENT((#9230));
#9232=STYLED_ITEM('',(#9231),#9229);
#9233=DIRECTION('',(1.E0,0.E0,0.E0));
#9234=VECTOR('',#9233,3.E-1);
#9235=CARTESIAN_POINT('',(1.7E0,1.75E-1,1.45E0));
#9236=LINE('',#9235,#9234);
#9237=CURVE_STYLE('',#46,POSITIVE_LENGTH_MEASURE(2.E-2),#3);
#9238=PRESENTATION_STYLE_ASSIGNMENT((#9237));
#9239=STYLED_ITEM('',(#9238),#9236);
#9240=DIRECTION('',(-1.E0,0.E0,0.E0));
#9241=VECTOR('',#9240,6.E-1);
#9242=CARTESIAN_POINT('',(2.E0,1.75E-1,1.15E0));
#9243=LINE('',#9242,#9241);
#9244=CURVE_STYLE('',#46,POSITIVE_LENGTH_MEASURE(2.E-2),#3);
#9245=PRESENTATION_STYLE_ASSIGNMENT((#9244));
#9246=STYLED_ITEM('',(#9245),#9243);
#9247=DIRECTION('',(0.E0,0.E0,1.E0));
#9248=VECTOR('',#9247,6.E-1);
#9249=CARTESIAN_POINT('',(1.4E0,1.75E-1,1.15E0));
#9250=LINE('',#9249,#9248);
#9251=CURVE_STYLE('',#46,POSITIVE_LENGTH_MEASURE(2.E-2),#3);
#9252=PRESENTATION_STYLE_ASSIGNMENT((#9251));
#9253=STYLED_ITEM('',(#9252),#9250);
#9254=DIRECTION('',(0.E0,1.E0,0.E0));
#9255=VECTOR('',#9254,1.75E-1);
#9256=CARTESIAN_POINT('',(1.1E0,0.E0,1.449E0));
#9257=LINE('',#9256,#9255);
#9258=CURVE_STYLE('',#46,POSITIVE_LENGTH_MEASURE(2.E-2),#3);
#9259=PRESENTATION_STYLE_ASSIGNMENT((#9258));
#9260=STYLED_ITEM('',(#9259),#9257);
#9261=DIRECTION('',(0.E0,1.E0,0.E0));
#9262=VECTOR('',#9261,1.75E-1);
#9263=CARTESIAN_POINT('',(1.001E0,0.E0,1.35E0));
#9264=LINE('',#9263,#9262);
#9265=CURVE_STYLE('',#46,POSITIVE_LENGTH_MEASURE(2.E-2),#3);
#9266=PRESENTATION_STYLE_ASSIGNMENT((#9265));
#9267=STYLED_ITEM('',(#9266),#9264);
#9268=DIRECTION('',(0.E0,1.E0,0.E0));
#9269=VECTOR('',#9268,1.75E-1);
#9270=CARTESIAN_POINT('',(9.99E-1,0.E0,1.35E0));
#9271=LINE('',#9270,#9269);
#9272=CURVE_STYLE('',#46,POSITIVE_LENGTH_MEASURE(2.E-2),#3);
#9273=PRESENTATION_STYLE_ASSIGNMENT((#9272));
#9274=STYLED_ITEM('',(#9273),#9271);
#9275=DIRECTION('',(0.E0,1.E0,0.E0));
#9276=VECTOR('',#9275,1.75E-1);
#9277=CARTESIAN_POINT('',(9.E-1,0.E0,1.449E0));
#9278=LINE('',#9277,#9276);
#9279=CURVE_STYLE('',#46,POSITIVE_LENGTH_MEASURE(2.E-2),#3);
#9280=PRESENTATION_STYLE_ASSIGNMENT((#9279));
#9281=STYLED_ITEM('',(#9280),#9278);
#9282=DIRECTION('',(0.E0,0.E0,1.E0));
#9283=VECTOR('',#9282,3.01E-1);
#9284=CARTESIAN_POINT('',(1.1E0,1.75E-1,1.449E0));
#9285=LINE('',#9284,#9283);
#9286=CURVE_STYLE('',#46,POSITIVE_LENGTH_MEASURE(2.E-2),#3);
#9287=PRESENTATION_STYLE_ASSIGNMENT((#9286));
#9288=STYLED_ITEM('',(#9287),#9285);
#9289=CARTESIAN_POINT('',(1.001E0,1.75E-1,1.449E0));
#9290=DIRECTION('',(0.E0,-1.E0,0.E0));
#9291=DIRECTION('',(0.E0,0.E0,-1.E0));
#9292=AXIS2_PLACEMENT_3D('',#9289,#9290,#9291);
#9294=CURVE_STYLE('',#46,POSITIVE_LENGTH_MEASURE(2.E-2),#3);
#9295=PRESENTATION_STYLE_ASSIGNMENT((#9294));
#9296=STYLED_ITEM('',(#9295),#9293);
#9297=DIRECTION('',(1.E0,0.E0,0.E0));
#9298=VECTOR('',#9297,2.E-3);
#9299=CARTESIAN_POINT('',(9.99E-1,1.75E-1,1.35E0));
#9300=LINE('',#9299,#9298);
#9301=CURVE_STYLE('',#46,POSITIVE_LENGTH_MEASURE(2.E-2),#3);
#9302=PRESENTATION_STYLE_ASSIGNMENT((#9301));
#9303=STYLED_ITEM('',(#9302),#9300);
#9304=CARTESIAN_POINT('',(9.99E-1,1.75E-1,1.449E0));
#9305=DIRECTION('',(0.E0,-1.E0,0.E0));
#9306=DIRECTION('',(-1.E0,0.E0,0.E0));
#9307=AXIS2_PLACEMENT_3D('',#9304,#9305,#9306);
#9309=CURVE_STYLE('',#46,POSITIVE_LENGTH_MEASURE(2.E-2),#3);
#9310=PRESENTATION_STYLE_ASSIGNMENT((#9309));
#9311=STYLED_ITEM('',(#9310),#9308);
#9312=DIRECTION('',(0.E0,0.E0,-1.E0));
#9313=VECTOR('',#9312,3.01E-1);
#9314=CARTESIAN_POINT('',(9.E-1,1.75E-1,1.75E0));
#9315=LINE('',#9314,#9313);
#9316=CURVE_STYLE('',#46,POSITIVE_LENGTH_MEASURE(2.E-2),#3);
#9317=PRESENTATION_STYLE_ASSIGNMENT((#9316));
#9318=STYLED_ITEM('',(#9317),#9315);
#9319=DIRECTION('',(0.E0,1.E0,0.E0));
#9320=VECTOR('',#9319,1.75E-1);
#9321=CARTESIAN_POINT('',(7.E-1,0.E0,1.449E0));
#9322=LINE('',#9321,#9320);
#9323=CURVE_STYLE('',#46,POSITIVE_LENGTH_MEASURE(2.E-2),#3);
#9324=PRESENTATION_STYLE_ASSIGNMENT((#9323));
#9325=STYLED_ITEM('',(#9324),#9322);
#9326=DIRECTION('',(0.E0,1.E0,0.E0));
#9327=VECTOR('',#9326,1.75E-1);
#9328=CARTESIAN_POINT('',(6.01E-1,0.E0,1.35E0));
#9329=LINE('',#9328,#9327);
#9330=CURVE_STYLE('',#46,POSITIVE_LENGTH_MEASURE(2.E-2),#3);
#9331=PRESENTATION_STYLE_ASSIGNMENT((#9330));
#9332=STYLED_ITEM('',(#9331),#9329);
#9333=DIRECTION('',(0.E0,1.E0,0.E0));
#9334=VECTOR('',#9333,1.75E-1);
#9335=CARTESIAN_POINT('',(5.99E-1,0.E0,1.35E0));
#9336=LINE('',#9335,#9334);
#9337=CURVE_STYLE('',#46,POSITIVE_LENGTH_MEASURE(2.E-2),#3);
#9338=PRESENTATION_STYLE_ASSIGNMENT((#9337));
#9339=STYLED_ITEM('',(#9338),#9336);
#9340=DIRECTION('',(0.E0,1.E0,0.E0));
#9341=VECTOR('',#9340,1.75E-1);
#9342=CARTESIAN_POINT('',(5.E-1,0.E0,1.449E0));
#9343=LINE('',#9342,#9341);
#9344=CURVE_STYLE('',#46,POSITIVE_LENGTH_MEASURE(2.E-2),#3);
#9345=PRESENTATION_STYLE_ASSIGNMENT((#9344));
#9346=STYLED_ITEM('',(#9345),#9343);
#9347=DIRECTION('',(0.E0,0.E0,1.E0));
#9348=VECTOR('',#9347,3.01E-1);
#9349=CARTESIAN_POINT('',(7.E-1,1.75E-1,1.449E0));
#9350=LINE('',#9349,#9348);
#9351=CURVE_STYLE('',#46,POSITIVE_LENGTH_MEASURE(2.E-2),#3);
#9352=PRESENTATION_STYLE_ASSIGNMENT((#9351));
#9353=STYLED_ITEM('',(#9352),#9350);
#9354=CARTESIAN_POINT('',(6.01E-1,1.75E-1,1.449E0));
#9355=DIRECTION('',(0.E0,-1.E0,0.E0));
#9356=DIRECTION('',(0.E0,0.E0,-1.E0));
#9357=AXIS2_PLACEMENT_3D('',#9354,#9355,#9356);
#9359=CURVE_STYLE('',#46,POSITIVE_LENGTH_MEASURE(2.E-2),#3);
#9360=PRESENTATION_STYLE_ASSIGNMENT((#9359));
#9361=STYLED_ITEM('',(#9360),#9358);
#9362=DIRECTION('',(1.E0,0.E0,0.E0));
#9363=VECTOR('',#9362,2.E-3);
#9364=CARTESIAN_POINT('',(5.99E-1,1.75E-1,1.35E0));
#9365=LINE('',#9364,#9363);
#9366=CURVE_STYLE('',#46,POSITIVE_LENGTH_MEASURE(2.E-2),#3);
#9367=PRESENTATION_STYLE_ASSIGNMENT((#9366));
#9368=STYLED_ITEM('',(#9367),#9365);
#9369=CARTESIAN_POINT('',(5.99E-1,1.75E-1,1.449E0));
#9370=DIRECTION('',(0.E0,-1.E0,0.E0));
#9371=DIRECTION('',(-1.E0,0.E0,0.E0));
#9372=AXIS2_PLACEMENT_3D('',#9369,#9370,#9371);
#9374=CURVE_STYLE('',#46,POSITIVE_LENGTH_MEASURE(2.E-2),#3);
#9375=PRESENTATION_STYLE_ASSIGNMENT((#9374));
#9376=STYLED_ITEM('',(#9375),#9373);
#9377=DIRECTION('',(0.E0,0.E0,-1.E0));
#9378=VECTOR('',#9377,3.01E-1);
#9379=CARTESIAN_POINT('',(5.E-1,1.75E-1,1.75E0));
#9380=LINE('',#9379,#9378);
#9381=CURVE_STYLE('',#46,POSITIVE_LENGTH_MEASURE(2.E-2),#3);
#9382=PRESENTATION_STYLE_ASSIGNMENT((#9381));
#9383=STYLED_ITEM('',(#9382),#9380);
#9384=DIRECTION('',(0.E0,1.E0,0.E0));
#9385=VECTOR('',#9384,1.75E-1);
#9386=CARTESIAN_POINT('',(3.E-1,0.E0,1.449E0));
#9387=LINE('',#9386,#9385);
#9388=CURVE_STYLE('',#46,POSITIVE_LENGTH_MEASURE(2.E-2),#3);
#9389=PRESENTATION_STYLE_ASSIGNMENT((#9388));
#9390=STYLED_ITEM('',(#9389),#9387);
#9391=DIRECTION('',(0.E0,1.E0,0.E0));
#9392=VECTOR('',#9391,1.75E-1);
#9393=CARTESIAN_POINT('',(2.01E-1,0.E0,1.35E0));
#9394=LINE('',#9393,#9392);
#9395=CURVE_STYLE('',#46,POSITIVE_LENGTH_MEASURE(2.E-2),#3);
#9396=PRESENTATION_STYLE_ASSIGNMENT((#9395));
#9397=STYLED_ITEM('',(#9396),#9394);
#9398=DIRECTION('',(0.E0,1.E0,0.E0));
#9399=VECTOR('',#9398,1.75E-1);
#9400=CARTESIAN_POINT('',(1.99E-1,0.E0,1.35E0));
#9401=LINE('',#9400,#9399);
#9402=CURVE_STYLE('',#46,POSITIVE_LENGTH_MEASURE(2.E-2),#3);
#9403=PRESENTATION_STYLE_ASSIGNMENT((#9402));
#9404=STYLED_ITEM('',(#9403),#9401);
#9405=DIRECTION('',(0.E0,1.E0,0.E0));
#9406=VECTOR('',#9405,1.75E-1);
#9407=CARTESIAN_POINT('',(1.E-1,0.E0,1.449E0));
#9408=LINE('',#9407,#9406);
#9409=CURVE_STYLE('',#46,POSITIVE_LENGTH_MEASURE(2.E-2),#3);
#9410=PRESENTATION_STYLE_ASSIGNMENT((#9409));
#9411=STYLED_ITEM('',(#9410),#9408);
#9412=DIRECTION('',(0.E0,0.E0,1.E0));
#9413=VECTOR('',#9412,3.01E-1);
#9414=CARTESIAN_POINT('',(3.E-1,1.75E-1,1.449E0));
#9415=LINE('',#9414,#9413);
#9416=CURVE_STYLE('',#46,POSITIVE_LENGTH_MEASURE(2.E-2),#3);
#9417=PRESENTATION_STYLE_ASSIGNMENT((#9416));
#9418=STYLED_ITEM('',(#9417),#9415);
#9419=CARTESIAN_POINT('',(2.01E-1,1.75E-1,1.449E0));
#9420=DIRECTION('',(0.E0,-1.E0,0.E0));
#9421=DIRECTION('',(0.E0,0.E0,-1.E0));
#9422=AXIS2_PLACEMENT_3D('',#9419,#9420,#9421);
#9424=CURVE_STYLE('',#46,POSITIVE_LENGTH_MEASURE(2.E-2),#3);
#9425=PRESENTATION_STYLE_ASSIGNMENT((#9424));
#9426=STYLED_ITEM('',(#9425),#9423);
#9427=DIRECTION('',(1.E0,0.E0,0.E0));
#9428=VECTOR('',#9427,2.E-3);
#9429=CARTESIAN_POINT('',(1.99E-1,1.75E-1,1.35E0));
#9430=LINE('',#9429,#9428);
#9431=CURVE_STYLE('',#46,POSITIVE_LENGTH_MEASURE(2.E-2),#3);
#9432=PRESENTATION_STYLE_ASSIGNMENT((#9431));
#9433=STYLED_ITEM('',(#9432),#9430);
#9434=CARTESIAN_POINT('',(1.99E-1,1.75E-1,1.449E0));
#9435=DIRECTION('',(0.E0,-1.E0,0.E0));
#9436=DIRECTION('',(-1.E0,0.E0,0.E0));
#9437=AXIS2_PLACEMENT_3D('',#9434,#9435,#9436);
#9439=CURVE_STYLE('',#46,POSITIVE_LENGTH_MEASURE(2.E-2),#3);
#9440=PRESENTATION_STYLE_ASSIGNMENT((#9439));
#9441=STYLED_ITEM('',(#9440),#9438);
#9442=DIRECTION('',(0.E0,0.E0,-1.E0));
#9443=VECTOR('',#9442,3.01E-1);
#9444=CARTESIAN_POINT('',(1.E-1,1.75E-1,1.75E0));
#9445=LINE('',#9444,#9443);
#9446=CURVE_STYLE('',#46,POSITIVE_LENGTH_MEASURE(2.E-2),#3);
#9447=PRESENTATION_STYLE_ASSIGNMENT((#9446));
#9448=STYLED_ITEM('',(#9447),#9445);
#9449=DIRECTION('',(0.E0,1.E0,0.E0));
#9450=VECTOR('',#9449,1.75E-1);
#9451=CARTESIAN_POINT('',(-1.E-1,0.E0,1.449E0));
#9452=LINE('',#9451,#9450);
#9453=CURVE_STYLE('',#46,POSITIVE_LENGTH_MEASURE(2.E-2),#3);
#9454=PRESENTATION_STYLE_ASSIGNMENT((#9453));
#9455=STYLED_ITEM('',(#9454),#9452);
#9456=DIRECTION('',(0.E0,1.E0,0.E0));
#9457=VECTOR('',#9456,1.75E-1);
#9458=CARTESIAN_POINT('',(-1.99E-1,0.E0,1.35E0));
#9459=LINE('',#9458,#9457);
#9460=CURVE_STYLE('',#46,POSITIVE_LENGTH_MEASURE(2.E-2),#3);
#9461=PRESENTATION_STYLE_ASSIGNMENT((#9460));
#9462=STYLED_ITEM('',(#9461),#9459);
#9463=DIRECTION('',(0.E0,1.E0,0.E0));
#9464=VECTOR('',#9463,1.75E-1);
#9465=CARTESIAN_POINT('',(-2.01E-1,0.E0,1.35E0));
#9466=LINE('',#9465,#9464);
#9467=CURVE_STYLE('',#46,POSITIVE_LENGTH_MEASURE(2.E-2),#3);
#9468=PRESENTATION_STYLE_ASSIGNMENT((#9467));
#9469=STYLED_ITEM('',(#9468),#9466);
#9470=DIRECTION('',(0.E0,1.E0,0.E0));
#9471=VECTOR('',#9470,1.75E-1);
#9472=CARTESIAN_POINT('',(-3.E-1,0.E0,1.449E0));
#9473=LINE('',#9472,#9471);
#9474=CURVE_STYLE('',#46,POSITIVE_LENGTH_MEASURE(2.E-2),#3);
#9475=PRESENTATION_STYLE_ASSIGNMENT((#9474));
#9476=STYLED_ITEM('',(#9475),#9473);
#9477=DIRECTION('',(0.E0,0.E0,1.E0));
#9478=VECTOR('',#9477,3.01E-1);
#9479=CARTESIAN_POINT('',(-1.E-1,1.75E-1,1.449E0));
#9480=LINE('',#9479,#9478);
#9481=CURVE_STYLE('',#46,POSITIVE_LENGTH_MEASURE(2.E-2),#3);
#9482=PRESENTATION_STYLE_ASSIGNMENT((#9481));
#9483=STYLED_ITEM('',(#9482),#9480);
#9484=CARTESIAN_POINT('',(-1.99E-1,1.75E-1,1.449E0));
#9485=DIRECTION('',(0.E0,-1.E0,0.E0));
#9486=DIRECTION('',(0.E0,0.E0,-1.E0));
#9487=AXIS2_PLACEMENT_3D('',#9484,#9485,#9486);
#9489=CURVE_STYLE('',#46,POSITIVE_LENGTH_MEASURE(2.E-2),#3);
#9490=PRESENTATION_STYLE_ASSIGNMENT((#9489));
#9491=STYLED_ITEM('',(#9490),#9488);
#9492=DIRECTION('',(1.E0,0.E0,0.E0));
#9493=VECTOR('',#9492,2.E-3);
#9494=CARTESIAN_POINT('',(-2.01E-1,1.75E-1,1.35E0));
#9495=LINE('',#9494,#9493);
#9496=CURVE_STYLE('',#46,POSITIVE_LENGTH_MEASURE(2.E-2),#3);
#9497=PRESENTATION_STYLE_ASSIGNMENT((#9496));
#9498=STYLED_ITEM('',(#9497),#9495);
#9499=CARTESIAN_POINT('',(-2.01E-1,1.75E-1,1.449E0));
#9500=DIRECTION('',(0.E0,-1.E0,0.E0));
#9501=DIRECTION('',(-1.E0,0.E0,0.E0));
#9502=AXIS2_PLACEMENT_3D('',#9499,#9500,#9501);
#9504=CURVE_STYLE('',#46,POSITIVE_LENGTH_MEASURE(2.E-2),#3);
#9505=PRESENTATION_STYLE_ASSIGNMENT((#9504));
#9506=STYLED_ITEM('',(#9505),#9503);
#9507=DIRECTION('',(0.E0,0.E0,-1.E0));
#9508=VECTOR('',#9507,3.01E-1);
#9509=CARTESIAN_POINT('',(-3.E-1,1.75E-1,1.75E0));
#9510=LINE('',#9509,#9508);
#9511=CURVE_STYLE('',#46,POSITIVE_LENGTH_MEASURE(2.E-2),#3);
#9512=PRESENTATION_STYLE_ASSIGNMENT((#9511));
#9513=STYLED_ITEM('',(#9512),#9510);
#9514=DIRECTION('',(0.E0,1.E0,0.E0));
#9515=VECTOR('',#9514,1.75E-1);
#9516=CARTESIAN_POINT('',(-5.E-1,0.E0,1.449E0));
#9517=LINE('',#9516,#9515);
#9518=CURVE_STYLE('',#46,POSITIVE_LENGTH_MEASURE(2.E-2),#3);
#9519=PRESENTATION_STYLE_ASSIGNMENT((#9518));
#9520=STYLED_ITEM('',(#9519),#9517);
#9521=DIRECTION('',(0.E0,1.E0,0.E0));
#9522=VECTOR('',#9521,1.75E-1);
#9523=CARTESIAN_POINT('',(-5.99E-1,0.E0,1.35E0));
#9524=LINE('',#9523,#9522);
#9525=CURVE_STYLE('',#46,POSITIVE_LENGTH_MEASURE(2.E-2),#3);
#9526=PRESENTATION_STYLE_ASSIGNMENT((#9525));
#9527=STYLED_ITEM('',(#9526),#9524);
#9528=DIRECTION('',(0.E0,1.E0,0.E0));
#9529=VECTOR('',#9528,1.75E-1);
#9530=CARTESIAN_POINT('',(-6.01E-1,0.E0,1.35E0));
#9531=LINE('',#9530,#9529);
#9532=CURVE_STYLE('',#46,POSITIVE_LENGTH_MEASURE(2.E-2),#3);
#9533=PRESENTATION_STYLE_ASSIGNMENT((#9532));
#9534=STYLED_ITEM('',(#9533),#9531);
#9535=DIRECTION('',(0.E0,1.E0,0.E0));
#9536=VECTOR('',#9535,1.75E-1);
#9537=CARTESIAN_POINT('',(-7.E-1,0.E0,1.449E0));
#9538=LINE('',#9537,#9536);
#9539=CURVE_STYLE('',#46,POSITIVE_LENGTH_MEASURE(2.E-2),#3);
#9540=PRESENTATION_STYLE_ASSIGNMENT((#9539));
#9541=STYLED_ITEM('',(#9540),#9538);
#9542=DIRECTION('',(0.E0,0.E0,1.E0));
#9543=VECTOR('',#9542,3.01E-1);
#9544=CARTESIAN_POINT('',(-5.E-1,1.75E-1,1.449E0));
#9545=LINE('',#9544,#9543);
#9546=CURVE_STYLE('',#46,POSITIVE_LENGTH_MEASURE(2.E-2),#3);
#9547=PRESENTATION_STYLE_ASSIGNMENT((#9546));
#9548=STYLED_ITEM('',(#9547),#9545);
#9549=CARTESIAN_POINT('',(-5.99E-1,1.75E-1,1.449E0));
#9550=DIRECTION('',(0.E0,-1.E0,0.E0));
#9551=DIRECTION('',(0.E0,0.E0,-1.E0));
#9552=AXIS2_PLACEMENT_3D('',#9549,#9550,#9551);
#9554=CURVE_STYLE('',#46,POSITIVE_LENGTH_MEASURE(2.E-2),#3);
#9555=PRESENTATION_STYLE_ASSIGNMENT((#9554));
#9556=STYLED_ITEM('',(#9555),#9553);
#9557=DIRECTION('',(1.E0,0.E0,0.E0));
#9558=VECTOR('',#9557,2.E-3);
#9559=CARTESIAN_POINT('',(-6.01E-1,1.75E-1,1.35E0));
#9560=LINE('',#9559,#9558);
#9561=CURVE_STYLE('',#46,POSITIVE_LENGTH_MEASURE(2.E-2),#3);
#9562=PRESENTATION_STYLE_ASSIGNMENT((#9561));
#9563=STYLED_ITEM('',(#9562),#9560);
#9564=CARTESIAN_POINT('',(-6.01E-1,1.75E-1,1.449E0));
#9565=DIRECTION('',(0.E0,-1.E0,0.E0));
#9566=DIRECTION('',(-1.E0,0.E0,0.E0));
#9567=AXIS2_PLACEMENT_3D('',#9564,#9565,#9566);
#9569=CURVE_STYLE('',#46,POSITIVE_LENGTH_MEASURE(2.E-2),#3);
#9570=PRESENTATION_STYLE_ASSIGNMENT((#9569));
#9571=STYLED_ITEM('',(#9570),#9568);
#9572=DIRECTION('',(0.E0,0.E0,-1.E0));
#9573=VECTOR('',#9572,3.01E-1);
#9574=CARTESIAN_POINT('',(-7.E-1,1.75E-1,1.75E0));
#9575=LINE('',#9574,#9573);
#9576=CURVE_STYLE('',#46,POSITIVE_LENGTH_MEASURE(2.E-2),#3);
#9577=PRESENTATION_STYLE_ASSIGNMENT((#9576));
#9578=STYLED_ITEM('',(#9577),#9575);
#9579=DIRECTION('',(0.E0,1.E0,0.E0));
#9580=VECTOR('',#9579,1.75E-1);
#9581=CARTESIAN_POINT('',(1.7E0,0.E0,-1.45E0));
#9582=LINE('',#9581,#9580);
#9583=CURVE_STYLE('',#46,POSITIVE_LENGTH_MEASURE(2.E-2),#3);
#9584=PRESENTATION_STYLE_ASSIGNMENT((#9583));
#9585=STYLED_ITEM('',(#9584),#9582);
#9586=DIRECTION('',(1.E0,0.E0,0.E0));
#9587=VECTOR('',#9586,3.E-1);
#9588=CARTESIAN_POINT('',(1.7E0,1.75E-1,-1.45E0));
#9589=LINE('',#9588,#9587);
#9590=CURVE_STYLE('',#46,POSITIVE_LENGTH_MEASURE(2.E-2),#3);
#9591=PRESENTATION_STYLE_ASSIGNMENT((#9590));
#9592=STYLED_ITEM('',(#9591),#9589);
#9593=DIRECTION('',(0.E0,0.E0,1.E0));
#9594=VECTOR('',#9593,3.E-1);
#9595=CARTESIAN_POINT('',(1.7E0,1.75E-1,-1.75E0));
#9596=LINE('',#9595,#9594);
#9597=CURVE_STYLE('',#46,POSITIVE_LENGTH_MEASURE(2.E-2),#3);
#9598=PRESENTATION_STYLE_ASSIGNMENT((#9597));
#9599=STYLED_ITEM('',(#9598),#9596);
#9600=DIRECTION('',(0.E0,0.E0,-1.E0));
#9601=VECTOR('',#9600,6.E-1);
#9602=CARTESIAN_POINT('',(1.4E0,1.75E-1,-1.15E0));
#9603=LINE('',#9602,#9601);
#9604=CURVE_STYLE('',#46,POSITIVE_LENGTH_MEASURE(2.E-2),#3);
#9605=PRESENTATION_STYLE_ASSIGNMENT((#9604));
#9606=STYLED_ITEM('',(#9605),#9603);
#9607=DIRECTION('',(-1.E0,0.E0,0.E0));
#9608=VECTOR('',#9607,6.E-1);
#9609=CARTESIAN_POINT('',(2.E0,1.75E-1,-1.15E0));
#9610=LINE('',#9609,#9608);
#9611=CURVE_STYLE('',#46,POSITIVE_LENGTH_MEASURE(2.E-2),#3);
#9612=PRESENTATION_STYLE_ASSIGNMENT((#9611));
#9613=STYLED_ITEM('',(#9612),#9610);
#9614=DIRECTION('',(0.E0,1.E0,0.E0));
#9615=VECTOR('',#9614,1.75E-1);
#9616=CARTESIAN_POINT('',(-1.7E0,0.E0,-1.45E0));
#9617=LINE('',#9616,#9615);
#9618=CURVE_STYLE('',#46,POSITIVE_LENGTH_MEASURE(2.E-2),#3);
#9619=PRESENTATION_STYLE_ASSIGNMENT((#9618));
#9620=STYLED_ITEM('',(#9619),#9617);
#9621=DIRECTION('',(1.E0,0.E0,0.E0));
#9622=VECTOR('',#9621,6.E-1);
#9623=CARTESIAN_POINT('',(-2.E0,1.75E-1,-1.15E0));
#9624=LINE('',#9623,#9622);
#9625=CURVE_STYLE('',#46,POSITIVE_LENGTH_MEASURE(2.E-2),#3);
#9626=PRESENTATION_STYLE_ASSIGNMENT((#9625));
#9627=STYLED_ITEM('',(#9626),#9624);
#9628=DIRECTION('',(0.E0,0.E0,-1.E0));
#9629=VECTOR('',#9628,6.E-1);
#9630=CARTESIAN_POINT('',(-1.4E0,1.75E-1,-1.15E0));
#9631=LINE('',#9630,#9629);
#9632=CURVE_STYLE('',#46,POSITIVE_LENGTH_MEASURE(2.E-2),#3);
#9633=PRESENTATION_STYLE_ASSIGNMENT((#9632));
#9634=STYLED_ITEM('',(#9633),#9631);
#9635=DIRECTION('',(0.E0,0.E0,1.E0));
#9636=VECTOR('',#9635,3.E-1);
#9637=CARTESIAN_POINT('',(-1.7E0,1.75E-1,-1.75E0));
#9638=LINE('',#9637,#9636);
#9639=CURVE_STYLE('',#46,POSITIVE_LENGTH_MEASURE(2.E-2),#3);
#9640=PRESENTATION_STYLE_ASSIGNMENT((#9639));
#9641=STYLED_ITEM('',(#9640),#9638);
#9642=DIRECTION('',(-1.E0,0.E0,0.E0));
#9643=VECTOR('',#9642,3.E-1);
#9644=CARTESIAN_POINT('',(-1.7E0,1.75E-1,-1.45E0));
#9645=LINE('',#9644,#9643);
#9646=CURVE_STYLE('',#46,POSITIVE_LENGTH_MEASURE(2.E-2),#3);
#9647=PRESENTATION_STYLE_ASSIGNMENT((#9646));
#9648=STYLED_ITEM('',(#9647),#9645);
#9649=DIRECTION('',(0.E0,1.E0,0.E0));
#9650=VECTOR('',#9649,1.75E-1);
#9651=CARTESIAN_POINT('',(-1.447E0,0.E0,9.E-1));
#9652=LINE('',#9651,#9650);
#9653=CURVE_STYLE('',#46,POSITIVE_LENGTH_MEASURE(2.E-2),#3);
#9654=PRESENTATION_STYLE_ASSIGNMENT((#9653));
#9655=STYLED_ITEM('',(#9654),#9652);
#9656=DIRECTION('',(0.E0,1.E0,0.E0));
#9657=VECTOR('',#9656,1.75E-1);
#9658=CARTESIAN_POINT('',(-1.447E0,0.E0,7.E-1));
#9659=LINE('',#9658,#9657);
#9660=CURVE_STYLE('',#46,POSITIVE_LENGTH_MEASURE(2.E-2),#3);
#9661=PRESENTATION_STYLE_ASSIGNMENT((#9660));
#9662=STYLED_ITEM('',(#9661),#9659);
#9663=DIRECTION('',(-1.E0,0.E0,0.E0));
#9664=VECTOR('',#9663,5.53E-1);
#9665=CARTESIAN_POINT('',(-1.447E0,1.75E-1,9.E-1));
#9666=LINE('',#9665,#9664);
#9667=CURVE_STYLE('',#46,POSITIVE_LENGTH_MEASURE(2.E-2),#3);
#9668=PRESENTATION_STYLE_ASSIGNMENT((#9667));
#9669=STYLED_ITEM('',(#9668),#9666);
#9670=CARTESIAN_POINT('',(-1.447E0,1.75E-1,8.E-1));
#9671=DIRECTION('',(0.E0,1.E0,0.E0));
#9672=DIRECTION('',(0.E0,0.E0,1.E0));
#9673=AXIS2_PLACEMENT_3D('',#9670,#9671,#9672);
#9675=CURVE_STYLE('',#46,POSITIVE_LENGTH_MEASURE(2.E-2),#3);
#9676=PRESENTATION_STYLE_ASSIGNMENT((#9675));
#9677=STYLED_ITEM('',(#9676),#9674);
#9678=DIRECTION('',(1.E0,0.E0,0.E0));
#9679=VECTOR('',#9678,5.53E-1);
#9680=CARTESIAN_POINT('',(-2.E0,1.75E-1,7.E-1));
#9681=LINE('',#9680,#9679);
#9682=CURVE_STYLE('',#46,POSITIVE_LENGTH_MEASURE(2.E-2),#3);
#9683=PRESENTATION_STYLE_ASSIGNMENT((#9682));
#9684=STYLED_ITEM('',(#9683),#9681);
#9685=DIRECTION('',(0.E0,1.E0,0.E0));
#9686=VECTOR('',#9685,1.75E-1);
#9687=CARTESIAN_POINT('',(-1.447E0,0.E0,5.E-1));
#9688=LINE('',#9687,#9686);
#9689=CURVE_STYLE('',#46,POSITIVE_LENGTH_MEASURE(2.E-2),#3);
#9690=PRESENTATION_STYLE_ASSIGNMENT((#9689));
#9691=STYLED_ITEM('',(#9690),#9688);
#9692=DIRECTION('',(0.E0,1.E0,0.E0));
#9693=VECTOR('',#9692,1.75E-1);
#9694=CARTESIAN_POINT('',(-1.447E0,0.E0,3.E-1));
#9695=LINE('',#9694,#9693);
#9696=CURVE_STYLE('',#46,POSITIVE_LENGTH_MEASURE(2.E-2),#3);
#9697=PRESENTATION_STYLE_ASSIGNMENT((#9696));
#9698=STYLED_ITEM('',(#9697),#9695);
#9699=DIRECTION('',(-1.E0,0.E0,0.E0));
#9700=VECTOR('',#9699,5.53E-1);
#9701=CARTESIAN_POINT('',(-1.447E0,1.75E-1,5.E-1));
#9702=LINE('',#9701,#9700);
#9703=CURVE_STYLE('',#46,POSITIVE_LENGTH_MEASURE(2.E-2),#3);
#9704=PRESENTATION_STYLE_ASSIGNMENT((#9703));
#9705=STYLED_ITEM('',(#9704),#9702);
#9706=CARTESIAN_POINT('',(-1.447E0,1.75E-1,4.E-1));
#9707=DIRECTION('',(0.E0,1.E0,0.E0));
#9708=DIRECTION('',(0.E0,0.E0,1.E0));
#9709=AXIS2_PLACEMENT_3D('',#9706,#9707,#9708);
#9711=CURVE_STYLE('',#46,POSITIVE_LENGTH_MEASURE(2.E-2),#3);
#9712=PRESENTATION_STYLE_ASSIGNMENT((#9711));
#9713=STYLED_ITEM('',(#9712),#9710);
#9714=DIRECTION('',(1.E0,0.E0,0.E0));
#9715=VECTOR('',#9714,5.53E-1);
#9716=CARTESIAN_POINT('',(-2.E0,1.75E-1,3.E-1));
#9717=LINE('',#9716,#9715);
#9718=CURVE_STYLE('',#46,POSITIVE_LENGTH_MEASURE(2.E-2),#3);
#9719=PRESENTATION_STYLE_ASSIGNMENT((#9718));
#9720=STYLED_ITEM('',(#9719),#9717);
#9721=DIRECTION('',(0.E0,1.E0,0.E0));
#9722=VECTOR('',#9721,1.75E-1);
#9723=CARTESIAN_POINT('',(-1.55E0,0.E0,1.E-1));
#9724=LINE('',#9723,#9722);
#9725=CURVE_STYLE('',#46,POSITIVE_LENGTH_MEASURE(2.E-2),#3);
#9726=PRESENTATION_STYLE_ASSIGNMENT((#9725));
#9727=STYLED_ITEM('',(#9726),#9724);
#9728=DIRECTION('',(0.E0,1.E0,0.E0));
#9729=VECTOR('',#9728,1.75E-1);
#9730=CARTESIAN_POINT('',(-1.55E0,0.E0,-1.E-1));
#9731=LINE('',#9730,#9729);
#9732=CURVE_STYLE('',#46,POSITIVE_LENGTH_MEASURE(2.E-2),#3);
#9733=PRESENTATION_STYLE_ASSIGNMENT((#9732));
#9734=STYLED_ITEM('',(#9733),#9731);
#9735=DIRECTION('',(-1.E0,0.E0,0.E0));
#9736=VECTOR('',#9735,4.5E-1);
#9737=CARTESIAN_POINT('',(-1.55E0,1.75E-1,1.E-1));
#9738=LINE('',#9737,#9736);
#9739=CURVE_STYLE('',#46,POSITIVE_LENGTH_MEASURE(2.E-2),#3);
#9740=PRESENTATION_STYLE_ASSIGNMENT((#9739));
#9741=STYLED_ITEM('',(#9740),#9738);
#9742=CARTESIAN_POINT('',(-1.55E0,1.75E-1,0.E0));
#9743=DIRECTION('',(0.E0,1.E0,0.E0));
#9744=DIRECTION('',(0.E0,0.E0,1.E0));
#9745=AXIS2_PLACEMENT_3D('',#9742,#9743,#9744);
#9747=CURVE_STYLE('',#46,POSITIVE_LENGTH_MEASURE(2.E-2),#3);
#9748=PRESENTATION_STYLE_ASSIGNMENT((#9747));
#9749=STYLED_ITEM('',(#9748),#9746);
#9750=DIRECTION('',(1.E0,0.E0,0.E0));
#9751=VECTOR('',#9750,4.5E-1);
#9752=CARTESIAN_POINT('',(-2.E0,1.75E-1,-1.E-1));
#9753=LINE('',#9752,#9751);
#9754=CURVE_STYLE('',#46,POSITIVE_LENGTH_MEASURE(2.E-2),#3);
#9755=PRESENTATION_STYLE_ASSIGNMENT((#9754));
#9756=STYLED_ITEM('',(#9755),#9753);
#9757=CARTESIAN_POINT('',(-1.5E0,1.75E-1,-4.E-1));
#9758=DIRECTION('',(0.E0,1.E0,0.E0));
#9759=DIRECTION('',(0.E0,0.E0,1.E0));
#9760=AXIS2_PLACEMENT_3D('',#9757,#9758,#9759);
#9762=CURVE_STYLE('',#46,POSITIVE_LENGTH_MEASURE(2.E-2),#3);
#9763=PRESENTATION_STYLE_ASSIGNMENT((#9762));
#9764=STYLED_ITEM('',(#9763),#9761);
#9765=DIRECTION('',(1.E0,0.E0,0.E0));
#9766=VECTOR('',#9765,5.E-1);
#9767=CARTESIAN_POINT('',(-2.E0,1.75E-1,-3.E-1));
#9768=LINE('',#9767,#9766);
#9769=CURVE_STYLE('',#46,POSITIVE_LENGTH_MEASURE(2.E-2),#3);
#9770=PRESENTATION_STYLE_ASSIGNMENT((#9769));
#9771=STYLED_ITEM('',(#9770),#9768);
#9772=DIRECTION('',(0.E0,1.E0,0.E0));
#9773=VECTOR('',#9772,1.75E-1);
#9774=CARTESIAN_POINT('',(-1.5E0,0.E0,-3.E-1));
#9775=LINE('',#9774,#9773);
#9776=CURVE_STYLE('',#46,POSITIVE_LENGTH_MEASURE(2.E-2),#3);
#9777=PRESENTATION_STYLE_ASSIGNMENT((#9776));
#9778=STYLED_ITEM('',(#9777),#9775);
#9779=DIRECTION('',(-1.E0,0.E0,0.E0));
#9780=VECTOR('',#9779,5.E-1);
#9781=CARTESIAN_POINT('',(-1.5E0,1.75E-1,-5.E-1));
#9782=LINE('',#9781,#9780);
#9783=CURVE_STYLE('',#46,POSITIVE_LENGTH_MEASURE(2.E-2),#3);
#9784=PRESENTATION_STYLE_ASSIGNMENT((#9783));
#9785=STYLED_ITEM('',(#9784),#9782);
#9786=DIRECTION('',(0.E0,1.E0,0.E0));
#9787=VECTOR('',#9786,1.75E-1);
#9788=CARTESIAN_POINT('',(-1.5E0,0.E0,-5.E-1));
#9789=LINE('',#9788,#9787);
#9790=CURVE_STYLE('',#46,POSITIVE_LENGTH_MEASURE(2.E-2),#3);
#9791=PRESENTATION_STYLE_ASSIGNMENT((#9790));
#9792=STYLED_ITEM('',(#9791),#9789);
#9793=CARTESIAN_POINT('',(-2.E0,9.75E-1,-1.75E0));
#9794=CARTESIAN_POINT('',(-2.E0,9.75E-1,1.75E0));
#9795=VERTEX_POINT('',#9793);
#9796=VERTEX_POINT('',#9794);
#9797=CARTESIAN_POINT('',(2.E0,9.75E-1,1.75E0));
#9798=VERTEX_POINT('',#9797);
#9799=CARTESIAN_POINT('',(2.E0,9.75E-1,-1.75E0));
#9800=VERTEX_POINT('',#9799);
#9801=CARTESIAN_POINT('',(-2.E0,0.E0,-1.75E0));
#9802=VERTEX_POINT('',#9801);
#9803=CARTESIAN_POINT('',(-2.E0,0.E0,1.75E0));
#9804=VERTEX_POINT('',#9803);
#9805=CARTESIAN_POINT('',(2.E0,0.E0,1.75E0));
#9806=VERTEX_POINT('',#9805);
#9807=CARTESIAN_POINT('',(2.E0,0.E0,-1.75E0));
#9808=VERTEX_POINT('',#9807);
#9809=CARTESIAN_POINT('',(-2.E0,0.E0,-7.E-1));
#9810=CARTESIAN_POINT('',(-1.447E0,0.E0,-7.E-1));
#9811=VERTEX_POINT('',#9809);
#9812=VERTEX_POINT('',#9810);
#9813=CARTESIAN_POINT('',(-2.E0,0.E0,-9.E-1));
#9814=CARTESIAN_POINT('',(-1.447E0,0.E0,-9.E-1));
#9815=VERTEX_POINT('',#9813);
#9816=VERTEX_POINT('',#9814);
#9817=CARTESIAN_POINT('',(-2.E0,0.E0,-3.E-1));
#9818=CARTESIAN_POINT('',(-1.5E0,0.E0,-3.E-1));
#9819=VERTEX_POINT('',#9817);
#9820=VERTEX_POINT('',#9818);
#9821=CARTESIAN_POINT('',(-2.E0,0.E0,-5.E-1));
#9822=CARTESIAN_POINT('',(-1.5E0,0.E0,-5.E-1));
#9823=VERTEX_POINT('',#9821);
#9824=VERTEX_POINT('',#9822);
#9825=CARTESIAN_POINT('',(-2.E0,0.E0,1.E-1));
#9826=CARTESIAN_POINT('',(-1.55E0,0.E0,1.E-1));
#9827=VERTEX_POINT('',#9825);
#9828=VERTEX_POINT('',#9826);
#9829=CARTESIAN_POINT('',(-2.E0,0.E0,-1.E-1));
#9830=CARTESIAN_POINT('',(-1.55E0,0.E0,-1.E-1));
#9831=VERTEX_POINT('',#9829);
#9832=VERTEX_POINT('',#9830);
#9833=CARTESIAN_POINT('',(-2.E0,0.E0,5.E-1));
#9834=CARTESIAN_POINT('',(-1.447E0,0.E0,5.E-1));
#9835=VERTEX_POINT('',#9833);
#9836=VERTEX_POINT('',#9834);
#9837=CARTESIAN_POINT('',(-2.E0,0.E0,3.E-1));
#9838=CARTESIAN_POINT('',(-1.447E0,0.E0,3.E-1));
#9839=VERTEX_POINT('',#9837);
#9840=VERTEX_POINT('',#9838);
#9841=CARTESIAN_POINT('',(-2.E0,0.E0,9.E-1));
#9842=CARTESIAN_POINT('',(-1.447E0,0.E0,9.E-1));
#9843=VERTEX_POINT('',#9841);
#9844=VERTEX_POINT('',#9842);
#9845=CARTESIAN_POINT('',(-2.E0,0.E0,7.E-1));
#9846=CARTESIAN_POINT('',(-1.447E0,0.E0,7.E-1));
#9847=VERTEX_POINT('',#9845);
#9848=VERTEX_POINT('',#9846);
#9849=CARTESIAN_POINT('',(2.E0,0.E0,-7.E-1));
#9850=CARTESIAN_POINT('',(1.447E0,0.E0,-7.E-1));
#9851=VERTEX_POINT('',#9849);
#9852=VERTEX_POINT('',#9850);
#9853=CARTESIAN_POINT('',(2.E0,0.E0,-9.E-1));
#9854=CARTESIAN_POINT('',(1.447E0,0.E0,-9.E-1));
#9855=VERTEX_POINT('',#9853);
#9856=VERTEX_POINT('',#9854);
#9857=CARTESIAN_POINT('',(2.E0,0.E0,-3.E-1));
#9858=CARTESIAN_POINT('',(1.5E0,0.E0,-3.E-1));
#9859=VERTEX_POINT('',#9857);
#9860=VERTEX_POINT('',#9858);
#9861=CARTESIAN_POINT('',(2.E0,0.E0,-5.E-1));
#9862=CARTESIAN_POINT('',(1.5E0,0.E0,-5.E-1));
#9863=VERTEX_POINT('',#9861);
#9864=VERTEX_POINT('',#9862);
#9865=CARTESIAN_POINT('',(2.E0,0.E0,1.E-1));
#9866=CARTESIAN_POINT('',(1.447E0,0.E0,1.E-1));
#9867=VERTEX_POINT('',#9865);
#9868=VERTEX_POINT('',#9866);
#9869=CARTESIAN_POINT('',(2.E0,0.E0,-1.E-1));
#9870=CARTESIAN_POINT('',(1.447E0,0.E0,-1.E-1));
#9871=VERTEX_POINT('',#9869);
#9872=VERTEX_POINT('',#9870);
#9873=CARTESIAN_POINT('',(2.E0,0.E0,5.E-1));
#9874=CARTESIAN_POINT('',(1.5E0,0.E0,5.E-1));
#9875=VERTEX_POINT('',#9873);
#9876=VERTEX_POINT('',#9874);
#9877=CARTESIAN_POINT('',(2.E0,0.E0,3.E-1));
#9878=CARTESIAN_POINT('',(1.5E0,0.E0,3.E-1));
#9879=VERTEX_POINT('',#9877);
#9880=VERTEX_POINT('',#9878);
#9881=CARTESIAN_POINT('',(2.E0,0.E0,9.E-1));
#9882=CARTESIAN_POINT('',(1.5E0,0.E0,9.E-1));
#9883=VERTEX_POINT('',#9881);
#9884=VERTEX_POINT('',#9882);
#9885=CARTESIAN_POINT('',(2.E0,0.E0,7.E-1));
#9886=CARTESIAN_POINT('',(1.5E0,0.E0,7.E-1));
#9887=VERTEX_POINT('',#9885);
#9888=VERTEX_POINT('',#9886);
#9889=CARTESIAN_POINT('',(-1.1E0,0.E0,-1.75E0));
#9890=CARTESIAN_POINT('',(-1.1E0,0.E0,-1.449E0));
#9891=VERTEX_POINT('',#9889);
#9892=VERTEX_POINT('',#9890);
#9893=CARTESIAN_POINT('',(-9.E-1,0.E0,-1.75E0));
#9894=CARTESIAN_POINT('',(-9.E-1,0.E0,-1.449E0));
#9895=VERTEX_POINT('',#9893);
#9896=VERTEX_POINT('',#9894);
#9897=CARTESIAN_POINT('',(-7.E-1,0.E0,-1.75E0));
#9898=CARTESIAN_POINT('',(-7.E-1,0.E0,-1.449E0));
#9899=VERTEX_POINT('',#9897);
#9900=VERTEX_POINT('',#9898);
#9901=CARTESIAN_POINT('',(-5.E-1,0.E0,-1.75E0));
#9902=CARTESIAN_POINT('',(-5.E-1,0.E0,-1.449E0));
#9903=VERTEX_POINT('',#9901);
#9904=VERTEX_POINT('',#9902);
#9905=CARTESIAN_POINT('',(-3.E-1,0.E0,-1.75E0));
#9906=CARTESIAN_POINT('',(-3.E-1,0.E0,-1.449E0));
#9907=VERTEX_POINT('',#9905);
#9908=VERTEX_POINT('',#9906);
#9909=CARTESIAN_POINT('',(-1.E-1,0.E0,-1.75E0));
#9910=CARTESIAN_POINT('',(-1.E-1,0.E0,-1.449E0));
#9911=VERTEX_POINT('',#9909);
#9912=VERTEX_POINT('',#9910);
#9913=CARTESIAN_POINT('',(1.E-1,0.E0,-1.75E0));
#9914=CARTESIAN_POINT('',(1.E-1,0.E0,-1.449E0));
#9915=VERTEX_POINT('',#9913);
#9916=VERTEX_POINT('',#9914);
#9917=CARTESIAN_POINT('',(3.E-1,0.E0,-1.75E0));
#9918=CARTESIAN_POINT('',(3.E-1,0.E0,-1.449E0));
#9919=VERTEX_POINT('',#9917);
#9920=VERTEX_POINT('',#9918);
#9921=CARTESIAN_POINT('',(-1.1E0,0.E0,1.75E0));
#9922=CARTESIAN_POINT('',(-1.1E0,0.E0,1.449E0));
#9923=VERTEX_POINT('',#9921);
#9924=VERTEX_POINT('',#9922);
#9925=CARTESIAN_POINT('',(-9.E-1,0.E0,1.75E0));
#9926=CARTESIAN_POINT('',(-9.E-1,0.E0,1.449E0));
#9927=VERTEX_POINT('',#9925);
#9928=VERTEX_POINT('',#9926);
#9929=CARTESIAN_POINT('',(-7.E-1,0.E0,1.75E0));
#9930=CARTESIAN_POINT('',(-7.E-1,0.E0,1.449E0));
#9931=VERTEX_POINT('',#9929);
#9932=VERTEX_POINT('',#9930);
#9933=CARTESIAN_POINT('',(-5.E-1,0.E0,1.75E0));
#9934=CARTESIAN_POINT('',(-5.E-1,0.E0,1.449E0));
#9935=VERTEX_POINT('',#9933);
#9936=VERTEX_POINT('',#9934);
#9937=CARTESIAN_POINT('',(-3.E-1,0.E0,1.75E0));
#9938=CARTESIAN_POINT('',(-3.E-1,0.E0,1.449E0));
#9939=VERTEX_POINT('',#9937);
#9940=VERTEX_POINT('',#9938);
#9941=CARTESIAN_POINT('',(-1.E-1,0.E0,1.75E0));
#9942=CARTESIAN_POINT('',(-1.E-1,0.E0,1.449E0));
#9943=VERTEX_POINT('',#9941);
#9944=VERTEX_POINT('',#9942);
#9945=CARTESIAN_POINT('',(1.E-1,0.E0,1.75E0));
#9946=CARTESIAN_POINT('',(1.E-1,0.E0,1.449E0));
#9947=VERTEX_POINT('',#9945);
#9948=VERTEX_POINT('',#9946);
#9949=CARTESIAN_POINT('',(3.E-1,0.E0,1.75E0));
#9950=CARTESIAN_POINT('',(3.E-1,0.E0,1.449E0));
#9951=VERTEX_POINT('',#9949);
#9952=VERTEX_POINT('',#9950);
#9953=CARTESIAN_POINT('',(-2.E0,1.75E-1,-7.E-1));
#9954=CARTESIAN_POINT('',(-2.E0,1.75E-1,-9.E-1));
#9955=VERTEX_POINT('',#9953);
#9956=VERTEX_POINT('',#9954);
#9957=CARTESIAN_POINT('',(-2.E0,1.75E-1,1.E-1));
#9958=CARTESIAN_POINT('',(-2.E0,1.75E-1,-1.E-1));
#9959=VERTEX_POINT('',#9957);
#9960=VERTEX_POINT('',#9958);
#9961=CARTESIAN_POINT('',(-2.E0,1.75E-1,-3.E-1));
#9962=VERTEX_POINT('',#9961);
#9963=CARTESIAN_POINT('',(-2.E0,1.75E-1,-5.E-1));
#9964=VERTEX_POINT('',#9963);
#9965=CARTESIAN_POINT('',(-2.E0,1.75E-1,5.E-1));
#9966=CARTESIAN_POINT('',(-2.E0,1.75E-1,3.E-1));
#9967=VERTEX_POINT('',#9965);
#9968=VERTEX_POINT('',#9966);
#9969=CARTESIAN_POINT('',(-2.E0,1.75E-1,9.E-1));
#9970=CARTESIAN_POINT('',(-2.E0,1.75E-1,7.E-1));
#9971=VERTEX_POINT('',#9969);
#9972=VERTEX_POINT('',#9970);
#9973=CARTESIAN_POINT('',(-1.1E0,1.75E-1,1.75E0));
#9974=VERTEX_POINT('',#9973);
#9975=CARTESIAN_POINT('',(-9.E-1,1.75E-1,1.75E0));
#9976=VERTEX_POINT('',#9975);
#9977=CARTESIAN_POINT('',(-7.E-1,1.75E-1,1.75E0));
#9978=VERTEX_POINT('',#9977);
#9979=CARTESIAN_POINT('',(-5.E-1,1.75E-1,1.75E0));
#9980=VERTEX_POINT('',#9979);
#9981=CARTESIAN_POINT('',(-3.E-1,1.75E-1,1.75E0));
#9982=VERTEX_POINT('',#9981);
#9983=CARTESIAN_POINT('',(-1.E-1,1.75E-1,1.75E0));
#9984=VERTEX_POINT('',#9983);
#9985=CARTESIAN_POINT('',(1.E-1,1.75E-1,1.75E0));
#9986=VERTEX_POINT('',#9985);
#9987=CARTESIAN_POINT('',(3.E-1,1.75E-1,1.75E0));
#9988=VERTEX_POINT('',#9987);
#9989=CARTESIAN_POINT('',(2.E0,1.75E-1,-7.E-1));
#9990=CARTESIAN_POINT('',(2.E0,1.75E-1,-9.E-1));
#9991=VERTEX_POINT('',#9989);
#9992=VERTEX_POINT('',#9990);
#9993=CARTESIAN_POINT('',(2.E0,1.75E-1,-3.E-1));
#9994=CARTESIAN_POINT('',(2.E0,1.75E-1,-5.E-1));
#9995=VERTEX_POINT('',#9993);
#9996=VERTEX_POINT('',#9994);
#9997=CARTESIAN_POINT('',(2.E0,1.75E-1,1.E-1));
#9998=CARTESIAN_POINT('',(2.E0,1.75E-1,-1.E-1));
#9999=VERTEX_POINT('',#9997);
#10000=VERTEX_POINT('',#9998);
#10001=CARTESIAN_POINT('',(2.E0,1.75E-1,5.E-1));
#10002=CARTESIAN_POINT('',(2.E0,1.75E-1,3.E-1));
#10003=VERTEX_POINT('',#10001);
#10004=VERTEX_POINT('',#10002);
#10005=CARTESIAN_POINT('',(2.E0,1.75E-1,9.E-1));
#10006=CARTESIAN_POINT('',(2.E0,1.75E-1,7.E-1));
#10007=VERTEX_POINT('',#10005);
#10008=VERTEX_POINT('',#10006);
#10009=CARTESIAN_POINT('',(-1.1E0,1.75E-1,-1.75E0));
#10010=VERTEX_POINT('',#10009);
#10011=CARTESIAN_POINT('',(-9.E-1,1.75E-1,-1.75E0));
#10012=VERTEX_POINT('',#10011);
#10013=CARTESIAN_POINT('',(-7.E-1,1.75E-1,-1.75E0));
#10014=VERTEX_POINT('',#10013);
#10015=CARTESIAN_POINT('',(-5.E-1,1.75E-1,-1.75E0));
#10016=VERTEX_POINT('',#10015);
#10017=CARTESIAN_POINT('',(-3.E-1,1.75E-1,-1.75E0));
#10018=VERTEX_POINT('',#10017);
#10019=CARTESIAN_POINT('',(-1.E-1,1.75E-1,-1.75E0));
#10020=VERTEX_POINT('',#10019);
#10021=CARTESIAN_POINT('',(1.E-1,1.75E-1,-1.75E0));
#10022=VERTEX_POINT('',#10021);
#10023=CARTESIAN_POINT('',(3.E-1,1.75E-1,-1.75E0));
#10024=VERTEX_POINT('',#10023);
#10025=CARTESIAN_POINT('',(-2.E0,0.E0,-1.45E0));
#10026=VERTEX_POINT('',#10025);
#10027=CARTESIAN_POINT('',(-2.E0,0.E0,-1.15E0));
#10028=VERTEX_POINT('',#10027);
#10029=CARTESIAN_POINT('',(-1.7E0,0.E0,1.75E0));
#10030=VERTEX_POINT('',#10029);
#10031=CARTESIAN_POINT('',(-1.4E0,0.E0,1.75E0));
#10032=VERTEX_POINT('',#10031);
#10033=CARTESIAN_POINT('',(5.E-1,0.E0,1.75E0));
#10034=VERTEX_POINT('',#10033);
#10035=CARTESIAN_POINT('',(2.E0,0.E0,1.45E0));
#10036=VERTEX_POINT('',#10035);
#10037=CARTESIAN_POINT('',(2.E0,0.E0,1.15E0));
#10038=VERTEX_POINT('',#10037);
#10039=CARTESIAN_POINT('',(1.7E0,0.E0,-1.75E0));
#10040=VERTEX_POINT('',#10039);
#10041=CARTESIAN_POINT('',(1.4E0,0.E0,-1.75E0));
#10042=CARTESIAN_POINT('',(1.1E0,0.E0,-1.75E0));
#10043=VERTEX_POINT('',#10041);
#10044=VERTEX_POINT('',#10042);
#10045=CARTESIAN_POINT('',(9.E-1,0.E0,-1.75E0));
#10046=CARTESIAN_POINT('',(7.E-1,0.E0,-1.75E0));
#10047=VERTEX_POINT('',#10045);
#10048=VERTEX_POINT('',#10046);
#10049=CARTESIAN_POINT('',(5.E-1,0.E0,-1.75E0));
#10050=VERTEX_POINT('',#10049);
#10051=CARTESIAN_POINT('',(-1.1E0,1.75E-1,-1.449E0));
#10052=CARTESIAN_POINT('',(-1.001E0,1.75E-1,-1.35E0));
#10053=VERTEX_POINT('',#10051);
#10054=VERTEX_POINT('',#10052);
#10055=CARTESIAN_POINT('',(-9.99E-1,1.75E-1,-1.35E0));
#10056=VERTEX_POINT('',#10055);
#10057=CARTESIAN_POINT('',(-9.E-1,1.75E-1,-1.449E0));
#10058=VERTEX_POINT('',#10057);
#10059=CARTESIAN_POINT('',(-7.E-1,1.75E-1,-1.449E0));
#10060=CARTESIAN_POINT('',(-6.01E-1,1.75E-1,-1.35E0));
#10061=VERTEX_POINT('',#10059);
#10062=VERTEX_POINT('',#10060);
#10063=CARTESIAN_POINT('',(-5.99E-1,1.75E-1,-1.35E0));
#10064=VERTEX_POINT('',#10063);
#10065=CARTESIAN_POINT('',(-5.E-1,1.75E-1,-1.449E0));
#10066=VERTEX_POINT('',#10065);
#10067=CARTESIAN_POINT('',(-3.E-1,1.75E-1,-1.449E0));
#10068=CARTESIAN_POINT('',(-2.01E-1,1.75E-1,-1.35E0));
#10069=VERTEX_POINT('',#10067);
#10070=VERTEX_POINT('',#10068);
#10071=CARTESIAN_POINT('',(-1.99E-1,1.75E-1,-1.35E0));
#10072=VERTEX_POINT('',#10071);
#10073=CARTESIAN_POINT('',(-1.E-1,1.75E-1,-1.449E0));
#10074=VERTEX_POINT('',#10073);
#10075=CARTESIAN_POINT('',(1.E-1,1.75E-1,-1.449E0));
#10076=CARTESIAN_POINT('',(1.99E-1,1.75E-1,-1.35E0));
#10077=VERTEX_POINT('',#10075);
#10078=VERTEX_POINT('',#10076);
#10079=CARTESIAN_POINT('',(2.01E-1,1.75E-1,-1.35E0));
#10080=VERTEX_POINT('',#10079);
#10081=CARTESIAN_POINT('',(3.E-1,1.75E-1,-1.449E0));
#10082=VERTEX_POINT('',#10081);
#10083=CARTESIAN_POINT('',(-1.1E0,1.75E-1,1.449E0));
#10084=CARTESIAN_POINT('',(-1.001E0,1.75E-1,1.35E0));
#10085=VERTEX_POINT('',#10083);
#10086=VERTEX_POINT('',#10084);
#10087=CARTESIAN_POINT('',(-9.99E-1,1.75E-1,1.35E0));
#10088=VERTEX_POINT('',#10087);
#10089=CARTESIAN_POINT('',(-9.E-1,1.75E-1,1.449E0));
#10090=VERTEX_POINT('',#10089);
#10091=CARTESIAN_POINT('',(-7.E-1,1.75E-1,1.449E0));
#10092=CARTESIAN_POINT('',(-6.01E-1,1.75E-1,1.35E0));
#10093=VERTEX_POINT('',#10091);
#10094=VERTEX_POINT('',#10092);
#10095=CARTESIAN_POINT('',(-5.99E-1,1.75E-1,1.35E0));
#10096=VERTEX_POINT('',#10095);
#10097=CARTESIAN_POINT('',(-5.E-1,1.75E-1,1.449E0));
#10098=VERTEX_POINT('',#10097);
#10099=CARTESIAN_POINT('',(-3.E-1,1.75E-1,1.449E0));
#10100=CARTESIAN_POINT('',(-2.01E-1,1.75E-1,1.35E0));
#10101=VERTEX_POINT('',#10099);
#10102=VERTEX_POINT('',#10100);
#10103=CARTESIAN_POINT('',(-1.99E-1,1.75E-1,1.35E0));
#10104=VERTEX_POINT('',#10103);
#10105=CARTESIAN_POINT('',(-1.E-1,1.75E-1,1.449E0));
#10106=VERTEX_POINT('',#10105);
#10107=CARTESIAN_POINT('',(1.E-1,1.75E-1,1.449E0));
#10108=CARTESIAN_POINT('',(1.99E-1,1.75E-1,1.35E0));
#10109=VERTEX_POINT('',#10107);
#10110=VERTEX_POINT('',#10108);
#10111=CARTESIAN_POINT('',(2.01E-1,1.75E-1,1.35E0));
#10112=VERTEX_POINT('',#10111);
#10113=CARTESIAN_POINT('',(3.E-1,1.75E-1,1.449E0));
#10114=VERTEX_POINT('',#10113);
#10115=CARTESIAN_POINT('',(-1.001E0,0.E0,-1.35E0));
#10116=VERTEX_POINT('',#10115);
#10117=CARTESIAN_POINT('',(-9.99E-1,0.E0,-1.35E0));
#10118=VERTEX_POINT('',#10117);
#10119=CARTESIAN_POINT('',(-6.01E-1,0.E0,-1.35E0));
#10120=VERTEX_POINT('',#10119);
#10121=CARTESIAN_POINT('',(-5.99E-1,0.E0,-1.35E0));
#10122=VERTEX_POINT('',#10121);
#10123=CARTESIAN_POINT('',(-2.01E-1,0.E0,-1.35E0));
#10124=VERTEX_POINT('',#10123);
#10125=CARTESIAN_POINT('',(-1.99E-1,0.E0,-1.35E0));
#10126=VERTEX_POINT('',#10125);
#10127=CARTESIAN_POINT('',(1.99E-1,0.E0,-1.35E0));
#10128=VERTEX_POINT('',#10127);
#10129=CARTESIAN_POINT('',(2.01E-1,0.E0,-1.35E0));
#10130=VERTEX_POINT('',#10129);
#10131=CARTESIAN_POINT('',(-1.001E0,0.E0,1.35E0));
#10132=VERTEX_POINT('',#10131);
#10133=CARTESIAN_POINT('',(-9.99E-1,0.E0,1.35E0));
#10134=VERTEX_POINT('',#10133);
#10135=CARTESIAN_POINT('',(-6.01E-1,0.E0,1.35E0));
#10136=VERTEX_POINT('',#10135);
#10137=CARTESIAN_POINT('',(-5.99E-1,0.E0,1.35E0));
#10138=VERTEX_POINT('',#10137);
#10139=CARTESIAN_POINT('',(-2.01E-1,0.E0,1.35E0));
#10140=VERTEX_POINT('',#10139);
#10141=CARTESIAN_POINT('',(-1.99E-1,0.E0,1.35E0));
#10142=VERTEX_POINT('',#10141);
#10143=CARTESIAN_POINT('',(1.99E-1,0.E0,1.35E0));
#10144=VERTEX_POINT('',#10143);
#10145=CARTESIAN_POINT('',(2.01E-1,0.E0,1.35E0));
#10146=VERTEX_POINT('',#10145);
#10147=CARTESIAN_POINT('',(5.E-1,1.75E-1,-1.449E0));
#10148=CARTESIAN_POINT('',(5.99E-1,1.75E-1,-1.35E0));
#10149=VERTEX_POINT('',#10147);
#10150=VERTEX_POINT('',#10148);
#10151=CARTESIAN_POINT('',(6.01E-1,1.75E-1,-1.35E0));
#10152=VERTEX_POINT('',#10151);
#10153=CARTESIAN_POINT('',(7.E-1,1.75E-1,-1.449E0));
#10154=VERTEX_POINT('',#10153);
#10155=CARTESIAN_POINT('',(9.E-1,1.75E-1,-1.449E0));
#10156=CARTESIAN_POINT('',(9.99E-1,1.75E-1,-1.35E0));
#10157=VERTEX_POINT('',#10155);
#10158=VERTEX_POINT('',#10156);
#10159=CARTESIAN_POINT('',(1.001E0,1.75E-1,-1.35E0));
#10160=VERTEX_POINT('',#10159);
#10161=CARTESIAN_POINT('',(1.1E0,1.75E-1,-1.449E0));
#10162=VERTEX_POINT('',#10161);
#10163=CARTESIAN_POINT('',(5.E-1,1.75E-1,1.449E0));
#10164=CARTESIAN_POINT('',(5.99E-1,1.75E-1,1.35E0));
#10165=VERTEX_POINT('',#10163);
#10166=VERTEX_POINT('',#10164);
#10167=CARTESIAN_POINT('',(6.01E-1,1.75E-1,1.35E0));
#10168=VERTEX_POINT('',#10167);
#10169=CARTESIAN_POINT('',(7.E-1,1.75E-1,1.449E0));
#10170=VERTEX_POINT('',#10169);
#10171=CARTESIAN_POINT('',(9.E-1,1.75E-1,1.449E0));
#10172=CARTESIAN_POINT('',(9.99E-1,1.75E-1,1.35E0));
#10173=VERTEX_POINT('',#10171);
#10174=VERTEX_POINT('',#10172);
#10175=CARTESIAN_POINT('',(1.001E0,1.75E-1,1.35E0));
#10176=VERTEX_POINT('',#10175);
#10177=CARTESIAN_POINT('',(1.1E0,1.75E-1,1.449E0));
#10178=VERTEX_POINT('',#10177);
#10179=CARTESIAN_POINT('',(5.E-1,0.E0,-1.449E0));
#10180=VERTEX_POINT('',#10179);
#10181=CARTESIAN_POINT('',(5.99E-1,0.E0,-1.35E0));
#10182=VERTEX_POINT('',#10181);
#10183=CARTESIAN_POINT('',(6.01E-1,0.E0,-1.35E0));
#10184=VERTEX_POINT('',#10183);
#10185=CARTESIAN_POINT('',(7.E-1,0.E0,-1.449E0));
#10186=VERTEX_POINT('',#10185);
#10187=CARTESIAN_POINT('',(9.E-1,0.E0,-1.449E0));
#10188=VERTEX_POINT('',#10187);
#10189=CARTESIAN_POINT('',(9.99E-1,0.E0,-1.35E0));
#10190=VERTEX_POINT('',#10189);
#10191=CARTESIAN_POINT('',(1.001E0,0.E0,-1.35E0));
#10192=VERTEX_POINT('',#10191);
#10193=CARTESIAN_POINT('',(1.1E0,0.E0,-1.449E0));
#10194=VERTEX_POINT('',#10193);
#10195=CARTESIAN_POINT('',(5.E-1,0.E0,1.449E0));
#10196=VERTEX_POINT('',#10195);
#10197=CARTESIAN_POINT('',(5.99E-1,0.E0,1.35E0));
#10198=VERTEX_POINT('',#10197);
#10199=CARTESIAN_POINT('',(6.01E-1,0.E0,1.35E0));
#10200=VERTEX_POINT('',#10199);
#10201=CARTESIAN_POINT('',(7.E-1,0.E0,1.449E0));
#10202=VERTEX_POINT('',#10201);
#10203=CARTESIAN_POINT('',(7.E-1,0.E0,1.75E0));
#10204=VERTEX_POINT('',#10203);
#10205=CARTESIAN_POINT('',(9.E-1,0.E0,1.75E0));
#10206=CARTESIAN_POINT('',(9.E-1,0.E0,1.449E0));
#10207=VERTEX_POINT('',#10205);
#10208=VERTEX_POINT('',#10206);
#10209=CARTESIAN_POINT('',(9.99E-1,0.E0,1.35E0));
#10210=VERTEX_POINT('',#10209);
#10211=CARTESIAN_POINT('',(1.001E0,0.E0,1.35E0));
#10212=VERTEX_POINT('',#10211);
#10213=CARTESIAN_POINT('',(1.1E0,0.E0,1.449E0));
#10214=VERTEX_POINT('',#10213);
#10215=CARTESIAN_POINT('',(1.1E0,0.E0,1.75E0));
#10216=VERTEX_POINT('',#10215);
#10217=CARTESIAN_POINT('',(5.E-1,1.75E-1,1.75E0));
#10218=VERTEX_POINT('',#10217);
#10219=CARTESIAN_POINT('',(7.E-1,1.75E-1,1.75E0));
#10220=VERTEX_POINT('',#10219);
#10221=CARTESIAN_POINT('',(9.E-1,1.75E-1,1.75E0));
#10222=VERTEX_POINT('',#10221);
#10223=CARTESIAN_POINT('',(1.1E0,1.75E-1,1.75E0));
#10224=VERTEX_POINT('',#10223);
#10225=CARTESIAN_POINT('',(5.E-1,1.75E-1,-1.75E0));
#10226=VERTEX_POINT('',#10225);
#10227=CARTESIAN_POINT('',(7.E-1,1.75E-1,-1.75E0));
#10228=VERTEX_POINT('',#10227);
#10229=CARTESIAN_POINT('',(9.E-1,1.75E-1,-1.75E0));
#10230=VERTEX_POINT('',#10229);
#10231=CARTESIAN_POINT('',(1.1E0,1.75E-1,-1.75E0));
#10232=VERTEX_POINT('',#10231);
#10233=CARTESIAN_POINT('',(-2.E0,0.E0,1.15E0));
#10234=VERTEX_POINT('',#10233);
#10235=CARTESIAN_POINT('',(-2.E0,0.E0,1.45E0));
#10236=VERTEX_POINT('',#10235);
#10237=CARTESIAN_POINT('',(1.4E0,0.E0,1.75E0));
#10238=VERTEX_POINT('',#10237);
#10239=CARTESIAN_POINT('',(1.7E0,0.E0,1.75E0));
#10240=VERTEX_POINT('',#10239);
#10241=CARTESIAN_POINT('',(2.E0,0.E0,-1.15E0));
#10242=VERTEX_POINT('',#10241);
#10243=CARTESIAN_POINT('',(2.E0,0.E0,-1.45E0));
#10244=VERTEX_POINT('',#10243);
#10245=CARTESIAN_POINT('',(-1.4E0,0.E0,-1.75E0));
#10246=VERTEX_POINT('',#10245);
#10247=CARTESIAN_POINT('',(-1.7E0,0.E0,-1.75E0));
#10248=VERTEX_POINT('',#10247);
#10249=CARTESIAN_POINT('',(-1.447E0,1.75E-1,-7.E-1));
#10250=CARTESIAN_POINT('',(-1.447E0,1.75E-1,-9.E-1));
#10251=VERTEX_POINT('',#10249);
#10252=VERTEX_POINT('',#10250);
#10253=CARTESIAN_POINT('',(-1.447E0,1.75E-1,9.E-1));
#10254=CARTESIAN_POINT('',(-1.447E0,1.75E-1,7.E-1));
#10255=VERTEX_POINT('',#10253);
#10256=VERTEX_POINT('',#10254);
#10257=CARTESIAN_POINT('',(-1.55E0,1.75E-1,1.E-1));
#10258=CARTESIAN_POINT('',(-1.55E0,1.75E-1,-1.E-1));
#10259=VERTEX_POINT('',#10257);
#10260=VERTEX_POINT('',#10258);
#10261=CARTESIAN_POINT('',(1.447E0,1.75E-1,-9.E-1));
#10262=CARTESIAN_POINT('',(1.447E0,1.75E-1,-7.E-1));
#10263=VERTEX_POINT('',#10261);
#10264=VERTEX_POINT('',#10262);
#10265=CARTESIAN_POINT('',(1.5E0,1.75E-1,7.E-1));
#10266=CARTESIAN_POINT('',(1.5E0,1.75E-1,9.E-1));
#10267=VERTEX_POINT('',#10265);
#10268=VERTEX_POINT('',#10266);
#10269=CARTESIAN_POINT('',(1.5E0,1.75E-1,3.E-1));
#10270=CARTESIAN_POINT('',(1.5E0,1.75E-1,5.E-1));
#10271=VERTEX_POINT('',#10269);
#10272=VERTEX_POINT('',#10270);
#10273=CARTESIAN_POINT('',(-1.7E0,0.E0,-1.45E0));
#10274=VERTEX_POINT('',#10273);
#10275=CARTESIAN_POINT('',(-1.4E0,0.E0,-1.15E0));
#10276=VERTEX_POINT('',#10275);
#10277=CARTESIAN_POINT('',(1.7E0,0.E0,-1.45E0));
#10278=VERTEX_POINT('',#10277);
#10279=CARTESIAN_POINT('',(1.4E0,0.E0,-1.15E0));
#10280=VERTEX_POINT('',#10279);
#10281=CARTESIAN_POINT('',(-1.7E0,0.E0,1.45E0));
#10282=VERTEX_POINT('',#10281);
#10283=CARTESIAN_POINT('',(-1.5E0,0.E0,1.15E0));
#10284=VERTEX_POINT('',#10283);
#10285=CARTESIAN_POINT('',(-1.4E0,0.E0,1.25E0));
#10286=VERTEX_POINT('',#10285);
#10287=CARTESIAN_POINT('',(1.7E0,0.E0,1.45E0));
#10288=VERTEX_POINT('',#10287);
#10289=CARTESIAN_POINT('',(1.4E0,0.E0,1.15E0));
#10290=VERTEX_POINT('',#10289);
#10291=CARTESIAN_POINT('',(-2.E0,1.75E-1,-1.45E0));
#10292=VERTEX_POINT('',#10291);
#10293=CARTESIAN_POINT('',(-2.E0,1.75E-1,-1.15E0));
#10294=VERTEX_POINT('',#10293);
#10295=CARTESIAN_POINT('',(-2.E0,1.75E-1,1.45E0));
#10296=VERTEX_POINT('',#10295);
#10297=CARTESIAN_POINT('',(-2.E0,1.75E-1,1.15E0));
#10298=VERTEX_POINT('',#10297);
#10299=CARTESIAN_POINT('',(-1.7E0,1.75E-1,1.75E0));
#10300=VERTEX_POINT('',#10299);
#10301=CARTESIAN_POINT('',(-1.4E0,1.75E-1,1.75E0));
#10302=VERTEX_POINT('',#10301);
#10303=CARTESIAN_POINT('',(1.7E0,1.75E-1,1.75E0));
#10304=VERTEX_POINT('',#10303);
#10305=CARTESIAN_POINT('',(1.4E0,1.75E-1,1.75E0));
#10306=VERTEX_POINT('',#10305);
#10307=CARTESIAN_POINT('',(2.E0,1.75E-1,-1.45E0));
#10308=VERTEX_POINT('',#10307);
#10309=CARTESIAN_POINT('',(2.E0,1.75E-1,-1.15E0));
#10310=VERTEX_POINT('',#10309);
#10311=CARTESIAN_POINT('',(2.E0,1.75E-1,1.45E0));
#10312=VERTEX_POINT('',#10311);
#10313=CARTESIAN_POINT('',(2.E0,1.75E-1,1.15E0));
#10314=VERTEX_POINT('',#10313);
#10315=CARTESIAN_POINT('',(-1.7E0,1.75E-1,-1.75E0));
#10316=VERTEX_POINT('',#10315);
#10317=CARTESIAN_POINT('',(-1.4E0,1.75E-1,-1.75E0));
#10318=VERTEX_POINT('',#10317);
#10319=CARTESIAN_POINT('',(1.7E0,1.75E-1,-1.75E0));
#10320=VERTEX_POINT('',#10319);
#10321=CARTESIAN_POINT('',(1.4E0,1.75E-1,-1.75E0));
#10322=VERTEX_POINT('',#10321);
#10323=CARTESIAN_POINT('',(-1.7E0,1.75E-1,-1.45E0));
#10324=VERTEX_POINT('',#10323);
#10325=CARTESIAN_POINT('',(1.7E0,1.75E-1,-1.45E0));
#10326=VERTEX_POINT('',#10325);
#10327=CARTESIAN_POINT('',(1.4E0,1.75E-1,-1.15E0));
#10328=VERTEX_POINT('',#10327);
#10329=CARTESIAN_POINT('',(-1.7E0,1.75E-1,1.45E0));
#10330=VERTEX_POINT('',#10329);
#10331=CARTESIAN_POINT('',(1.7E0,1.75E-1,1.45E0));
#10332=VERTEX_POINT('',#10331);
#10333=CARTESIAN_POINT('',(1.4E0,1.75E-1,1.15E0));
#10334=VERTEX_POINT('',#10333);
#10335=CARTESIAN_POINT('',(-1.447E0,1.75E-1,5.E-1));
#10336=CARTESIAN_POINT('',(-1.447E0,1.75E-1,3.E-1));
#10337=VERTEX_POINT('',#10335);
#10338=VERTEX_POINT('',#10336);
#10339=CARTESIAN_POINT('',(-1.5E0,1.75E-1,-3.E-1));
#10340=CARTESIAN_POINT('',(-1.5E0,1.75E-1,-5.E-1));
#10341=VERTEX_POINT('',#10339);
#10342=VERTEX_POINT('',#10340);
#10343=CARTESIAN_POINT('',(1.447E0,1.75E-1,-1.E-1));
#10344=CARTESIAN_POINT('',(1.447E0,1.75E-1,1.E-1));
#10345=VERTEX_POINT('',#10343);
#10346=VERTEX_POINT('',#10344);
#10347=CARTESIAN_POINT('',(1.5E0,1.75E-1,-5.E-1));
#10348=CARTESIAN_POINT('',(1.5E0,1.75E-1,-3.E-1));
#10349=VERTEX_POINT('',#10347);
#10350=VERTEX_POINT('',#10348);
#10351=CARTESIAN_POINT('',(-1.4E0,1.75E-1,1.25E0));
#10352=CARTESIAN_POINT('',(-1.5E0,1.75E-1,1.15E0));
#10353=VERTEX_POINT('',#10351);
#10354=VERTEX_POINT('',#10352);
#10355=CARTESIAN_POINT('',(-1.4E0,1.75E-1,-1.15E0));
#10356=VERTEX_POINT('',#10355);
#10357=CARTESIAN_POINT('',(0.E0,0.E0,0.E0));
#10358=DIRECTION('',(0.E0,1.E0,0.E0));
#10359=DIRECTION('',(1.E0,0.E0,0.E0));
#10360=AXIS2_PLACEMENT_3D('',#10357,#10358,#10359);
#10361=PLANE('',#10360);
#10363=ORIENTED_EDGE('',*,*,#10362,.F.);
#10365=ORIENTED_EDGE('',*,*,#10364,.T.);
#10367=ORIENTED_EDGE('',*,*,#10366,.T.);
#10369=ORIENTED_EDGE('',*,*,#10368,.F.);
#10371=ORIENTED_EDGE('',*,*,#10370,.F.);
#10373=ORIENTED_EDGE('',*,*,#10372,.T.);
#10375=ORIENTED_EDGE('',*,*,#10374,.T.);
#10377=ORIENTED_EDGE('',*,*,#10376,.F.);
#10379=ORIENTED_EDGE('',*,*,#10378,.F.);
#10381=ORIENTED_EDGE('',*,*,#10380,.T.);
#10383=ORIENTED_EDGE('',*,*,#10382,.T.);
#10385=ORIENTED_EDGE('',*,*,#10384,.F.);
#10387=ORIENTED_EDGE('',*,*,#10386,.F.);
#10389=ORIENTED_EDGE('',*,*,#10388,.T.);
#10391=ORIENTED_EDGE('',*,*,#10390,.T.);
#10393=ORIENTED_EDGE('',*,*,#10392,.F.);
#10395=ORIENTED_EDGE('',*,*,#10394,.F.);
#10397=ORIENTED_EDGE('',*,*,#10396,.T.);
#10399=ORIENTED_EDGE('',*,*,#10398,.T.);
#10401=ORIENTED_EDGE('',*,*,#10400,.F.);
#10403=ORIENTED_EDGE('',*,*,#10402,.F.);
#10405=ORIENTED_EDGE('',*,*,#10404,.T.);
#10407=ORIENTED_EDGE('',*,*,#10406,.T.);
#10409=ORIENTED_EDGE('',*,*,#10408,.T.);
#10411=ORIENTED_EDGE('',*,*,#10410,.T.);
#10413=ORIENTED_EDGE('',*,*,#10412,.T.);
#10415=ORIENTED_EDGE('',*,*,#10414,.F.);
#10417=ORIENTED_EDGE('',*,*,#10416,.T.);
#10419=ORIENTED_EDGE('',*,*,#10418,.T.);
#10421=ORIENTED_EDGE('',*,*,#10420,.T.);
#10423=ORIENTED_EDGE('',*,*,#10422,.T.);
#10425=ORIENTED_EDGE('',*,*,#10424,.T.);
#10427=ORIENTED_EDGE('',*,*,#10426,.F.);
#10429=ORIENTED_EDGE('',*,*,#10428,.T.);
#10431=ORIENTED_EDGE('',*,*,#10430,.T.);
#10433=ORIENTED_EDGE('',*,*,#10432,.T.);
#10435=ORIENTED_EDGE('',*,*,#10434,.T.);
#10437=ORIENTED_EDGE('',*,*,#10436,.T.);
#10439=ORIENTED_EDGE('',*,*,#10438,.F.);
#10441=ORIENTED_EDGE('',*,*,#10440,.T.);
#10443=ORIENTED_EDGE('',*,*,#10442,.T.);
#10445=ORIENTED_EDGE('',*,*,#10444,.T.);
#10447=ORIENTED_EDGE('',*,*,#10446,.T.);
#10449=ORIENTED_EDGE('',*,*,#10448,.T.);
#10451=ORIENTED_EDGE('',*,*,#10450,.F.);
#10453=ORIENTED_EDGE('',*,*,#10452,.T.);
#10455=ORIENTED_EDGE('',*,*,#10454,.T.);
#10457=ORIENTED_EDGE('',*,*,#10456,.T.);
#10459=ORIENTED_EDGE('',*,*,#10458,.T.);
#10461=ORIENTED_EDGE('',*,*,#10460,.T.);
#10463=ORIENTED_EDGE('',*,*,#10462,.F.);
#10465=ORIENTED_EDGE('',*,*,#10464,.T.);
#10467=ORIENTED_EDGE('',*,*,#10466,.T.);
#10469=ORIENTED_EDGE('',*,*,#10468,.T.);
#10471=ORIENTED_EDGE('',*,*,#10470,.T.);
#10473=ORIENTED_EDGE('',*,*,#10472,.T.);
#10475=ORIENTED_EDGE('',*,*,#10474,.F.);
#10477=ORIENTED_EDGE('',*,*,#10476,.T.);
#10479=ORIENTED_EDGE('',*,*,#10478,.T.);
#10481=ORIENTED_EDGE('',*,*,#10480,.F.);
#10483=ORIENTED_EDGE('',*,*,#10482,.T.);
#10485=ORIENTED_EDGE('',*,*,#10484,.T.);
#10487=ORIENTED_EDGE('',*,*,#10486,.F.);
#10489=ORIENTED_EDGE('',*,*,#10488,.F.);
#10491=ORIENTED_EDGE('',*,*,#10490,.T.);
#10493=ORIENTED_EDGE('',*,*,#10492,.T.);
#10495=ORIENTED_EDGE('',*,*,#10494,.F.);
#10497=ORIENTED_EDGE('',*,*,#10496,.F.);
#10499=ORIENTED_EDGE('',*,*,#10498,.T.);
#10501=ORIENTED_EDGE('',*,*,#10500,.T.);
#10503=ORIENTED_EDGE('',*,*,#10502,.F.);
#10505=ORIENTED_EDGE('',*,*,#10504,.F.);
#10507=ORIENTED_EDGE('',*,*,#10506,.T.);
#10509=ORIENTED_EDGE('',*,*,#10508,.T.);
#10511=ORIENTED_EDGE('',*,*,#10510,.F.);
#10513=ORIENTED_EDGE('',*,*,#10512,.F.);
#10515=ORIENTED_EDGE('',*,*,#10514,.T.);
#10517=ORIENTED_EDGE('',*,*,#10516,.T.);
#10519=ORIENTED_EDGE('',*,*,#10518,.F.);
#10521=ORIENTED_EDGE('',*,*,#10520,.F.);
#10523=ORIENTED_EDGE('',*,*,#10522,.T.);
#10525=ORIENTED_EDGE('',*,*,#10524,.T.);
#10527=ORIENTED_EDGE('',*,*,#10526,.F.);
#10529=ORIENTED_EDGE('',*,*,#10528,.T.);
#10531=ORIENTED_EDGE('',*,*,#10530,.T.);
#10533=ORIENTED_EDGE('',*,*,#10532,.F.);
#10535=ORIENTED_EDGE('',*,*,#10534,.F.);
#10537=ORIENTED_EDGE('',*,*,#10536,.F.);
#10539=ORIENTED_EDGE('',*,*,#10538,.F.);
#10541=ORIENTED_EDGE('',*,*,#10540,.T.);
#10543=ORIENTED_EDGE('',*,*,#10542,.T.);
#10545=ORIENTED_EDGE('',*,*,#10544,.F.);
#10547=ORIENTED_EDGE('',*,*,#10546,.F.);
#10549=ORIENTED_EDGE('',*,*,#10548,.F.);
#10551=ORIENTED_EDGE('',*,*,#10550,.F.);
#10553=ORIENTED_EDGE('',*,*,#10552,.T.);
#10555=ORIENTED_EDGE('',*,*,#10554,.T.);
#10557=ORIENTED_EDGE('',*,*,#10556,.F.);
#10559=ORIENTED_EDGE('',*,*,#10558,.F.);
#10561=ORIENTED_EDGE('',*,*,#10560,.F.);
#10563=ORIENTED_EDGE('',*,*,#10562,.F.);
#10565=ORIENTED_EDGE('',*,*,#10564,.T.);
#10567=ORIENTED_EDGE('',*,*,#10566,.T.);
#10569=ORIENTED_EDGE('',*,*,#10568,.F.);
#10571=ORIENTED_EDGE('',*,*,#10570,.F.);
#10573=ORIENTED_EDGE('',*,*,#10572,.F.);
#10575=ORIENTED_EDGE('',*,*,#10574,.F.);
#10577=ORIENTED_EDGE('',*,*,#10576,.T.);
#10579=ORIENTED_EDGE('',*,*,#10578,.T.);
#10581=ORIENTED_EDGE('',*,*,#10580,.F.);
#10583=ORIENTED_EDGE('',*,*,#10582,.F.);
#10585=ORIENTED_EDGE('',*,*,#10584,.F.);
#10587=ORIENTED_EDGE('',*,*,#10586,.F.);
#10589=ORIENTED_EDGE('',*,*,#10588,.T.);
#10591=ORIENTED_EDGE('',*,*,#10590,.T.);
#10593=ORIENTED_EDGE('',*,*,#10592,.F.);
#10595=ORIENTED_EDGE('',*,*,#10594,.F.);
#10597=ORIENTED_EDGE('',*,*,#10596,.F.);
#10599=ORIENTED_EDGE('',*,*,#10598,.F.);
#10601=ORIENTED_EDGE('',*,*,#10600,.T.);
#10603=ORIENTED_EDGE('',*,*,#10602,.T.);
#10605=ORIENTED_EDGE('',*,*,#10604,.F.);
#10607=ORIENTED_EDGE('',*,*,#10606,.T.);
#10609=ORIENTED_EDGE('',*,*,#10608,.T.);
#10611=ORIENTED_EDGE('',*,*,#10610,.F.);
#10612=EDGE_LOOP('',(#10363,#10365,#10367,#10369,#10371,#10373,#10375,#10377,
#10379,#10381,#10383,#10385,#10387,#10389,#10391,#10393,#10395,#10397,#10399,
#10401,#10403,#10405,#10407,#10409,#10411,#10413,#10415,#10417,#10419,#10421,
#10423,#10425,#10427,#10429,#10431,#10433,#10435,#10437,#10439,#10441,#10443,
#10445,#10447,#10449,#10451,#10453,#10455,#10457,#10459,#10461,#10463,#10465,
#10467,#10469,#10471,#10473,#10475,#10477,#10479,#10481,#10483,#10485,#10487,
#10489,#10491,#10493,#10495,#10497,#10499,#10501,#10503,#10505,#10507,#10509,
#10511,#10513,#10515,#10517,#10519,#10521,#10523,#10525,#10527,#10529,#10531,
#10533,#10535,#10537,#10539,#10541,#10543,#10545,#10547,#10549,#10551,#10553,
#10555,#10557,#10559,#10561,#10563,#10565,#10567,#10569,#10571,#10573,#10575,
#10577,#10579,#10581,#10583,#10585,#10587,#10589,#10591,#10593,#10595,#10597,
#10599,#10601,#10603,#10605,#10607,#10609,#10611));
#10613=FACE_OUTER_BOUND('',#10612,.F.);
#10614=ADVANCED_FACE('',(#10613),#10361,.F.);
#10615=CARTESIAN_POINT('',(0.E0,0.E0,0.E0));
#10616=DIRECTION('',(0.E0,1.E0,0.E0));
#10617=DIRECTION('',(1.E0,0.E0,0.E0));
#10618=AXIS2_PLACEMENT_3D('',#10615,#10616,#10617);
#10619=PLANE('',#10618);
#10621=ORIENTED_EDGE('',*,*,#10620,.T.);
#10623=ORIENTED_EDGE('',*,*,#10622,.T.);
#10625=ORIENTED_EDGE('',*,*,#10624,.F.);
#10627=ORIENTED_EDGE('',*,*,#10626,.T.);
#10628=EDGE_LOOP('',(#10621,#10623,#10625,#10627));
#10629=FACE_OUTER_BOUND('',#10628,.F.);
#10630=ADVANCED_FACE('',(#10629),#10619,.F.);
#10631=CARTESIAN_POINT('',(0.E0,0.E0,0.E0));
#10632=DIRECTION('',(0.E0,1.E0,0.E0));
#10633=DIRECTION('',(1.E0,0.E0,0.E0));
#10634=AXIS2_PLACEMENT_3D('',#10631,#10632,#10633);
#10635=PLANE('',#10634);
#10637=ORIENTED_EDGE('',*,*,#10636,.T.);
#10639=ORIENTED_EDGE('',*,*,#10638,.T.);
#10641=ORIENTED_EDGE('',*,*,#10640,.F.);
#10643=ORIENTED_EDGE('',*,*,#10642,.T.);
#10644=EDGE_LOOP('',(#10637,#10639,#10641,#10643));
#10645=FACE_OUTER_BOUND('',#10644,.F.);
#10646=ADVANCED_FACE('',(#10645),#10635,.F.);
#10647=CARTESIAN_POINT('',(0.E0,0.E0,0.E0));
#10648=DIRECTION('',(0.E0,1.E0,0.E0));
#10649=DIRECTION('',(1.E0,0.E0,0.E0));
#10650=AXIS2_PLACEMENT_3D('',#10647,#10648,#10649);
#10651=PLANE('',#10650);
#10653=ORIENTED_EDGE('',*,*,#10652,.T.);
#10655=ORIENTED_EDGE('',*,*,#10654,.T.);
#10657=ORIENTED_EDGE('',*,*,#10656,.F.);
#10659=ORIENTED_EDGE('',*,*,#10658,.T.);
#10660=EDGE_LOOP('',(#10653,#10655,#10657,#10659));
#10661=FACE_OUTER_BOUND('',#10660,.F.);
#10662=ADVANCED_FACE('',(#10661),#10651,.F.);
#10663=CARTESIAN_POINT('',(0.E0,0.E0,0.E0));
#10664=DIRECTION('',(0.E0,1.E0,0.E0));
#10665=DIRECTION('',(1.E0,0.E0,0.E0));
#10666=AXIS2_PLACEMENT_3D('',#10663,#10664,#10665);
#10667=PLANE('',#10666);
#10669=ORIENTED_EDGE('',*,*,#10668,.T.);
#10671=ORIENTED_EDGE('',*,*,#10670,.T.);
#10673=ORIENTED_EDGE('',*,*,#10672,.F.);
#10675=ORIENTED_EDGE('',*,*,#10674,.T.);
#10676=EDGE_LOOP('',(#10669,#10671,#10673,#10675));
#10677=FACE_OUTER_BOUND('',#10676,.F.);
#10678=ADVANCED_FACE('',(#10677),#10667,.F.);
#10679=CARTESIAN_POINT('',(-2.1E0,-2.5E-2,-7.E-1));
#10680=DIRECTION('',(0.E0,0.E0,1.E0));
#10681=DIRECTION('',(1.E0,0.E0,0.E0));
#10682=AXIS2_PLACEMENT_3D('',#10679,#10680,#10681);
#10683=PLANE('',#10682);
#10684=ORIENTED_EDGE('',*,*,#10362,.T.);
#10686=ORIENTED_EDGE('',*,*,#10685,.T.);
#10688=ORIENTED_EDGE('',*,*,#10687,.T.);
#10690=ORIENTED_EDGE('',*,*,#10689,.F.);
#10691=EDGE_LOOP('',(#10684,#10686,#10688,#10690));
#10692=FACE_OUTER_BOUND('',#10691,.F.);
#10693=ADVANCED_FACE('',(#10692),#10683,.F.);
#10694=CARTESIAN_POINT('',(-1.447E0,-2.5E-2,-8.E-1));
#10695=DIRECTION('',(0.E0,1.E0,0.E0));
#10696=DIRECTION('',(1.E0,0.E0,0.E0));
#10697=AXIS2_PLACEMENT_3D('',#10694,#10695,#10696);
#10698=CYLINDRICAL_SURFACE('',#10697,1.E-1);
#10699=ORIENTED_EDGE('',*,*,#10610,.T.);
#10701=ORIENTED_EDGE('',*,*,#10700,.T.);
#10703=ORIENTED_EDGE('',*,*,#10702,.F.);
#10704=ORIENTED_EDGE('',*,*,#10685,.F.);
#10705=EDGE_LOOP('',(#10699,#10701,#10703,#10704));
#10706=FACE_OUTER_BOUND('',#10705,.F.);
#10707=ADVANCED_FACE('',(#10706),#10698,.F.);
#10708=CARTESIAN_POINT('',(-1.699E0,-2.5E-2,-9.E-1));
#10709=DIRECTION('',(0.E0,0.E0,-1.E0));
#10710=DIRECTION('',(-1.E0,0.E0,0.E0));
#10711=AXIS2_PLACEMENT_3D('',#10708,#10709,#10710);
#10712=PLANE('',#10711);
#10713=ORIENTED_EDGE('',*,*,#10608,.F.);
#10715=ORIENTED_EDGE('',*,*,#10714,.T.);
#10717=ORIENTED_EDGE('',*,*,#10716,.T.);
#10718=ORIENTED_EDGE('',*,*,#10700,.F.);
#10719=EDGE_LOOP('',(#10713,#10715,#10717,#10718));
#10720=FACE_OUTER_BOUND('',#10719,.F.);
#10721=ADVANCED_FACE('',(#10720),#10712,.F.);
#10722=CARTESIAN_POINT('',(-2.E0,0.E0,-1.75E0));
#10723=DIRECTION('',(-1.E0,0.E0,0.E0));
#10724=DIRECTION('',(0.E0,0.E0,1.E0));
#10725=AXIS2_PLACEMENT_3D('',#10722,#10723,#10724);
#10726=PLANE('',#10725);
#10728=ORIENTED_EDGE('',*,*,#10727,.T.);
#10729=ORIENTED_EDGE('',*,*,#10714,.F.);
#10730=ORIENTED_EDGE('',*,*,#10606,.F.);
#10732=ORIENTED_EDGE('',*,*,#10731,.T.);
#10734=ORIENTED_EDGE('',*,*,#10733,.F.);
#10736=ORIENTED_EDGE('',*,*,#10735,.F.);
#10737=ORIENTED_EDGE('',*,*,#10620,.F.);
#10739=ORIENTED_EDGE('',*,*,#10738,.T.);
#10741=ORIENTED_EDGE('',*,*,#10740,.T.);
#10743=ORIENTED_EDGE('',*,*,#10742,.F.);
#10744=ORIENTED_EDGE('',*,*,#10642,.F.);
#10746=ORIENTED_EDGE('',*,*,#10745,.T.);
#10748=ORIENTED_EDGE('',*,*,#10747,.T.);
#10750=ORIENTED_EDGE('',*,*,#10749,.F.);
#10751=ORIENTED_EDGE('',*,*,#10396,.F.);
#10753=ORIENTED_EDGE('',*,*,#10752,.T.);
#10755=ORIENTED_EDGE('',*,*,#10754,.T.);
#10757=ORIENTED_EDGE('',*,*,#10756,.F.);
#10758=ORIENTED_EDGE('',*,*,#10388,.F.);
#10760=ORIENTED_EDGE('',*,*,#10759,.T.);
#10762=ORIENTED_EDGE('',*,*,#10761,.T.);
#10764=ORIENTED_EDGE('',*,*,#10763,.F.);
#10765=ORIENTED_EDGE('',*,*,#10380,.F.);
#10767=ORIENTED_EDGE('',*,*,#10766,.T.);
#10769=ORIENTED_EDGE('',*,*,#10768,.T.);
#10771=ORIENTED_EDGE('',*,*,#10770,.F.);
#10772=ORIENTED_EDGE('',*,*,#10372,.F.);
#10774=ORIENTED_EDGE('',*,*,#10773,.T.);
#10776=ORIENTED_EDGE('',*,*,#10775,.T.);
#10778=ORIENTED_EDGE('',*,*,#10777,.F.);
#10779=ORIENTED_EDGE('',*,*,#10364,.F.);
#10780=ORIENTED_EDGE('',*,*,#10689,.T.);
#10781=EDGE_LOOP('',(#10728,#10729,#10730,#10732,#10734,#10736,#10737,#10739,
#10741,#10743,#10744,#10746,#10748,#10750,#10751,#10753,#10755,#10757,#10758,
#10760,#10762,#10764,#10765,#10767,#10769,#10771,#10772,#10774,#10776,#10778,
#10779,#10780));
#10782=FACE_OUTER_BOUND('',#10781,.F.);
#10783=ADVANCED_FACE('',(#10782),#10726,.T.);
#10784=CARTESIAN_POINT('',(0.E0,1.75E-1,0.E0));
#10785=DIRECTION('',(0.E0,1.E0,0.E0));
#10786=DIRECTION('',(1.E0,0.E0,0.E0));
#10787=AXIS2_PLACEMENT_3D('',#10784,#10785,#10786);
#10788=PLANE('',#10787);
#10789=ORIENTED_EDGE('',*,*,#10727,.F.);
#10790=ORIENTED_EDGE('',*,*,#10687,.F.);
#10791=ORIENTED_EDGE('',*,*,#10702,.T.);
#10792=ORIENTED_EDGE('',*,*,#10716,.F.);
#10793=EDGE_LOOP('',(#10789,#10790,#10791,#10792));
#10794=FACE_OUTER_BOUND('',#10793,.F.);
#10795=ADVANCED_FACE('',(#10794),#10788,.F.);
#10796=CARTESIAN_POINT('',(-2.E0,-2.5E-2,-1.15E0));
#10797=DIRECTION('',(0.E0,0.E0,1.E0));
#10798=DIRECTION('',(1.E0,0.E0,0.E0));
#10799=AXIS2_PLACEMENT_3D('',#10796,#10797,#10798);
#10800=PLANE('',#10799);
#10801=ORIENTED_EDGE('',*,*,#10604,.T.);
#10803=ORIENTED_EDGE('',*,*,#10802,.T.);
#10805=ORIENTED_EDGE('',*,*,#10804,.F.);
#10806=ORIENTED_EDGE('',*,*,#10731,.F.);
#10807=EDGE_LOOP('',(#10801,#10803,#10805,#10806));
#10808=FACE_OUTER_BOUND('',#10807,.F.);
#10809=ADVANCED_FACE('',(#10808),#10800,.F.);
#10810=CARTESIAN_POINT('',(-1.4E0,-2.5E-2,-1.15E0));
#10811=DIRECTION('',(1.E0,0.E0,0.E0));
#10812=DIRECTION('',(0.E0,0.E0,-1.E0));
#10813=AXIS2_PLACEMENT_3D('',#10810,#10811,#10812);
#10814=PLANE('',#10813);
#10815=ORIENTED_EDGE('',*,*,#10602,.F.);
#10817=ORIENTED_EDGE('',*,*,#10816,.T.);
#10819=ORIENTED_EDGE('',*,*,#10818,.F.);
#10820=ORIENTED_EDGE('',*,*,#10802,.F.);
#10821=EDGE_LOOP('',(#10815,#10817,#10819,#10820));
#10822=FACE_OUTER_BOUND('',#10821,.F.);
#10823=ADVANCED_FACE('',(#10822),#10814,.F.);
#10824=CARTESIAN_POINT('',(2.E0,0.E0,-1.75E0));
#10825=DIRECTION('',(0.E0,0.E0,-1.E0));
#10826=DIRECTION('',(-1.E0,0.E0,0.E0));
#10827=AXIS2_PLACEMENT_3D('',#10824,#10825,#10826);
#10828=PLANE('',#10827);
#10830=ORIENTED_EDGE('',*,*,#10829,.T.);
#10832=ORIENTED_EDGE('',*,*,#10831,.T.);
#10834=ORIENTED_EDGE('',*,*,#10833,.F.);
#10835=ORIENTED_EDGE('',*,*,#10588,.F.);
#10837=ORIENTED_EDGE('',*,*,#10836,.T.);
#10839=ORIENTED_EDGE('',*,*,#10838,.T.);
#10841=ORIENTED_EDGE('',*,*,#10840,.F.);
#10842=ORIENTED_EDGE('',*,*,#10576,.F.);
#10844=ORIENTED_EDGE('',*,*,#10843,.T.);
#10846=ORIENTED_EDGE('',*,*,#10845,.T.);
#10848=ORIENTED_EDGE('',*,*,#10847,.F.);
#10849=ORIENTED_EDGE('',*,*,#10564,.F.);
#10851=ORIENTED_EDGE('',*,*,#10850,.T.);
#10853=ORIENTED_EDGE('',*,*,#10852,.T.);
#10855=ORIENTED_EDGE('',*,*,#10854,.F.);
#10856=ORIENTED_EDGE('',*,*,#10552,.F.);
#10858=ORIENTED_EDGE('',*,*,#10857,.T.);
#10860=ORIENTED_EDGE('',*,*,#10859,.T.);
#10862=ORIENTED_EDGE('',*,*,#10861,.F.);
#10863=ORIENTED_EDGE('',*,*,#10540,.F.);
#10865=ORIENTED_EDGE('',*,*,#10864,.T.);
#10867=ORIENTED_EDGE('',*,*,#10866,.T.);
#10869=ORIENTED_EDGE('',*,*,#10868,.F.);
#10870=ORIENTED_EDGE('',*,*,#10528,.F.);
#10872=ORIENTED_EDGE('',*,*,#10871,.T.);
#10874=ORIENTED_EDGE('',*,*,#10873,.F.);
#10876=ORIENTED_EDGE('',*,*,#10875,.F.);
#10877=ORIENTED_EDGE('',*,*,#10668,.F.);
#10879=ORIENTED_EDGE('',*,*,#10878,.T.);
#10881=ORIENTED_EDGE('',*,*,#10880,.T.);
#10882=ORIENTED_EDGE('',*,*,#10738,.F.);
#10883=ORIENTED_EDGE('',*,*,#10626,.F.);
#10885=ORIENTED_EDGE('',*,*,#10884,.T.);
#10887=ORIENTED_EDGE('',*,*,#10886,.T.);
#10888=ORIENTED_EDGE('',*,*,#10816,.F.);
#10889=ORIENTED_EDGE('',*,*,#10600,.F.);
#10890=EDGE_LOOP('',(#10830,#10832,#10834,#10835,#10837,#10839,#10841,#10842,
#10844,#10846,#10848,#10849,#10851,#10853,#10855,#10856,#10858,#10860,#10862,
#10863,#10865,#10867,#10869,#10870,#10872,#10874,#10876,#10877,#10879,#10881,
#10882,#10883,#10885,#10887,#10888,#10889));
#10891=FACE_OUTER_BOUND('',#10890,.F.);
#10892=ADVANCED_FACE('',(#10891),#10828,.T.);
#10893=CARTESIAN_POINT('',(-1.1E0,-2.5E-2,-1.85E0));
#10894=DIRECTION('',(-1.E0,0.E0,0.E0));
#10895=DIRECTION('',(0.E0,0.E0,1.E0));
#10896=AXIS2_PLACEMENT_3D('',#10893,#10894,#10895);
#10897=PLANE('',#10896);
#10898=ORIENTED_EDGE('',*,*,#10598,.T.);
#10900=ORIENTED_EDGE('',*,*,#10899,.T.);
#10902=ORIENTED_EDGE('',*,*,#10901,.F.);
#10903=ORIENTED_EDGE('',*,*,#10829,.F.);
#10904=EDGE_LOOP('',(#10898,#10900,#10902,#10903));
#10905=FACE_OUTER_BOUND('',#10904,.F.);
#10906=ADVANCED_FACE('',(#10905),#10897,.F.);
#10907=CARTESIAN_POINT('',(-1.001E0,-2.5E-2,-1.449E0));
#10908=DIRECTION('',(0.E0,1.E0,0.E0));
#10909=DIRECTION('',(1.E0,0.E0,0.E0));
#10910=AXIS2_PLACEMENT_3D('',#10907,#10908,#10909);
#10911=CYLINDRICAL_SURFACE('',#10910,9.9E-2);
#10912=ORIENTED_EDGE('',*,*,#10596,.T.);
#10914=ORIENTED_EDGE('',*,*,#10913,.T.);
#10916=ORIENTED_EDGE('',*,*,#10915,.F.);
#10917=ORIENTED_EDGE('',*,*,#10899,.F.);
#10918=EDGE_LOOP('',(#10912,#10914,#10916,#10917));
#10919=FACE_OUTER_BOUND('',#10918,.F.);
#10920=ADVANCED_FACE('',(#10919),#10911,.F.);
#10921=CARTESIAN_POINT('',(-1.001E0,-2.5E-2,-1.35E0));
#10922=DIRECTION('',(0.E0,0.E0,1.E0));
#10923=DIRECTION('',(1.E0,0.E0,0.E0));
#10924=AXIS2_PLACEMENT_3D('',#10921,#10922,#10923);
#10925=PLANE('',#10924);
#10926=ORIENTED_EDGE('',*,*,#10594,.T.);
#10928=ORIENTED_EDGE('',*,*,#10927,.T.);
#10930=ORIENTED_EDGE('',*,*,#10929,.F.);
#10931=ORIENTED_EDGE('',*,*,#10913,.F.);
#10932=EDGE_LOOP('',(#10926,#10928,#10930,#10931));
#10933=FACE_OUTER_BOUND('',#10932,.F.);
#10934=ADVANCED_FACE('',(#10933),#10925,.F.);
#10935=CARTESIAN_POINT('',(-9.99E-1,-2.5E-2,-1.449E0));
#10936=DIRECTION('',(0.E0,1.E0,0.E0));
#10937=DIRECTION('',(1.E0,0.E0,0.E0));
#10938=AXIS2_PLACEMENT_3D('',#10935,#10936,#10937);
#10939=CYLINDRICAL_SURFACE('',#10938,9.9E-2);
#10940=ORIENTED_EDGE('',*,*,#10592,.T.);
#10942=ORIENTED_EDGE('',*,*,#10941,.T.);
#10944=ORIENTED_EDGE('',*,*,#10943,.F.);
#10945=ORIENTED_EDGE('',*,*,#10927,.F.);
#10946=EDGE_LOOP('',(#10940,#10942,#10944,#10945));
#10947=FACE_OUTER_BOUND('',#10946,.F.);
#10948=ADVANCED_FACE('',(#10947),#10939,.F.);
#10949=CARTESIAN_POINT('',(-9.E-1,-2.5E-2,-1.449E0));
#10950=DIRECTION('',(1.E0,0.E0,0.E0));
#10951=DIRECTION('',(0.E0,0.E0,-1.E0));
#10952=AXIS2_PLACEMENT_3D('',#10949,#10950,#10951);
#10953=PLANE('',#10952);
#10954=ORIENTED_EDGE('',*,*,#10590,.F.);
#10955=ORIENTED_EDGE('',*,*,#10833,.T.);
#10957=ORIENTED_EDGE('',*,*,#10956,.F.);
#10958=ORIENTED_EDGE('',*,*,#10941,.F.);
#10959=EDGE_LOOP('',(#10954,#10955,#10957,#10958));
#10960=FACE_OUTER_BOUND('',#10959,.F.);
#10961=ADVANCED_FACE('',(#10960),#10953,.F.);
#10962=CARTESIAN_POINT('',(0.E0,1.75E-1,0.E0));
#10963=DIRECTION('',(0.E0,1.E0,0.E0));
#10964=DIRECTION('',(1.E0,0.E0,0.E0));
#10965=AXIS2_PLACEMENT_3D('',#10962,#10963,#10964);
#10966=PLANE('',#10965);
#10967=ORIENTED_EDGE('',*,*,#10831,.F.);
#10968=ORIENTED_EDGE('',*,*,#10901,.T.);
#10969=ORIENTED_EDGE('',*,*,#10915,.T.);
#10970=ORIENTED_EDGE('',*,*,#10929,.T.);
#10971=ORIENTED_EDGE('',*,*,#10943,.T.);
#10972=ORIENTED_EDGE('',*,*,#10956,.T.);
#10973=EDGE_LOOP('',(#10967,#10968,#10969,#10970,#10971,#10972));
#10974=FACE_OUTER_BOUND('',#10973,.F.);
#10975=ADVANCED_FACE('',(#10974),#10966,.F.);
#10976=CARTESIAN_POINT('',(-7.E-1,-2.5E-2,-1.85E0));
#10977=DIRECTION('',(-1.E0,0.E0,0.E0));
#10978=DIRECTION('',(0.E0,0.E0,1.E0));
#10979=AXIS2_PLACEMENT_3D('',#10976,#10977,#10978);
#10980=PLANE('',#10979);
#10981=ORIENTED_EDGE('',*,*,#10586,.T.);
#10983=ORIENTED_EDGE('',*,*,#10982,.T.);
#10985=ORIENTED_EDGE('',*,*,#10984,.F.);
#10986=ORIENTED_EDGE('',*,*,#10836,.F.);
#10987=EDGE_LOOP('',(#10981,#10983,#10985,#10986));
#10988=FACE_OUTER_BOUND('',#10987,.F.);
#10989=ADVANCED_FACE('',(#10988),#10980,.F.);
#10990=CARTESIAN_POINT('',(-6.01E-1,-2.5E-2,-1.449E0));
#10991=DIRECTION('',(0.E0,1.E0,0.E0));
#10992=DIRECTION('',(1.E0,0.E0,0.E0));
#10993=AXIS2_PLACEMENT_3D('',#10990,#10991,#10992);
#10994=CYLINDRICAL_SURFACE('',#10993,9.9E-2);
#10995=ORIENTED_EDGE('',*,*,#10584,.T.);
#10997=ORIENTED_EDGE('',*,*,#10996,.T.);
#10999=ORIENTED_EDGE('',*,*,#10998,.F.);
#11000=ORIENTED_EDGE('',*,*,#10982,.F.);
#11001=EDGE_LOOP('',(#10995,#10997,#10999,#11000));
#11002=FACE_OUTER_BOUND('',#11001,.F.);
#11003=ADVANCED_FACE('',(#11002),#10994,.F.);
#11004=CARTESIAN_POINT('',(-6.01E-1,-2.5E-2,-1.35E0));
#11005=DIRECTION('',(0.E0,0.E0,1.E0));
#11006=DIRECTION('',(1.E0,0.E0,0.E0));
#11007=AXIS2_PLACEMENT_3D('',#11004,#11005,#11006);
#11008=PLANE('',#11007);
#11009=ORIENTED_EDGE('',*,*,#10582,.T.);
#11011=ORIENTED_EDGE('',*,*,#11010,.T.);
#11013=ORIENTED_EDGE('',*,*,#11012,.F.);
#11014=ORIENTED_EDGE('',*,*,#10996,.F.);
#11015=EDGE_LOOP('',(#11009,#11011,#11013,#11014));
#11016=FACE_OUTER_BOUND('',#11015,.F.);
#11017=ADVANCED_FACE('',(#11016),#11008,.F.);
#11018=CARTESIAN_POINT('',(-5.99E-1,-2.5E-2,-1.449E0));
#11019=DIRECTION('',(0.E0,1.E0,0.E0));
#11020=DIRECTION('',(1.E0,0.E0,0.E0));
#11021=AXIS2_PLACEMENT_3D('',#11018,#11019,#11020);
#11022=CYLINDRICAL_SURFACE('',#11021,9.9E-2);
#11023=ORIENTED_EDGE('',*,*,#10580,.T.);
#11025=ORIENTED_EDGE('',*,*,#11024,.T.);
#11027=ORIENTED_EDGE('',*,*,#11026,.F.);
#11028=ORIENTED_EDGE('',*,*,#11010,.F.);
#11029=EDGE_LOOP('',(#11023,#11025,#11027,#11028));
#11030=FACE_OUTER_BOUND('',#11029,.F.);
#11031=ADVANCED_FACE('',(#11030),#11022,.F.);
#11032=CARTESIAN_POINT('',(-5.E-1,-2.5E-2,-1.449E0));
#11033=DIRECTION('',(1.E0,0.E0,0.E0));
#11034=DIRECTION('',(0.E0,0.E0,-1.E0));
#11035=AXIS2_PLACEMENT_3D('',#11032,#11033,#11034);
#11036=PLANE('',#11035);
#11037=ORIENTED_EDGE('',*,*,#10578,.F.);
#11038=ORIENTED_EDGE('',*,*,#10840,.T.);
#11040=ORIENTED_EDGE('',*,*,#11039,.F.);
#11041=ORIENTED_EDGE('',*,*,#11024,.F.);
#11042=EDGE_LOOP('',(#11037,#11038,#11040,#11041));
#11043=FACE_OUTER_BOUND('',#11042,.F.);
#11044=ADVANCED_FACE('',(#11043),#11036,.F.);
#11045=CARTESIAN_POINT('',(0.E0,1.75E-1,0.E0));
#11046=DIRECTION('',(0.E0,1.E0,0.E0));
#11047=DIRECTION('',(1.E0,0.E0,0.E0));
#11048=AXIS2_PLACEMENT_3D('',#11045,#11046,#11047);
#11049=PLANE('',#11048);
#11050=ORIENTED_EDGE('',*,*,#10838,.F.);
#11051=ORIENTED_EDGE('',*,*,#10984,.T.);
#11052=ORIENTED_EDGE('',*,*,#10998,.T.);
#11053=ORIENTED_EDGE('',*,*,#11012,.T.);
#11054=ORIENTED_EDGE('',*,*,#11026,.T.);
#11055=ORIENTED_EDGE('',*,*,#11039,.T.);
#11056=EDGE_LOOP('',(#11050,#11051,#11052,#11053,#11054,#11055));
#11057=FACE_OUTER_BOUND('',#11056,.F.);
#11058=ADVANCED_FACE('',(#11057),#11049,.F.);
#11059=CARTESIAN_POINT('',(-3.E-1,-2.5E-2,-1.85E0));
#11060=DIRECTION('',(-1.E0,0.E0,0.E0));
#11061=DIRECTION('',(0.E0,0.E0,1.E0));
#11062=AXIS2_PLACEMENT_3D('',#11059,#11060,#11061);
#11063=PLANE('',#11062);
#11064=ORIENTED_EDGE('',*,*,#10574,.T.);
#11066=ORIENTED_EDGE('',*,*,#11065,.T.);
#11068=ORIENTED_EDGE('',*,*,#11067,.F.);
#11069=ORIENTED_EDGE('',*,*,#10843,.F.);
#11070=EDGE_LOOP('',(#11064,#11066,#11068,#11069));
#11071=FACE_OUTER_BOUND('',#11070,.F.);
#11072=ADVANCED_FACE('',(#11071),#11063,.F.);
#11073=CARTESIAN_POINT('',(-2.01E-1,-2.5E-2,-1.449E0));
#11074=DIRECTION('',(0.E0,1.E0,0.E0));
#11075=DIRECTION('',(1.E0,0.E0,0.E0));
#11076=AXIS2_PLACEMENT_3D('',#11073,#11074,#11075);
#11077=CYLINDRICAL_SURFACE('',#11076,9.9E-2);
#11078=ORIENTED_EDGE('',*,*,#10572,.T.);
#11080=ORIENTED_EDGE('',*,*,#11079,.T.);
#11082=ORIENTED_EDGE('',*,*,#11081,.F.);
#11083=ORIENTED_EDGE('',*,*,#11065,.F.);
#11084=EDGE_LOOP('',(#11078,#11080,#11082,#11083));
#11085=FACE_OUTER_BOUND('',#11084,.F.);
#11086=ADVANCED_FACE('',(#11085),#11077,.F.);
#11087=CARTESIAN_POINT('',(-2.01E-1,-2.5E-2,-1.35E0));
#11088=DIRECTION('',(0.E0,0.E0,1.E0));
#11089=DIRECTION('',(1.E0,0.E0,0.E0));
#11090=AXIS2_PLACEMENT_3D('',#11087,#11088,#11089);
#11091=PLANE('',#11090);
#11092=ORIENTED_EDGE('',*,*,#10570,.T.);
#11094=ORIENTED_EDGE('',*,*,#11093,.T.);
#11096=ORIENTED_EDGE('',*,*,#11095,.F.);
#11097=ORIENTED_EDGE('',*,*,#11079,.F.);
#11098=EDGE_LOOP('',(#11092,#11094,#11096,#11097));
#11099=FACE_OUTER_BOUND('',#11098,.F.);
#11100=ADVANCED_FACE('',(#11099),#11091,.F.);
#11101=CARTESIAN_POINT('',(-1.99E-1,-2.5E-2,-1.449E0));
#11102=DIRECTION('',(0.E0,1.E0,0.E0));
#11103=DIRECTION('',(1.E0,0.E0,0.E0));
#11104=AXIS2_PLACEMENT_3D('',#11101,#11102,#11103);
#11105=CYLINDRICAL_SURFACE('',#11104,9.9E-2);
#11106=ORIENTED_EDGE('',*,*,#10568,.T.);
#11108=ORIENTED_EDGE('',*,*,#11107,.T.);
#11110=ORIENTED_EDGE('',*,*,#11109,.F.);
#11111=ORIENTED_EDGE('',*,*,#11093,.F.);
#11112=EDGE_LOOP('',(#11106,#11108,#11110,#11111));
#11113=FACE_OUTER_BOUND('',#11112,.F.);
#11114=ADVANCED_FACE('',(#11113),#11105,.F.);
#11115=CARTESIAN_POINT('',(-1.E-1,-2.5E-2,-1.449E0));
#11116=DIRECTION('',(1.E0,0.E0,0.E0));
#11117=DIRECTION('',(0.E0,0.E0,-1.E0));
#11118=AXIS2_PLACEMENT_3D('',#11115,#11116,#11117);
#11119=PLANE('',#11118);
#11120=ORIENTED_EDGE('',*,*,#10566,.F.);
#11121=ORIENTED_EDGE('',*,*,#10847,.T.);
#11123=ORIENTED_EDGE('',*,*,#11122,.F.);
#11124=ORIENTED_EDGE('',*,*,#11107,.F.);
#11125=EDGE_LOOP('',(#11120,#11121,#11123,#11124));
#11126=FACE_OUTER_BOUND('',#11125,.F.);
#11127=ADVANCED_FACE('',(#11126),#11119,.F.);
#11128=CARTESIAN_POINT('',(0.E0,1.75E-1,0.E0));
#11129=DIRECTION('',(0.E0,1.E0,0.E0));
#11130=DIRECTION('',(1.E0,0.E0,0.E0));
#11131=AXIS2_PLACEMENT_3D('',#11128,#11129,#11130);
#11132=PLANE('',#11131);
#11133=ORIENTED_EDGE('',*,*,#10845,.F.);
#11134=ORIENTED_EDGE('',*,*,#11067,.T.);
#11135=ORIENTED_EDGE('',*,*,#11081,.T.);
#11136=ORIENTED_EDGE('',*,*,#11095,.T.);
#11137=ORIENTED_EDGE('',*,*,#11109,.T.);
#11138=ORIENTED_EDGE('',*,*,#11122,.T.);
#11139=EDGE_LOOP('',(#11133,#11134,#11135,#11136,#11137,#11138));
#11140=FACE_OUTER_BOUND('',#11139,.F.);
#11141=ADVANCED_FACE('',(#11140),#11132,.F.);
#11142=CARTESIAN_POINT('',(1.E-1,-2.5E-2,-1.85E0));
#11143=DIRECTION('',(-1.E0,0.E0,0.E0));
#11144=DIRECTION('',(0.E0,0.E0,1.E0));
#11145=AXIS2_PLACEMENT_3D('',#11142,#11143,#11144);
#11146=PLANE('',#11145);
#11147=ORIENTED_EDGE('',*,*,#10562,.T.);
#11149=ORIENTED_EDGE('',*,*,#11148,.T.);
#11151=ORIENTED_EDGE('',*,*,#11150,.F.);
#11152=ORIENTED_EDGE('',*,*,#10850,.F.);
#11153=EDGE_LOOP('',(#11147,#11149,#11151,#11152));
#11154=FACE_OUTER_BOUND('',#11153,.F.);
#11155=ADVANCED_FACE('',(#11154),#11146,.F.);
#11156=CARTESIAN_POINT('',(1.99E-1,-2.5E-2,-1.449E0));
#11157=DIRECTION('',(0.E0,1.E0,0.E0));
#11158=DIRECTION('',(1.E0,0.E0,0.E0));
#11159=AXIS2_PLACEMENT_3D('',#11156,#11157,#11158);
#11160=CYLINDRICAL_SURFACE('',#11159,9.9E-2);
#11161=ORIENTED_EDGE('',*,*,#10560,.T.);
#11163=ORIENTED_EDGE('',*,*,#11162,.T.);
#11165=ORIENTED_EDGE('',*,*,#11164,.F.);
#11166=ORIENTED_EDGE('',*,*,#11148,.F.);
#11167=EDGE_LOOP('',(#11161,#11163,#11165,#11166));
#11168=FACE_OUTER_BOUND('',#11167,.F.);
#11169=ADVANCED_FACE('',(#11168),#11160,.F.);
#11170=CARTESIAN_POINT('',(1.99E-1,-2.5E-2,-1.35E0));
#11171=DIRECTION('',(0.E0,0.E0,1.E0));
#11172=DIRECTION('',(1.E0,0.E0,0.E0));
#11173=AXIS2_PLACEMENT_3D('',#11170,#11171,#11172);
#11174=PLANE('',#11173);
#11175=ORIENTED_EDGE('',*,*,#10558,.T.);
#11177=ORIENTED_EDGE('',*,*,#11176,.T.);
#11179=ORIENTED_EDGE('',*,*,#11178,.F.);
#11180=ORIENTED_EDGE('',*,*,#11162,.F.);
#11181=EDGE_LOOP('',(#11175,#11177,#11179,#11180));
#11182=FACE_OUTER_BOUND('',#11181,.F.);
#11183=ADVANCED_FACE('',(#11182),#11174,.F.);
#11184=CARTESIAN_POINT('',(2.01E-1,-2.5E-2,-1.449E0));
#11185=DIRECTION('',(0.E0,1.E0,0.E0));
#11186=DIRECTION('',(1.E0,0.E0,0.E0));
#11187=AXIS2_PLACEMENT_3D('',#11184,#11185,#11186);
#11188=CYLINDRICAL_SURFACE('',#11187,9.9E-2);
#11189=ORIENTED_EDGE('',*,*,#10556,.T.);
#11191=ORIENTED_EDGE('',*,*,#11190,.T.);
#11193=ORIENTED_EDGE('',*,*,#11192,.F.);
#11194=ORIENTED_EDGE('',*,*,#11176,.F.);
#11195=EDGE_LOOP('',(#11189,#11191,#11193,#11194));
#11196=FACE_OUTER_BOUND('',#11195,.F.);
#11197=ADVANCED_FACE('',(#11196),#11188,.F.);
#11198=CARTESIAN_POINT('',(3.E-1,-2.5E-2,-1.449E0));
#11199=DIRECTION('',(1.E0,0.E0,0.E0));
#11200=DIRECTION('',(0.E0,0.E0,-1.E0));
#11201=AXIS2_PLACEMENT_3D('',#11198,#11199,#11200);
#11202=PLANE('',#11201);
#11203=ORIENTED_EDGE('',*,*,#10554,.F.);
#11204=ORIENTED_EDGE('',*,*,#10854,.T.);
#11206=ORIENTED_EDGE('',*,*,#11205,.F.);
#11207=ORIENTED_EDGE('',*,*,#11190,.F.);
#11208=EDGE_LOOP('',(#11203,#11204,#11206,#11207));
#11209=FACE_OUTER_BOUND('',#11208,.F.);
#11210=ADVANCED_FACE('',(#11209),#11202,.F.);
#11211=CARTESIAN_POINT('',(0.E0,1.75E-1,0.E0));
#11212=DIRECTION('',(0.E0,1.E0,0.E0));
#11213=DIRECTION('',(1.E0,0.E0,0.E0));
#11214=AXIS2_PLACEMENT_3D('',#11211,#11212,#11213);
#11215=PLANE('',#11214);
#11216=ORIENTED_EDGE('',*,*,#10852,.F.);
#11217=ORIENTED_EDGE('',*,*,#11150,.T.);
#11218=ORIENTED_EDGE('',*,*,#11164,.T.);
#11219=ORIENTED_EDGE('',*,*,#11178,.T.);
#11220=ORIENTED_EDGE('',*,*,#11192,.T.);
#11221=ORIENTED_EDGE('',*,*,#11205,.T.);
#11222=EDGE_LOOP('',(#11216,#11217,#11218,#11219,#11220,#11221));
#11223=FACE_OUTER_BOUND('',#11222,.F.);
#11224=ADVANCED_FACE('',(#11223),#11215,.F.);
#11225=CARTESIAN_POINT('',(5.E-1,-2.5E-2,-1.85E0));
#11226=DIRECTION('',(-1.E0,0.E0,0.E0));
#11227=DIRECTION('',(0.E0,0.E0,1.E0));
#11228=AXIS2_PLACEMENT_3D('',#11225,#11226,#11227);
#11229=PLANE('',#11228);
#11230=ORIENTED_EDGE('',*,*,#10550,.T.);
#11232=ORIENTED_EDGE('',*,*,#11231,.T.);
#11234=ORIENTED_EDGE('',*,*,#11233,.F.);
#11235=ORIENTED_EDGE('',*,*,#10857,.F.);
#11236=EDGE_LOOP('',(#11230,#11232,#11234,#11235));
#11237=FACE_OUTER_BOUND('',#11236,.F.);
#11238=ADVANCED_FACE('',(#11237),#11229,.F.);
#11239=CARTESIAN_POINT('',(5.99E-1,-2.5E-2,-1.449E0));
#11240=DIRECTION('',(0.E0,1.E0,0.E0));
#11241=DIRECTION('',(1.E0,0.E0,0.E0));
#11242=AXIS2_PLACEMENT_3D('',#11239,#11240,#11241);
#11243=CYLINDRICAL_SURFACE('',#11242,9.9E-2);
#11244=ORIENTED_EDGE('',*,*,#10548,.T.);
#11246=ORIENTED_EDGE('',*,*,#11245,.T.);
#11248=ORIENTED_EDGE('',*,*,#11247,.F.);
#11249=ORIENTED_EDGE('',*,*,#11231,.F.);
#11250=EDGE_LOOP('',(#11244,#11246,#11248,#11249));
#11251=FACE_OUTER_BOUND('',#11250,.F.);
#11252=ADVANCED_FACE('',(#11251),#11243,.F.);
#11253=CARTESIAN_POINT('',(5.99E-1,-2.5E-2,-1.35E0));
#11254=DIRECTION('',(0.E0,0.E0,1.E0));
#11255=DIRECTION('',(1.E0,0.E0,0.E0));
#11256=AXIS2_PLACEMENT_3D('',#11253,#11254,#11255);
#11257=PLANE('',#11256);
#11258=ORIENTED_EDGE('',*,*,#10546,.T.);
#11260=ORIENTED_EDGE('',*,*,#11259,.T.);
#11262=ORIENTED_EDGE('',*,*,#11261,.F.);
#11263=ORIENTED_EDGE('',*,*,#11245,.F.);
#11264=EDGE_LOOP('',(#11258,#11260,#11262,#11263));
#11265=FACE_OUTER_BOUND('',#11264,.F.);
#11266=ADVANCED_FACE('',(#11265),#11257,.F.);
#11267=CARTESIAN_POINT('',(6.01E-1,-2.5E-2,-1.449E0));
#11268=DIRECTION('',(0.E0,1.E0,0.E0));
#11269=DIRECTION('',(1.E0,0.E0,0.E0));
#11270=AXIS2_PLACEMENT_3D('',#11267,#11268,#11269);
#11271=CYLINDRICAL_SURFACE('',#11270,9.9E-2);
#11272=ORIENTED_EDGE('',*,*,#10544,.T.);
#11274=ORIENTED_EDGE('',*,*,#11273,.T.);
#11276=ORIENTED_EDGE('',*,*,#11275,.F.);
#11277=ORIENTED_EDGE('',*,*,#11259,.F.);
#11278=EDGE_LOOP('',(#11272,#11274,#11276,#11277));
#11279=FACE_OUTER_BOUND('',#11278,.F.);
#11280=ADVANCED_FACE('',(#11279),#11271,.F.);
#11281=CARTESIAN_POINT('',(7.E-1,-2.5E-2,-1.449E0));
#11282=DIRECTION('',(1.E0,0.E0,0.E0));
#11283=DIRECTION('',(0.E0,0.E0,-1.E0));
#11284=AXIS2_PLACEMENT_3D('',#11281,#11282,#11283);
#11285=PLANE('',#11284);
#11286=ORIENTED_EDGE('',*,*,#10542,.F.);
#11287=ORIENTED_EDGE('',*,*,#10861,.T.);
#11289=ORIENTED_EDGE('',*,*,#11288,.F.);
#11290=ORIENTED_EDGE('',*,*,#11273,.F.);
#11291=EDGE_LOOP('',(#11286,#11287,#11289,#11290));
#11292=FACE_OUTER_BOUND('',#11291,.F.);
#11293=ADVANCED_FACE('',(#11292),#11285,.F.);
#11294=CARTESIAN_POINT('',(0.E0,1.75E-1,0.E0));
#11295=DIRECTION('',(0.E0,1.E0,0.E0));
#11296=DIRECTION('',(1.E0,0.E0,0.E0));
#11297=AXIS2_PLACEMENT_3D('',#11294,#11295,#11296);
#11298=PLANE('',#11297);
#11299=ORIENTED_EDGE('',*,*,#10859,.F.);
#11300=ORIENTED_EDGE('',*,*,#11233,.T.);
#11301=ORIENTED_EDGE('',*,*,#11247,.T.);
#11302=ORIENTED_EDGE('',*,*,#11261,.T.);
#11303=ORIENTED_EDGE('',*,*,#11275,.T.);
#11304=ORIENTED_EDGE('',*,*,#11288,.T.);
#11305=EDGE_LOOP('',(#11299,#11300,#11301,#11302,#11303,#11304));
#11306=FACE_OUTER_BOUND('',#11305,.F.);
#11307=ADVANCED_FACE('',(#11306),#11298,.F.);
#11308=CARTESIAN_POINT('',(9.E-1,-2.5E-2,-1.85E0));
#11309=DIRECTION('',(-1.E0,0.E0,0.E0));
#11310=DIRECTION('',(0.E0,0.E0,1.E0));
#11311=AXIS2_PLACEMENT_3D('',#11308,#11309,#11310);
#11312=PLANE('',#11311);
#11313=ORIENTED_EDGE('',*,*,#10538,.T.);
#11315=ORIENTED_EDGE('',*,*,#11314,.T.);
#11317=ORIENTED_EDGE('',*,*,#11316,.F.);
#11318=ORIENTED_EDGE('',*,*,#10864,.F.);
#11319=EDGE_LOOP('',(#11313,#11315,#11317,#11318));
#11320=FACE_OUTER_BOUND('',#11319,.F.);
#11321=ADVANCED_FACE('',(#11320),#11312,.F.);
#11322=CARTESIAN_POINT('',(9.99E-1,-2.5E-2,-1.449E0));
#11323=DIRECTION('',(0.E0,1.E0,0.E0));
#11324=DIRECTION('',(1.E0,0.E0,0.E0));
#11325=AXIS2_PLACEMENT_3D('',#11322,#11323,#11324);
#11326=CYLINDRICAL_SURFACE('',#11325,9.9E-2);
#11327=ORIENTED_EDGE('',*,*,#10536,.T.);
#11329=ORIENTED_EDGE('',*,*,#11328,.T.);
#11331=ORIENTED_EDGE('',*,*,#11330,.F.);
#11332=ORIENTED_EDGE('',*,*,#11314,.F.);
#11333=EDGE_LOOP('',(#11327,#11329,#11331,#11332));
#11334=FACE_OUTER_BOUND('',#11333,.F.);
#11335=ADVANCED_FACE('',(#11334),#11326,.F.);
#11336=CARTESIAN_POINT('',(9.99E-1,-2.5E-2,-1.35E0));
#11337=DIRECTION('',(0.E0,0.E0,1.E0));
#11338=DIRECTION('',(1.E0,0.E0,0.E0));
#11339=AXIS2_PLACEMENT_3D('',#11336,#11337,#11338);
#11340=PLANE('',#11339);
#11341=ORIENTED_EDGE('',*,*,#10534,.T.);
#11343=ORIENTED_EDGE('',*,*,#11342,.T.);
#11345=ORIENTED_EDGE('',*,*,#11344,.F.);
#11346=ORIENTED_EDGE('',*,*,#11328,.F.);
#11347=EDGE_LOOP('',(#11341,#11343,#11345,#11346));
#11348=FACE_OUTER_BOUND('',#11347,.F.);
#11349=ADVANCED_FACE('',(#11348),#11340,.F.);
#11350=CARTESIAN_POINT('',(1.001E0,-2.5E-2,-1.449E0));
#11351=DIRECTION('',(0.E0,1.E0,0.E0));
#11352=DIRECTION('',(1.E0,0.E0,0.E0));
#11353=AXIS2_PLACEMENT_3D('',#11350,#11351,#11352);
#11354=CYLINDRICAL_SURFACE('',#11353,9.9E-2);
#11355=ORIENTED_EDGE('',*,*,#10532,.T.);
#11357=ORIENTED_EDGE('',*,*,#11356,.T.);
#11359=ORIENTED_EDGE('',*,*,#11358,.F.);
#11360=ORIENTED_EDGE('',*,*,#11342,.F.);
#11361=EDGE_LOOP('',(#11355,#11357,#11359,#11360));
#11362=FACE_OUTER_BOUND('',#11361,.F.);
#11363=ADVANCED_FACE('',(#11362),#11354,.F.);
#11364=CARTESIAN_POINT('',(1.1E0,-2.5E-2,-1.449E0));
#11365=DIRECTION('',(1.E0,0.E0,0.E0));
#11366=DIRECTION('',(0.E0,0.E0,-1.E0));
#11367=AXIS2_PLACEMENT_3D('',#11364,#11365,#11366);
#11368=PLANE('',#11367);
#11369=ORIENTED_EDGE('',*,*,#10530,.F.);
#11370=ORIENTED_EDGE('',*,*,#10868,.T.);
#11372=ORIENTED_EDGE('',*,*,#11371,.F.);
#11373=ORIENTED_EDGE('',*,*,#11356,.F.);
#11374=EDGE_LOOP('',(#11369,#11370,#11372,#11373));
#11375=FACE_OUTER_BOUND('',#11374,.F.);
#11376=ADVANCED_FACE('',(#11375),#11368,.F.);
#11377=CARTESIAN_POINT('',(0.E0,1.75E-1,0.E0));
#11378=DIRECTION('',(0.E0,1.E0,0.E0));
#11379=DIRECTION('',(1.E0,0.E0,0.E0));
#11380=AXIS2_PLACEMENT_3D('',#11377,#11378,#11379);
#11381=PLANE('',#11380);
#11382=ORIENTED_EDGE('',*,*,#10866,.F.);
#11383=ORIENTED_EDGE('',*,*,#11316,.T.);
#11384=ORIENTED_EDGE('',*,*,#11330,.T.);
#11385=ORIENTED_EDGE('',*,*,#11344,.T.);
#11386=ORIENTED_EDGE('',*,*,#11358,.T.);
#11387=ORIENTED_EDGE('',*,*,#11371,.T.);
#11388=EDGE_LOOP('',(#11382,#11383,#11384,#11385,#11386,#11387));
#11389=FACE_OUTER_BOUND('',#11388,.F.);
#11390=ADVANCED_FACE('',(#11389),#11381,.F.);
#11391=CARTESIAN_POINT('',(1.4E0,-2.5E-2,-1.15E0));
#11392=DIRECTION('',(1.E0,0.E0,0.E0));
#11393=DIRECTION('',(0.E0,0.E0,-1.E0));
#11394=AXIS2_PLACEMENT_3D('',#11391,#11392,#11393);
#11395=PLANE('',#11394);
#11396=ORIENTED_EDGE('',*,*,#10526,.T.);
#11398=ORIENTED_EDGE('',*,*,#11397,.T.);
#11400=ORIENTED_EDGE('',*,*,#11399,.T.);
#11401=ORIENTED_EDGE('',*,*,#10871,.F.);
#11402=EDGE_LOOP('',(#11396,#11398,#11400,#11401));
#11403=FACE_OUTER_BOUND('',#11402,.F.);
#11404=ADVANCED_FACE('',(#11403),#11395,.T.);
#11405=CARTESIAN_POINT('',(2.E0,-2.5E-2,-1.15E0));
#11406=DIRECTION('',(0.E0,0.E0,-1.E0));
#11407=DIRECTION('',(-1.E0,0.E0,0.E0));
#11408=AXIS2_PLACEMENT_3D('',#11405,#11406,#11407);
#11409=PLANE('',#11408);
#11410=ORIENTED_EDGE('',*,*,#10524,.F.);
#11412=ORIENTED_EDGE('',*,*,#11411,.T.);
#11414=ORIENTED_EDGE('',*,*,#11413,.T.);
#11415=ORIENTED_EDGE('',*,*,#11397,.F.);
#11416=EDGE_LOOP('',(#11410,#11412,#11414,#11415));
#11417=FACE_OUTER_BOUND('',#11416,.F.);
#11418=ADVANCED_FACE('',(#11417),#11409,.T.);
#11419=CARTESIAN_POINT('',(2.E0,0.E0,1.75E0));
#11420=DIRECTION('',(1.E0,0.E0,0.E0));
#11421=DIRECTION('',(0.E0,0.E0,-1.E0));
#11422=AXIS2_PLACEMENT_3D('',#11419,#11420,#11421);
#11423=PLANE('',#11422);
#11425=ORIENTED_EDGE('',*,*,#11424,.F.);
#11427=ORIENTED_EDGE('',*,*,#11426,.F.);
#11428=ORIENTED_EDGE('',*,*,#10514,.F.);
#11430=ORIENTED_EDGE('',*,*,#11429,.T.);
#11432=ORIENTED_EDGE('',*,*,#11431,.F.);
#11434=ORIENTED_EDGE('',*,*,#11433,.F.);
#11435=ORIENTED_EDGE('',*,*,#10506,.F.);
#11437=ORIENTED_EDGE('',*,*,#11436,.T.);
#11439=ORIENTED_EDGE('',*,*,#11438,.F.);
#11441=ORIENTED_EDGE('',*,*,#11440,.F.);
#11442=ORIENTED_EDGE('',*,*,#10498,.F.);
#11444=ORIENTED_EDGE('',*,*,#11443,.T.);
#11446=ORIENTED_EDGE('',*,*,#11445,.F.);
#11448=ORIENTED_EDGE('',*,*,#11447,.F.);
#11449=ORIENTED_EDGE('',*,*,#10490,.F.);
#11451=ORIENTED_EDGE('',*,*,#11450,.T.);
#11453=ORIENTED_EDGE('',*,*,#11452,.F.);
#11455=ORIENTED_EDGE('',*,*,#11454,.F.);
#11456=ORIENTED_EDGE('',*,*,#10482,.F.);
#11458=ORIENTED_EDGE('',*,*,#11457,.T.);
#11460=ORIENTED_EDGE('',*,*,#11459,.F.);
#11462=ORIENTED_EDGE('',*,*,#11461,.F.);
#11463=ORIENTED_EDGE('',*,*,#10652,.F.);
#11465=ORIENTED_EDGE('',*,*,#11464,.T.);
#11467=ORIENTED_EDGE('',*,*,#11466,.T.);
#11468=ORIENTED_EDGE('',*,*,#10878,.F.);
#11469=ORIENTED_EDGE('',*,*,#10674,.F.);
#11471=ORIENTED_EDGE('',*,*,#11470,.T.);
#11473=ORIENTED_EDGE('',*,*,#11472,.T.);
#11474=ORIENTED_EDGE('',*,*,#11411,.F.);
#11475=ORIENTED_EDGE('',*,*,#10522,.F.);
#11477=ORIENTED_EDGE('',*,*,#11476,.T.);
#11478=EDGE_LOOP('',(#11425,#11427,#11428,#11430,#11432,#11434,#11435,#11437,
#11439,#11441,#11442,#11444,#11446,#11448,#11449,#11451,#11453,#11455,#11456,
#11458,#11460,#11462,#11463,#11465,#11467,#11468,#11469,#11471,#11473,#11474,
#11475,#11477));
#11479=FACE_OUTER_BOUND('',#11478,.F.);
#11480=ADVANCED_FACE('',(#11479),#11423,.T.);
#11481=CARTESIAN_POINT('',(0.E0,1.75E-1,0.E0));
#11482=DIRECTION('',(0.E0,-1.E0,0.E0));
#11483=DIRECTION('',(-1.E0,0.E0,0.E0));
#11484=AXIS2_PLACEMENT_3D('',#11481,#11482,#11483);
#11485=PLANE('',#11484);
#11486=ORIENTED_EDGE('',*,*,#11424,.T.);
#11488=ORIENTED_EDGE('',*,*,#11487,.F.);
#11490=ORIENTED_EDGE('',*,*,#11489,.T.);
#11492=ORIENTED_EDGE('',*,*,#11491,.F.);
#11493=EDGE_LOOP('',(#11486,#11488,#11490,#11492));
#11494=FACE_OUTER_BOUND('',#11493,.F.);
#11495=ADVANCED_FACE('',(#11494),#11485,.T.);
#11496=CARTESIAN_POINT('',(1.699E0,-2.5E-2,-9.E-1));
#11497=DIRECTION('',(0.E0,0.E0,1.E0));
#11498=DIRECTION('',(1.E0,0.E0,0.E0));
#11499=AXIS2_PLACEMENT_3D('',#11496,#11497,#11498);
#11500=PLANE('',#11499);
#11501=ORIENTED_EDGE('',*,*,#10520,.T.);
#11503=ORIENTED_EDGE('',*,*,#11502,.T.);
#11504=ORIENTED_EDGE('',*,*,#11487,.T.);
#11505=ORIENTED_EDGE('',*,*,#11476,.F.);
#11506=EDGE_LOOP('',(#11501,#11503,#11504,#11505));
#11507=FACE_OUTER_BOUND('',#11506,.F.);
#11508=ADVANCED_FACE('',(#11507),#11500,.T.);
#11509=CARTESIAN_POINT('',(1.447E0,-2.5E-2,-8.E-1));
#11510=DIRECTION('',(0.E0,1.E0,0.E0));
#11511=DIRECTION('',(1.E0,0.E0,0.E0));
#11512=AXIS2_PLACEMENT_3D('',#11509,#11510,#11511);
#11513=CYLINDRICAL_SURFACE('',#11512,1.E-1);
#11514=ORIENTED_EDGE('',*,*,#10518,.T.);
#11516=ORIENTED_EDGE('',*,*,#11515,.T.);
#11517=ORIENTED_EDGE('',*,*,#11489,.F.);
#11518=ORIENTED_EDGE('',*,*,#11502,.F.);
#11519=EDGE_LOOP('',(#11514,#11516,#11517,#11518));
#11520=FACE_OUTER_BOUND('',#11519,.F.);
#11521=ADVANCED_FACE('',(#11520),#11513,.F.);
#11522=CARTESIAN_POINT('',(2.1E0,-2.5E-2,-7.E-1));
#11523=DIRECTION('',(0.E0,0.E0,-1.E0));
#11524=DIRECTION('',(-1.E0,0.E0,0.E0));
#11525=AXIS2_PLACEMENT_3D('',#11522,#11523,#11524);
#11526=PLANE('',#11525);
#11527=ORIENTED_EDGE('',*,*,#10516,.F.);
#11528=ORIENTED_EDGE('',*,*,#11426,.T.);
#11529=ORIENTED_EDGE('',*,*,#11491,.T.);
#11530=ORIENTED_EDGE('',*,*,#11515,.F.);
#11531=EDGE_LOOP('',(#11527,#11528,#11529,#11530));
#11532=FACE_OUTER_BOUND('',#11531,.F.);
#11533=ADVANCED_FACE('',(#11532),#11526,.T.);
#11534=CARTESIAN_POINT('',(1.699E0,-2.5E-2,-5.E-1));
#11535=DIRECTION('',(0.E0,0.E0,1.E0));
#11536=DIRECTION('',(1.E0,0.E0,0.E0));
#11537=AXIS2_PLACEMENT_3D('',#11534,#11535,#11536);
#11538=PLANE('',#11537);
#11539=ORIENTED_EDGE('',*,*,#10512,.T.);
#11541=ORIENTED_EDGE('',*,*,#11540,.T.);
#11543=ORIENTED_EDGE('',*,*,#11542,.T.);
#11544=ORIENTED_EDGE('',*,*,#11429,.F.);
#11545=EDGE_LOOP('',(#11539,#11541,#11543,#11544));
#11546=FACE_OUTER_BOUND('',#11545,.F.);
#11547=ADVANCED_FACE('',(#11546),#11538,.T.);
#11548=CARTESIAN_POINT('',(1.5E0,-2.5E-2,-4.E-1));
#11549=DIRECTION('',(0.E0,1.E0,0.E0));
#11550=DIRECTION('',(1.E0,0.E0,0.E0));
#11551=AXIS2_PLACEMENT_3D('',#11548,#11549,#11550);
#11552=CYLINDRICAL_SURFACE('',#11551,1.E-1);
#11553=ORIENTED_EDGE('',*,*,#10510,.T.);
#11555=ORIENTED_EDGE('',*,*,#11554,.T.);
#11557=ORIENTED_EDGE('',*,*,#11556,.F.);
#11558=ORIENTED_EDGE('',*,*,#11540,.F.);
#11559=EDGE_LOOP('',(#11553,#11555,#11557,#11558));
#11560=FACE_OUTER_BOUND('',#11559,.F.);
#11561=ADVANCED_FACE('',(#11560),#11552,.F.);
#11562=CARTESIAN_POINT('',(2.1E0,-2.5E-2,-3.E-1));
#11563=DIRECTION('',(0.E0,0.E0,-1.E0));
#11564=DIRECTION('',(-1.E0,0.E0,0.E0));
#11565=AXIS2_PLACEMENT_3D('',#11562,#11563,#11564);
#11566=PLANE('',#11565);
#11567=ORIENTED_EDGE('',*,*,#10508,.F.);
#11568=ORIENTED_EDGE('',*,*,#11433,.T.);
#11570=ORIENTED_EDGE('',*,*,#11569,.T.);
#11571=ORIENTED_EDGE('',*,*,#11554,.F.);
#11572=EDGE_LOOP('',(#11567,#11568,#11570,#11571));
#11573=FACE_OUTER_BOUND('',#11572,.F.);
#11574=ADVANCED_FACE('',(#11573),#11566,.T.);
#11575=CARTESIAN_POINT('',(0.E0,1.75E-1,0.E0));
#11576=DIRECTION('',(0.E0,-1.E0,0.E0));
#11577=DIRECTION('',(-1.E0,0.E0,0.E0));
#11578=AXIS2_PLACEMENT_3D('',#11575,#11576,#11577);
#11579=PLANE('',#11578);
#11580=ORIENTED_EDGE('',*,*,#11431,.T.);
#11581=ORIENTED_EDGE('',*,*,#11542,.F.);
#11582=ORIENTED_EDGE('',*,*,#11556,.T.);
#11583=ORIENTED_EDGE('',*,*,#11569,.F.);
#11584=EDGE_LOOP('',(#11580,#11581,#11582,#11583));
#11585=FACE_OUTER_BOUND('',#11584,.F.);
#11586=ADVANCED_FACE('',(#11585),#11579,.T.);
#11587=CARTESIAN_POINT('',(1.699E0,-2.5E-2,-1.E-1));
#11588=DIRECTION('',(0.E0,0.E0,1.E0));
#11589=DIRECTION('',(1.E0,0.E0,0.E0));
#11590=AXIS2_PLACEMENT_3D('',#11587,#11588,#11589);
#11591=PLANE('',#11590);
#11592=ORIENTED_EDGE('',*,*,#10504,.T.);
#11594=ORIENTED_EDGE('',*,*,#11593,.T.);
#11596=ORIENTED_EDGE('',*,*,#11595,.T.);
#11597=ORIENTED_EDGE('',*,*,#11436,.F.);
#11598=EDGE_LOOP('',(#11592,#11594,#11596,#11597));
#11599=FACE_OUTER_BOUND('',#11598,.F.);
#11600=ADVANCED_FACE('',(#11599),#11591,.T.);
#11601=CARTESIAN_POINT('',(1.447E0,-2.5E-2,0.E0));
#11602=DIRECTION('',(0.E0,1.E0,0.E0));
#11603=DIRECTION('',(1.E0,0.E0,0.E0));
#11604=AXIS2_PLACEMENT_3D('',#11601,#11602,#11603);
#11605=CYLINDRICAL_SURFACE('',#11604,1.E-1);
#11606=ORIENTED_EDGE('',*,*,#10502,.T.);
#11608=ORIENTED_EDGE('',*,*,#11607,.T.);
#11610=ORIENTED_EDGE('',*,*,#11609,.F.);
#11611=ORIENTED_EDGE('',*,*,#11593,.F.);
#11612=EDGE_LOOP('',(#11606,#11608,#11610,#11611));
#11613=FACE_OUTER_BOUND('',#11612,.F.);
#11614=ADVANCED_FACE('',(#11613),#11605,.F.);
#11615=CARTESIAN_POINT('',(2.1E0,-2.5E-2,1.E-1));
#11616=DIRECTION('',(0.E0,0.E0,-1.E0));
#11617=DIRECTION('',(-1.E0,0.E0,0.E0));
#11618=AXIS2_PLACEMENT_3D('',#11615,#11616,#11617);
#11619=PLANE('',#11618);
#11620=ORIENTED_EDGE('',*,*,#10500,.F.);
#11621=ORIENTED_EDGE('',*,*,#11440,.T.);
#11623=ORIENTED_EDGE('',*,*,#11622,.T.);
#11624=ORIENTED_EDGE('',*,*,#11607,.F.);
#11625=EDGE_LOOP('',(#11620,#11621,#11623,#11624));
#11626=FACE_OUTER_BOUND('',#11625,.F.);
#11627=ADVANCED_FACE('',(#11626),#11619,.T.);
#11628=CARTESIAN_POINT('',(0.E0,1.75E-1,0.E0));
#11629=DIRECTION('',(0.E0,-1.E0,0.E0));
#11630=DIRECTION('',(-1.E0,0.E0,0.E0));
#11631=AXIS2_PLACEMENT_3D('',#11628,#11629,#11630);
#11632=PLANE('',#11631);
#11633=ORIENTED_EDGE('',*,*,#11438,.T.);
#11634=ORIENTED_EDGE('',*,*,#11595,.F.);
#11635=ORIENTED_EDGE('',*,*,#11609,.T.);
#11636=ORIENTED_EDGE('',*,*,#11622,.F.);
#11637=EDGE_LOOP('',(#11633,#11634,#11635,#11636));
#11638=FACE_OUTER_BOUND('',#11637,.F.);
#11639=ADVANCED_FACE('',(#11638),#11632,.T.);
#11640=CARTESIAN_POINT('',(1.699E0,-2.5E-2,3.E-1));
#11641=DIRECTION('',(0.E0,0.E0,1.E0));
#11642=DIRECTION('',(1.E0,0.E0,0.E0));
#11643=AXIS2_PLACEMENT_3D('',#11640,#11641,#11642);
#11644=PLANE('',#11643);
#11645=ORIENTED_EDGE('',*,*,#10496,.T.);
#11647=ORIENTED_EDGE('',*,*,#11646,.T.);
#11649=ORIENTED_EDGE('',*,*,#11648,.T.);
#11650=ORIENTED_EDGE('',*,*,#11443,.F.);
#11651=EDGE_LOOP('',(#11645,#11647,#11649,#11650));
#11652=FACE_OUTER_BOUND('',#11651,.F.);
#11653=ADVANCED_FACE('',(#11652),#11644,.T.);
#11654=CARTESIAN_POINT('',(1.5E0,-2.5E-2,4.E-1));
#11655=DIRECTION('',(0.E0,1.E0,0.E0));
#11656=DIRECTION('',(1.E0,0.E0,0.E0));
#11657=AXIS2_PLACEMENT_3D('',#11654,#11655,#11656);
#11658=CYLINDRICAL_SURFACE('',#11657,1.E-1);
#11659=ORIENTED_EDGE('',*,*,#10494,.T.);
#11661=ORIENTED_EDGE('',*,*,#11660,.T.);
#11663=ORIENTED_EDGE('',*,*,#11662,.F.);
#11664=ORIENTED_EDGE('',*,*,#11646,.F.);
#11665=EDGE_LOOP('',(#11659,#11661,#11663,#11664));
#11666=FACE_OUTER_BOUND('',#11665,.F.);
#11667=ADVANCED_FACE('',(#11666),#11658,.F.);
#11668=CARTESIAN_POINT('',(2.1E0,-2.5E-2,5.E-1));
#11669=DIRECTION('',(0.E0,0.E0,-1.E0));
#11670=DIRECTION('',(-1.E0,0.E0,0.E0));
#11671=AXIS2_PLACEMENT_3D('',#11668,#11669,#11670);
#11672=PLANE('',#11671);
#11673=ORIENTED_EDGE('',*,*,#10492,.F.);
#11674=ORIENTED_EDGE('',*,*,#11447,.T.);
#11676=ORIENTED_EDGE('',*,*,#11675,.T.);
#11677=ORIENTED_EDGE('',*,*,#11660,.F.);
#11678=EDGE_LOOP('',(#11673,#11674,#11676,#11677));
#11679=FACE_OUTER_BOUND('',#11678,.F.);
#11680=ADVANCED_FACE('',(#11679),#11672,.T.);
#11681=CARTESIAN_POINT('',(0.E0,1.75E-1,0.E0));
#11682=DIRECTION('',(0.E0,-1.E0,0.E0));
#11683=DIRECTION('',(-1.E0,0.E0,0.E0));
#11684=AXIS2_PLACEMENT_3D('',#11681,#11682,#11683);
#11685=PLANE('',#11684);
#11686=ORIENTED_EDGE('',*,*,#11445,.T.);
#11687=ORIENTED_EDGE('',*,*,#11648,.F.);
#11688=ORIENTED_EDGE('',*,*,#11662,.T.);
#11689=ORIENTED_EDGE('',*,*,#11675,.F.);
#11690=EDGE_LOOP('',(#11686,#11687,#11688,#11689));
#11691=FACE_OUTER_BOUND('',#11690,.F.);
#11692=ADVANCED_FACE('',(#11691),#11685,.T.);
#11693=CARTESIAN_POINT('',(1.699E0,-2.5E-2,7.E-1));
#11694=DIRECTION('',(0.E0,0.E0,1.E0));
#11695=DIRECTION('',(1.E0,0.E0,0.E0));
#11696=AXIS2_PLACEMENT_3D('',#11693,#11694,#11695);
#11697=PLANE('',#11696);
#11698=ORIENTED_EDGE('',*,*,#10488,.T.);
#11700=ORIENTED_EDGE('',*,*,#11699,.T.);
#11702=ORIENTED_EDGE('',*,*,#11701,.T.);
#11703=ORIENTED_EDGE('',*,*,#11450,.F.);
#11704=EDGE_LOOP('',(#11698,#11700,#11702,#11703));
#11705=FACE_OUTER_BOUND('',#11704,.F.);
#11706=ADVANCED_FACE('',(#11705),#11697,.T.);
#11707=CARTESIAN_POINT('',(1.5E0,-2.5E-2,8.E-1));
#11708=DIRECTION('',(0.E0,1.E0,0.E0));
#11709=DIRECTION('',(1.E0,0.E0,0.E0));
#11710=AXIS2_PLACEMENT_3D('',#11707,#11708,#11709);
#11711=CYLINDRICAL_SURFACE('',#11710,1.E-1);
#11712=ORIENTED_EDGE('',*,*,#10486,.T.);
#11714=ORIENTED_EDGE('',*,*,#11713,.T.);
#11716=ORIENTED_EDGE('',*,*,#11715,.F.);
#11717=ORIENTED_EDGE('',*,*,#11699,.F.);
#11718=EDGE_LOOP('',(#11712,#11714,#11716,#11717));
#11719=FACE_OUTER_BOUND('',#11718,.F.);
#11720=ADVANCED_FACE('',(#11719),#11711,.F.);
#11721=CARTESIAN_POINT('',(2.1E0,-2.5E-2,9.E-1));
#11722=DIRECTION('',(0.E0,0.E0,-1.E0));
#11723=DIRECTION('',(-1.E0,0.E0,0.E0));
#11724=AXIS2_PLACEMENT_3D('',#11721,#11722,#11723);
#11725=PLANE('',#11724);
#11726=ORIENTED_EDGE('',*,*,#10484,.F.);
#11727=ORIENTED_EDGE('',*,*,#11454,.T.);
#11729=ORIENTED_EDGE('',*,*,#11728,.T.);
#11730=ORIENTED_EDGE('',*,*,#11713,.F.);
#11731=EDGE_LOOP('',(#11726,#11727,#11729,#11730));
#11732=FACE_OUTER_BOUND('',#11731,.F.);
#11733=ADVANCED_FACE('',(#11732),#11725,.T.);
#11734=CARTESIAN_POINT('',(0.E0,1.75E-1,0.E0));
#11735=DIRECTION('',(0.E0,-1.E0,0.E0));
#11736=DIRECTION('',(-1.E0,0.E0,0.E0));
#11737=AXIS2_PLACEMENT_3D('',#11734,#11735,#11736);
#11738=PLANE('',#11737);
#11739=ORIENTED_EDGE('',*,*,#11452,.T.);
#11740=ORIENTED_EDGE('',*,*,#11701,.F.);
#11741=ORIENTED_EDGE('',*,*,#11715,.T.);
#11742=ORIENTED_EDGE('',*,*,#11728,.F.);
#11743=EDGE_LOOP('',(#11739,#11740,#11741,#11742));
#11744=FACE_OUTER_BOUND('',#11743,.F.);
#11745=ADVANCED_FACE('',(#11744),#11738,.T.);
#11746=CARTESIAN_POINT('',(2.E0,-2.5E-2,1.15E0));
#11747=DIRECTION('',(0.E0,0.E0,-1.E0));
#11748=DIRECTION('',(-1.E0,0.E0,0.E0));
#11749=AXIS2_PLACEMENT_3D('',#11746,#11747,#11748);
#11750=PLANE('',#11749);
#11751=ORIENTED_EDGE('',*,*,#10480,.T.);
#11753=ORIENTED_EDGE('',*,*,#11752,.T.);
#11755=ORIENTED_EDGE('',*,*,#11754,.F.);
#11756=ORIENTED_EDGE('',*,*,#11457,.F.);
#11757=EDGE_LOOP('',(#11751,#11753,#11755,#11756));
#11758=FACE_OUTER_BOUND('',#11757,.F.);
#11759=ADVANCED_FACE('',(#11758),#11750,.F.);
#11760=CARTESIAN_POINT('',(1.4E0,-2.5E-2,1.15E0));
#11761=DIRECTION('',(-1.E0,0.E0,0.E0));
#11762=DIRECTION('',(0.E0,0.E0,1.E0));
#11763=AXIS2_PLACEMENT_3D('',#11760,#11761,#11762);
#11764=PLANE('',#11763);
#11765=ORIENTED_EDGE('',*,*,#10478,.F.);
#11767=ORIENTED_EDGE('',*,*,#11766,.T.);
#11769=ORIENTED_EDGE('',*,*,#11768,.F.);
#11770=ORIENTED_EDGE('',*,*,#11752,.F.);
#11771=EDGE_LOOP('',(#11765,#11767,#11769,#11770));
#11772=FACE_OUTER_BOUND('',#11771,.F.);
#11773=ADVANCED_FACE('',(#11772),#11764,.F.);
#11774=CARTESIAN_POINT('',(-2.E0,0.E0,1.75E0));
#11775=DIRECTION('',(0.E0,0.E0,1.E0));
#11776=DIRECTION('',(1.E0,0.E0,0.E0));
#11777=AXIS2_PLACEMENT_3D('',#11774,#11775,#11776);
#11778=PLANE('',#11777);
#11780=ORIENTED_EDGE('',*,*,#11779,.F.);
#11781=ORIENTED_EDGE('',*,*,#10404,.F.);
#11783=ORIENTED_EDGE('',*,*,#11782,.T.);
#11785=ORIENTED_EDGE('',*,*,#11784,.F.);
#11787=ORIENTED_EDGE('',*,*,#11786,.F.);
#11788=ORIENTED_EDGE('',*,*,#10636,.F.);
#11789=ORIENTED_EDGE('',*,*,#10742,.T.);
#11791=ORIENTED_EDGE('',*,*,#11790,.T.);
#11792=ORIENTED_EDGE('',*,*,#11464,.F.);
#11793=ORIENTED_EDGE('',*,*,#10658,.F.);
#11795=ORIENTED_EDGE('',*,*,#11794,.T.);
#11797=ORIENTED_EDGE('',*,*,#11796,.T.);
#11798=ORIENTED_EDGE('',*,*,#11766,.F.);
#11799=ORIENTED_EDGE('',*,*,#10476,.F.);
#11801=ORIENTED_EDGE('',*,*,#11800,.T.);
#11803=ORIENTED_EDGE('',*,*,#11802,.F.);
#11805=ORIENTED_EDGE('',*,*,#11804,.F.);
#11806=ORIENTED_EDGE('',*,*,#10464,.F.);
#11808=ORIENTED_EDGE('',*,*,#11807,.T.);
#11810=ORIENTED_EDGE('',*,*,#11809,.F.);
#11812=ORIENTED_EDGE('',*,*,#11811,.F.);
#11813=ORIENTED_EDGE('',*,*,#10452,.F.);
#11815=ORIENTED_EDGE('',*,*,#11814,.T.);
#11817=ORIENTED_EDGE('',*,*,#11816,.F.);
#11819=ORIENTED_EDGE('',*,*,#11818,.F.);
#11820=ORIENTED_EDGE('',*,*,#10440,.F.);
#11822=ORIENTED_EDGE('',*,*,#11821,.T.);
#11824=ORIENTED_EDGE('',*,*,#11823,.F.);
#11826=ORIENTED_EDGE('',*,*,#11825,.F.);
#11827=ORIENTED_EDGE('',*,*,#10428,.F.);
#11829=ORIENTED_EDGE('',*,*,#11828,.T.);
#11831=ORIENTED_EDGE('',*,*,#11830,.F.);
#11833=ORIENTED_EDGE('',*,*,#11832,.F.);
#11834=ORIENTED_EDGE('',*,*,#10416,.F.);
#11836=ORIENTED_EDGE('',*,*,#11835,.T.);
#11838=ORIENTED_EDGE('',*,*,#11837,.F.);
#11839=EDGE_LOOP('',(#11780,#11781,#11783,#11785,#11787,#11788,#11789,#11791,
#11792,#11793,#11795,#11797,#11798,#11799,#11801,#11803,#11805,#11806,#11808,
#11810,#11812,#11813,#11815,#11817,#11819,#11820,#11822,#11824,#11826,#11827,
#11829,#11831,#11833,#11834,#11836,#11838));
#11840=FACE_OUTER_BOUND('',#11839,.F.);
#11841=ADVANCED_FACE('',(#11840),#11778,.T.);
#11842=CARTESIAN_POINT('',(-1.1E0,-2.5E-2,1.85E0));
#11843=DIRECTION('',(1.E0,0.E0,0.E0));
#11844=DIRECTION('',(0.E0,0.E0,-1.E0));
#11845=AXIS2_PLACEMENT_3D('',#11842,#11843,#11844);
#11846=PLANE('',#11845);
#11847=ORIENTED_EDGE('',*,*,#10406,.F.);
#11848=ORIENTED_EDGE('',*,*,#11779,.T.);
#11850=ORIENTED_EDGE('',*,*,#11849,.T.);
#11852=ORIENTED_EDGE('',*,*,#11851,.F.);
#11853=EDGE_LOOP('',(#11847,#11848,#11850,#11852));
#11854=FACE_OUTER_BOUND('',#11853,.F.);
#11855=ADVANCED_FACE('',(#11854),#11846,.T.);
#11856=CARTESIAN_POINT('',(0.E0,1.75E-1,0.E0));
#11857=DIRECTION('',(0.E0,-1.E0,0.E0));
#11858=DIRECTION('',(1.E0,0.E0,0.E0));
#11859=AXIS2_PLACEMENT_3D('',#11856,#11857,#11858);
#11860=PLANE('',#11859);
#11861=ORIENTED_EDGE('',*,*,#11837,.T.);
#11863=ORIENTED_EDGE('',*,*,#11862,.F.);
#11865=ORIENTED_EDGE('',*,*,#11864,.F.);
#11867=ORIENTED_EDGE('',*,*,#11866,.F.);
#11869=ORIENTED_EDGE('',*,*,#11868,.F.);
#11870=ORIENTED_EDGE('',*,*,#11849,.F.);
#11871=EDGE_LOOP('',(#11861,#11863,#11865,#11867,#11869,#11870));
#11872=FACE_OUTER_BOUND('',#11871,.F.);
#11873=ADVANCED_FACE('',(#11872),#11860,.T.);
#11874=CARTESIAN_POINT('',(-9.E-1,-2.5E-2,1.449E0));
#11875=DIRECTION('',(-1.E0,0.E0,0.E0));
#11876=DIRECTION('',(0.E0,0.E0,1.E0));
#11877=AXIS2_PLACEMENT_3D('',#11874,#11875,#11876);
#11878=PLANE('',#11877);
#11879=ORIENTED_EDGE('',*,*,#10414,.T.);
#11881=ORIENTED_EDGE('',*,*,#11880,.T.);
#11882=ORIENTED_EDGE('',*,*,#11862,.T.);
#11883=ORIENTED_EDGE('',*,*,#11835,.F.);
#11884=EDGE_LOOP('',(#11879,#11881,#11882,#11883));
#11885=FACE_OUTER_BOUND('',#11884,.F.);
#11886=ADVANCED_FACE('',(#11885),#11878,.T.);
#11887=CARTESIAN_POINT('',(-9.99E-1,-2.5E-2,1.449E0));
#11888=DIRECTION('',(0.E0,-1.E0,0.E0));
#11889=DIRECTION('',(1.E0,0.E0,0.E0));
#11890=AXIS2_PLACEMENT_3D('',#11887,#11888,#11889);
#11891=CYLINDRICAL_SURFACE('',#11890,9.9E-2);
#11892=ORIENTED_EDGE('',*,*,#10412,.F.);
#11894=ORIENTED_EDGE('',*,*,#11893,.T.);
#11895=ORIENTED_EDGE('',*,*,#11864,.T.);
#11896=ORIENTED_EDGE('',*,*,#11880,.F.);
#11897=EDGE_LOOP('',(#11892,#11894,#11895,#11896));
#11898=FACE_OUTER_BOUND('',#11897,.F.);
#11899=ADVANCED_FACE('',(#11898),#11891,.F.);
#11900=CARTESIAN_POINT('',(-1.001E0,-2.5E-2,1.35E0));
#11901=DIRECTION('',(0.E0,0.E0,1.E0));
#11902=DIRECTION('',(1.E0,0.E0,0.E0));
#11903=AXIS2_PLACEMENT_3D('',#11900,#11901,#11902);
#11904=PLANE('',#11903);
#11905=ORIENTED_EDGE('',*,*,#10410,.F.);
#11907=ORIENTED_EDGE('',*,*,#11906,.T.);
#11908=ORIENTED_EDGE('',*,*,#11866,.T.);
#11909=ORIENTED_EDGE('',*,*,#11893,.F.);
#11910=EDGE_LOOP('',(#11905,#11907,#11908,#11909));
#11911=FACE_OUTER_BOUND('',#11910,.F.);
#11912=ADVANCED_FACE('',(#11911),#11904,.T.);
#11913=CARTESIAN_POINT('',(-1.001E0,-2.5E-2,1.449E0));
#11914=DIRECTION('',(0.E0,-1.E0,0.E0));
#11915=DIRECTION('',(1.E0,0.E0,0.E0));
#11916=AXIS2_PLACEMENT_3D('',#11913,#11914,#11915);
#11917=CYLINDRICAL_SURFACE('',#11916,9.9E-2);
#11918=ORIENTED_EDGE('',*,*,#10408,.F.);
#11919=ORIENTED_EDGE('',*,*,#11851,.T.);
#11920=ORIENTED_EDGE('',*,*,#11868,.T.);
#11921=ORIENTED_EDGE('',*,*,#11906,.F.);
#11922=EDGE_LOOP('',(#11918,#11919,#11920,#11921));
#11923=FACE_OUTER_BOUND('',#11922,.F.);
#11924=ADVANCED_FACE('',(#11923),#11917,.F.);
#11925=CARTESIAN_POINT('',(-1.4E0,-2.5E-2,1.15E0));
#11926=DIRECTION('',(-1.E0,0.E0,0.E0));
#11927=DIRECTION('',(0.E0,0.E0,1.E0));
#11928=AXIS2_PLACEMENT_3D('',#11925,#11926,#11927);
#11929=PLANE('',#11928);
#11930=ORIENTED_EDGE('',*,*,#10402,.T.);
#11932=ORIENTED_EDGE('',*,*,#11931,.T.);
#11934=ORIENTED_EDGE('',*,*,#11933,.T.);
#11935=ORIENTED_EDGE('',*,*,#11782,.F.);
#11936=EDGE_LOOP('',(#11930,#11932,#11934,#11935));
#11937=FACE_OUTER_BOUND('',#11936,.F.);
#11938=ADVANCED_FACE('',(#11937),#11929,.T.);
#11939=CARTESIAN_POINT('',(-1.45E0,7.5E-2,1.2E0));
#11940=DIRECTION('',(7.071067811865E-1,0.E0,-7.071067811865E-1));
#11941=DIRECTION('',(-7.071067811865E-1,0.E0,-7.071067811865E-1));
#11942=AXIS2_PLACEMENT_3D('',#11939,#11940,#11941);
#11943=PLANE('',#11942);
#11944=ORIENTED_EDGE('',*,*,#10400,.T.);
#11946=ORIENTED_EDGE('',*,*,#11945,.T.);
#11948=ORIENTED_EDGE('',*,*,#11947,.F.);
#11949=ORIENTED_EDGE('',*,*,#11931,.F.);
#11950=EDGE_LOOP('',(#11944,#11946,#11948,#11949));
#11951=FACE_OUTER_BOUND('',#11950,.F.);
#11952=ADVANCED_FACE('',(#11951),#11943,.F.);
#11953=CARTESIAN_POINT('',(-2.E0,-2.5E-2,1.15E0));
#11954=DIRECTION('',(0.E0,0.E0,1.E0));
#11955=DIRECTION('',(1.E0,0.E0,0.E0));
#11956=AXIS2_PLACEMENT_3D('',#11953,#11954,#11955);
#11957=PLANE('',#11956);
#11958=ORIENTED_EDGE('',*,*,#10398,.F.);
#11959=ORIENTED_EDGE('',*,*,#10749,.T.);
#11961=ORIENTED_EDGE('',*,*,#11960,.T.);
#11962=ORIENTED_EDGE('',*,*,#11945,.F.);
#11963=EDGE_LOOP('',(#11958,#11959,#11961,#11962));
#11964=FACE_OUTER_BOUND('',#11963,.F.);
#11965=ADVANCED_FACE('',(#11964),#11957,.T.);
#11966=CARTESIAN_POINT('',(0.E0,1.75E-1,0.E0));
#11967=DIRECTION('',(0.E0,-1.E0,0.E0));
#11968=DIRECTION('',(1.E0,0.E0,0.E0));
#11969=AXIS2_PLACEMENT_3D('',#11966,#11967,#11968);
#11970=PLANE('',#11969);
#11971=ORIENTED_EDGE('',*,*,#10747,.F.);
#11973=ORIENTED_EDGE('',*,*,#11972,.F.);
#11975=ORIENTED_EDGE('',*,*,#11974,.F.);
#11976=ORIENTED_EDGE('',*,*,#11784,.T.);
#11977=ORIENTED_EDGE('',*,*,#11933,.F.);
#11978=ORIENTED_EDGE('',*,*,#11947,.T.);
#11979=ORIENTED_EDGE('',*,*,#11960,.F.);
#11980=EDGE_LOOP('',(#11971,#11973,#11975,#11976,#11977,#11978,#11979));
#11981=FACE_OUTER_BOUND('',#11980,.F.);
#11982=ADVANCED_FACE('',(#11981),#11970,.T.);
#11983=CARTESIAN_POINT('',(-1.7E0,-2.5E-2,1.45E0));
#11984=DIRECTION('',(0.E0,0.E0,-1.E0));
#11985=DIRECTION('',(-1.E0,0.E0,0.E0));
#11986=AXIS2_PLACEMENT_3D('',#11983,#11984,#11985);
#11987=PLANE('',#11986);
#11988=ORIENTED_EDGE('',*,*,#10640,.T.);
#11990=ORIENTED_EDGE('',*,*,#11989,.T.);
#11991=ORIENTED_EDGE('',*,*,#11972,.T.);
#11992=ORIENTED_EDGE('',*,*,#10745,.F.);
#11993=EDGE_LOOP('',(#11988,#11990,#11991,#11992));
#11994=FACE_OUTER_BOUND('',#11993,.F.);
#11995=ADVANCED_FACE('',(#11994),#11987,.T.);
#11996=CARTESIAN_POINT('',(-1.7E0,-2.5E-2,1.75E0));
#11997=DIRECTION('',(1.E0,0.E0,0.E0));
#11998=DIRECTION('',(0.E0,0.E0,-1.E0));
#11999=AXIS2_PLACEMENT_3D('',#11996,#11997,#11998);
#12000=PLANE('',#11999);
#12001=ORIENTED_EDGE('',*,*,#10638,.F.);
#12002=ORIENTED_EDGE('',*,*,#11786,.T.);
#12003=ORIENTED_EDGE('',*,*,#11974,.T.);
#12004=ORIENTED_EDGE('',*,*,#11989,.F.);
#12005=EDGE_LOOP('',(#12001,#12002,#12003,#12004));
#12006=FACE_OUTER_BOUND('',#12005,.F.);
#12007=ADVANCED_FACE('',(#12006),#12000,.T.);
#12008=CARTESIAN_POINT('',(0.E0,9.75E-1,0.E0));
#12009=DIRECTION('',(0.E0,1.E0,0.E0));
#12010=DIRECTION('',(1.E0,0.E0,0.E0));
#12011=AXIS2_PLACEMENT_3D('',#12008,#12009,#12010);
#12012=PLANE('',#12011);
#12013=ORIENTED_EDGE('',*,*,#10740,.F.);
#12014=ORIENTED_EDGE('',*,*,#10880,.F.);
#12015=ORIENTED_EDGE('',*,*,#11466,.F.);
#12016=ORIENTED_EDGE('',*,*,#11790,.F.);
#12017=EDGE_LOOP('',(#12013,#12014,#12015,#12016));
#12018=FACE_OUTER_BOUND('',#12017,.F.);
#12019=ADVANCED_FACE('',(#12018),#12012,.T.);
#12020=CARTESIAN_POINT('',(1.7E0,-2.5E-2,1.75E0));
#12021=DIRECTION('',(1.E0,0.E0,0.E0));
#12022=DIRECTION('',(0.E0,0.E0,-1.E0));
#12023=AXIS2_PLACEMENT_3D('',#12020,#12021,#12022);
#12024=PLANE('',#12023);
#12025=ORIENTED_EDGE('',*,*,#10656,.T.);
#12027=ORIENTED_EDGE('',*,*,#12026,.T.);
#12029=ORIENTED_EDGE('',*,*,#12028,.F.);
#12030=ORIENTED_EDGE('',*,*,#11794,.F.);
#12031=EDGE_LOOP('',(#12025,#12027,#12029,#12030));
#12032=FACE_OUTER_BOUND('',#12031,.F.);
#12033=ADVANCED_FACE('',(#12032),#12024,.F.);
#12034=CARTESIAN_POINT('',(1.7E0,-2.5E-2,1.45E0));
#12035=DIRECTION('',(0.E0,0.E0,1.E0));
#12036=DIRECTION('',(1.E0,0.E0,0.E0));
#12037=AXIS2_PLACEMENT_3D('',#12034,#12035,#12036);
#12038=PLANE('',#12037);
#12039=ORIENTED_EDGE('',*,*,#10654,.F.);
#12040=ORIENTED_EDGE('',*,*,#11461,.T.);
#12042=ORIENTED_EDGE('',*,*,#12041,.F.);
#12043=ORIENTED_EDGE('',*,*,#12026,.F.);
#12044=EDGE_LOOP('',(#12039,#12040,#12042,#12043));
#12045=FACE_OUTER_BOUND('',#12044,.F.);
#12046=ADVANCED_FACE('',(#12045),#12038,.F.);
#12047=CARTESIAN_POINT('',(0.E0,1.75E-1,0.E0));
#12048=DIRECTION('',(0.E0,1.E0,0.E0));
#12049=DIRECTION('',(-1.E0,0.E0,0.E0));
#12050=AXIS2_PLACEMENT_3D('',#12047,#12048,#12049);
#12051=PLANE('',#12050);
#12052=ORIENTED_EDGE('',*,*,#11796,.F.);
#12053=ORIENTED_EDGE('',*,*,#12028,.T.);
#12054=ORIENTED_EDGE('',*,*,#12041,.T.);
#12055=ORIENTED_EDGE('',*,*,#11459,.T.);
#12056=ORIENTED_EDGE('',*,*,#11754,.T.);
#12057=ORIENTED_EDGE('',*,*,#11768,.T.);
#12058=EDGE_LOOP('',(#12052,#12053,#12054,#12055,#12056,#12057));
#12059=FACE_OUTER_BOUND('',#12058,.F.);
#12060=ADVANCED_FACE('',(#12059),#12051,.F.);
#12061=CARTESIAN_POINT('',(1.1E0,-2.5E-2,1.449E0));
#12062=DIRECTION('',(-1.E0,0.E0,0.E0));
#12063=DIRECTION('',(0.E0,0.E0,1.E0));
#12064=AXIS2_PLACEMENT_3D('',#12061,#12062,#12063);
#12065=PLANE('',#12064);
#12066=ORIENTED_EDGE('',*,*,#10474,.T.);
#12068=ORIENTED_EDGE('',*,*,#12067,.T.);
#12070=ORIENTED_EDGE('',*,*,#12069,.T.);
#12071=ORIENTED_EDGE('',*,*,#11800,.F.);
#12072=EDGE_LOOP('',(#12066,#12068,#12070,#12071));
#12073=FACE_OUTER_BOUND('',#12072,.F.);
#12074=ADVANCED_FACE('',(#12073),#12065,.T.);
#12075=CARTESIAN_POINT('',(1.001E0,-2.5E-2,1.449E0));
#12076=DIRECTION('',(0.E0,-1.E0,0.E0));
#12077=DIRECTION('',(1.E0,0.E0,0.E0));
#12078=AXIS2_PLACEMENT_3D('',#12075,#12076,#12077);
#12079=CYLINDRICAL_SURFACE('',#12078,9.9E-2);
#12080=ORIENTED_EDGE('',*,*,#10472,.F.);
#12082=ORIENTED_EDGE('',*,*,#12081,.T.);
#12084=ORIENTED_EDGE('',*,*,#12083,.T.);
#12085=ORIENTED_EDGE('',*,*,#12067,.F.);
#12086=EDGE_LOOP('',(#12080,#12082,#12084,#12085));
#12087=FACE_OUTER_BOUND('',#12086,.F.);
#12088=ADVANCED_FACE('',(#12087),#12079,.F.);
#12089=CARTESIAN_POINT('',(9.99E-1,-2.5E-2,1.35E0));
#12090=DIRECTION('',(0.E0,0.E0,1.E0));
#12091=DIRECTION('',(1.E0,0.E0,0.E0));
#12092=AXIS2_PLACEMENT_3D('',#12089,#12090,#12091);
#12093=PLANE('',#12092);
#12094=ORIENTED_EDGE('',*,*,#10470,.F.);
#12096=ORIENTED_EDGE('',*,*,#12095,.T.);
#12098=ORIENTED_EDGE('',*,*,#12097,.T.);
#12099=ORIENTED_EDGE('',*,*,#12081,.F.);
#12100=EDGE_LOOP('',(#12094,#12096,#12098,#12099));
#12101=FACE_OUTER_BOUND('',#12100,.F.);
#12102=ADVANCED_FACE('',(#12101),#12093,.T.);
#12103=CARTESIAN_POINT('',(9.99E-1,-2.5E-2,1.449E0));
#12104=DIRECTION('',(0.E0,-1.E0,0.E0));
#12105=DIRECTION('',(1.E0,0.E0,0.E0));
#12106=AXIS2_PLACEMENT_3D('',#12103,#12104,#12105);
#12107=CYLINDRICAL_SURFACE('',#12106,9.9E-2);
#12108=ORIENTED_EDGE('',*,*,#10468,.F.);
#12110=ORIENTED_EDGE('',*,*,#12109,.T.);
#12112=ORIENTED_EDGE('',*,*,#12111,.T.);
#12113=ORIENTED_EDGE('',*,*,#12095,.F.);
#12114=EDGE_LOOP('',(#12108,#12110,#12112,#12113));
#12115=FACE_OUTER_BOUND('',#12114,.F.);
#12116=ADVANCED_FACE('',(#12115),#12107,.F.);
#12117=CARTESIAN_POINT('',(9.E-1,-2.5E-2,1.85E0));
#12118=DIRECTION('',(1.E0,0.E0,0.E0));
#12119=DIRECTION('',(0.E0,0.E0,-1.E0));
#12120=AXIS2_PLACEMENT_3D('',#12117,#12118,#12119);
#12121=PLANE('',#12120);
#12122=ORIENTED_EDGE('',*,*,#10466,.F.);
#12123=ORIENTED_EDGE('',*,*,#11804,.T.);
#12125=ORIENTED_EDGE('',*,*,#12124,.T.);
#12126=ORIENTED_EDGE('',*,*,#12109,.F.);
#12127=EDGE_LOOP('',(#12122,#12123,#12125,#12126));
#12128=FACE_OUTER_BOUND('',#12127,.F.);
#12129=ADVANCED_FACE('',(#12128),#12121,.T.);
#12130=CARTESIAN_POINT('',(0.E0,1.75E-1,0.E0));
#12131=DIRECTION('',(0.E0,-1.E0,0.E0));
#12132=DIRECTION('',(1.E0,0.E0,0.E0));
#12133=AXIS2_PLACEMENT_3D('',#12130,#12131,#12132);
#12134=PLANE('',#12133);
#12135=ORIENTED_EDGE('',*,*,#11802,.T.);
#12136=ORIENTED_EDGE('',*,*,#12069,.F.);
#12137=ORIENTED_EDGE('',*,*,#12083,.F.);
#12138=ORIENTED_EDGE('',*,*,#12097,.F.);
#12139=ORIENTED_EDGE('',*,*,#12111,.F.);
#12140=ORIENTED_EDGE('',*,*,#12124,.F.);
#12141=EDGE_LOOP('',(#12135,#12136,#12137,#12138,#12139,#12140));
#12142=FACE_OUTER_BOUND('',#12141,.F.);
#12143=ADVANCED_FACE('',(#12142),#12134,.T.);
#12144=CARTESIAN_POINT('',(7.E-1,-2.5E-2,1.449E0));
#12145=DIRECTION('',(-1.E0,0.E0,0.E0));
#12146=DIRECTION('',(0.E0,0.E0,1.E0));
#12147=AXIS2_PLACEMENT_3D('',#12144,#12145,#12146);
#12148=PLANE('',#12147);
#12149=ORIENTED_EDGE('',*,*,#10462,.T.);
#12151=ORIENTED_EDGE('',*,*,#12150,.T.);
#12153=ORIENTED_EDGE('',*,*,#12152,.T.);
#12154=ORIENTED_EDGE('',*,*,#11807,.F.);
#12155=EDGE_LOOP('',(#12149,#12151,#12153,#12154));
#12156=FACE_OUTER_BOUND('',#12155,.F.);
#12157=ADVANCED_FACE('',(#12156),#12148,.T.);
#12158=CARTESIAN_POINT('',(6.01E-1,-2.5E-2,1.449E0));
#12159=DIRECTION('',(0.E0,-1.E0,0.E0));
#12160=DIRECTION('',(1.E0,0.E0,0.E0));
#12161=AXIS2_PLACEMENT_3D('',#12158,#12159,#12160);
#12162=CYLINDRICAL_SURFACE('',#12161,9.9E-2);
#12163=ORIENTED_EDGE('',*,*,#10460,.F.);
#12165=ORIENTED_EDGE('',*,*,#12164,.T.);
#12167=ORIENTED_EDGE('',*,*,#12166,.T.);
#12168=ORIENTED_EDGE('',*,*,#12150,.F.);
#12169=EDGE_LOOP('',(#12163,#12165,#12167,#12168));
#12170=FACE_OUTER_BOUND('',#12169,.F.);
#12171=ADVANCED_FACE('',(#12170),#12162,.F.);
#12172=CARTESIAN_POINT('',(5.99E-1,-2.5E-2,1.35E0));
#12173=DIRECTION('',(0.E0,0.E0,1.E0));
#12174=DIRECTION('',(1.E0,0.E0,0.E0));
#12175=AXIS2_PLACEMENT_3D('',#12172,#12173,#12174);
#12176=PLANE('',#12175);
#12177=ORIENTED_EDGE('',*,*,#10458,.F.);
#12179=ORIENTED_EDGE('',*,*,#12178,.T.);
#12181=ORIENTED_EDGE('',*,*,#12180,.T.);
#12182=ORIENTED_EDGE('',*,*,#12164,.F.);
#12183=EDGE_LOOP('',(#12177,#12179,#12181,#12182));
#12184=FACE_OUTER_BOUND('',#12183,.F.);
#12185=ADVANCED_FACE('',(#12184),#12176,.T.);
#12186=CARTESIAN_POINT('',(5.99E-1,-2.5E-2,1.449E0));
#12187=DIRECTION('',(0.E0,-1.E0,0.E0));
#12188=DIRECTION('',(1.E0,0.E0,0.E0));
#12189=AXIS2_PLACEMENT_3D('',#12186,#12187,#12188);
#12190=CYLINDRICAL_SURFACE('',#12189,9.9E-2);
#12191=ORIENTED_EDGE('',*,*,#10456,.F.);
#12193=ORIENTED_EDGE('',*,*,#12192,.T.);
#12195=ORIENTED_EDGE('',*,*,#12194,.T.);
#12196=ORIENTED_EDGE('',*,*,#12178,.F.);
#12197=EDGE_LOOP('',(#12191,#12193,#12195,#12196));
#12198=FACE_OUTER_BOUND('',#12197,.F.);
#12199=ADVANCED_FACE('',(#12198),#12190,.F.);
#12200=CARTESIAN_POINT('',(5.E-1,-2.5E-2,1.85E0));
#12201=DIRECTION('',(1.E0,0.E0,0.E0));
#12202=DIRECTION('',(0.E0,0.E0,-1.E0));
#12203=AXIS2_PLACEMENT_3D('',#12200,#12201,#12202);
#12204=PLANE('',#12203);
#12205=ORIENTED_EDGE('',*,*,#10454,.F.);
#12206=ORIENTED_EDGE('',*,*,#11811,.T.);
#12208=ORIENTED_EDGE('',*,*,#12207,.T.);
#12209=ORIENTED_EDGE('',*,*,#12192,.F.);
#12210=EDGE_LOOP('',(#12205,#12206,#12208,#12209));
#12211=FACE_OUTER_BOUND('',#12210,.F.);
#12212=ADVANCED_FACE('',(#12211),#12204,.T.);
#12213=CARTESIAN_POINT('',(0.E0,1.75E-1,0.E0));
#12214=DIRECTION('',(0.E0,-1.E0,0.E0));
#12215=DIRECTION('',(1.E0,0.E0,0.E0));
#12216=AXIS2_PLACEMENT_3D('',#12213,#12214,#12215);
#12217=PLANE('',#12216);
#12218=ORIENTED_EDGE('',*,*,#11809,.T.);
#12219=ORIENTED_EDGE('',*,*,#12152,.F.);
#12220=ORIENTED_EDGE('',*,*,#12166,.F.);
#12221=ORIENTED_EDGE('',*,*,#12180,.F.);
#12222=ORIENTED_EDGE('',*,*,#12194,.F.);
#12223=ORIENTED_EDGE('',*,*,#12207,.F.);
#12224=EDGE_LOOP('',(#12218,#12219,#12220,#12221,#12222,#12223));
#12225=FACE_OUTER_BOUND('',#12224,.F.);
#12226=ADVANCED_FACE('',(#12225),#12217,.T.);
#12227=CARTESIAN_POINT('',(3.E-1,-2.5E-2,1.449E0));
#12228=DIRECTION('',(-1.E0,0.E0,0.E0));
#12229=DIRECTION('',(0.E0,0.E0,1.E0));
#12230=AXIS2_PLACEMENT_3D('',#12227,#12228,#12229);
#12231=PLANE('',#12230);
#12232=ORIENTED_EDGE('',*,*,#10450,.T.);
#12234=ORIENTED_EDGE('',*,*,#12233,.T.);
#12236=ORIENTED_EDGE('',*,*,#12235,.T.);
#12237=ORIENTED_EDGE('',*,*,#11814,.F.);
#12238=EDGE_LOOP('',(#12232,#12234,#12236,#12237));
#12239=FACE_OUTER_BOUND('',#12238,.F.);
#12240=ADVANCED_FACE('',(#12239),#12231,.T.);
#12241=CARTESIAN_POINT('',(2.01E-1,-2.5E-2,1.449E0));
#12242=DIRECTION('',(0.E0,-1.E0,0.E0));
#12243=DIRECTION('',(1.E0,0.E0,0.E0));
#12244=AXIS2_PLACEMENT_3D('',#12241,#12242,#12243);
#12245=CYLINDRICAL_SURFACE('',#12244,9.9E-2);
#12246=ORIENTED_EDGE('',*,*,#10448,.F.);
#12248=ORIENTED_EDGE('',*,*,#12247,.T.);
#12250=ORIENTED_EDGE('',*,*,#12249,.T.);
#12251=ORIENTED_EDGE('',*,*,#12233,.F.);
#12252=EDGE_LOOP('',(#12246,#12248,#12250,#12251));
#12253=FACE_OUTER_BOUND('',#12252,.F.);
#12254=ADVANCED_FACE('',(#12253),#12245,.F.);
#12255=CARTESIAN_POINT('',(1.99E-1,-2.5E-2,1.35E0));
#12256=DIRECTION('',(0.E0,0.E0,1.E0));
#12257=DIRECTION('',(1.E0,0.E0,0.E0));
#12258=AXIS2_PLACEMENT_3D('',#12255,#12256,#12257);
#12259=PLANE('',#12258);
#12260=ORIENTED_EDGE('',*,*,#10446,.F.);
#12262=ORIENTED_EDGE('',*,*,#12261,.T.);
#12264=ORIENTED_EDGE('',*,*,#12263,.T.);
#12265=ORIENTED_EDGE('',*,*,#12247,.F.);
#12266=EDGE_LOOP('',(#12260,#12262,#12264,#12265));
#12267=FACE_OUTER_BOUND('',#12266,.F.);
#12268=ADVANCED_FACE('',(#12267),#12259,.T.);
#12269=CARTESIAN_POINT('',(1.99E-1,-2.5E-2,1.449E0));
#12270=DIRECTION('',(0.E0,-1.E0,0.E0));
#12271=DIRECTION('',(1.E0,0.E0,0.E0));
#12272=AXIS2_PLACEMENT_3D('',#12269,#12270,#12271);
#12273=CYLINDRICAL_SURFACE('',#12272,9.9E-2);
#12274=ORIENTED_EDGE('',*,*,#10444,.F.);
#12276=ORIENTED_EDGE('',*,*,#12275,.T.);
#12278=ORIENTED_EDGE('',*,*,#12277,.T.);
#12279=ORIENTED_EDGE('',*,*,#12261,.F.);
#12280=EDGE_LOOP('',(#12274,#12276,#12278,#12279));
#12281=FACE_OUTER_BOUND('',#12280,.F.);
#12282=ADVANCED_FACE('',(#12281),#12273,.F.);
#12283=CARTESIAN_POINT('',(1.E-1,-2.5E-2,1.85E0));
#12284=DIRECTION('',(1.E0,0.E0,0.E0));
#12285=DIRECTION('',(0.E0,0.E0,-1.E0));
#12286=AXIS2_PLACEMENT_3D('',#12283,#12284,#12285);
#12287=PLANE('',#12286);
#12288=ORIENTED_EDGE('',*,*,#10442,.F.);
#12289=ORIENTED_EDGE('',*,*,#11818,.T.);
#12291=ORIENTED_EDGE('',*,*,#12290,.T.);
#12292=ORIENTED_EDGE('',*,*,#12275,.F.);
#12293=EDGE_LOOP('',(#12288,#12289,#12291,#12292));
#12294=FACE_OUTER_BOUND('',#12293,.F.);
#12295=ADVANCED_FACE('',(#12294),#12287,.T.);
#12296=CARTESIAN_POINT('',(0.E0,1.75E-1,0.E0));
#12297=DIRECTION('',(0.E0,-1.E0,0.E0));
#12298=DIRECTION('',(1.E0,0.E0,0.E0));
#12299=AXIS2_PLACEMENT_3D('',#12296,#12297,#12298);
#12300=PLANE('',#12299);
#12301=ORIENTED_EDGE('',*,*,#11816,.T.);
#12302=ORIENTED_EDGE('',*,*,#12235,.F.);
#12303=ORIENTED_EDGE('',*,*,#12249,.F.);
#12304=ORIENTED_EDGE('',*,*,#12263,.F.);
#12305=ORIENTED_EDGE('',*,*,#12277,.F.);
#12306=ORIENTED_EDGE('',*,*,#12290,.F.);
#12307=EDGE_LOOP('',(#12301,#12302,#12303,#12304,#12305,#12306));
#12308=FACE_OUTER_BOUND('',#12307,.F.);
#12309=ADVANCED_FACE('',(#12308),#12300,.T.);
#12310=CARTESIAN_POINT('',(-1.E-1,-2.5E-2,1.449E0));
#12311=DIRECTION('',(-1.E0,0.E0,0.E0));
#12312=DIRECTION('',(0.E0,0.E0,1.E0));
#12313=AXIS2_PLACEMENT_3D('',#12310,#12311,#12312);
#12314=PLANE('',#12313);
#12315=ORIENTED_EDGE('',*,*,#10438,.T.);
#12317=ORIENTED_EDGE('',*,*,#12316,.T.);
#12319=ORIENTED_EDGE('',*,*,#12318,.T.);
#12320=ORIENTED_EDGE('',*,*,#11821,.F.);
#12321=EDGE_LOOP('',(#12315,#12317,#12319,#12320));
#12322=FACE_OUTER_BOUND('',#12321,.F.);
#12323=ADVANCED_FACE('',(#12322),#12314,.T.);
#12324=CARTESIAN_POINT('',(-1.99E-1,-2.5E-2,1.449E0));
#12325=DIRECTION('',(0.E0,-1.E0,0.E0));
#12326=DIRECTION('',(1.E0,0.E0,0.E0));
#12327=AXIS2_PLACEMENT_3D('',#12324,#12325,#12326);
#12328=CYLINDRICAL_SURFACE('',#12327,9.9E-2);
#12329=ORIENTED_EDGE('',*,*,#10436,.F.);
#12331=ORIENTED_EDGE('',*,*,#12330,.T.);
#12333=ORIENTED_EDGE('',*,*,#12332,.T.);
#12334=ORIENTED_EDGE('',*,*,#12316,.F.);
#12335=EDGE_LOOP('',(#12329,#12331,#12333,#12334));
#12336=FACE_OUTER_BOUND('',#12335,.F.);
#12337=ADVANCED_FACE('',(#12336),#12328,.F.);
#12338=CARTESIAN_POINT('',(-2.01E-1,-2.5E-2,1.35E0));
#12339=DIRECTION('',(0.E0,0.E0,1.E0));
#12340=DIRECTION('',(1.E0,0.E0,0.E0));
#12341=AXIS2_PLACEMENT_3D('',#12338,#12339,#12340);
#12342=PLANE('',#12341);
#12343=ORIENTED_EDGE('',*,*,#10434,.F.);
#12345=ORIENTED_EDGE('',*,*,#12344,.T.);
#12347=ORIENTED_EDGE('',*,*,#12346,.T.);
#12348=ORIENTED_EDGE('',*,*,#12330,.F.);
#12349=EDGE_LOOP('',(#12343,#12345,#12347,#12348));
#12350=FACE_OUTER_BOUND('',#12349,.F.);
#12351=ADVANCED_FACE('',(#12350),#12342,.T.);
#12352=CARTESIAN_POINT('',(-2.01E-1,-2.5E-2,1.449E0));
#12353=DIRECTION('',(0.E0,-1.E0,0.E0));
#12354=DIRECTION('',(1.E0,0.E0,0.E0));
#12355=AXIS2_PLACEMENT_3D('',#12352,#12353,#12354);
#12356=CYLINDRICAL_SURFACE('',#12355,9.9E-2);
#12357=ORIENTED_EDGE('',*,*,#10432,.F.);
#12359=ORIENTED_EDGE('',*,*,#12358,.T.);
#12361=ORIENTED_EDGE('',*,*,#12360,.T.);
#12362=ORIENTED_EDGE('',*,*,#12344,.F.);
#12363=EDGE_LOOP('',(#12357,#12359,#12361,#12362));
#12364=FACE_OUTER_BOUND('',#12363,.F.);
#12365=ADVANCED_FACE('',(#12364),#12356,.F.);
#12366=CARTESIAN_POINT('',(-3.E-1,-2.5E-2,1.85E0));
#12367=DIRECTION('',(1.E0,0.E0,0.E0));
#12368=DIRECTION('',(0.E0,0.E0,-1.E0));
#12369=AXIS2_PLACEMENT_3D('',#12366,#12367,#12368);
#12370=PLANE('',#12369);
#12371=ORIENTED_EDGE('',*,*,#10430,.F.);
#12372=ORIENTED_EDGE('',*,*,#11825,.T.);
#12374=ORIENTED_EDGE('',*,*,#12373,.T.);
#12375=ORIENTED_EDGE('',*,*,#12358,.F.);
#12376=EDGE_LOOP('',(#12371,#12372,#12374,#12375));
#12377=FACE_OUTER_BOUND('',#12376,.F.);
#12378=ADVANCED_FACE('',(#12377),#12370,.T.);
#12379=CARTESIAN_POINT('',(0.E0,1.75E-1,0.E0));
#12380=DIRECTION('',(0.E0,-1.E0,0.E0));
#12381=DIRECTION('',(1.E0,0.E0,0.E0));
#12382=AXIS2_PLACEMENT_3D('',#12379,#12380,#12381);
#12383=PLANE('',#12382);
#12384=ORIENTED_EDGE('',*,*,#11823,.T.);
#12385=ORIENTED_EDGE('',*,*,#12318,.F.);
#12386=ORIENTED_EDGE('',*,*,#12332,.F.);
#12387=ORIENTED_EDGE('',*,*,#12346,.F.);
#12388=ORIENTED_EDGE('',*,*,#12360,.F.);
#12389=ORIENTED_EDGE('',*,*,#12373,.F.);
#12390=EDGE_LOOP('',(#12384,#12385,#12386,#12387,#12388,#12389));
#12391=FACE_OUTER_BOUND('',#12390,.F.);
#12392=ADVANCED_FACE('',(#12391),#12383,.T.);
#12393=CARTESIAN_POINT('',(-5.E-1,-2.5E-2,1.449E0));
#12394=DIRECTION('',(-1.E0,0.E0,0.E0));
#12395=DIRECTION('',(0.E0,0.E0,1.E0));
#12396=AXIS2_PLACEMENT_3D('',#12393,#12394,#12395);
#12397=PLANE('',#12396);
#12398=ORIENTED_EDGE('',*,*,#10426,.T.);
#12400=ORIENTED_EDGE('',*,*,#12399,.T.);
#12402=ORIENTED_EDGE('',*,*,#12401,.T.);
#12403=ORIENTED_EDGE('',*,*,#11828,.F.);
#12404=EDGE_LOOP('',(#12398,#12400,#12402,#12403));
#12405=FACE_OUTER_BOUND('',#12404,.F.);
#12406=ADVANCED_FACE('',(#12405),#12397,.T.);
#12407=CARTESIAN_POINT('',(-5.99E-1,-2.5E-2,1.449E0));
#12408=DIRECTION('',(0.E0,-1.E0,0.E0));
#12409=DIRECTION('',(1.E0,0.E0,0.E0));
#12410=AXIS2_PLACEMENT_3D('',#12407,#12408,#12409);
#12411=CYLINDRICAL_SURFACE('',#12410,9.9E-2);
#12412=ORIENTED_EDGE('',*,*,#10424,.F.);
#12414=ORIENTED_EDGE('',*,*,#12413,.T.);
#12416=ORIENTED_EDGE('',*,*,#12415,.T.);
#12417=ORIENTED_EDGE('',*,*,#12399,.F.);
#12418=EDGE_LOOP('',(#12412,#12414,#12416,#12417));
#12419=FACE_OUTER_BOUND('',#12418,.F.);
#12420=ADVANCED_FACE('',(#12419),#12411,.F.);
#12421=CARTESIAN_POINT('',(-6.01E-1,-2.5E-2,1.35E0));
#12422=DIRECTION('',(0.E0,0.E0,1.E0));
#12423=DIRECTION('',(1.E0,0.E0,0.E0));
#12424=AXIS2_PLACEMENT_3D('',#12421,#12422,#12423);
#12425=PLANE('',#12424);
#12426=ORIENTED_EDGE('',*,*,#10422,.F.);
#12428=ORIENTED_EDGE('',*,*,#12427,.T.);
#12430=ORIENTED_EDGE('',*,*,#12429,.T.);
#12431=ORIENTED_EDGE('',*,*,#12413,.F.);
#12432=EDGE_LOOP('',(#12426,#12428,#12430,#12431));
#12433=FACE_OUTER_BOUND('',#12432,.F.);
#12434=ADVANCED_FACE('',(#12433),#12425,.T.);
#12435=CARTESIAN_POINT('',(-6.01E-1,-2.5E-2,1.449E0));
#12436=DIRECTION('',(0.E0,-1.E0,0.E0));
#12437=DIRECTION('',(1.E0,0.E0,0.E0));
#12438=AXIS2_PLACEMENT_3D('',#12435,#12436,#12437);
#12439=CYLINDRICAL_SURFACE('',#12438,9.9E-2);
#12440=ORIENTED_EDGE('',*,*,#10420,.F.);
#12442=ORIENTED_EDGE('',*,*,#12441,.T.);
#12444=ORIENTED_EDGE('',*,*,#12443,.T.);
#12445=ORIENTED_EDGE('',*,*,#12427,.F.);
#12446=EDGE_LOOP('',(#12440,#12442,#12444,#12445));
#12447=FACE_OUTER_BOUND('',#12446,.F.);
#12448=ADVANCED_FACE('',(#12447),#12439,.F.);
#12449=CARTESIAN_POINT('',(-7.E-1,-2.5E-2,1.85E0));
#12450=DIRECTION('',(1.E0,0.E0,0.E0));
#12451=DIRECTION('',(0.E0,0.E0,-1.E0));
#12452=AXIS2_PLACEMENT_3D('',#12449,#12450,#12451);
#12453=PLANE('',#12452);
#12454=ORIENTED_EDGE('',*,*,#10418,.F.);
#12455=ORIENTED_EDGE('',*,*,#11832,.T.);
#12457=ORIENTED_EDGE('',*,*,#12456,.T.);
#12458=ORIENTED_EDGE('',*,*,#12441,.F.);
#12459=EDGE_LOOP('',(#12454,#12455,#12457,#12458));
#12460=FACE_OUTER_BOUND('',#12459,.F.);
#12461=ADVANCED_FACE('',(#12460),#12453,.T.);
#12462=CARTESIAN_POINT('',(0.E0,1.75E-1,0.E0));
#12463=DIRECTION('',(0.E0,-1.E0,0.E0));
#12464=DIRECTION('',(1.E0,0.E0,0.E0));
#12465=AXIS2_PLACEMENT_3D('',#12462,#12463,#12464);
#12466=PLANE('',#12465);
#12467=ORIENTED_EDGE('',*,*,#11830,.T.);
#12468=ORIENTED_EDGE('',*,*,#12401,.F.);
#12469=ORIENTED_EDGE('',*,*,#12415,.F.);
#12470=ORIENTED_EDGE('',*,*,#12429,.F.);
#12471=ORIENTED_EDGE('',*,*,#12443,.F.);
#12472=ORIENTED_EDGE('',*,*,#12456,.F.);
#12473=EDGE_LOOP('',(#12467,#12468,#12469,#12470,#12471,#12472));
#12474=FACE_OUTER_BOUND('',#12473,.F.);
#12475=ADVANCED_FACE('',(#12474),#12466,.T.);
#12476=CARTESIAN_POINT('',(1.7E0,-2.5E-2,-1.45E0));
#12477=DIRECTION('',(0.E0,0.E0,1.E0));
#12478=DIRECTION('',(1.E0,0.E0,0.E0));
#12479=AXIS2_PLACEMENT_3D('',#12476,#12477,#12478);
#12480=PLANE('',#12479);
#12481=ORIENTED_EDGE('',*,*,#10672,.T.);
#12483=ORIENTED_EDGE('',*,*,#12482,.T.);
#12485=ORIENTED_EDGE('',*,*,#12484,.T.);
#12486=ORIENTED_EDGE('',*,*,#11470,.F.);
#12487=EDGE_LOOP('',(#12481,#12483,#12485,#12486));
#12488=FACE_OUTER_BOUND('',#12487,.F.);
#12489=ADVANCED_FACE('',(#12488),#12480,.T.);
#12490=CARTESIAN_POINT('',(1.7E0,-2.5E-2,-1.75E0));
#12491=DIRECTION('',(-1.E0,0.E0,0.E0));
#12492=DIRECTION('',(0.E0,0.E0,1.E0));
#12493=AXIS2_PLACEMENT_3D('',#12490,#12491,#12492);
#12494=PLANE('',#12493);
#12495=ORIENTED_EDGE('',*,*,#10670,.F.);
#12496=ORIENTED_EDGE('',*,*,#10875,.T.);
#12498=ORIENTED_EDGE('',*,*,#12497,.T.);
#12499=ORIENTED_EDGE('',*,*,#12482,.F.);
#12500=EDGE_LOOP('',(#12495,#12496,#12498,#12499));
#12501=FACE_OUTER_BOUND('',#12500,.F.);
#12502=ADVANCED_FACE('',(#12501),#12494,.T.);
#12503=CARTESIAN_POINT('',(0.E0,1.75E-1,0.E0));
#12504=DIRECTION('',(0.E0,-1.E0,0.E0));
#12505=DIRECTION('',(-1.E0,0.E0,0.E0));
#12506=AXIS2_PLACEMENT_3D('',#12503,#12504,#12505);
#12507=PLANE('',#12506);
#12508=ORIENTED_EDGE('',*,*,#11472,.F.);
#12509=ORIENTED_EDGE('',*,*,#12484,.F.);
#12510=ORIENTED_EDGE('',*,*,#12497,.F.);
#12511=ORIENTED_EDGE('',*,*,#10873,.T.);
#12512=ORIENTED_EDGE('',*,*,#11399,.F.);
#12513=ORIENTED_EDGE('',*,*,#11413,.F.);
#12514=EDGE_LOOP('',(#12508,#12509,#12510,#12511,#12512,#12513));
#12515=FACE_OUTER_BOUND('',#12514,.F.);
#12516=ADVANCED_FACE('',(#12515),#12507,.T.);
#12517=CARTESIAN_POINT('',(-1.7E0,-2.5E-2,-1.75E0));
#12518=DIRECTION('',(-1.E0,0.E0,0.E0));
#12519=DIRECTION('',(0.E0,0.E0,1.E0));
#12520=AXIS2_PLACEMENT_3D('',#12517,#12518,#12519);
#12521=PLANE('',#12520);
#12522=ORIENTED_EDGE('',*,*,#10624,.T.);
#12524=ORIENTED_EDGE('',*,*,#12523,.T.);
#12526=ORIENTED_EDGE('',*,*,#12525,.F.);
#12527=ORIENTED_EDGE('',*,*,#10884,.F.);
#12528=EDGE_LOOP('',(#12522,#12524,#12526,#12527));
#12529=FACE_OUTER_BOUND('',#12528,.F.);
#12530=ADVANCED_FACE('',(#12529),#12521,.F.);
#12531=CARTESIAN_POINT('',(-1.7E0,-2.5E-2,-1.45E0));
#12532=DIRECTION('',(0.E0,0.E0,-1.E0));
#12533=DIRECTION('',(-1.E0,0.E0,0.E0));
#12534=AXIS2_PLACEMENT_3D('',#12531,#12532,#12533);
#12535=PLANE('',#12534);
#12536=ORIENTED_EDGE('',*,*,#10622,.F.);
#12537=ORIENTED_EDGE('',*,*,#10735,.T.);
#12539=ORIENTED_EDGE('',*,*,#12538,.F.);
#12540=ORIENTED_EDGE('',*,*,#12523,.F.);
#12541=EDGE_LOOP('',(#12536,#12537,#12539,#12540));
#12542=FACE_OUTER_BOUND('',#12541,.F.);
#12543=ADVANCED_FACE('',(#12542),#12535,.F.);
#12544=CARTESIAN_POINT('',(0.E0,1.75E-1,0.E0));
#12545=DIRECTION('',(0.E0,1.E0,0.E0));
#12546=DIRECTION('',(1.E0,0.E0,0.E0));
#12547=AXIS2_PLACEMENT_3D('',#12544,#12545,#12546);
#12548=PLANE('',#12547);
#12549=ORIENTED_EDGE('',*,*,#10733,.T.);
#12550=ORIENTED_EDGE('',*,*,#10804,.T.);
#12551=ORIENTED_EDGE('',*,*,#10818,.T.);
#12552=ORIENTED_EDGE('',*,*,#10886,.F.);
#12553=ORIENTED_EDGE('',*,*,#12525,.T.);
#12554=ORIENTED_EDGE('',*,*,#12538,.T.);
#12555=EDGE_LOOP('',(#12549,#12550,#12551,#12552,#12553,#12554));
#12556=FACE_OUTER_BOUND('',#12555,.F.);
#12557=ADVANCED_FACE('',(#12556),#12548,.F.);
#12558=CARTESIAN_POINT('',(-2.1E0,-2.5E-2,9.E-1));
#12559=DIRECTION('',(0.E0,0.E0,1.E0));
#12560=DIRECTION('',(1.E0,0.E0,0.E0));
#12561=AXIS2_PLACEMENT_3D('',#12558,#12559,#12560);
#12562=PLANE('',#12561);
#12563=ORIENTED_EDGE('',*,*,#10394,.T.);
#12565=ORIENTED_EDGE('',*,*,#12564,.T.);
#12567=ORIENTED_EDGE('',*,*,#12566,.T.);
#12568=ORIENTED_EDGE('',*,*,#10752,.F.);
#12569=EDGE_LOOP('',(#12563,#12565,#12567,#12568));
#12570=FACE_OUTER_BOUND('',#12569,.F.);
#12571=ADVANCED_FACE('',(#12570),#12562,.F.);
#12572=CARTESIAN_POINT('',(-1.447E0,-2.5E-2,8.E-1));
#12573=DIRECTION('',(0.E0,1.E0,0.E0));
#12574=DIRECTION('',(1.E0,0.E0,0.E0));
#12575=AXIS2_PLACEMENT_3D('',#12572,#12573,#12574);
#12576=CYLINDRICAL_SURFACE('',#12575,1.E-1);
#12577=ORIENTED_EDGE('',*,*,#10392,.T.);
#12579=ORIENTED_EDGE('',*,*,#12578,.T.);
#12581=ORIENTED_EDGE('',*,*,#12580,.F.);
#12582=ORIENTED_EDGE('',*,*,#12564,.F.);
#12583=EDGE_LOOP('',(#12577,#12579,#12581,#12582));
#12584=FACE_OUTER_BOUND('',#12583,.F.);
#12585=ADVANCED_FACE('',(#12584),#12576,.F.);
#12586=CARTESIAN_POINT('',(-1.699E0,-2.5E-2,7.E-1));
#12587=DIRECTION('',(0.E0,0.E0,-1.E0));
#12588=DIRECTION('',(-1.E0,0.E0,0.E0));
#12589=AXIS2_PLACEMENT_3D('',#12586,#12587,#12588);
#12590=PLANE('',#12589);
#12591=ORIENTED_EDGE('',*,*,#10390,.F.);
#12592=ORIENTED_EDGE('',*,*,#10756,.T.);
#12594=ORIENTED_EDGE('',*,*,#12593,.T.);
#12595=ORIENTED_EDGE('',*,*,#12578,.F.);
#12596=EDGE_LOOP('',(#12591,#12592,#12594,#12595));
#12597=FACE_OUTER_BOUND('',#12596,.F.);
#12598=ADVANCED_FACE('',(#12597),#12590,.F.);
#12599=CARTESIAN_POINT('',(0.E0,1.75E-1,0.E0));
#12600=DIRECTION('',(0.E0,1.E0,0.E0));
#12601=DIRECTION('',(1.E0,0.E0,0.E0));
#12602=AXIS2_PLACEMENT_3D('',#12599,#12600,#12601);
#12603=PLANE('',#12602);
#12604=ORIENTED_EDGE('',*,*,#10754,.F.);
#12605=ORIENTED_EDGE('',*,*,#12566,.F.);
#12606=ORIENTED_EDGE('',*,*,#12580,.T.);
#12607=ORIENTED_EDGE('',*,*,#12593,.F.);
#12608=EDGE_LOOP('',(#12604,#12605,#12606,#12607));
#12609=FACE_OUTER_BOUND('',#12608,.F.);
#12610=ADVANCED_FACE('',(#12609),#12603,.F.);
#12611=CARTESIAN_POINT('',(-2.1E0,-2.5E-2,5.E-1));
#12612=DIRECTION('',(0.E0,0.E0,1.E0));
#12613=DIRECTION('',(1.E0,0.E0,0.E0));
#12614=AXIS2_PLACEMENT_3D('',#12611,#12612,#12613);
#12615=PLANE('',#12614);
#12616=ORIENTED_EDGE('',*,*,#10386,.T.);
#12618=ORIENTED_EDGE('',*,*,#12617,.T.);
#12620=ORIENTED_EDGE('',*,*,#12619,.T.);
#12621=ORIENTED_EDGE('',*,*,#10759,.F.);
#12622=EDGE_LOOP('',(#12616,#12618,#12620,#12621));
#12623=FACE_OUTER_BOUND('',#12622,.F.);
#12624=ADVANCED_FACE('',(#12623),#12615,.F.);
#12625=CARTESIAN_POINT('',(-1.447E0,-2.5E-2,4.E-1));
#12626=DIRECTION('',(0.E0,1.E0,0.E0));
#12627=DIRECTION('',(1.E0,0.E0,0.E0));
#12628=AXIS2_PLACEMENT_3D('',#12625,#12626,#12627);
#12629=CYLINDRICAL_SURFACE('',#12628,1.E-1);
#12630=ORIENTED_EDGE('',*,*,#10384,.T.);
#12632=ORIENTED_EDGE('',*,*,#12631,.T.);
#12634=ORIENTED_EDGE('',*,*,#12633,.F.);
#12635=ORIENTED_EDGE('',*,*,#12617,.F.);
#12636=EDGE_LOOP('',(#12630,#12632,#12634,#12635));
#12637=FACE_OUTER_BOUND('',#12636,.F.);
#12638=ADVANCED_FACE('',(#12637),#12629,.F.);
#12639=CARTESIAN_POINT('',(-1.699E0,-2.5E-2,3.E-1));
#12640=DIRECTION('',(0.E0,0.E0,-1.E0));
#12641=DIRECTION('',(-1.E0,0.E0,0.E0));
#12642=AXIS2_PLACEMENT_3D('',#12639,#12640,#12641);
#12643=PLANE('',#12642);
#12644=ORIENTED_EDGE('',*,*,#10382,.F.);
#12645=ORIENTED_EDGE('',*,*,#10763,.T.);
#12647=ORIENTED_EDGE('',*,*,#12646,.T.);
#12648=ORIENTED_EDGE('',*,*,#12631,.F.);
#12649=EDGE_LOOP('',(#12644,#12645,#12647,#12648));
#12650=FACE_OUTER_BOUND('',#12649,.F.);
#12651=ADVANCED_FACE('',(#12650),#12643,.F.);
#12652=CARTESIAN_POINT('',(0.E0,1.75E-1,0.E0));
#12653=DIRECTION('',(0.E0,1.E0,0.E0));
#12654=DIRECTION('',(1.E0,0.E0,0.E0));
#12655=AXIS2_PLACEMENT_3D('',#12652,#12653,#12654);
#12656=PLANE('',#12655);
#12657=ORIENTED_EDGE('',*,*,#10761,.F.);
#12658=ORIENTED_EDGE('',*,*,#12619,.F.);
#12659=ORIENTED_EDGE('',*,*,#12633,.T.);
#12660=ORIENTED_EDGE('',*,*,#12646,.F.);
#12661=EDGE_LOOP('',(#12657,#12658,#12659,#12660));
#12662=FACE_OUTER_BOUND('',#12661,.F.);
#12663=ADVANCED_FACE('',(#12662),#12656,.F.);
#12664=CARTESIAN_POINT('',(-2.1E0,-2.5E-2,1.E-1));
#12665=DIRECTION('',(0.E0,0.E0,1.E0));
#12666=DIRECTION('',(1.E0,0.E0,0.E0));
#12667=AXIS2_PLACEMENT_3D('',#12664,#12665,#12666);
#12668=PLANE('',#12667);
#12669=ORIENTED_EDGE('',*,*,#10378,.T.);
#12671=ORIENTED_EDGE('',*,*,#12670,.T.);
#12673=ORIENTED_EDGE('',*,*,#12672,.T.);
#12674=ORIENTED_EDGE('',*,*,#10766,.F.);
#12675=EDGE_LOOP('',(#12669,#12671,#12673,#12674));
#12676=FACE_OUTER_BOUND('',#12675,.F.);
#12677=ADVANCED_FACE('',(#12676),#12668,.F.);
#12678=CARTESIAN_POINT('',(-1.55E0,-2.5E-2,0.E0));
#12679=DIRECTION('',(0.E0,1.E0,0.E0));
#12680=DIRECTION('',(1.E0,0.E0,0.E0));
#12681=AXIS2_PLACEMENT_3D('',#12678,#12679,#12680);
#12682=CYLINDRICAL_SURFACE('',#12681,1.E-1);
#12683=ORIENTED_EDGE('',*,*,#10376,.T.);
#12685=ORIENTED_EDGE('',*,*,#12684,.T.);
#12687=ORIENTED_EDGE('',*,*,#12686,.F.);
#12688=ORIENTED_EDGE('',*,*,#12670,.F.);
#12689=EDGE_LOOP('',(#12683,#12685,#12687,#12688));
#12690=FACE_OUTER_BOUND('',#12689,.F.);
#12691=ADVANCED_FACE('',(#12690),#12682,.F.);
#12692=CARTESIAN_POINT('',(-1.699E0,-2.5E-2,-1.E-1));
#12693=DIRECTION('',(0.E0,0.E0,-1.E0));
#12694=DIRECTION('',(-1.E0,0.E0,0.E0));
#12695=AXIS2_PLACEMENT_3D('',#12692,#12693,#12694);
#12696=PLANE('',#12695);
#12697=ORIENTED_EDGE('',*,*,#10374,.F.);
#12698=ORIENTED_EDGE('',*,*,#10770,.T.);
#12700=ORIENTED_EDGE('',*,*,#12699,.T.);
#12701=ORIENTED_EDGE('',*,*,#12684,.F.);
#12702=EDGE_LOOP('',(#12697,#12698,#12700,#12701));
#12703=FACE_OUTER_BOUND('',#12702,.F.);
#12704=ADVANCED_FACE('',(#12703),#12696,.F.);
#12705=CARTESIAN_POINT('',(0.E0,1.75E-1,0.E0));
#12706=DIRECTION('',(0.E0,1.E0,0.E0));
#12707=DIRECTION('',(1.E0,0.E0,0.E0));
#12708=AXIS2_PLACEMENT_3D('',#12705,#12706,#12707);
#12709=PLANE('',#12708);
#12710=ORIENTED_EDGE('',*,*,#10768,.F.);
#12711=ORIENTED_EDGE('',*,*,#12672,.F.);
#12712=ORIENTED_EDGE('',*,*,#12686,.T.);
#12713=ORIENTED_EDGE('',*,*,#12699,.F.);
#12714=EDGE_LOOP('',(#12710,#12711,#12712,#12713));
#12715=FACE_OUTER_BOUND('',#12714,.F.);
#12716=ADVANCED_FACE('',(#12715),#12709,.F.);
#12717=CARTESIAN_POINT('',(0.E0,1.75E-1,0.E0));
#12718=DIRECTION('',(0.E0,1.E0,0.E0));
#12719=DIRECTION('',(1.E0,0.E0,0.E0));
#12720=AXIS2_PLACEMENT_3D('',#12717,#12718,#12719);
#12721=PLANE('',#12720);
#12722=ORIENTED_EDGE('',*,*,#10775,.F.);
#12724=ORIENTED_EDGE('',*,*,#12723,.T.);
#12726=ORIENTED_EDGE('',*,*,#12725,.T.);
#12728=ORIENTED_EDGE('',*,*,#12727,.T.);
#12729=EDGE_LOOP('',(#12722,#12724,#12726,#12728));
#12730=FACE_OUTER_BOUND('',#12729,.F.);
#12731=ADVANCED_FACE('',(#12730),#12721,.F.);
#12732=CARTESIAN_POINT('',(-2.1E0,-2.5E-2,-3.E-1));
#12733=DIRECTION('',(0.E0,0.E0,1.E0));
#12734=DIRECTION('',(1.E0,0.E0,0.E0));
#12735=AXIS2_PLACEMENT_3D('',#12732,#12733,#12734);
#12736=PLANE('',#12735);
#12737=ORIENTED_EDGE('',*,*,#10370,.T.);
#12739=ORIENTED_EDGE('',*,*,#12738,.T.);
#12740=ORIENTED_EDGE('',*,*,#12723,.F.);
#12741=ORIENTED_EDGE('',*,*,#10773,.F.);
#12742=EDGE_LOOP('',(#12737,#12739,#12740,#12741));
#12743=FACE_OUTER_BOUND('',#12742,.F.);
#12744=ADVANCED_FACE('',(#12743),#12736,.F.);
#12745=CARTESIAN_POINT('',(-1.5E0,-2.5E-2,-4.E-1));
#12746=DIRECTION('',(0.E0,1.E0,0.E0));
#12747=DIRECTION('',(1.E0,0.E0,0.E0));
#12748=AXIS2_PLACEMENT_3D('',#12745,#12746,#12747);
#12749=CYLINDRICAL_SURFACE('',#12748,1.E-1);
#12750=ORIENTED_EDGE('',*,*,#10368,.T.);
#12752=ORIENTED_EDGE('',*,*,#12751,.T.);
#12753=ORIENTED_EDGE('',*,*,#12725,.F.);
#12754=ORIENTED_EDGE('',*,*,#12738,.F.);
#12755=EDGE_LOOP('',(#12750,#12752,#12753,#12754));
#12756=FACE_OUTER_BOUND('',#12755,.F.);
#12757=ADVANCED_FACE('',(#12756),#12749,.F.);
#12758=CARTESIAN_POINT('',(-1.699E0,-2.5E-2,-5.E-1));
#12759=DIRECTION('',(0.E0,0.E0,-1.E0));
#12760=DIRECTION('',(-1.E0,0.E0,0.E0));
#12761=AXIS2_PLACEMENT_3D('',#12758,#12759,#12760);
#12762=PLANE('',#12761);
#12763=ORIENTED_EDGE('',*,*,#10366,.F.);
#12764=ORIENTED_EDGE('',*,*,#10777,.T.);
#12765=ORIENTED_EDGE('',*,*,#12727,.F.);
#12766=ORIENTED_EDGE('',*,*,#12751,.F.);
#12767=EDGE_LOOP('',(#12763,#12764,#12765,#12766));
#12768=FACE_OUTER_BOUND('',#12767,.F.);
#12769=ADVANCED_FACE('',(#12768),#12762,.F.);
#12770=CLOSED_SHELL('',(#10614,#10630,#10646,#10662,#10678,#10693,#10707,#10721,
#10783,#10795,#10809,#10823,#10892,#10906,#10920,#10934,#10948,#10961,#10975,
#10989,#11003,#11017,#11031,#11044,#11058,#11072,#11086,#11100,#11114,#11127,
#11141,#11155,#11169,#11183,#11197,#11210,#11224,#11238,#11252,#11266,#11280,
#11293,#11307,#11321,#11335,#11349,#11363,#11376,#11390,#11404,#11418,#11480,
#11495,#11508,#11521,#11533,#11547,#11561,#11574,#11586,#11600,#11614,#11627,
#11639,#11653,#11667,#11680,#11692,#11706,#11720,#11733,#11745,#11759,#11773,
#11841,#11855,#11873,#11886,#11899,#11912,#11924,#11938,#11952,#11965,#11982,
#11995,#12007,#12019,#12033,#12046,#12060,#12074,#12088,#12102,#12116,#12129,
#12143,#12157,#12171,#12185,#12199,#12212,#12226,#12240,#12254,#12268,#12282,
#12295,#12309,#12323,#12337,#12351,#12365,#12378,#12392,#12406,#12420,#12434,
#12448,#12461,#12475,#12489,#12502,#12516,#12530,#12543,#12557,#12571,#12585,
#12598,#12610,#12624,#12638,#12651,#12663,#12677,#12691,#12704,#12716,#12731,
#12744,#12757,#12769));
#12771=MANIFOLD_SOLID_BREP('',#12770);
#12772=FILL_AREA_STYLE_COLOUR('',#3);
#12773=FILL_AREA_STYLE('',(#12772));
#12774=SURFACE_STYLE_FILL_AREA(#12773);
#12775=SURFACE_SIDE_STYLE('',(#12774));
#12776=SURFACE_STYLE_USAGE(.BOTH.,#12775);
#12777=PRESENTATION_STYLE_ASSIGNMENT((#12776));
#6763=STYLED_ITEM('',(#12777),#12771);
#12779=DIMENSIONAL_EXPONENTS(0.E0,0.E0,0.E0,0.E0,0.E0,0.E0,0.E0);
#12781=PLANE_ANGLE_MEASURE_WITH_UNIT(PLANE_ANGLE_MEASURE(1.745329251994E-2),
#12780);
#12782=(CONVERSION_BASED_UNIT('DEGREE',#12781)NAMED_UNIT(*)PLANE_ANGLE_UNIT());
#12784=UNCERTAINTY_MEASURE_WITH_UNIT(LENGTH_MEASURE(2.435977639082E-4),#12778,
'closure',
'Maximum model space distance between geometric entities at asserted connectivities');
#12785=(GEOMETRIC_REPRESENTATION_CONTEXT(3)GLOBAL_UNCERTAINTY_ASSIGNED_CONTEXT((
#12784))GLOBAL_UNIT_ASSIGNED_CONTEXT((#12778,#12782,#12783))REPRESENTATION_CONTEXT('ID2','3'));
#12786=CARTESIAN_POINT('',(0.E0,0.E0,0.E0));
#12787=DIRECTION('',(0.E0,0.E0,1.E0));
#12788=DIRECTION('',(1.E0,0.E0,0.E0));
#12791=MECHANICAL_CONTEXT('',#6741,'mechanical');
#12792=PRODUCT('BODY','BODY','NOT SPECIFIED',(#12791));
#12793=PRODUCT_DEFINITION_FORMATION_WITH_SPECIFIED_SOURCE('40','LAST_VERSION',
#12792,.MADE.);
#12799=CARTESIAN_POINT('',(0.E0,0.E0,2.5E-2));
#12800=DIRECTION('',(-1.E0,0.E0,0.E0));
#12801=DIRECTION('',(0.E0,-1.E0,0.E0));
#12802=AXIS2_PLACEMENT_3D('',#12799,#12800,#12801);
#12803=ITEM_DEFINED_TRANSFORMATION('','',#12789,#12802);
#12804=(REPRESENTATION_RELATIONSHIP('','',#12790,#6752)REPRESENTATION_RELATIONSHIP_WITH_TRANSFORMATION(#12803)SHAPE_REPRESENTATION_RELATIONSHIP());
#12805=CONTEXT_DEPENDENT_SHAPE_REPRESENTATION(#12804,#12798);
#12807=DIMENSIONAL_EXPONENTS(0.E0,0.E0,0.E0,0.E0,0.E0,0.E0,0.E0);
#12809=PLANE_ANGLE_MEASURE_WITH_UNIT(PLANE_ANGLE_MEASURE(1.745329251994E-2),
#12808);
#12810=(CONVERSION_BASED_UNIT('DEGREE',#12809)NAMED_UNIT(*)PLANE_ANGLE_UNIT());
#12812=UNCERTAINTY_MEASURE_WITH_UNIT(LENGTH_MEASURE(2.253379408383E-4),#12806,
'closure',
'Maximum model space distance between geometric entities at asserted connectivities');
#12813=(GEOMETRIC_REPRESENTATION_CONTEXT(3)GLOBAL_UNCERTAINTY_ASSIGNED_CONTEXT((
#12812))GLOBAL_UNIT_ASSIGNED_CONTEXT((#12806,#12810,#12811))REPRESENTATION_CONTEXT('ID3','3'));
#12814=CARTESIAN_POINT('',(0.E0,0.E0,0.E0));
#12815=DIRECTION('',(0.E0,0.E0,1.E0));
#12816=DIRECTION('',(1.E0,0.E0,0.E0));
#12818=MECHANICAL_DESIGN_GEOMETRIC_PRESENTATION_REPRESENTATION('',(#49,#56,#63,
#70,#77,#85,#92,#99,#106,#113,#120,#127,#239,#40,#256,#263,#270,#277,#284,#292,
#299,#306,#313,#320,#327,#334,#441,#248,#457,#465,#472,#479,#486,#493,#500,#507,
#514,#521,#528,#536,#643,#450,#660,#667,#674,#681,#688,#696,#703,#710,#717,#724,
#731,#738,#845,#652,#862,#869,#876,#883,#890,#898,#905,#912,#919,#926,#933,#940,
#1047,#854,#1064,#1071,#1078,#1085,#1092,#1100,#1107,#1114,#1121,#1128,#1135,
#1142,#1249,#1056,#1266,#1273,#1280,#1287,#1294,#1302,#1309,#1316,#1323,#1330,
#1337,#1344,#1451,#1258,#1468,#1475,#1482,#1489,#1496,#1504,#1511,#1518,#1525,
#1532,#1539,#1546,#1653,#1460,#1670,#1677,#1684,#1691,#1698,#1706,#1713,#1720,
#1727,#1734,#1741,#1748,#1855,#1662,#1872,#1879,#1886,#1893,#1900,#1908,#1915,
#1922,#1929,#1936,#1943,#1950,#2057,#1864,#2073,#2080,#2088,#2095,#2103,#2110,
#2117,#2124,#2131,#2138,#2145,#2152,#2159,#2166,#2174,#2181,#2189,#2196,#2262,
#2066,#2361,#2368,#2376,#2383,#2391,#2398,#2405,#2412,#2419,#2426,#2433,#2440,
#2447,#2454,#2462,#2469,#2477,#2484,#2550,#2354,#2649,#2656,#2664,#2671,#2679,
#2686,#2693,#2700,#2707,#2714,#2721,#2728,#2735,#2742,#2750,#2757,#2765,#2772,
#2838,#2642,#2937,#2944,#2952,#2959,#2967,#2974,#2981,#2988,#2995,#3002,#3009,
#3016,#3023,#3030,#3038,#3045,#3053,#3060,#3126,#2930,#3225,#3232,#3240,#3247,
#3255,#3262,#3269,#3276,#3283,#3290,#3297,#3304,#3311,#3318,#3326,#3333,#3341,
#3348,#3414,#3218,#3513,#3520,#3528,#3535,#3543,#3550,#3557,#3564,#3571,#3578,
#3585,#3592,#3599,#3606,#3614,#3621,#3629,#3636,#3702,#3506,#3801,#3808,#3816,
#3823,#3831,#3838,#3845,#3852,#3859,#3866,#3873,#3880,#3887,#3894,#3902,#3909,
#3917,#3924,#3990,#3794,#4089,#4096,#4104,#4111,#4119,#4126,#4133,#4140,#4147,
#4154,#4161,#4168,#4175,#4182,#4190,#4197,#4205,#4212,#4278,#4082,#4377,#4384,
#4392,#4399,#4407,#4414,#4421,#4428,#4435,#4442,#4449,#4456,#4463,#4470,#4478,
#4485,#4493,#4500,#4566,#4370,#4665,#4672,#4680,#4687,#4695,#4702,#4709,#4716,
#4723,#4730,#4737,#4744,#4751,#4758,#4766,#4773,#4781,#4788,#4854,#4658,#4953,
#4960,#4968,#4975,#4983,#4990,#4997,#5004,#5011,#5018,#5025,#5032,#5039,#5046,
#5054,#5061,#5069,#5076,#5142,#4946,#5241,#5248,#5256,#5263,#5271,#5278,#5285,
#5292,#5299,#5306,#5313,#5320,#5327,#5334,#5342,#5349,#5357,#5364,#5430,#5234,
#5529,#5536,#5543,#5550,#5557,#5564,#5571,#5578,#5585,#5592,#5599,#5606,#5613,
#5620,#5627,#5634,#5641,#5648,#5714,#5763,#5522,#5820,#5827,#5834,#5841,#5848,
#5855,#5862,#5869,#5876,#5883,#5890,#5897,#5904,#5911,#5918,#5925,#5932,#5939,
#6005,#6054,#5813,#6111,#6118,#6125,#6132,#6139,#6146,#6153,#6160,#6167,#6174,
#6181,#6188,#6195,#6202,#6209,#6216,#6223,#6230,#6237,#6244,#6251,#6370,#6416,
#6104,#6444,#6451,#6458,#6465,#6472,#6479,#6486,#6493,#6500,#6507,#6514,#6521,
#6528,#6535,#6542,#6549,#6556,#6563,#6629,#6678,#6437,#6770,#6777,#6784,#6792,
#6799,#6806,#6813,#6821,#6828,#6835,#6842,#6850,#6857,#6864,#6871,#6879,#6886,
#6893,#6900,#6907,#6914,#6921,#6928,#6936,#6943,#6951,#6958,#6965,#6972,#6980,
#6987,#6995,#7002,#7009,#7016,#7024,#7031,#7039,#7046,#7053,#7060,#7068,#7075,
#7083,#7090,#7097,#7104,#7112,#7119,#7127,#7134,#7141,#7148,#7156,#7163,#7171,
#7178,#7185,#7192,#7199,#7206,#7213,#7221,#7228,#7235,#7242,#7250,#7257,#7264,
#7271,#7279,#7286,#7293,#7300,#7308,#7315,#7322,#7329,#7337,#7344,#7351,#7358,
#7365,#7372,#7379,#7387,#7394,#7402,#7409,#7416,#7423,#7431,#7438,#7446,#7453,
#7460,#7467,#7475,#7482,#7490,#7497,#7504,#7511,#7519,#7526,#7534,#7541,#7548,
#7555,#7563,#7570,#7578,#7585,#7592,#7599,#7607,#7614,#7622,#7629,#7636,#7643,
#7650,#7657,#7664,#7672,#7679,#7686,#7693,#7700,#7707,#7714,#7721,#7728,#7735,
#7742,#7749,#7756,#7763,#7770,#7777,#7784,#7791,#7798,#7805,#7812,#7819,#7826,
#7833,#7840,#7847,#7854,#7861,#7868,#7875,#7882,#7889,#7896,#7903,#7910,#7917,
#7924,#7931,#7938,#7945,#7952,#7959,#7967,#7974,#7981,#7988,#7995,#8002,#8009,
#8016,#8023,#8030,#8037,#8044,#8051,#8058,#8065,#8072,#8079,#8086,#8093,#8100,
#8107,#8114,#8121,#8128,#8135,#8142,#8149,#8156,#8163,#8170,#8177,#8184,#8191,
#8199,#8206,#8214,#8221,#8228,#8235,#8242,#8249,#8256,#8264,#8271,#8279,#8286,
#8293,#8300,#8307,#8314,#8321,#8329,#8336,#8344,#8351,#8358,#8365,#8372,#8379,
#8386,#8394,#8401,#8409,#8416,#8423,#8430,#8437,#8444,#8451,#8459,#8466,#8474,
#8481,#8488,#8495,#8502,#8509,#8516,#8524,#8531,#8539,#8546,#8553,#8560,#8567,
#8574,#8581,#8588,#8595,#8602,#8609,#8616,#8623,#8630,#8637,#8644,#8651,#8658,
#8665,#8672,#8679,#8686,#8693,#8700,#8707,#8714,#8722,#8729,#8736,#8743,#8750,
#8757,#8764,#8772,#8779,#8786,#8793,#8800,#8808,#8815,#8822,#8829,#8836,#8844,
#8851,#8858,#8865,#8872,#8880,#8887,#8894,#8901,#8908,#8915,#8922,#8929,#8936,
#8943,#8950,#8957,#8964,#8971,#8978,#8985,#8992,#8999,#9006,#9013,#9020,#9027,
#9034,#9041,#9048,#9055,#9062,#9069,#9076,#9084,#9091,#9099,#9106,#9113,#9120,
#9127,#9134,#9141,#9148,#9155,#9162,#9169,#9176,#9183,#9190,#9197,#9204,#9211,
#9218,#9225,#9232,#9239,#9246,#9253,#9260,#9267,#9274,#9281,#9288,#9296,#9303,
#9311,#9318,#9325,#9332,#9339,#9346,#9353,#9361,#9368,#9376,#9383,#9390,#9397,
#9404,#9411,#9418,#9426,#9433,#9441,#9448,#9455,#9462,#9469,#9476,#9483,#9491,
#9498,#9506,#9513,#9520,#9527,#9534,#9541,#9548,#9556,#9563,#9571,#9578,#9585,
#9592,#9599,#9606,#9613,#9620,#9627,#9634,#9641,#9648,#9655,#9662,#9669,#9677,
#9684,#9691,#9698,#9705,#9713,#9720,#9727,#9734,#9741,#9749,#9756,#9764,#9771,
#9778,#9785,#9792,#6763),#12813);
#12819=DESIGN_CONTEXT('',#6741,'design');
#12820=MECHANICAL_CONTEXT('',#6741,'mechanical');
#12821=PRODUCT('RBG0026A_ASM','RBG0026A_ASM','NOT SPECIFIED',(#12820));
#12822=PRODUCT_DEFINITION_FORMATION_WITH_SPECIFIED_SOURCE('110','LAST_VERSION',
#12821,.MADE.);
#12824=PRODUCT_CATEGORY('part','');
#12825=PRODUCT_RELATED_PRODUCT_CATEGORY('assembly','',(#12821));
#12826=PRODUCT_CATEGORY_RELATIONSHIP('','',#12824,#12825);
#12827=PRODUCT_CATEGORY('part','');
#12828=PRODUCT_RELATED_PRODUCT_CATEGORY('detail','',(#6745,#12792));
#12829=PRODUCT_CATEGORY_RELATIONSHIP('','',#12827,#12828);
#12830=SECURITY_CLASSIFICATION_LEVEL('unclassified');
#12831=SECURITY_CLASSIFICATION('','',#12830);
#12832=CC_DESIGN_SECURITY_CLASSIFICATION(#12831,(#6746,#12793,#12822,#6753,
#12797));
#12833=APPROVAL_STATUS('approved');
#12834=APPROVAL(#12833,'');
#12835=CC_DESIGN_APPROVAL(#12834,(#12831,#6746,#12793,#12822,#6747,#12794,
#12823));
#12836=CALENDAR_DATE(124,18,3);
#12837=COORDINATED_UNIVERSAL_TIME_OFFSET(7,0,.BEHIND.);
#12838=LOCAL_TIME(8,13,5.E1,#12837);
#12839=DATE_AND_TIME(#12836,#12838);
#12840=APPROVAL_DATE_TIME(#12839,#12834);
#12841=DATE_TIME_ROLE('creation_date');
#12842=CC_DESIGN_DATE_AND_TIME_ASSIGNMENT(#12839,#12841,(#6747,#12794,#12823));
#12843=DATE_TIME_ROLE('classification_date');
#12844=CC_DESIGN_DATE_AND_TIME_ASSIGNMENT(#12839,#12843,(#12831));
#12845=PERSON('UNSPECIFIED','UNSPECIFIED',$,$,$,$);
#12846=ORGANIZATION('UNSPECIFIED','UNSPECIFIED','UNSPECIFIED');
#12847=PERSON_AND_ORGANIZATION(#12845,#12846);
#12848=APPROVAL_ROLE('approver');
#12849=APPROVAL_PERSON_ORGANIZATION(#12847,#12834,#12848);
#12850=PERSON_AND_ORGANIZATION_ROLE('creator');
#12851=CC_DESIGN_PERSON_AND_ORGANIZATION_ASSIGNMENT(#12847,#12850,(#6746,#12793,
#12822,#6747,#12794,#12823));
#12852=PERSON_AND_ORGANIZATION_ROLE('design_supplier');
#12853=CC_DESIGN_PERSON_AND_ORGANIZATION_ASSIGNMENT(#12847,#12852,(#6746,#12793,
#12822));
#12854=PERSON_AND_ORGANIZATION_ROLE('classification_officer');
#12855=CC_DESIGN_PERSON_AND_ORGANIZATION_ASSIGNMENT(#12847,#12854,(#12831));
#12856=PERSON_AND_ORGANIZATION_ROLE('design_owner');
#12857=CC_DESIGN_PERSON_AND_ORGANIZATION_ASSIGNMENT(#12847,#12856,(#12821,#6745,
#12792));
#1=COLOUR_RGB('',0.E0,4.3E-1,1.E0);
#2=COLOUR_RGB('',0.E0,6.6E-1,0.E0);
#3=COLOUR_RGB('',9.8039E-2,9.8039E-2,9.8039E-2);
#4=COLOUR_RGB('',1.7E-1,2.2E-1,3.E-1);
#5=COLOUR_RGB('',1.80392E-1,2.7451E-1,9.8039E-2);
#6=COLOUR_RGB('',3.E-1,1.29412E-1,2.5098E-1);
#7=COLOUR_RGB('',3.13725E-1,3.13725E-1,3.13725E-1);
#8=COLOUR_RGB('',3.2E-1,4.9E-1,1.76471E-1);
#9=COLOUR_RGB('',3.33333E-1,2.15686E-1,3.33333E-1);
#10=COLOUR_RGB('',3.5E-1,3.5E-1,3.5E-1);
#11=COLOUR_RGB('',3.60784E-1,2.62745E-1,0.E0);
#12=COLOUR_RGB('',3.92157E-1,3.92157E-1,3.92157E-1);
#13=COLOUR_RGB('',4.4E-1,2.6E-1,0.E0);
#14=COLOUR_RGB('',5.2549E-1,5.60784E-1,9.21569E-1);
#15=COLOUR_RGB('',5.60784E-1,6.86275E-1,6.23529E-1);
#16=COLOUR_RGB('',5.7E-1,0.E0,1.E0);
#17=COLOUR_RGB('',5.9E-1,3.E-1,0.E0);
#18=COLOUR_RGB('',6.E-1,6.E-1,6.E-1);
#19=COLOUR_RGB('',6.2E-1,3.3E-1,2.3E-1);
#20=COLOUR_RGB('',6.23529E-1,5.60784E-1,6.86275E-1);
#21=COLOUR_RGB('',6.35294E-1,6.86275E-1,7.4902E-1);
#22=COLOUR_RGB('',6.66667E-1,6.66667E-1,6.66667E-1);
#23=COLOUR_RGB('',6.86275E-1,5.60784E-1,5.60784E-1);
#24=COLOUR_RGB('',6.86275E-1,6.86275E-1,5.60784E-1);
#25=COLOUR_RGB('',6.9E-1,0.E0,0.E0);
#26=COLOUR_RGB('',7.E-1,7.E-1,7.E-1);
#27=COLOUR_RGB('',8.23529E-1,7.05882E-1,4.31373E-1);
#28=COLOUR_RGB('',8.39216E-1,8.90196E-1,7.68627E-1);
#29=COLOUR_RGB('',8.62745E-1,4.98039E-1,3.92157E-1);
#30=COLOUR_RGB('',8.7E-1,7.5E-1,4.9E-1);
#31=COLOUR_RGB('',8.82353E-1,8.82353E-1,8.82353E-1);
#32=COLOUR_RGB('',9.80392E-1,9.80392E-1,9.80392E-1);
#33=COLOUR_RGB('',9.9E-1,1.E0,0.E0);
#34=COLOUR_RGB('',1.E0,5.E-1,0.E0);
#35=COLOUR_RGB('',1.E0,6.19608E-1,5.17647E-1);
#36=DRAUGHTING_PRE_DEFINED_COLOUR('white');
#37=COLOUR_RGB('',8.627450980392E-1,8.627450980392E-1,8.627450980392E-1);
#38=DRAUGHTING_PRE_DEFINED_COLOUR('magenta');
#39=COLOUR_RGB('',1.E0,6.2E-1,5.2E-1);
#45=CIRCLE('',#44,1.E-1);
#82=CIRCLE('',#81,1.E-1);
#149=EDGE_CURVE('',#138,#130,#60,.T.);
#151=EDGE_CURVE('',#138,#139,#45,.T.);
#153=EDGE_CURVE('',#131,#139,#103,.T.);
#155=EDGE_CURVE('',#130,#131,#53,.T.);
#165=EDGE_CURVE('',#142,#134,#89,.T.);
#167=EDGE_CURVE('',#138,#142,#124,.T.);
#170=EDGE_CURVE('',#130,#134,#67,.T.);
#180=EDGE_CURVE('',#135,#143,#74,.T.);
#182=EDGE_CURVE('',#142,#143,#82,.T.);
#185=EDGE_CURVE('',#134,#135,#96,.T.);
#196=EDGE_CURVE('',#139,#143,#110,.T.);
#199=EDGE_CURVE('',#131,#135,#117,.T.);
#253=CIRCLE('',#252,1.E-1);
#289=CIRCLE('',#288,1.E-1);
#356=EDGE_CURVE('',#345,#337,#274,.T.);
#358=EDGE_CURVE('',#345,#346,#253,.T.);
#360=EDGE_CURVE('',#338,#346,#303,.T.);
#362=EDGE_CURVE('',#337,#338,#260,.T.);
#372=EDGE_CURVE('',#341,#349,#267,.T.);
#374=EDGE_CURVE('',#345,#349,#331,.T.);
#377=EDGE_CURVE('',#337,#341,#281,.T.);
#387=EDGE_CURVE('',#350,#342,#317,.T.);
#389=EDGE_CURVE('',#349,#350,#289,.T.);
#392=EDGE_CURVE('',#341,#342,#296,.T.);
#403=EDGE_CURVE('',#346,#350,#310,.T.);
#406=EDGE_CURVE('',#338,#342,#324,.T.);
#462=CIRCLE('',#461,1.E-1);
#533=CIRCLE('',#532,1.E-1);
#558=EDGE_CURVE('',#540,#548,#469,.T.);
#560=EDGE_CURVE('',#539,#540,#454,.T.);
#562=EDGE_CURVE('',#547,#539,#497,.T.);
#564=EDGE_CURVE('',#547,#548,#462,.T.);
#575=EDGE_CURVE('',#548,#552,#476,.T.);
#577=EDGE_CURVE('',#544,#552,#525,.T.);
#579=EDGE_CURVE('',#540,#544,#483,.T.);
#590=EDGE_CURVE('',#547,#551,#490,.T.);
#592=EDGE_CURVE('',#551,#552,#533,.T.);
#603=EDGE_CURVE('',#551,#543,#511,.T.);
#607=EDGE_CURVE('',#539,#543,#504,.T.);
#618=EDGE_CURVE('',#543,#544,#518,.T.);
#657=CIRCLE('',#656,1.E-1);
#693=CIRCLE('',#692,1.E-1);
#760=EDGE_CURVE('',#749,#741,#671,.T.);
#762=EDGE_CURVE('',#749,#750,#657,.T.);
#764=EDGE_CURVE('',#742,#750,#714,.T.);
#766=EDGE_CURVE('',#741,#742,#664,.T.);
#776=EDGE_CURVE('',#753,#745,#700,.T.);
#778=EDGE_CURVE('',#749,#753,#735,.T.);
#781=EDGE_CURVE('',#741,#745,#678,.T.);
#791=EDGE_CURVE('',#746,#754,#685,.T.);
#793=EDGE_CURVE('',#753,#754,#693,.T.);
#796=EDGE_CURVE('',#745,#746,#707,.T.);
#807=EDGE_CURVE('',#750,#754,#721,.T.);
#810=EDGE_CURVE('',#742,#746,#728,.T.);
#859=CIRCLE('',#858,1.E-1);
#895=CIRCLE('',#894,1.E-1);
#962=EDGE_CURVE('',#951,#943,#873,.T.);
#964=EDGE_CURVE('',#951,#952,#859,.T.);
#966=EDGE_CURVE('',#944,#952,#916,.T.);
#968=EDGE_CURVE('',#943,#944,#866,.T.);
#978=EDGE_CURVE('',#955,#947,#902,.T.);
#980=EDGE_CURVE('',#951,#955,#937,.T.);
#983=EDGE_CURVE('',#943,#947,#880,.T.);
#993=EDGE_CURVE('',#948,#956,#887,.T.);
#995=EDGE_CURVE('',#955,#956,#895,.T.);
#998=EDGE_CURVE('',#947,#948,#909,.T.);
#1009=EDGE_CURVE('',#952,#956,#923,.T.);
#1012=EDGE_CURVE('',#944,#948,#930,.T.);
#1061=CIRCLE('',#1060,1.E-1);
#1097=CIRCLE('',#1096,1.E-1);
#1164=EDGE_CURVE('',#1153,#1146,#1075,.T.);
#1166=EDGE_CURVE('',#1153,#1154,#1061,.T.);
#1168=EDGE_CURVE('',#1145,#1154,#1118,.T.);
#1170=EDGE_CURVE('',#1145,#1146,#1068,.T.);
#1180=EDGE_CURVE('',#1157,#1150,#1104,.T.);
#1182=EDGE_CURVE('',#1153,#1157,#1139,.T.);
#1185=EDGE_CURVE('',#1146,#1150,#1082,.T.);
#1195=EDGE_CURVE('',#1149,#1158,#1089,.T.);
#1197=EDGE_CURVE('',#1157,#1158,#1097,.T.);
#1200=EDGE_CURVE('',#1149,#1150,#1111,.T.);
#1211=EDGE_CURVE('',#1154,#1158,#1125,.T.);
#1214=EDGE_CURVE('',#1145,#1149,#1132,.T.);
#1263=CIRCLE('',#1262,1.E-1);
#1299=CIRCLE('',#1298,1.E-1);
#1366=EDGE_CURVE('',#1355,#1348,#1277,.T.);
#1368=EDGE_CURVE('',#1355,#1356,#1263,.T.);
#1370=EDGE_CURVE('',#1347,#1356,#1320,.T.);
#1372=EDGE_CURVE('',#1347,#1348,#1270,.T.);
#1382=EDGE_CURVE('',#1359,#1352,#1306,.T.);
#1384=EDGE_CURVE('',#1355,#1359,#1341,.T.);
#1387=EDGE_CURVE('',#1348,#1352,#1284,.T.);
#1397=EDGE_CURVE('',#1351,#1360,#1291,.T.);
#1399=EDGE_CURVE('',#1359,#1360,#1299,.T.);
#1402=EDGE_CURVE('',#1351,#1352,#1313,.T.);
#1413=EDGE_CURVE('',#1356,#1360,#1327,.T.);
#1416=EDGE_CURVE('',#1347,#1351,#1334,.T.);
#1465=CIRCLE('',#1464,1.E-1);
#1501=CIRCLE('',#1500,1.E-1);
#1568=EDGE_CURVE('',#1557,#1550,#1479,.T.);
#1570=EDGE_CURVE('',#1557,#1558,#1465,.T.);
#1572=EDGE_CURVE('',#1549,#1558,#1522,.T.);
#1574=EDGE_CURVE('',#1549,#1550,#1472,.T.);
#1584=EDGE_CURVE('',#1561,#1554,#1508,.T.);
#1586=EDGE_CURVE('',#1557,#1561,#1543,.T.);
#1589=EDGE_CURVE('',#1550,#1554,#1486,.T.);
#1599=EDGE_CURVE('',#1553,#1562,#1493,.T.);
#1601=EDGE_CURVE('',#1561,#1562,#1501,.T.);
#1604=EDGE_CURVE('',#1553,#1554,#1515,.T.);
#1615=EDGE_CURVE('',#1558,#1562,#1529,.T.);
#1618=EDGE_CURVE('',#1549,#1553,#1536,.T.);
#1667=CIRCLE('',#1666,1.E-1);
#1703=CIRCLE('',#1702,1.E-1);
#1770=EDGE_CURVE('',#1759,#1752,#1681,.T.);
#1772=EDGE_CURVE('',#1759,#1760,#1667,.T.);
#1774=EDGE_CURVE('',#1751,#1760,#1724,.T.);
#1776=EDGE_CURVE('',#1751,#1752,#1674,.T.);
#1786=EDGE_CURVE('',#1763,#1756,#1710,.T.);
#1788=EDGE_CURVE('',#1759,#1763,#1745,.T.);
#1791=EDGE_CURVE('',#1752,#1756,#1688,.T.);
#1801=EDGE_CURVE('',#1755,#1764,#1695,.T.);
#1803=EDGE_CURVE('',#1763,#1764,#1703,.T.);
#1806=EDGE_CURVE('',#1755,#1756,#1717,.T.);
#1817=EDGE_CURVE('',#1760,#1764,#1731,.T.);
#1820=EDGE_CURVE('',#1751,#1755,#1738,.T.);
#1869=CIRCLE('',#1868,1.E-1);
#1905=CIRCLE('',#1904,1.E-1);
#1972=EDGE_CURVE('',#1961,#1954,#1883,.T.);
#1974=EDGE_CURVE('',#1961,#1962,#1869,.T.);
#1976=EDGE_CURVE('',#1953,#1962,#1926,.T.);
#1978=EDGE_CURVE('',#1953,#1954,#1876,.T.);
#1988=EDGE_CURVE('',#1965,#1958,#1912,.T.);
#1990=EDGE_CURVE('',#1961,#1965,#1947,.T.);
#1993=EDGE_CURVE('',#1954,#1958,#1890,.T.);
#2003=EDGE_CURVE('',#1957,#1966,#1897,.T.);
#2005=EDGE_CURVE('',#1965,#1966,#1905,.T.);
#2008=EDGE_CURVE('',#1957,#1958,#1919,.T.);
#2019=EDGE_CURVE('',#1962,#1966,#1933,.T.);
#2022=EDGE_CURVE('',#1953,#1957,#1940,.T.);
#2085=CIRCLE('',#2084,9.9E-2);
#2100=CIRCLE('',#2099,9.9E-2);
#2171=CIRCLE('',#2170,9.9E-2);
#2186=CIRCLE('',#2185,9.9E-2);
#2226=EDGE_CURVE('',#2215,#2216,#2070,.T.);
#2228=EDGE_CURVE('',#2215,#2199,#2077,.T.);
#2230=EDGE_CURVE('',#2199,#2200,#2085,.T.);
#2232=EDGE_CURVE('',#2200,#2202,#2092,.T.);
#2234=EDGE_CURVE('',#2202,#2204,#2100,.T.);
#2236=EDGE_CURVE('',#2204,#2216,#2107,.T.);
#2247=EDGE_CURVE('',#2216,#2220,#2114,.T.);
#2249=EDGE_CURVE('',#2218,#2220,#2156,.T.);
#2251=EDGE_CURVE('',#2215,#2218,#2149,.T.);
#2270=EDGE_CURVE('',#2204,#2212,#2121,.T.);
#2272=EDGE_CURVE('',#2212,#2220,#2163,.T.);
#2283=EDGE_CURVE('',#2202,#2210,#2128,.T.);
#2285=EDGE_CURVE('',#2210,#2212,#2171,.T.);
#2297=EDGE_CURVE('',#2200,#2208,#2135,.T.);
#2299=EDGE_CURVE('',#2208,#2210,#2178,.T.);
#2311=EDGE_CURVE('',#2199,#2207,#2142,.T.);
#2313=EDGE_CURVE('',#2207,#2208,#2186,.T.);
#2325=EDGE_CURVE('',#2218,#2207,#2193,.T.);
#2373=CIRCLE('',#2372,9.9E-2);
#2388=CIRCLE('',#2387,9.9E-2);
#2459=CIRCLE('',#2458,9.9E-2);
#2474=CIRCLE('',#2473,9.9E-2);
#2514=EDGE_CURVE('',#2503,#2504,#2358,.T.);
#2516=EDGE_CURVE('',#2503,#2487,#2365,.T.);
#2518=EDGE_CURVE('',#2487,#2488,#2373,.T.);
#2520=EDGE_CURVE('',#2488,#2490,#2380,.T.);
#2522=EDGE_CURVE('',#2490,#2492,#2388,.T.);
#2524=EDGE_CURVE('',#2492,#2504,#2395,.T.);
#2535=EDGE_CURVE('',#2504,#2508,#2402,.T.);
#2537=EDGE_CURVE('',#2506,#2508,#2444,.T.);
#2539=EDGE_CURVE('',#2503,#2506,#2437,.T.);
#2558=EDGE_CURVE('',#2492,#2500,#2409,.T.);
#2560=EDGE_CURVE('',#2500,#2508,#2451,.T.);
#2571=EDGE_CURVE('',#2490,#2498,#2416,.T.);
#2573=EDGE_CURVE('',#2498,#2500,#2459,.T.);
#2585=EDGE_CURVE('',#2488,#2496,#2423,.T.);
#2587=EDGE_CURVE('',#2496,#2498,#2466,.T.);
#2599=EDGE_CURVE('',#2487,#2495,#2430,.T.);
#2601=EDGE_CURVE('',#2495,#2496,#2474,.T.);
#2613=EDGE_CURVE('',#2506,#2495,#2481,.T.);
#2661=CIRCLE('',#2660,9.9E-2);
#2676=CIRCLE('',#2675,9.9E-2);
#2747=CIRCLE('',#2746,9.9E-2);
#2762=CIRCLE('',#2761,9.9E-2);
#2802=EDGE_CURVE('',#2791,#2792,#2646,.T.);
#2804=EDGE_CURVE('',#2791,#2775,#2653,.T.);
#2806=EDGE_CURVE('',#2775,#2776,#2661,.T.);
#2808=EDGE_CURVE('',#2776,#2778,#2668,.T.);
#2810=EDGE_CURVE('',#2778,#2780,#2676,.T.);
#2812=EDGE_CURVE('',#2780,#2792,#2683,.T.);
#2823=EDGE_CURVE('',#2792,#2796,#2690,.T.);
#2825=EDGE_CURVE('',#2794,#2796,#2732,.T.);
#2827=EDGE_CURVE('',#2791,#2794,#2725,.T.);
#2846=EDGE_CURVE('',#2780,#2788,#2697,.T.);
#2848=EDGE_CURVE('',#2788,#2796,#2739,.T.);
#2859=EDGE_CURVE('',#2778,#2786,#2704,.T.);
#2861=EDGE_CURVE('',#2786,#2788,#2747,.T.);
#2873=EDGE_CURVE('',#2776,#2784,#2711,.T.);
#2875=EDGE_CURVE('',#2784,#2786,#2754,.T.);
#2887=EDGE_CURVE('',#2775,#2783,#2718,.T.);
#2889=EDGE_CURVE('',#2783,#2784,#2762,.T.);
#2901=EDGE_CURVE('',#2794,#2783,#2769,.T.);
#2949=CIRCLE('',#2948,9.9E-2);
#2964=CIRCLE('',#2963,9.9E-2);
#3035=CIRCLE('',#3034,9.9E-2);
#3050=CIRCLE('',#3049,9.9E-2);
#3090=EDGE_CURVE('',#3079,#3080,#2934,.T.);
#3092=EDGE_CURVE('',#3079,#3063,#2941,.T.);
#3094=EDGE_CURVE('',#3063,#3064,#2949,.T.);
#3096=EDGE_CURVE('',#3064,#3066,#2956,.T.);
#3098=EDGE_CURVE('',#3066,#3068,#2964,.T.);
#3100=EDGE_CURVE('',#3068,#3080,#2971,.T.);
#3111=EDGE_CURVE('',#3080,#3084,#2978,.T.);
#3113=EDGE_CURVE('',#3082,#3084,#3020,.T.);
#3115=EDGE_CURVE('',#3079,#3082,#3013,.T.);
#3134=EDGE_CURVE('',#3068,#3076,#2985,.T.);
#3136=EDGE_CURVE('',#3076,#3084,#3027,.T.);
#3147=EDGE_CURVE('',#3066,#3074,#2992,.T.);
#3149=EDGE_CURVE('',#3074,#3076,#3035,.T.);
#3161=EDGE_CURVE('',#3064,#3072,#2999,.T.);
#3163=EDGE_CURVE('',#3072,#3074,#3042,.T.);
#3175=EDGE_CURVE('',#3063,#3071,#3006,.T.);
#3177=EDGE_CURVE('',#3071,#3072,#3050,.T.);
#3189=EDGE_CURVE('',#3082,#3071,#3057,.T.);
#3237=CIRCLE('',#3236,9.9E-2);
#3252=CIRCLE('',#3251,9.9E-2);
#3323=CIRCLE('',#3322,9.9E-2);
#3338=CIRCLE('',#3337,9.9E-2);
#3378=EDGE_CURVE('',#3367,#3368,#3222,.T.);
#3380=EDGE_CURVE('',#3356,#3368,#3229,.T.);
#3382=EDGE_CURVE('',#3354,#3356,#3237,.T.);
#3384=EDGE_CURVE('',#3352,#3354,#3244,.T.);
#3386=EDGE_CURVE('',#3351,#3352,#3252,.T.);
#3388=EDGE_CURVE('',#3367,#3351,#3259,.T.);
#3399=EDGE_CURVE('',#3367,#3370,#3266,.T.);
#3401=EDGE_CURVE('',#3370,#3372,#3308,.T.);
#3403=EDGE_CURVE('',#3368,#3372,#3294,.T.);
#3422=EDGE_CURVE('',#3351,#3359,#3273,.T.);
#3424=EDGE_CURVE('',#3370,#3359,#3315,.T.);
#3435=EDGE_CURVE('',#3352,#3360,#3280,.T.);
#3437=EDGE_CURVE('',#3359,#3360,#3323,.T.);
#3449=EDGE_CURVE('',#3354,#3362,#3287,.T.);
#3451=EDGE_CURVE('',#3360,#3362,#3330,.T.);
#3463=EDGE_CURVE('',#3356,#3364,#3301,.T.);
#3465=EDGE_CURVE('',#3362,#3364,#3338,.T.);
#3477=EDGE_CURVE('',#3364,#3372,#3345,.T.);
#3525=CIRCLE('',#3524,9.9E-2);
#3540=CIRCLE('',#3539,9.9E-2);
#3611=CIRCLE('',#3610,9.9E-2);
#3626=CIRCLE('',#3625,9.9E-2);
#3666=EDGE_CURVE('',#3655,#3656,#3510,.T.);
#3668=EDGE_CURVE('',#3644,#3656,#3517,.T.);
#3670=EDGE_CURVE('',#3642,#3644,#3525,.T.);
#3672=EDGE_CURVE('',#3640,#3642,#3532,.T.);
#3674=EDGE_CURVE('',#3639,#3640,#3540,.T.);
#3676=EDGE_CURVE('',#3655,#3639,#3547,.T.);
#3687=EDGE_CURVE('',#3655,#3658,#3554,.T.);
#3689=EDGE_CURVE('',#3658,#3660,#3596,.T.);
#3691=EDGE_CURVE('',#3656,#3660,#3582,.T.);
#3710=EDGE_CURVE('',#3639,#3647,#3561,.T.);
#3712=EDGE_CURVE('',#3658,#3647,#3603,.T.);
#3723=EDGE_CURVE('',#3640,#3648,#3568,.T.);
#3725=EDGE_CURVE('',#3647,#3648,#3611,.T.);
#3737=EDGE_CURVE('',#3642,#3650,#3575,.T.);
#3739=EDGE_CURVE('',#3648,#3650,#3618,.T.);
#3751=EDGE_CURVE('',#3644,#3652,#3589,.T.);
#3753=EDGE_CURVE('',#3650,#3652,#3626,.T.);
#3765=EDGE_CURVE('',#3652,#3660,#3633,.T.);
#3813=CIRCLE('',#3812,9.9E-2);
#3828=CIRCLE('',#3827,9.9E-2);
#3899=CIRCLE('',#3898,9.9E-2);
#3914=CIRCLE('',#3913,9.9E-2);
#3954=EDGE_CURVE('',#3943,#3944,#3798,.T.);
#3956=EDGE_CURVE('',#3932,#3944,#3805,.T.);
#3958=EDGE_CURVE('',#3930,#3932,#3813,.T.);
#3960=EDGE_CURVE('',#3928,#3930,#3820,.T.);
#3962=EDGE_CURVE('',#3927,#3928,#3828,.T.);
#3964=EDGE_CURVE('',#3943,#3927,#3835,.T.);
#3975=EDGE_CURVE('',#3943,#3946,#3842,.T.);
#3977=EDGE_CURVE('',#3946,#3948,#3884,.T.);
#3979=EDGE_CURVE('',#3944,#3948,#3870,.T.);
#3998=EDGE_CURVE('',#3927,#3935,#3849,.T.);
#4000=EDGE_CURVE('',#3946,#3935,#3891,.T.);
#4011=EDGE_CURVE('',#3928,#3936,#3856,.T.);
#4013=EDGE_CURVE('',#3935,#3936,#3899,.T.);
#4025=EDGE_CURVE('',#3930,#3938,#3863,.T.);
#4027=EDGE_CURVE('',#3936,#3938,#3906,.T.);
#4039=EDGE_CURVE('',#3932,#3940,#3877,.T.);
#4041=EDGE_CURVE('',#3938,#3940,#3914,.T.);
#4053=EDGE_CURVE('',#3940,#3948,#3921,.T.);
#4101=CIRCLE('',#4100,9.9E-2);
#4116=CIRCLE('',#4115,9.9E-2);
#4187=CIRCLE('',#4186,9.9E-2);
#4202=CIRCLE('',#4201,9.9E-2);
#4242=EDGE_CURVE('',#4231,#4232,#4086,.T.);
#4244=EDGE_CURVE('',#4220,#4232,#4093,.T.);
#4246=EDGE_CURVE('',#4218,#4220,#4101,.T.);
#4248=EDGE_CURVE('',#4216,#4218,#4108,.T.);
#4250=EDGE_CURVE('',#4215,#4216,#4116,.T.);
#4252=EDGE_CURVE('',#4231,#4215,#4123,.T.);
#4263=EDGE_CURVE('',#4231,#4234,#4130,.T.);
#4265=EDGE_CURVE('',#4234,#4236,#4172,.T.);
#4267=EDGE_CURVE('',#4232,#4236,#4158,.T.);
#4286=EDGE_CURVE('',#4215,#4223,#4137,.T.);
#4288=EDGE_CURVE('',#4234,#4223,#4179,.T.);
#4299=EDGE_CURVE('',#4216,#4224,#4144,.T.);
#4301=EDGE_CURVE('',#4223,#4224,#4187,.T.);
#4313=EDGE_CURVE('',#4218,#4226,#4151,.T.);
#4315=EDGE_CURVE('',#4224,#4226,#4194,.T.);
#4327=EDGE_CURVE('',#4220,#4228,#4165,.T.);
#4329=EDGE_CURVE('',#4226,#4228,#4202,.T.);
#4341=EDGE_CURVE('',#4228,#4236,#4209,.T.);
#4389=CIRCLE('',#4388,9.9E-2);
#4404=CIRCLE('',#4403,9.9E-2);
#4475=CIRCLE('',#4474,9.9E-2);
#4490=CIRCLE('',#4489,9.9E-2);
#4530=EDGE_CURVE('',#4519,#4520,#4374,.T.);
#4532=EDGE_CURVE('',#4519,#4503,#4381,.T.);
#4534=EDGE_CURVE('',#4503,#4504,#4389,.T.);
#4536=EDGE_CURVE('',#4504,#4506,#4396,.T.);
#4538=EDGE_CURVE('',#4506,#4508,#4404,.T.);
#4540=EDGE_CURVE('',#4508,#4520,#4411,.T.);
#4551=EDGE_CURVE('',#4520,#4524,#4418,.T.);
#4553=EDGE_CURVE('',#4522,#4524,#4460,.T.);
#4555=EDGE_CURVE('',#4519,#4522,#4453,.T.);
#4574=EDGE_CURVE('',#4508,#4516,#4425,.T.);
#4576=EDGE_CURVE('',#4516,#4524,#4467,.T.);
#4587=EDGE_CURVE('',#4506,#4514,#4432,.T.);
#4589=EDGE_CURVE('',#4514,#4516,#4475,.T.);
#4601=EDGE_CURVE('',#4504,#4512,#4439,.T.);
#4603=EDGE_CURVE('',#4512,#4514,#4482,.T.);
#4615=EDGE_CURVE('',#4503,#4511,#4446,.T.);
#4617=EDGE_CURVE('',#4511,#4512,#4490,.T.);
#4629=EDGE_CURVE('',#4522,#4511,#4497,.T.);
#4677=CIRCLE('',#4676,9.9E-2);
#4692=CIRCLE('',#4691,9.9E-2);
#4763=CIRCLE('',#4762,9.9E-2);
#4778=CIRCLE('',#4777,9.9E-2);
#4818=EDGE_CURVE('',#4807,#4808,#4662,.T.);
#4820=EDGE_CURVE('',#4807,#4791,#4669,.T.);
#4822=EDGE_CURVE('',#4791,#4792,#4677,.T.);
#4824=EDGE_CURVE('',#4792,#4794,#4684,.T.);
#4826=EDGE_CURVE('',#4794,#4796,#4692,.T.);
#4828=EDGE_CURVE('',#4796,#4808,#4699,.T.);
#4839=EDGE_CURVE('',#4808,#4812,#4706,.T.);
#4841=EDGE_CURVE('',#4810,#4812,#4748,.T.);
#4843=EDGE_CURVE('',#4807,#4810,#4741,.T.);
#4862=EDGE_CURVE('',#4796,#4804,#4713,.T.);
#4864=EDGE_CURVE('',#4804,#4812,#4755,.T.);
#4875=EDGE_CURVE('',#4794,#4802,#4720,.T.);
#4877=EDGE_CURVE('',#4802,#4804,#4763,.T.);
#4889=EDGE_CURVE('',#4792,#4800,#4727,.T.);
#4891=EDGE_CURVE('',#4800,#4802,#4770,.T.);
#4903=EDGE_CURVE('',#4791,#4799,#4734,.T.);
#4905=EDGE_CURVE('',#4799,#4800,#4778,.T.);
#4917=EDGE_CURVE('',#4810,#4799,#4785,.T.);
#4965=CIRCLE('',#4964,9.9E-2);
#4980=CIRCLE('',#4979,9.9E-2);
#5051=CIRCLE('',#5050,9.9E-2);
#5066=CIRCLE('',#5065,9.9E-2);
#5106=EDGE_CURVE('',#5095,#5096,#4950,.T.);
#5108=EDGE_CURVE('',#5084,#5096,#4957,.T.);
#5110=EDGE_CURVE('',#5082,#5084,#4965,.T.);
#5112=EDGE_CURVE('',#5080,#5082,#4972,.T.);
#5114=EDGE_CURVE('',#5079,#5080,#4980,.T.);
#5116=EDGE_CURVE('',#5095,#5079,#4987,.T.);
#5127=EDGE_CURVE('',#5095,#5098,#4994,.T.);
#5129=EDGE_CURVE('',#5098,#5100,#5036,.T.);
#5131=EDGE_CURVE('',#5096,#5100,#5022,.T.);
#5150=EDGE_CURVE('',#5079,#5087,#5001,.T.);
#5152=EDGE_CURVE('',#5098,#5087,#5043,.T.);
#5163=EDGE_CURVE('',#5080,#5088,#5008,.T.);
#5165=EDGE_CURVE('',#5087,#5088,#5051,.T.);
#5177=EDGE_CURVE('',#5082,#5090,#5015,.T.);
#5179=EDGE_CURVE('',#5088,#5090,#5058,.T.);
#5191=EDGE_CURVE('',#5084,#5092,#5029,.T.);
#5193=EDGE_CURVE('',#5090,#5092,#5066,.T.);
#5205=EDGE_CURVE('',#5092,#5100,#5073,.T.);
#5253=CIRCLE('',#5252,9.9E-2);
#5268=CIRCLE('',#5267,9.9E-2);
#5339=CIRCLE('',#5338,9.9E-2);
#5354=CIRCLE('',#5353,9.9E-2);
#5394=EDGE_CURVE('',#5383,#5384,#5238,.T.);
#5396=EDGE_CURVE('',#5372,#5384,#5245,.T.);
#5398=EDGE_CURVE('',#5370,#5372,#5253,.T.);
#5400=EDGE_CURVE('',#5368,#5370,#5260,.T.);
#5402=EDGE_CURVE('',#5367,#5368,#5268,.T.);
#5404=EDGE_CURVE('',#5383,#5367,#5275,.T.);
#5415=EDGE_CURVE('',#5383,#5386,#5282,.T.);
#5417=EDGE_CURVE('',#5386,#5388,#5324,.T.);
#5419=EDGE_CURVE('',#5384,#5388,#5310,.T.);
#5438=EDGE_CURVE('',#5367,#5375,#5289,.T.);
#5440=EDGE_CURVE('',#5386,#5375,#5331,.T.);
#5451=EDGE_CURVE('',#5368,#5376,#5296,.T.);
#5453=EDGE_CURVE('',#5375,#5376,#5339,.T.);
#5465=EDGE_CURVE('',#5370,#5378,#5303,.T.);
#5467=EDGE_CURVE('',#5376,#5378,#5346,.T.);
#5479=EDGE_CURVE('',#5372,#5380,#5317,.T.);
#5481=EDGE_CURVE('',#5378,#5380,#5354,.T.);
#5493=EDGE_CURVE('',#5380,#5388,#5361,.T.);
#5678=EDGE_CURVE('',#5651,#5652,#5526,.T.);
#5680=EDGE_CURVE('',#5652,#5654,#5533,.T.);
#5682=EDGE_CURVE('',#5654,#5656,#5540,.T.);
#5684=EDGE_CURVE('',#5656,#5658,#5547,.T.);
#5686=EDGE_CURVE('',#5658,#5660,#5554,.T.);
#5688=EDGE_CURVE('',#5660,#5651,#5561,.T.);
#5699=EDGE_CURVE('',#5651,#5663,#5568,.T.);
#5701=EDGE_CURVE('',#5663,#5664,#5610,.T.);
#5703=EDGE_CURVE('',#5652,#5664,#5603,.T.);
#5721=EDGE_CURVE('',#5660,#5672,#5575,.T.);
#5723=EDGE_CURVE('',#5672,#5663,#5617,.T.);
#5735=EDGE_CURVE('',#5658,#5670,#5582,.T.);
#5737=EDGE_CURVE('',#5670,#5672,#5624,.T.);
#5749=EDGE_CURVE('',#5656,#5668,#5589,.T.);
#5751=EDGE_CURVE('',#5668,#5670,#5631,.T.);
#5770=EDGE_CURVE('',#5654,#5666,#5596,.T.);
#5772=EDGE_CURVE('',#5666,#5668,#5638,.T.);
#5785=EDGE_CURVE('',#5664,#5666,#5645,.T.);
#5969=EDGE_CURVE('',#5942,#5943,#5817,.T.);
#5971=EDGE_CURVE('',#5951,#5942,#5824,.T.);
#5973=EDGE_CURVE('',#5949,#5951,#5831,.T.);
#5975=EDGE_CURVE('',#5947,#5949,#5838,.T.);
#5977=EDGE_CURVE('',#5945,#5947,#5845,.T.);
#5979=EDGE_CURVE('',#5943,#5945,#5852,.T.);
#5990=EDGE_CURVE('',#5943,#5955,#5866,.T.);
#5992=EDGE_CURVE('',#5954,#5955,#5901,.T.);
#5994=EDGE_CURVE('',#5942,#5954,#5859,.T.);
#6012=EDGE_CURVE('',#5945,#5957,#5873,.T.);
#6014=EDGE_CURVE('',#5955,#5957,#5908,.T.);
#6026=EDGE_CURVE('',#5947,#5959,#5880,.T.);
#6028=EDGE_CURVE('',#5957,#5959,#5915,.T.);
#6040=EDGE_CURVE('',#5949,#5961,#5887,.T.);
#6042=EDGE_CURVE('',#5959,#5961,#5922,.T.);
#6061=EDGE_CURVE('',#5951,#5963,#5894,.T.);
#6063=EDGE_CURVE('',#5961,#5963,#5929,.T.);
#6076=EDGE_CURVE('',#5963,#5954,#5936,.T.);
#6285=EDGE_CURVE('',#6277,#6279,#6108,.T.);
#6287=EDGE_CURVE('',#6261,#6277,#6115,.T.);
#6289=EDGE_CURVE('',#6259,#6261,#6122,.T.);
#6291=EDGE_CURVE('',#6257,#6259,#6129,.T.);
#6293=EDGE_CURVE('',#6255,#6257,#6136,.T.);
#6295=EDGE_CURVE('',#6254,#6255,#6143,.T.);
#6297=EDGE_CURVE('',#6279,#6254,#6150,.T.);
#6307=EDGE_CURVE('',#6274,#6275,#6157,.T.);
#6309=EDGE_CURVE('',#6277,#6275,#6241,.T.);
#6312=EDGE_CURVE('',#6279,#6274,#6206,.T.);
#6323=EDGE_CURVE('',#6274,#6264,#6164,.T.);
#6325=EDGE_CURVE('',#6264,#6265,#6171,.T.);
#6327=EDGE_CURVE('',#6265,#6267,#6178,.T.);
#6329=EDGE_CURVE('',#6267,#6269,#6185,.T.);
#6331=EDGE_CURVE('',#6269,#6271,#6192,.T.);
#6333=EDGE_CURVE('',#6271,#6275,#6199,.T.);
#6345=EDGE_CURVE('',#6254,#6264,#6213,.T.);
#6357=EDGE_CURVE('',#6255,#6265,#6220,.T.);
#6377=EDGE_CURVE('',#6257,#6267,#6227,.T.);
#6390=EDGE_CURVE('',#6259,#6269,#6234,.T.);
#6403=EDGE_CURVE('',#6261,#6271,#6248,.T.);
#6593=EDGE_CURVE('',#6566,#6567,#6441,.T.);
#6595=EDGE_CURVE('',#6567,#6569,#6448,.T.);
#6597=EDGE_CURVE('',#6569,#6571,#6455,.T.);
#6599=EDGE_CURVE('',#6571,#6573,#6462,.T.);
#6601=EDGE_CURVE('',#6573,#6575,#6469,.T.);
#6603=EDGE_CURVE('',#6575,#6566,#6476,.T.);
#6614=EDGE_CURVE('',#6566,#6578,#6483,.T.);
#6616=EDGE_CURVE('',#6578,#6579,#6525,.T.);
#6618=EDGE_CURVE('',#6567,#6579,#6518,.T.);
#6636=EDGE_CURVE('',#6575,#6587,#6490,.T.);
#6638=EDGE_CURVE('',#6587,#6578,#6532,.T.);
#6650=EDGE_CURVE('',#6573,#6585,#6497,.T.);
#6652=EDGE_CURVE('',#6585,#6587,#6539,.T.);
#6664=EDGE_CURVE('',#6571,#6583,#6504,.T.);
#6666=EDGE_CURVE('',#6583,#6585,#6546,.T.);
#6685=EDGE_CURVE('',#6569,#6581,#6511,.T.);
#6687=EDGE_CURVE('',#6581,#6583,#6553,.T.);
#6700=EDGE_CURVE('',#6579,#6581,#6560,.T.);
#6728=(LENGTH_UNIT()NAMED_UNIT(*)SI_UNIT(.MILLI.,.METRE.));
#6730=(NAMED_UNIT(*)PLANE_ANGLE_UNIT()SI_UNIT($,.RADIAN.));
#6733=(NAMED_UNIT(*)SI_UNIT($,.STERADIAN.)SOLID_ANGLE_UNIT());
#6739=AXIS2_PLACEMENT_3D('',#6736,#6737,#6738);
#6740=ADVANCED_BREP_SHAPE_REPRESENTATION('',(#6739,#241,#443,#645,#847,#1049,
#1251,#1453,#1655,#1857,#2059,#2347,#2635,#2923,#3211,#3499,#3787,#4075,#4363,
#4651,#4939,#5227,#5515,#5806,#6097,#6430,#6721),#6735);
#6747=PRODUCT_DEFINITION('design','',#6746,#6743);
#6748=PRODUCT_DEFINITION_SHAPE('','SHAPE FOR FRAME.',#6747);
#6749=SHAPE_DEFINITION_REPRESENTATION(#6748,#6740);
#6750=SHAPE_DEFINITION_REPRESENTATION(#6751,#6752);
#6751=PRODUCT_DEFINITION_SHAPE('','SHAPE FOR RBG0026A_ASM.',#12823);
#6752=SHAPE_REPRESENTATION('',(#6758,#12802,#12817),#12813);
#6753=NEXT_ASSEMBLY_USAGE_OCCURRENCE('0','Next assembly relationship','FRAME',
#12823,#6747,$);
#6754=PRODUCT_DEFINITION_SHAPE('Placement #0',
'Placement of FRAME with respect to RBG0026A_ASM',#6753);
#6762=COLOUR_RGB('',1.E0,6.2E-1,5.2E-1);
#6789=CIRCLE('',#6788,1.E-1);
#6818=CIRCLE('',#6817,1.E-1);
#6847=CIRCLE('',#6846,1.E-1);
#6876=CIRCLE('',#6875,1.E-1);
#6933=CIRCLE('',#6932,9.9E-2);
#6948=CIRCLE('',#6947,9.9E-2);
#6977=CIRCLE('',#6976,9.9E-2);
#6992=CIRCLE('',#6991,9.9E-2);
#7021=CIRCLE('',#7020,9.9E-2);
#7036=CIRCLE('',#7035,9.9E-2);
#7065=CIRCLE('',#7064,9.9E-2);
#7080=CIRCLE('',#7079,9.9E-2);
#7109=CIRCLE('',#7108,9.9E-2);
#7124=CIRCLE('',#7123,9.9E-2);
#7153=CIRCLE('',#7152,9.9E-2);
#7168=CIRCLE('',#7167,9.9E-2);
#7218=CIRCLE('',#7217,1.E-1);
#7247=CIRCLE('',#7246,1.E-1);
#7276=CIRCLE('',#7275,1.E-1);
#7305=CIRCLE('',#7304,1.E-1);
#7334=CIRCLE('',#7333,1.E-1);
#7384=CIRCLE('',#7383,9.9E-2);
#7399=CIRCLE('',#7398,9.9E-2);
#7428=CIRCLE('',#7427,9.9E-2);
#7443=CIRCLE('',#7442,9.9E-2);
#7472=CIRCLE('',#7471,9.9E-2);
#7487=CIRCLE('',#7486,9.9E-2);
#7516=CIRCLE('',#7515,9.9E-2);
#7531=CIRCLE('',#7530,9.9E-2);
#7560=CIRCLE('',#7559,9.9E-2);
#7575=CIRCLE('',#7574,9.9E-2);
#7604=CIRCLE('',#7603,9.9E-2);
#7619=CIRCLE('',#7618,9.9E-2);
#7669=CIRCLE('',#7668,1.E-1);
#7964=CIRCLE('',#7963,1.E-1);
#8196=CIRCLE('',#8195,9.9E-2);
#8211=CIRCLE('',#8210,9.9E-2);
#8261=CIRCLE('',#8260,9.9E-2);
#8276=CIRCLE('',#8275,9.9E-2);
#8326=CIRCLE('',#8325,9.9E-2);
#8341=CIRCLE('',#8340,9.9E-2);
#8391=CIRCLE('',#8390,9.9E-2);
#8406=CIRCLE('',#8405,9.9E-2);
#8456=CIRCLE('',#8455,9.9E-2);
#8471=CIRCLE('',#8470,9.9E-2);
#8521=CIRCLE('',#8520,9.9E-2);
#8536=CIRCLE('',#8535,9.9E-2);
#8719=CIRCLE('',#8718,1.E-1);
#8769=CIRCLE('',#8768,1.E-1);
#8805=CIRCLE('',#8804,1.E-1);
#8841=CIRCLE('',#8840,1.E-1);
#8877=CIRCLE('',#8876,1.E-1);
#9081=CIRCLE('',#9080,9.9E-2);
#9096=CIRCLE('',#9095,9.9E-2);
#9293=CIRCLE('',#9292,9.9E-2);
#9308=CIRCLE('',#9307,9.9E-2);
#9358=CIRCLE('',#9357,9.9E-2);
#9373=CIRCLE('',#9372,9.9E-2);
#9423=CIRCLE('',#9422,9.9E-2);
#9438=CIRCLE('',#9437,9.9E-2);
#9488=CIRCLE('',#9487,9.9E-2);
#9503=CIRCLE('',#9502,9.9E-2);
#9553=CIRCLE('',#9552,9.9E-2);
#9568=CIRCLE('',#9567,9.9E-2);
#9674=CIRCLE('',#9673,1.E-1);
#9710=CIRCLE('',#9709,1.E-1);
#9746=CIRCLE('',#9745,1.E-1);
#9761=CIRCLE('',#9760,1.E-1);
#10362=EDGE_CURVE('',#9811,#9812,#6767,.T.);
#10364=EDGE_CURVE('',#9811,#9823,#6774,.T.);
#10366=EDGE_CURVE('',#9823,#9824,#6781,.T.);
#10368=EDGE_CURVE('',#9820,#9824,#6789,.T.);
#10370=EDGE_CURVE('',#9819,#9820,#6796,.T.);
#10372=EDGE_CURVE('',#9819,#9831,#6803,.T.);
#10374=EDGE_CURVE('',#9831,#9832,#6810,.T.);
#10376=EDGE_CURVE('',#9828,#9832,#6818,.T.);
#10378=EDGE_CURVE('',#9827,#9828,#6825,.T.);
#10380=EDGE_CURVE('',#9827,#9839,#6832,.T.);
#10382=EDGE_CURVE('',#9839,#9840,#6839,.T.);
#10384=EDGE_CURVE('',#9836,#9840,#6847,.T.);
#10386=EDGE_CURVE('',#9835,#9836,#6854,.T.);
#10388=EDGE_CURVE('',#9835,#9847,#6861,.T.);
#10390=EDGE_CURVE('',#9847,#9848,#6868,.T.);
#10392=EDGE_CURVE('',#9844,#9848,#6876,.T.);
#10394=EDGE_CURVE('',#9843,#9844,#6883,.T.);
#10396=EDGE_CURVE('',#9843,#10234,#6890,.T.);
#10398=EDGE_CURVE('',#10234,#10284,#6897,.T.);
#10400=EDGE_CURVE('',#10286,#10284,#6904,.T.);
#10402=EDGE_CURVE('',#10032,#10286,#6911,.T.);
#10404=EDGE_CURVE('',#10032,#9923,#6918,.T.);
#10406=EDGE_CURVE('',#9923,#9924,#6925,.T.);
#10408=EDGE_CURVE('',#9924,#10132,#6933,.T.);
#10410=EDGE_CURVE('',#10132,#10134,#6940,.T.);
#10412=EDGE_CURVE('',#10134,#9928,#6948,.T.);
#10414=EDGE_CURVE('',#9927,#9928,#6955,.T.);
#10416=EDGE_CURVE('',#9927,#9931,#6962,.T.);
#10418=EDGE_CURVE('',#9931,#9932,#6969,.T.);
#10420=EDGE_CURVE('',#9932,#10136,#6977,.T.);
#10422=EDGE_CURVE('',#10136,#10138,#6984,.T.);
#10424=EDGE_CURVE('',#10138,#9936,#6992,.T.);
#10426=EDGE_CURVE('',#9935,#9936,#6999,.T.);
#10428=EDGE_CURVE('',#9935,#9939,#7006,.T.);
#10430=EDGE_CURVE('',#9939,#9940,#7013,.T.);
#10432=EDGE_CURVE('',#9940,#10140,#7021,.T.);
#10434=EDGE_CURVE('',#10140,#10142,#7028,.T.);
#10436=EDGE_CURVE('',#10142,#9944,#7036,.T.);
#10438=EDGE_CURVE('',#9943,#9944,#7043,.T.);
#10440=EDGE_CURVE('',#9943,#9947,#7050,.T.);
#10442=EDGE_CURVE('',#9947,#9948,#7057,.T.);
#10444=EDGE_CURVE('',#9948,#10144,#7065,.T.);
#10446=EDGE_CURVE('',#10144,#10146,#7072,.T.);
#10448=EDGE_CURVE('',#10146,#9952,#7080,.T.);
#10450=EDGE_CURVE('',#9951,#9952,#7087,.T.);
#10452=EDGE_CURVE('',#9951,#10034,#7094,.T.);
#10454=EDGE_CURVE('',#10034,#10196,#7101,.T.);
#10456=EDGE_CURVE('',#10196,#10198,#7109,.T.);
#10458=EDGE_CURVE('',#10198,#10200,#7116,.T.);
#10460=EDGE_CURVE('',#10200,#10202,#7124,.T.);
#10462=EDGE_CURVE('',#10204,#10202,#7131,.T.);
#10464=EDGE_CURVE('',#10204,#10207,#7138,.T.);
#10466=EDGE_CURVE('',#10207,#10208,#7145,.T.);
#10468=EDGE_CURVE('',#10208,#10210,#7153,.T.);
#10470=EDGE_CURVE('',#10210,#10212,#7160,.T.);
#10472=EDGE_CURVE('',#10212,#10214,#7168,.T.);
#10474=EDGE_CURVE('',#10216,#10214,#7175,.T.);
#10476=EDGE_CURVE('',#10216,#10238,#7182,.T.);
#10478=EDGE_CURVE('',#10238,#10290,#7189,.T.);
#10480=EDGE_CURVE('',#10038,#10290,#7196,.T.);
#10482=EDGE_CURVE('',#10038,#9883,#7203,.T.);
#10484=EDGE_CURVE('',#9883,#9884,#7210,.T.);
#10486=EDGE_CURVE('',#9888,#9884,#7218,.T.);
#10488=EDGE_CURVE('',#9887,#9888,#7225,.T.);
#10490=EDGE_CURVE('',#9887,#9875,#7232,.T.);
#10492=EDGE_CURVE('',#9875,#9876,#7239,.T.);
#10494=EDGE_CURVE('',#9880,#9876,#7247,.T.);
#10496=EDGE_CURVE('',#9879,#9880,#7254,.T.);
#10498=EDGE_CURVE('',#9879,#9867,#7261,.T.);
#10500=EDGE_CURVE('',#9867,#9868,#7268,.T.);
#10502=EDGE_CURVE('',#9872,#9868,#7276,.T.);
#10504=EDGE_CURVE('',#9871,#9872,#7283,.T.);
#10506=EDGE_CURVE('',#9871,#9859,#7290,.T.);
#10508=EDGE_CURVE('',#9859,#9860,#7297,.T.);
#10510=EDGE_CURVE('',#9864,#9860,#7305,.T.);
#10512=EDGE_CURVE('',#9863,#9864,#7312,.T.);
#10514=EDGE_CURVE('',#9863,#9851,#7319,.T.);
#10516=EDGE_CURVE('',#9851,#9852,#7326,.T.);
#10518=EDGE_CURVE('',#9856,#9852,#7334,.T.);
#10520=EDGE_CURVE('',#9855,#9856,#7341,.T.);
#10522=EDGE_CURVE('',#9855,#10242,#7348,.T.);
#10524=EDGE_CURVE('',#10242,#10280,#7355,.T.);
#10526=EDGE_CURVE('',#10043,#10280,#7362,.T.);
#10528=EDGE_CURVE('',#10043,#10044,#7369,.T.);
#10530=EDGE_CURVE('',#10044,#10194,#7376,.T.);
#10532=EDGE_CURVE('',#10192,#10194,#7384,.T.);
#10534=EDGE_CURVE('',#10190,#10192,#7391,.T.);
#10536=EDGE_CURVE('',#10188,#10190,#7399,.T.);
#10538=EDGE_CURVE('',#10047,#10188,#7406,.T.);
#10540=EDGE_CURVE('',#10047,#10048,#7413,.T.);
#10542=EDGE_CURVE('',#10048,#10186,#7420,.T.);
#10544=EDGE_CURVE('',#10184,#10186,#7428,.T.);
#10546=EDGE_CURVE('',#10182,#10184,#7435,.T.);
#10548=EDGE_CURVE('',#10180,#10182,#7443,.T.);
#10550=EDGE_CURVE('',#10050,#10180,#7450,.T.);
#10552=EDGE_CURVE('',#10050,#9919,#7457,.T.);
#10554=EDGE_CURVE('',#9919,#9920,#7464,.T.);
#10556=EDGE_CURVE('',#10130,#9920,#7472,.T.);
#10558=EDGE_CURVE('',#10128,#10130,#7479,.T.);
#10560=EDGE_CURVE('',#9916,#10128,#7487,.T.);
#10562=EDGE_CURVE('',#9915,#9916,#7494,.T.);
#10564=EDGE_CURVE('',#9915,#9911,#7501,.T.);
#10566=EDGE_CURVE('',#9911,#9912,#7508,.T.);
#10568=EDGE_CURVE('',#10126,#9912,#7516,.T.);
#10570=EDGE_CURVE('',#10124,#10126,#7523,.T.);
#10572=EDGE_CURVE('',#9908,#10124,#7531,.T.);
#10574=EDGE_CURVE('',#9907,#9908,#7538,.T.);
#10576=EDGE_CURVE('',#9907,#9903,#7545,.T.);
#10578=EDGE_CURVE('',#9903,#9904,#7552,.T.);
#10580=EDGE_CURVE('',#10122,#9904,#7560,.T.);
#10582=EDGE_CURVE('',#10120,#10122,#7567,.T.);
#10584=EDGE_CURVE('',#9900,#10120,#7575,.T.);
#10586=EDGE_CURVE('',#9899,#9900,#7582,.T.);
#10588=EDGE_CURVE('',#9899,#9895,#7589,.T.);
#10590=EDGE_CURVE('',#9895,#9896,#7596,.T.);
#10592=EDGE_CURVE('',#10118,#9896,#7604,.T.);
#10594=EDGE_CURVE('',#10116,#10118,#7611,.T.);
#10596=EDGE_CURVE('',#9892,#10116,#7619,.T.);
#10598=EDGE_CURVE('',#9891,#9892,#7626,.T.);
#10600=EDGE_CURVE('',#9891,#10246,#7633,.T.);
#10602=EDGE_CURVE('',#10246,#10276,#7640,.T.);
#10604=EDGE_CURVE('',#10028,#10276,#7647,.T.);
#10606=EDGE_CURVE('',#10028,#9815,#7654,.T.);
#10608=EDGE_CURVE('',#9815,#9816,#7661,.T.);
#10610=EDGE_CURVE('',#9812,#9816,#7669,.T.);
#10620=EDGE_CURVE('',#9802,#10026,#7676,.T.);
#10622=EDGE_CURVE('',#10026,#10274,#7683,.T.);
#10624=EDGE_CURVE('',#10248,#10274,#7690,.T.);
#10626=EDGE_CURVE('',#10248,#9802,#7697,.T.);
#10636=EDGE_CURVE('',#9804,#10030,#7704,.T.);
#10638=EDGE_CURVE('',#10030,#10282,#7711,.T.);
#10640=EDGE_CURVE('',#10236,#10282,#7718,.T.);
#10642=EDGE_CURVE('',#10236,#9804,#7725,.T.);
#10652=EDGE_CURVE('',#9806,#10036,#7732,.T.);
#10654=EDGE_CURVE('',#10036,#10288,#7739,.T.);
#10656=EDGE_CURVE('',#10240,#10288,#7746,.T.);
#10658=EDGE_CURVE('',#10240,#9806,#7753,.T.);
#10668=EDGE_CURVE('',#9808,#10040,#7760,.T.);
#10670=EDGE_CURVE('',#10040,#10278,#7767,.T.);
#10672=EDGE_CURVE('',#10244,#10278,#7774,.T.);
#10674=EDGE_CURVE('',#10244,#9808,#7781,.T.);
#10685=EDGE_CURVE('',#9812,#10251,#7788,.T.);
#10687=EDGE_CURVE('',#10251,#9955,#7956,.T.);
#10689=EDGE_CURVE('',#9811,#9955,#7949,.T.);
#10700=EDGE_CURVE('',#9816,#10252,#7795,.T.);
#10702=EDGE_CURVE('',#10251,#10252,#7964,.T.);
#10714=EDGE_CURVE('',#9815,#9956,#7809,.T.);
#10716=EDGE_CURVE('',#9956,#10252,#7971,.T.);
#10727=EDGE_CURVE('',#9955,#9956,#7802,.T.);
#10731=EDGE_CURVE('',#10028,#10294,#7816,.T.);
#10733=EDGE_CURVE('',#10292,#10294,#7823,.T.);
#10735=EDGE_CURVE('',#10026,#10292,#7830,.T.);
#10738=EDGE_CURVE('',#9802,#9795,#7837,.T.);
#10740=EDGE_CURVE('',#9795,#9796,#9194,.T.);
#10742=EDGE_CURVE('',#9804,#9796,#8926,.T.);
#10745=EDGE_CURVE('',#10236,#10296,#7844,.T.);
#10747=EDGE_CURVE('',#10296,#10298,#7851,.T.);
#10749=EDGE_CURVE('',#10234,#10298,#7858,.T.);
#10752=EDGE_CURVE('',#9843,#9971,#7865,.T.);
#10754=EDGE_CURVE('',#9971,#9972,#7872,.T.);
#10756=EDGE_CURVE('',#9847,#9972,#7879,.T.);
#10759=EDGE_CURVE('',#9835,#9967,#7886,.T.);
#10761=EDGE_CURVE('',#9967,#9968,#7893,.T.);
#10763=EDGE_CURVE('',#9839,#9968,#7900,.T.);
#10766=EDGE_CURVE('',#9827,#9959,#7907,.T.);
#10768=EDGE_CURVE('',#9959,#9960,#7914,.T.);
#10770=EDGE_CURVE('',#9831,#9960,#7921,.T.);
#10773=EDGE_CURVE('',#9819,#9962,#7928,.T.);
#10775=EDGE_CURVE('',#9962,#9964,#7935,.T.);
#10777=EDGE_CURVE('',#9823,#9964,#7942,.T.);
#10802=EDGE_CURVE('',#10276,#10356,#7978,.T.);
#10804=EDGE_CURVE('',#10294,#10356,#9624,.T.);
#10816=EDGE_CURVE('',#10246,#10318,#8153,.T.);
#10818=EDGE_CURVE('',#10356,#10318,#9631,.T.);
#10829=EDGE_CURVE('',#9891,#10010,#7985,.T.);
#10831=EDGE_CURVE('',#10010,#10012,#7992,.T.);
#10833=EDGE_CURVE('',#9895,#10012,#7999,.T.);
#10836=EDGE_CURVE('',#9899,#10014,#8006,.T.);
#10838=EDGE_CURVE('',#10014,#10016,#8013,.T.);
#10840=EDGE_CURVE('',#9903,#10016,#8020,.T.);
#10843=EDGE_CURVE('',#9907,#10018,#8027,.T.);
#10845=EDGE_CURVE('',#10018,#10020,#8034,.T.);
#10847=EDGE_CURVE('',#9911,#10020,#8041,.T.);
#10850=EDGE_CURVE('',#9915,#10022,#8048,.T.);
#10852=EDGE_CURVE('',#10022,#10024,#8055,.T.);
#10854=EDGE_CURVE('',#9919,#10024,#8062,.T.);
#10857=EDGE_CURVE('',#10050,#10226,#8069,.T.);
#10859=EDGE_CURVE('',#10226,#10228,#8076,.T.);
#10861=EDGE_CURVE('',#10048,#10228,#8083,.T.);
#10864=EDGE_CURVE('',#10047,#10230,#8090,.T.);
#10866=EDGE_CURVE('',#10230,#10232,#8097,.T.);
#10868=EDGE_CURVE('',#10044,#10232,#8104,.T.);
#10871=EDGE_CURVE('',#10043,#10322,#8111,.T.);
#10873=EDGE_CURVE('',#10320,#10322,#8118,.T.);
#10875=EDGE_CURVE('',#10040,#10320,#8125,.T.);
#10878=EDGE_CURVE('',#9808,#9800,#8132,.T.);
#10880=EDGE_CURVE('',#9800,#9795,#9201,.T.);
#10884=EDGE_CURVE('',#10248,#10316,#8139,.T.);
#10886=EDGE_CURVE('',#10316,#10318,#8146,.T.);
#10899=EDGE_CURVE('',#9892,#10053,#8160,.T.);
#10901=EDGE_CURVE('',#10010,#10053,#8188,.T.);
#10913=EDGE_CURVE('',#10116,#10054,#8167,.T.);
#10915=EDGE_CURVE('',#10053,#10054,#8196,.T.);
#10927=EDGE_CURVE('',#10118,#10056,#8174,.T.);
#10929=EDGE_CURVE('',#10054,#10056,#8203,.T.);
#10941=EDGE_CURVE('',#9896,#10058,#8181,.T.);
#10943=EDGE_CURVE('',#10056,#10058,#8211,.T.);
#10956=EDGE_CURVE('',#10058,#10012,#8218,.T.);
#10982=EDGE_CURVE('',#9900,#10061,#8225,.T.);
#10984=EDGE_CURVE('',#10014,#10061,#8253,.T.);
#10996=EDGE_CURVE('',#10120,#10062,#8232,.T.);
#10998=EDGE_CURVE('',#10061,#10062,#8261,.T.);
#11010=EDGE_CURVE('',#10122,#10064,#8239,.T.);
#11012=EDGE_CURVE('',#10062,#10064,#8268,.T.);
#11024=EDGE_CURVE('',#9904,#10066,#8246,.T.);
#11026=EDGE_CURVE('',#10064,#10066,#8276,.T.);
#11039=EDGE_CURVE('',#10066,#10016,#8283,.T.);
#11065=EDGE_CURVE('',#9908,#10069,#8290,.T.);
#11067=EDGE_CURVE('',#10018,#10069,#8318,.T.);
#11079=EDGE_CURVE('',#10124,#10070,#8297,.T.);
#11081=EDGE_CURVE('',#10069,#10070,#8326,.T.);
#11093=EDGE_CURVE('',#10126,#10072,#8304,.T.);
#11095=EDGE_CURVE('',#10070,#10072,#8333,.T.);
#11107=EDGE_CURVE('',#9912,#10074,#8311,.T.);
#11109=EDGE_CURVE('',#10072,#10074,#8341,.T.);
#11122=EDGE_CURVE('',#10074,#10020,#8348,.T.);
#11148=EDGE_CURVE('',#9916,#10077,#8355,.T.);
#11150=EDGE_CURVE('',#10022,#10077,#8383,.T.);
#11162=EDGE_CURVE('',#10128,#10078,#8362,.T.);
#11164=EDGE_CURVE('',#10077,#10078,#8391,.T.);
#11176=EDGE_CURVE('',#10130,#10080,#8369,.T.);
#11178=EDGE_CURVE('',#10078,#10080,#8398,.T.);
#11190=EDGE_CURVE('',#9920,#10082,#8376,.T.);
#11192=EDGE_CURVE('',#10080,#10082,#8406,.T.);
#11205=EDGE_CURVE('',#10082,#10024,#8413,.T.);
#11231=EDGE_CURVE('',#10180,#10149,#8420,.T.);
#11233=EDGE_CURVE('',#10226,#10149,#8448,.T.);
#11245=EDGE_CURVE('',#10182,#10150,#8427,.T.);
#11247=EDGE_CURVE('',#10149,#10150,#8456,.T.);
#11259=EDGE_CURVE('',#10184,#10152,#8434,.T.);
#11261=EDGE_CURVE('',#10150,#10152,#8463,.T.);
#11273=EDGE_CURVE('',#10186,#10154,#8441,.T.);
#11275=EDGE_CURVE('',#10152,#10154,#8471,.T.);
#11288=EDGE_CURVE('',#10154,#10228,#8478,.T.);
#11314=EDGE_CURVE('',#10188,#10157,#8485,.T.);
#11316=EDGE_CURVE('',#10230,#10157,#8513,.T.);
#11328=EDGE_CURVE('',#10190,#10158,#8492,.T.);
#11330=EDGE_CURVE('',#10157,#10158,#8521,.T.);
#11342=EDGE_CURVE('',#10192,#10160,#8499,.T.);
#11344=EDGE_CURVE('',#10158,#10160,#8528,.T.);
#11356=EDGE_CURVE('',#10194,#10162,#8506,.T.);
#11358=EDGE_CURVE('',#10160,#10162,#8536,.T.);
#11371=EDGE_CURVE('',#10162,#10232,#8543,.T.);
#11397=EDGE_CURVE('',#10280,#10328,#8550,.T.);
#11399=EDGE_CURVE('',#10328,#10322,#9603,.T.);
#11411=EDGE_CURVE('',#10242,#10310,#8697,.T.);
#11413=EDGE_CURVE('',#10310,#10328,#9610,.T.);
#11424=EDGE_CURVE('',#9991,#9992,#8557,.T.);
#11426=EDGE_CURVE('',#9851,#9991,#8564,.T.);
#11429=EDGE_CURVE('',#9863,#9996,#8571,.T.);
#11431=EDGE_CURVE('',#9995,#9996,#8578,.T.);
#11433=EDGE_CURVE('',#9859,#9995,#8585,.T.);
#11436=EDGE_CURVE('',#9871,#10000,#8592,.T.);
#11438=EDGE_CURVE('',#9999,#10000,#8599,.T.);
#11440=EDGE_CURVE('',#9867,#9999,#8606,.T.);
#11443=EDGE_CURVE('',#9879,#10004,#8613,.T.);
#11445=EDGE_CURVE('',#10003,#10004,#8620,.T.);
#11447=EDGE_CURVE('',#9875,#10003,#8627,.T.);
#11450=EDGE_CURVE('',#9887,#10008,#8634,.T.);
#11452=EDGE_CURVE('',#10007,#10008,#8641,.T.);
#11454=EDGE_CURVE('',#9883,#10007,#8648,.T.);
#11457=EDGE_CURVE('',#10038,#10314,#8655,.T.);
#11459=EDGE_CURVE('',#10312,#10314,#8662,.T.);
#11461=EDGE_CURVE('',#10036,#10312,#8669,.T.);
#11464=EDGE_CURVE('',#9806,#9798,#8676,.T.);
#11466=EDGE_CURVE('',#9798,#9800,#9208,.T.);
#11470=EDGE_CURVE('',#10244,#10308,#8683,.T.);
#11472=EDGE_CURVE('',#10308,#10310,#8690,.T.);
#11476=EDGE_CURVE('',#9855,#9992,#8704,.T.);
#11487=EDGE_CURVE('',#10263,#9992,#8711,.T.);
#11489=EDGE_CURVE('',#10263,#10264,#8719,.T.);
#11491=EDGE_CURVE('',#9991,#10264,#8726,.T.);
#11502=EDGE_CURVE('',#9856,#10263,#8733,.T.);
#11515=EDGE_CURVE('',#9852,#10264,#8740,.T.);
#11540=EDGE_CURVE('',#9864,#10349,#8747,.T.);
#11542=EDGE_CURVE('',#10349,#9996,#8761,.T.);
#11554=EDGE_CURVE('',#9860,#10350,#8754,.T.);
#11556=EDGE_CURVE('',#10349,#10350,#8769,.T.);
#11569=EDGE_CURVE('',#9995,#10350,#8776,.T.);
#11593=EDGE_CURVE('',#9872,#10345,#8783,.T.);
#11595=EDGE_CURVE('',#10345,#10000,#8797,.T.);
#11607=EDGE_CURVE('',#9868,#10346,#8790,.T.);
#11609=EDGE_CURVE('',#10345,#10346,#8805,.T.);
#11622=EDGE_CURVE('',#9999,#10346,#8812,.T.);
#11646=EDGE_CURVE('',#9880,#10271,#8819,.T.);
#11648=EDGE_CURVE('',#10271,#10004,#8833,.T.);
#11660=EDGE_CURVE('',#9876,#10272,#8826,.T.);
#11662=EDGE_CURVE('',#10271,#10272,#8841,.T.);
#11675=EDGE_CURVE('',#10003,#10272,#8848,.T.);
#11699=EDGE_CURVE('',#9888,#10267,#8855,.T.);
#11701=EDGE_CURVE('',#10267,#10008,#8869,.T.);
#11713=EDGE_CURVE('',#9884,#10268,#8862,.T.);
#11715=EDGE_CURVE('',#10267,#10268,#8877,.T.);
#11728=EDGE_CURVE('',#10007,#10268,#8884,.T.);
#11752=EDGE_CURVE('',#10290,#10334,#8891,.T.);
#11754=EDGE_CURVE('',#10314,#10334,#9243,.T.);
#11766=EDGE_CURVE('',#10238,#10306,#8947,.T.);
#11768=EDGE_CURVE('',#10334,#10306,#9250,.T.);
#11779=EDGE_CURVE('',#9923,#9974,#8898,.T.);
#11782=EDGE_CURVE('',#10032,#10302,#8905,.T.);
#11784=EDGE_CURVE('',#10300,#10302,#8912,.T.);
#11786=EDGE_CURVE('',#10030,#10300,#8919,.T.);
#11790=EDGE_CURVE('',#9796,#9798,#9215,.T.);
#11794=EDGE_CURVE('',#10240,#10304,#8933,.T.);
#11796=EDGE_CURVE('',#10304,#10306,#8940,.T.);
#11800=EDGE_CURVE('',#10216,#10224,#8954,.T.);
#11802=EDGE_CURVE('',#10222,#10224,#8961,.T.);
#11804=EDGE_CURVE('',#10207,#10222,#8968,.T.);
#11807=EDGE_CURVE('',#10204,#10220,#8975,.T.);
#11809=EDGE_CURVE('',#10218,#10220,#8982,.T.);
#11811=EDGE_CURVE('',#10034,#10218,#8989,.T.);
#11814=EDGE_CURVE('',#9951,#9988,#8996,.T.);
#11816=EDGE_CURVE('',#9986,#9988,#9003,.T.);
#11818=EDGE_CURVE('',#9947,#9986,#9010,.T.);
#11821=EDGE_CURVE('',#9943,#9984,#9017,.T.);
#11823=EDGE_CURVE('',#9982,#9984,#9024,.T.);
#11825=EDGE_CURVE('',#9939,#9982,#9031,.T.);
#11828=EDGE_CURVE('',#9935,#9980,#9038,.T.);
#11830=EDGE_CURVE('',#9978,#9980,#9045,.T.);
#11832=EDGE_CURVE('',#9931,#9978,#9052,.T.);
#11835=EDGE_CURVE('',#9927,#9976,#9059,.T.);
#11837=EDGE_CURVE('',#9974,#9976,#9066,.T.);
#11849=EDGE_CURVE('',#9974,#10085,#9103,.T.);
#11851=EDGE_CURVE('',#9924,#10085,#9131,.T.);
#11862=EDGE_CURVE('',#10090,#9976,#9073,.T.);
#11864=EDGE_CURVE('',#10088,#10090,#9081,.T.);
#11866=EDGE_CURVE('',#10086,#10088,#9088,.T.);
#11868=EDGE_CURVE('',#10085,#10086,#9096,.T.);
#11880=EDGE_CURVE('',#9928,#10090,#9110,.T.);
#11893=EDGE_CURVE('',#10134,#10088,#9117,.T.);
#11906=EDGE_CURVE('',#10132,#10086,#9124,.T.);
#11931=EDGE_CURVE('',#10286,#10353,#9138,.T.);
#11933=EDGE_CURVE('',#10353,#10302,#9166,.T.);
#11945=EDGE_CURVE('',#10284,#10354,#9145,.T.);
#11947=EDGE_CURVE('',#10353,#10354,#9173,.T.);
#11960=EDGE_CURVE('',#10298,#10354,#9180,.T.);
#11972=EDGE_CURVE('',#10330,#10296,#9152,.T.);
#11974=EDGE_CURVE('',#10300,#10330,#9159,.T.);
#11989=EDGE_CURVE('',#10282,#10330,#9187,.T.);
#12026=EDGE_CURVE('',#10288,#10332,#9222,.T.);
#12028=EDGE_CURVE('',#10304,#10332,#9229,.T.);
#12041=EDGE_CURVE('',#10332,#10312,#9236,.T.);
#12067=EDGE_CURVE('',#10214,#10178,#9257,.T.);
#12069=EDGE_CURVE('',#10178,#10224,#9285,.T.);
#12081=EDGE_CURVE('',#10212,#10176,#9264,.T.);
#12083=EDGE_CURVE('',#10176,#10178,#9293,.T.);
#12095=EDGE_CURVE('',#10210,#10174,#9271,.T.);
#12097=EDGE_CURVE('',#10174,#10176,#9300,.T.);
#12109=EDGE_CURVE('',#10208,#10173,#9278,.T.);
#12111=EDGE_CURVE('',#10173,#10174,#9308,.T.);
#12124=EDGE_CURVE('',#10222,#10173,#9315,.T.);
#12150=EDGE_CURVE('',#10202,#10170,#9322,.T.);
#12152=EDGE_CURVE('',#10170,#10220,#9350,.T.);
#12164=EDGE_CURVE('',#10200,#10168,#9329,.T.);
#12166=EDGE_CURVE('',#10168,#10170,#9358,.T.);
#12178=EDGE_CURVE('',#10198,#10166,#9336,.T.);
#12180=EDGE_CURVE('',#10166,#10168,#9365,.T.);
#12192=EDGE_CURVE('',#10196,#10165,#9343,.T.);
#12194=EDGE_CURVE('',#10165,#10166,#9373,.T.);
#12207=EDGE_CURVE('',#10218,#10165,#9380,.T.);
#12233=EDGE_CURVE('',#9952,#10114,#9387,.T.);
#12235=EDGE_CURVE('',#10114,#9988,#9415,.T.);
#12247=EDGE_CURVE('',#10146,#10112,#9394,.T.);
#12249=EDGE_CURVE('',#10112,#10114,#9423,.T.);
#12261=EDGE_CURVE('',#10144,#10110,#9401,.T.);
#12263=EDGE_CURVE('',#10110,#10112,#9430,.T.);
#12275=EDGE_CURVE('',#9948,#10109,#9408,.T.);
#12277=EDGE_CURVE('',#10109,#10110,#9438,.T.);
#12290=EDGE_CURVE('',#9986,#10109,#9445,.T.);
#12316=EDGE_CURVE('',#9944,#10106,#9452,.T.);
#12318=EDGE_CURVE('',#10106,#9984,#9480,.T.);
#12330=EDGE_CURVE('',#10142,#10104,#9459,.T.);
#12332=EDGE_CURVE('',#10104,#10106,#9488,.T.);
#12344=EDGE_CURVE('',#10140,#10102,#9466,.T.);
#12346=EDGE_CURVE('',#10102,#10104,#9495,.T.);
#12358=EDGE_CURVE('',#9940,#10101,#9473,.T.);
#12360=EDGE_CURVE('',#10101,#10102,#9503,.T.);
#12373=EDGE_CURVE('',#9982,#10101,#9510,.T.);
#12399=EDGE_CURVE('',#9936,#10098,#9517,.T.);
#12401=EDGE_CURVE('',#10098,#9980,#9545,.T.);
#12413=EDGE_CURVE('',#10138,#10096,#9524,.T.);
#12415=EDGE_CURVE('',#10096,#10098,#9553,.T.);
#12427=EDGE_CURVE('',#10136,#10094,#9531,.T.);
#12429=EDGE_CURVE('',#10094,#10096,#9560,.T.);
#12441=EDGE_CURVE('',#9932,#10093,#9538,.T.);
#12443=EDGE_CURVE('',#10093,#10094,#9568,.T.);
#12456=EDGE_CURVE('',#9978,#10093,#9575,.T.);
#12482=EDGE_CURVE('',#10278,#10326,#9582,.T.);
#12484=EDGE_CURVE('',#10326,#10308,#9589,.T.);
#12497=EDGE_CURVE('',#10320,#10326,#9596,.T.);
#12523=EDGE_CURVE('',#10274,#10324,#9617,.T.);
#12525=EDGE_CURVE('',#10316,#10324,#9638,.T.);
#12538=EDGE_CURVE('',#10324,#10292,#9645,.T.);
#12564=EDGE_CURVE('',#9844,#10255,#9652,.T.);
#12566=EDGE_CURVE('',#10255,#9971,#9666,.T.);
#12578=EDGE_CURVE('',#9848,#10256,#9659,.T.);
#12580=EDGE_CURVE('',#10255,#10256,#9674,.T.);
#12593=EDGE_CURVE('',#9972,#10256,#9681,.T.);
#12617=EDGE_CURVE('',#9836,#10337,#9688,.T.);
#12619=EDGE_CURVE('',#10337,#9967,#9702,.T.);
#12631=EDGE_CURVE('',#9840,#10338,#9695,.T.);
#12633=EDGE_CURVE('',#10337,#10338,#9710,.T.);
#12646=EDGE_CURVE('',#9968,#10338,#9717,.T.);
#12670=EDGE_CURVE('',#9828,#10259,#9724,.T.);
#12672=EDGE_CURVE('',#10259,#9959,#9738,.T.);
#12684=EDGE_CURVE('',#9832,#10260,#9731,.T.);
#12686=EDGE_CURVE('',#10259,#10260,#9746,.T.);
#12699=EDGE_CURVE('',#9960,#10260,#9753,.T.);
#12723=EDGE_CURVE('',#9962,#10341,#9768,.T.);
#12725=EDGE_CURVE('',#10341,#10342,#9761,.T.);
#12727=EDGE_CURVE('',#10342,#9964,#9782,.T.);
#12738=EDGE_CURVE('',#9820,#10341,#9775,.T.);
#12751=EDGE_CURVE('',#9824,#10342,#9789,.T.);
#12778=(LENGTH_UNIT()NAMED_UNIT(*)SI_UNIT(.MILLI.,.METRE.));
#12780=(NAMED_UNIT(*)PLANE_ANGLE_UNIT()SI_UNIT($,.RADIAN.));
#12783=(NAMED_UNIT(*)SI_UNIT($,.STERADIAN.)SOLID_ANGLE_UNIT());
#12789=AXIS2_PLACEMENT_3D('',#12786,#12787,#12788);
#12790=ADVANCED_BREP_SHAPE_REPRESENTATION('',(#12789,#12771),#12785);
#12794=PRODUCT_DEFINITION('design','',#12793,#6743);
#12795=PRODUCT_DEFINITION_SHAPE('','SHAPE FOR BODY.',#12794);
#12796=SHAPE_DEFINITION_REPRESENTATION(#12795,#12790);
#12797=NEXT_ASSEMBLY_USAGE_OCCURRENCE('1','Next assembly relationship','BODY',
#12823,#12794,$);
#12798=PRODUCT_DEFINITION_SHAPE('Placement #1',
'Placement of BODY with respect to RBG0026A_ASM',#12797);
#12806=(LENGTH_UNIT()NAMED_UNIT(*)SI_UNIT(.MILLI.,.METRE.));
#12808=(NAMED_UNIT(*)PLANE_ANGLE_UNIT()SI_UNIT($,.RADIAN.));
#12811=(NAMED_UNIT(*)SI_UNIT($,.STERADIAN.)SOLID_ANGLE_UNIT());
#12817=AXIS2_PLACEMENT_3D('',#12814,#12815,#12816);
#12823=PRODUCT_DEFINITION('design','',#12822,#12819);
ENDSEC;
END-ISO-10303-21;
